unique_id,generation,candidate_index,evaluation_step,objective,operator,basin_id,description,reflection,source_path
bdde7ea8910fc72aee9dd0c5a308e227,1,1,1,0.09082,e1,9,n: max_depth+1 for n in unvisited_nodes,,evolve_experiment\evolution\real\Crime_sampled_post_with_precompute\results\pops\Crime_sampled\population_generation_1.json
b2df1c914fb0c43bf6fb7f8126560d73,1,2,2,0.0913,m2,24,"Select the next node by scoring candidates using a weighted sum of degree, core number, and inverse clustering coefficient (to prioritize hub-like and bridge nodes), penalizing similarity to previously removed nodes via cosine similarity of attributes, balancing disruption focus between hubs and connectors.",,evolve_experiment\evolution\real\Crime_sampled_post_with_precompute\results\pops\Crime_sampled\population_generation_1.json
5c848ccc94247a78745373ef41460802,1,3,3,0.09234,e1,15,"Select the next node by first clustering unvisited nodes into two groups based on median eigenvector centrality, then prioritize nodes that maximize a harmonic mean of normalized betweenness and inverse clustering within the lower eigenvector group to balance targeting hidden bridges early, switching to degree-core product maximization in the higher eigenvector group to ensure long-term fragmentation.",,evolve_experiment\evolution\real\Crime_sampled_post_with_precompute\results\pops\Crime_sampled\population_generation_1.json
b0097c6b8751fb2255f5919ef177dcda,1,4,4,0.09651,i1,22,"Select the next node by scoring unvisited nodes with a combined metric that normalizes and weights degree, betweenness, and eigenvector centrality inversely, prioritizing nodes that balance immediate network disruption and long-term fragmentation.",,evolve_experiment\evolution\real\Crime_sampled_post_with_precompute\results\pops\Crime_sampled\population_generation_1.json
a2065c1e1163e0a3fbfc414112500c77,1,5,5,0.09652,e1,21,"Select the next node by iteratively choosing the node that minimally overlaps in topological features with previously removed nodes, measured via cosine similarity of normalized attribute vectors, thus diversifying disruption impact while balancing centrality and bridging roles.",,evolve_experiment\evolution\real\Crime_sampled_post_with_precompute\results\pops\Crime_sampled\population_generation_1.json
dbf6560d211b1ef3168bef0a3910a136,1,6,6,0.09664,m1,32,"Select the next node by dynamically weighting normalized node features based on the global network state, emphasizing nodes with extreme feature values relative to network-wide statistics to balance immediate disruption and long-term fragmentation.",,evolve_experiment\evolution\real\Crime_sampled_post_with_precompute\results\pops\Crime_sampled\population_generation_1.json
9e099042a5080e733319a770ec27fac1,1,7,7,0.09771,i1,20,"Select the next node by scoring unvisited nodes with a weighted combination of normalized degree, betweenness, inverse clustering, and core number to balance immediate disruption and long-term fragmentation.",,evolve_experiment\evolution\real\Crime_sampled_post_with_precompute\results\pops\Crime_sampled\population_generation_1.json
b08b3d48f8ed6ac767cf074df8e40f1b,1,8,8,0.0986,m1,23,,,evolve_experiment\evolution\real\Crime_sampled_post_with_precompute\results\pops\Crime_sampled\population_generation_1.json
d4e085cb29e57f18d85fe27a5ddaa6b6,1,9,9,0.09907,i1,29,"Select the next node by scoring unvisited nodes based on a composite metric combining normalized betweenness, inverse clustering, core number, and degree to balance early network disruption and sustained fragmentation.",,evolve_experiment\evolution\real\Crime_sampled_post_with_precompute\results\pops\Crime_sampled\population_generation_1.json
ed4940361d78db6e4190a4bb9f75409b,1,10,10,0.09933,i1,35,,,evolve_experiment\evolution\real\Crime_sampled_post_with_precompute\results\pops\Crime_sampled\population_generation_1.json
bdde7ea8910fc72aee9dd0c5a308e227,2,1,11,0.09082,e1,9,n: max_depth+1 for n in unvisited_nodes,,evolve_experiment\evolution\real\Crime_sampled_post_with_precompute\results\pops\Crime_sampled\population_generation_2.json
b2df1c914fb0c43bf6fb7f8126560d73,2,2,12,0.0913,m2,24,"Select the next node by scoring candidates using a weighted sum of degree, core number, and inverse clustering coefficient (to prioritize hub-like and bridge nodes), penalizing similarity to previously removed nodes via cosine similarity of attributes, balancing disruption focus between hubs and connectors.",,evolve_experiment\evolution\real\Crime_sampled_post_with_precompute\results\pops\Crime_sampled\population_generation_2.json
5c848ccc94247a78745373ef41460802,2,3,13,0.09234,e1,15,"Select the next node by first clustering unvisited nodes into two groups based on median eigenvector centrality, then prioritize nodes that maximize a harmonic mean of normalized betweenness and inverse clustering within the lower eigenvector group to balance targeting hidden bridges early, switching to degree-core product maximization in the higher eigenvector group to ensure long-term fragmentation.",,evolve_experiment\evolution\real\Crime_sampled_post_with_precompute\results\pops\Crime_sampled\population_generation_2.json
5e6d427477e135fd9d6aa0b00a323705,2,4,14,0.09279,m2,16,,,evolve_experiment\evolution\real\Crime_sampled_post_with_precompute\results\pops\Crime_sampled\population_generation_2.json
c004cce8216e29d2bebae0a66589bfb3,2,5,15,0.09405,t2,25,,,evolve_experiment\evolution\real\Crime_sampled_post_with_precompute\results\pops\Crime_sampled\population_generation_2.json
7afb8d77d16c8e8090c94f08714212f6,2,6,16,0.09415,m1,18,,,evolve_experiment\evolution\real\Crime_sampled_post_with_precompute\results\pops\Crime_sampled\population_generation_2.json
caf74451b37f419e6124c0d175013ca0,2,7,17,0.09644,m1,28,"1: np.array([0.2, 0.6, 0.2]), 2: np.array([0.4, 0.3, 0.3]), 3: np.array([0.6, 0.1, 0.3])",,evolve_experiment\evolution\real\Crime_sampled_post_with_precompute\results\pops\Crime_sampled\population_generation_2.json
b0097c6b8751fb2255f5919ef177dcda,2,8,18,0.09651,i1,22,"Select the next node by scoring unvisited nodes with a combined metric that normalizes and weights degree, betweenness, and eigenvector centrality inversely, prioritizing nodes that balance immediate network disruption and long-term fragmentation.",,evolve_experiment\evolution\real\Crime_sampled_post_with_precompute\results\pops\Crime_sampled\population_generation_2.json
a2065c1e1163e0a3fbfc414112500c77,2,9,19,0.09652,e1,21,"Select the next node by iteratively choosing the node that minimally overlaps in topological features with previously removed nodes, measured via cosine similarity of normalized attribute vectors, thus diversifying disruption impact while balancing centrality and bridging roles.",,evolve_experiment\evolution\real\Crime_sampled_post_with_precompute\results\pops\Crime_sampled\population_generation_2.json
dbf6560d211b1ef3168bef0a3910a136,2,10,20,0.09664,m1,32,"Select the next node by dynamically weighting normalized node features based on the global network state, emphasizing nodes with extreme feature values relative to network-wide statistics to balance immediate disruption and long-term fragmentation.",,evolve_experiment\evolution\real\Crime_sampled_post_with_precompute\results\pops\Crime_sampled\population_generation_2.json
bdde7ea8910fc72aee9dd0c5a308e227,3,1,21,0.09082,e1,9,n: max_depth+1 for n in unvisited_nodes,,evolve_experiment\evolution\real\Crime_sampled_post_with_precompute\results\pops\Crime_sampled\population_generation_3.json
b2df1c914fb0c43bf6fb7f8126560d73,3,2,22,0.0913,m2,24,"Select the next node by scoring candidates using a weighted sum of degree, core number, and inverse clustering coefficient (to prioritize hub-like and bridge nodes), penalizing similarity to previously removed nodes via cosine similarity of attributes, balancing disruption focus between hubs and connectors.",,evolve_experiment\evolution\real\Crime_sampled_post_with_precompute\results\pops\Crime_sampled\population_generation_3.json
8f8be28d422cf4adeaf12a580b5bb478,3,3,23,0.09132,e2,19,,,evolve_experiment\evolution\real\Crime_sampled_post_with_precompute\results\pops\Crime_sampled\population_generation_3.json
5c848ccc94247a78745373ef41460802,3,4,24,0.09234,e1,15,"Select the next node by first clustering unvisited nodes into two groups based on median eigenvector centrality, then prioritize nodes that maximize a harmonic mean of normalized betweenness and inverse clustering within the lower eigenvector group to balance targeting hidden bridges early, switching to degree-core product maximization in the higher eigenvector group to ensure long-term fragmentation.",,evolve_experiment\evolution\real\Crime_sampled_post_with_precompute\results\pops\Crime_sampled\population_generation_3.json
5e6d427477e135fd9d6aa0b00a323705,3,5,25,0.09279,m2,16,,,evolve_experiment\evolution\real\Crime_sampled_post_with_precompute\results\pops\Crime_sampled\population_generation_3.json
ee7ac5c999cf417ee13c62c51988756e,3,6,26,0.09294,m2,36,,,evolve_experiment\evolution\real\Crime_sampled_post_with_precompute\results\pops\Crime_sampled\population_generation_3.json
150bc01b0e04415e284e492e34c89c6a,3,7,27,0.09296,m2,6,,,evolve_experiment\evolution\real\Crime_sampled_post_with_precompute\results\pops\Crime_sampled\population_generation_3.json
c004cce8216e29d2bebae0a66589bfb3,3,8,28,0.09405,t2,25,,,evolve_experiment\evolution\real\Crime_sampled_post_with_precompute\results\pops\Crime_sampled\population_generation_3.json
2db55a7d668bb882945d804cfb2160b6,3,9,29,0.09407,m1,8,,,evolve_experiment\evolution\real\Crime_sampled_post_with_precompute\results\pops\Crime_sampled\population_generation_3.json
7afb8d77d16c8e8090c94f08714212f6,3,10,30,0.09415,m1,18,,,evolve_experiment\evolution\real\Crime_sampled_post_with_precompute\results\pops\Crime_sampled\population_generation_3.json
bdde7ea8910fc72aee9dd0c5a308e227,4,1,31,0.09082,e1,9,n: max_depth+1 for n in unvisited_nodes,,evolve_experiment\evolution\real\Crime_sampled_post_with_precompute\results\pops\Crime_sampled\population_generation_4.json
e2d3eb685947dcff3d066c005835b947,4,2,32,0.09108,e1,34,,,evolve_experiment\evolution\real\Crime_sampled_post_with_precompute\results\pops\Crime_sampled\population_generation_4.json
b2df1c914fb0c43bf6fb7f8126560d73,4,3,33,0.0913,m2,24,"Select the next node by scoring candidates using a weighted sum of degree, core number, and inverse clustering coefficient (to prioritize hub-like and bridge nodes), penalizing similarity to previously removed nodes via cosine similarity of attributes, balancing disruption focus between hubs and connectors.",,evolve_experiment\evolution\real\Crime_sampled_post_with_precompute\results\pops\Crime_sampled\population_generation_4.json
8f8be28d422cf4adeaf12a580b5bb478,4,4,34,0.09132,e2,19,,,evolve_experiment\evolution\real\Crime_sampled_post_with_precompute\results\pops\Crime_sampled\population_generation_4.json
5c848ccc94247a78745373ef41460802,4,5,35,0.09234,e1,15,"Select the next node by first clustering unvisited nodes into two groups based on median eigenvector centrality, then prioritize nodes that maximize a harmonic mean of normalized betweenness and inverse clustering within the lower eigenvector group to balance targeting hidden bridges early, switching to degree-core product maximization in the higher eigenvector group to ensure long-term fragmentation.",,evolve_experiment\evolution\real\Crime_sampled_post_with_precompute\results\pops\Crime_sampled\population_generation_4.json
1971b649c75d17273a066a633f80c87f,4,6,36,0.09237,m2,7,,,evolve_experiment\evolution\real\Crime_sampled_post_with_precompute\results\pops\Crime_sampled\population_generation_4.json
5e6d427477e135fd9d6aa0b00a323705,4,7,37,0.09279,m2,16,,,evolve_experiment\evolution\real\Crime_sampled_post_with_precompute\results\pops\Crime_sampled\population_generation_4.json
ee7ac5c999cf417ee13c62c51988756e,4,8,38,0.09294,m2,36,,,evolve_experiment\evolution\real\Crime_sampled_post_with_precompute\results\pops\Crime_sampled\population_generation_4.json
150bc01b0e04415e284e492e34c89c6a,4,9,39,0.09296,m2,6,,,evolve_experiment\evolution\real\Crime_sampled_post_with_precompute\results\pops\Crime_sampled\population_generation_4.json
562d773c3d5262aef666b6dbbc56917d,4,10,40,0.09318,m1,14,,,evolve_experiment\evolution\real\Crime_sampled_post_with_precompute\results\pops\Crime_sampled\population_generation_4.json
bdde7ea8910fc72aee9dd0c5a308e227,5,1,41,0.09082,e1,9,n: max_depth+1 for n in unvisited_nodes,,evolve_experiment\evolution\real\Crime_sampled_post_with_precompute\results\pops\Crime_sampled\population_generation_5.json
e2d3eb685947dcff3d066c005835b947,5,2,42,0.09108,e1,34,,,evolve_experiment\evolution\real\Crime_sampled_post_with_precompute\results\pops\Crime_sampled\population_generation_5.json
b2df1c914fb0c43bf6fb7f8126560d73,5,3,43,0.0913,m2,24,"Select the next node by scoring candidates using a weighted sum of degree, core number, and inverse clustering coefficient (to prioritize hub-like and bridge nodes), penalizing similarity to previously removed nodes via cosine similarity of attributes, balancing disruption focus between hubs and connectors.",,evolve_experiment\evolution\real\Crime_sampled_post_with_precompute\results\pops\Crime_sampled\population_generation_5.json
8f8be28d422cf4adeaf12a580b5bb478,5,4,44,0.09132,e2,19,,,evolve_experiment\evolution\real\Crime_sampled_post_with_precompute\results\pops\Crime_sampled\population_generation_5.json
5c848ccc94247a78745373ef41460802,5,5,45,0.09234,e1,15,"Select the next node by first clustering unvisited nodes into two groups based on median eigenvector centrality, then prioritize nodes that maximize a harmonic mean of normalized betweenness and inverse clustering within the lower eigenvector group to balance targeting hidden bridges early, switching to degree-core product maximization in the higher eigenvector group to ensure long-term fragmentation.",,evolve_experiment\evolution\real\Crime_sampled_post_with_precompute\results\pops\Crime_sampled\population_generation_5.json
1971b649c75d17273a066a633f80c87f,5,6,46,0.09237,m2,7,,,evolve_experiment\evolution\real\Crime_sampled_post_with_precompute\results\pops\Crime_sampled\population_generation_5.json
465225d460d66923518c6f23a4890b14,5,7,47,0.09251,e1,10,n: set(graph.neighbors(n)) & set(unvisited_nodes) for n in unvisited_nodes,,evolve_experiment\evolution\real\Crime_sampled_post_with_precompute\results\pops\Crime_sampled\population_generation_5.json
5e6d427477e135fd9d6aa0b00a323705,5,8,48,0.09279,m2,16,,,evolve_experiment\evolution\real\Crime_sampled_post_with_precompute\results\pops\Crime_sampled\population_generation_5.json
ee7ac5c999cf417ee13c62c51988756e,5,9,49,0.09294,m2,36,,,evolve_experiment\evolution\real\Crime_sampled_post_with_precompute\results\pops\Crime_sampled\population_generation_5.json
150bc01b0e04415e284e492e34c89c6a,5,10,50,0.09296,m2,6,,,evolve_experiment\evolution\real\Crime_sampled_post_with_precompute\results\pops\Crime_sampled\population_generation_5.json
bdde7ea8910fc72aee9dd0c5a308e227,6,1,51,0.09082,e1,9,n: max_depth+1 for n in unvisited_nodes,,evolve_experiment\evolution\real\Crime_sampled_post_with_precompute\results\pops\Crime_sampled\population_generation_6.json
e2d3eb685947dcff3d066c005835b947,6,2,52,0.09108,e1,34,,,evolve_experiment\evolution\real\Crime_sampled_post_with_precompute\results\pops\Crime_sampled\population_generation_6.json
b2df1c914fb0c43bf6fb7f8126560d73,6,3,53,0.0913,m2,24,"Select the next node by scoring candidates using a weighted sum of degree, core number, and inverse clustering coefficient (to prioritize hub-like and bridge nodes), penalizing similarity to previously removed nodes via cosine similarity of attributes, balancing disruption focus between hubs and connectors.",,evolve_experiment\evolution\real\Crime_sampled_post_with_precompute\results\pops\Crime_sampled\population_generation_6.json
9bc34faae6f3a5044675f6cd2f9dc06c,6,4,54,0.09132,t1,2,n: set(graph.neighbors(n)) & set(unvisited_nodes) for n in unvisited_nodes,,evolve_experiment\evolution\real\Crime_sampled_post_with_precompute\results\pops\Crime_sampled\population_generation_6.json
e1d91346cefc3d45f6a5b8291e60b4f6,6,5,55,0.09223,m1,33,"'low': max_low, 'mid': max_mid, 'high': max_high",,evolve_experiment\evolution\real\Crime_sampled_post_with_precompute\results\pops\Crime_sampled\population_generation_6.json
5c848ccc94247a78745373ef41460802,6,6,56,0.09234,e1,15,"Select the next node by first clustering unvisited nodes into two groups based on median eigenvector centrality, then prioritize nodes that maximize a harmonic mean of normalized betweenness and inverse clustering within the lower eigenvector group to balance targeting hidden bridges early, switching to degree-core product maximization in the higher eigenvector group to ensure long-term fragmentation.",,evolve_experiment\evolution\real\Crime_sampled_post_with_precompute\results\pops\Crime_sampled\population_generation_6.json
1971b649c75d17273a066a633f80c87f,6,7,57,0.09237,m2,7,,,evolve_experiment\evolution\real\Crime_sampled_post_with_precompute\results\pops\Crime_sampled\population_generation_6.json
465225d460d66923518c6f23a4890b14,6,8,58,0.09251,e1,10,n: set(graph.neighbors(n)) & set(unvisited_nodes) for n in unvisited_nodes,,evolve_experiment\evolution\real\Crime_sampled_post_with_precompute\results\pops\Crime_sampled\population_generation_6.json
5e6d427477e135fd9d6aa0b00a323705,6,9,59,0.09279,m2,16,,,evolve_experiment\evolution\real\Crime_sampled_post_with_precompute\results\pops\Crime_sampled\population_generation_6.json
ee7ac5c999cf417ee13c62c51988756e,6,10,60,0.09294,m2,36,,,evolve_experiment\evolution\real\Crime_sampled_post_with_precompute\results\pops\Crime_sampled\population_generation_6.json
bdde7ea8910fc72aee9dd0c5a308e227,7,1,61,0.09082,e1,9,n: max_depth+1 for n in unvisited_nodes,,evolve_experiment\evolution\real\Crime_sampled_post_with_precompute\results\pops\Crime_sampled\population_generation_7.json
e2d3eb685947dcff3d066c005835b947,7,2,62,0.09108,e1,34,,,evolve_experiment\evolution\real\Crime_sampled_post_with_precompute\results\pops\Crime_sampled\population_generation_7.json
b2df1c914fb0c43bf6fb7f8126560d73,7,3,63,0.0913,m2,24,"Select the next node by scoring candidates using a weighted sum of degree, core number, and inverse clustering coefficient (to prioritize hub-like and bridge nodes), penalizing similarity to previously removed nodes via cosine similarity of attributes, balancing disruption focus between hubs and connectors.",,evolve_experiment\evolution\real\Crime_sampled_post_with_precompute\results\pops\Crime_sampled\population_generation_7.json
9bc34faae6f3a5044675f6cd2f9dc06c,7,4,64,0.09132,t1,2,n: set(graph.neighbors(n)) & set(unvisited_nodes) for n in unvisited_nodes,,evolve_experiment\evolution\real\Crime_sampled_post_with_precompute\results\pops\Crime_sampled\population_generation_7.json
4bd0e8a602a3d821c4e6700cd818aafb,7,5,65,0.0916,m1,11,,,evolve_experiment\evolution\real\Crime_sampled_post_with_precompute\results\pops\Crime_sampled\population_generation_7.json
e1d91346cefc3d45f6a5b8291e60b4f6,7,6,66,0.09223,m1,33,"'low': max_low, 'mid': max_mid, 'high': max_high",,evolve_experiment\evolution\real\Crime_sampled_post_with_precompute\results\pops\Crime_sampled\population_generation_7.json
5c848ccc94247a78745373ef41460802,7,7,67,0.09234,e1,15,"Select the next node by first clustering unvisited nodes into two groups based on median eigenvector centrality, then prioritize nodes that maximize a harmonic mean of normalized betweenness and inverse clustering within the lower eigenvector group to balance targeting hidden bridges early, switching to degree-core product maximization in the higher eigenvector group to ensure long-term fragmentation.",,evolve_experiment\evolution\real\Crime_sampled_post_with_precompute\results\pops\Crime_sampled\population_generation_7.json
1971b649c75d17273a066a633f80c87f,7,8,68,0.09237,m2,7,,,evolve_experiment\evolution\real\Crime_sampled_post_with_precompute\results\pops\Crime_sampled\population_generation_7.json
465225d460d66923518c6f23a4890b14,7,9,69,0.09251,e1,10,n: set(graph.neighbors(n)) & set(unvisited_nodes) for n in unvisited_nodes,,evolve_experiment\evolution\real\Crime_sampled_post_with_precompute\results\pops\Crime_sampled\population_generation_7.json
5e6d427477e135fd9d6aa0b00a323705,7,10,70,0.09279,m2,16,,,evolve_experiment\evolution\real\Crime_sampled_post_with_precompute\results\pops\Crime_sampled\population_generation_7.json
928be0dd4e39c63ef23137011a106c4f,8,1,71,0.08569,m2,2,n: set(graph.neighbors(n)) & set(unvisited_nodes) for n in unvisited_nodes,,evolve_experiment\evolution\real\Crime_sampled_post_with_precompute\results\pops\Crime_sampled\population_generation_8.json
bdde7ea8910fc72aee9dd0c5a308e227,8,2,72,0.09082,e1,9,n: max_depth+1 for n in unvisited_nodes,,evolve_experiment\evolution\real\Crime_sampled_post_with_precompute\results\pops\Crime_sampled\population_generation_8.json
e2d3eb685947dcff3d066c005835b947,8,3,73,0.09108,e1,34,,,evolve_experiment\evolution\real\Crime_sampled_post_with_precompute\results\pops\Crime_sampled\population_generation_8.json
b2df1c914fb0c43bf6fb7f8126560d73,8,4,74,0.0913,m2,24,"Select the next node by scoring candidates using a weighted sum of degree, core number, and inverse clustering coefficient (to prioritize hub-like and bridge nodes), penalizing similarity to previously removed nodes via cosine similarity of attributes, balancing disruption focus between hubs and connectors.",,evolve_experiment\evolution\real\Crime_sampled_post_with_precompute\results\pops\Crime_sampled\population_generation_8.json
9bc34faae6f3a5044675f6cd2f9dc06c,8,5,75,0.09132,t1,2,n: set(graph.neighbors(n)) & set(unvisited_nodes) for n in unvisited_nodes,,evolve_experiment\evolution\real\Crime_sampled_post_with_precompute\results\pops\Crime_sampled\population_generation_8.json
4bd0e8a602a3d821c4e6700cd818aafb,8,6,76,0.0916,m1,11,,,evolve_experiment\evolution\real\Crime_sampled_post_with_precompute\results\pops\Crime_sampled\population_generation_8.json
e1d91346cefc3d45f6a5b8291e60b4f6,8,7,77,0.09223,m1,33,"'low': max_low, 'mid': max_mid, 'high': max_high",,evolve_experiment\evolution\real\Crime_sampled_post_with_precompute\results\pops\Crime_sampled\population_generation_8.json
d9565dc84f64b7456cfa51d2f41e4a47,8,8,78,0.09233,e1,30,,,evolve_experiment\evolution\real\Crime_sampled_post_with_precompute\results\pops\Crime_sampled\population_generation_8.json
5c848ccc94247a78745373ef41460802,8,9,79,0.09234,e1,15,"Select the next node by first clustering unvisited nodes into two groups based on median eigenvector centrality, then prioritize nodes that maximize a harmonic mean of normalized betweenness and inverse clustering within the lower eigenvector group to balance targeting hidden bridges early, switching to degree-core product maximization in the higher eigenvector group to ensure long-term fragmentation.",,evolve_experiment\evolution\real\Crime_sampled_post_with_precompute\results\pops\Crime_sampled\population_generation_8.json
1971b649c75d17273a066a633f80c87f,8,10,80,0.09237,m2,7,,,evolve_experiment\evolution\real\Crime_sampled_post_with_precompute\results\pops\Crime_sampled\population_generation_8.json
832c63546bef8c41d67a22dca23184a4,9,1,81,0.08537,m2,2,n: set(graph.neighbors(n)) & set(unvisited_nodes) for n in unvisited_nodes,,evolve_experiment\evolution\real\Crime_sampled_post_with_precompute\results\pops\Crime_sampled\population_generation_9.json
928be0dd4e39c63ef23137011a106c4f,9,2,82,0.08569,m2,2,n: set(graph.neighbors(n)) & set(unvisited_nodes) for n in unvisited_nodes,,evolve_experiment\evolution\real\Crime_sampled_post_with_precompute\results\pops\Crime_sampled\population_generation_9.json
c407c6e42093c0553de1adba43e2ef29,9,3,83,0.08575,m2,2,n: set(graph.neighbors(n)) & set(unvisited_nodes) for n in unvisited_nodes,,evolve_experiment\evolution\real\Crime_sampled_post_with_precompute\results\pops\Crime_sampled\population_generation_9.json
bdde7ea8910fc72aee9dd0c5a308e227,9,4,84,0.09082,e1,9,n: max_depth+1 for n in unvisited_nodes,,evolve_experiment\evolution\real\Crime_sampled_post_with_precompute\results\pops\Crime_sampled\population_generation_9.json
e2d3eb685947dcff3d066c005835b947,9,5,85,0.09108,e1,34,,,evolve_experiment\evolution\real\Crime_sampled_post_with_precompute\results\pops\Crime_sampled\population_generation_9.json
b2df1c914fb0c43bf6fb7f8126560d73,9,6,86,0.0913,m2,24,"Select the next node by scoring candidates using a weighted sum of degree, core number, and inverse clustering coefficient (to prioritize hub-like and bridge nodes), penalizing similarity to previously removed nodes via cosine similarity of attributes, balancing disruption focus between hubs and connectors.",,evolve_experiment\evolution\real\Crime_sampled_post_with_precompute\results\pops\Crime_sampled\population_generation_9.json
9bc34faae6f3a5044675f6cd2f9dc06c,9,7,87,0.09132,t1,2,n: set(graph.neighbors(n)) & set(unvisited_nodes) for n in unvisited_nodes,,evolve_experiment\evolution\real\Crime_sampled_post_with_precompute\results\pops\Crime_sampled\population_generation_9.json
4bd0e8a602a3d821c4e6700cd818aafb,9,8,88,0.0916,m1,11,,,evolve_experiment\evolution\real\Crime_sampled_post_with_precompute\results\pops\Crime_sampled\population_generation_9.json
0f9d273b945304db7b6d863e3890201f,9,9,89,0.09214,t2,4,,,evolve_experiment\evolution\real\Crime_sampled_post_with_precompute\results\pops\Crime_sampled\population_generation_9.json
e1d91346cefc3d45f6a5b8291e60b4f6,9,10,90,0.09223,m1,33,"'low': max_low, 'mid': max_mid, 'high': max_high",,evolve_experiment\evolution\real\Crime_sampled_post_with_precompute\results\pops\Crime_sampled\population_generation_9.json
832c63546bef8c41d67a22dca23184a4,10,1,91,0.08537,m2,2,n: set(graph.neighbors(n)) & set(unvisited_nodes) for n in unvisited_nodes,,evolve_experiment\evolution\real\Crime_sampled_post_with_precompute\results\pops\Crime_sampled\population_generation_10.json
928be0dd4e39c63ef23137011a106c4f,10,2,92,0.08569,m2,2,n: set(graph.neighbors(n)) & set(unvisited_nodes) for n in unvisited_nodes,,evolve_experiment\evolution\real\Crime_sampled_post_with_precompute\results\pops\Crime_sampled\population_generation_10.json
c407c6e42093c0553de1adba43e2ef29,10,3,93,0.08575,m2,2,n: set(graph.neighbors(n)) & set(unvisited_nodes) for n in unvisited_nodes,,evolve_experiment\evolution\real\Crime_sampled_post_with_precompute\results\pops\Crime_sampled\population_generation_10.json
f69cc615b722f1971a0e89b2deec7eb8,10,4,94,0.08715,cu,37,"n: neighbors for n, neighbors in candidate_sets.items() if neighbors != {n",,evolve_experiment\evolution\real\Crime_sampled_post_with_precompute\results\pops\Crime_sampled\population_generation_10.json
bdde7ea8910fc72aee9dd0c5a308e227,10,5,95,0.09082,e1,9,n: max_depth+1 for n in unvisited_nodes,,evolve_experiment\evolution\real\Crime_sampled_post_with_precompute\results\pops\Crime_sampled\population_generation_10.json
e2d3eb685947dcff3d066c005835b947,10,6,96,0.09108,e1,34,,,evolve_experiment\evolution\real\Crime_sampled_post_with_precompute\results\pops\Crime_sampled\population_generation_10.json
b2df1c914fb0c43bf6fb7f8126560d73,10,7,97,0.0913,m2,24,"Select the next node by scoring candidates using a weighted sum of degree, core number, and inverse clustering coefficient (to prioritize hub-like and bridge nodes), penalizing similarity to previously removed nodes via cosine similarity of attributes, balancing disruption focus between hubs and connectors.",,evolve_experiment\evolution\real\Crime_sampled_post_with_precompute\results\pops\Crime_sampled\population_generation_10.json
9bc34faae6f3a5044675f6cd2f9dc06c,10,8,98,0.09132,t1,2,n: set(graph.neighbors(n)) & set(unvisited_nodes) for n in unvisited_nodes,,evolve_experiment\evolution\real\Crime_sampled_post_with_precompute\results\pops\Crime_sampled\population_generation_10.json
4bd0e8a602a3d821c4e6700cd818aafb,10,9,99,0.0916,m1,11,,,evolve_experiment\evolution\real\Crime_sampled_post_with_precompute\results\pops\Crime_sampled\population_generation_10.json
05a0802bb5805125b577029c38997e9c,10,10,100,0.0918,cu,1,,,evolve_experiment\evolution\real\Crime_sampled_post_with_precompute\results\pops\Crime_sampled\population_generation_10.json
832c63546bef8c41d67a22dca23184a4,11,1,101,0.08537,m2,2,n: set(graph.neighbors(n)) & set(unvisited_nodes) for n in unvisited_nodes,,evolve_experiment\evolution\real\Crime_sampled_post_with_precompute\results\pops\Crime_sampled\population_generation_11.json
928be0dd4e39c63ef23137011a106c4f,11,2,102,0.08569,m2,2,n: set(graph.neighbors(n)) & set(unvisited_nodes) for n in unvisited_nodes,,evolve_experiment\evolution\real\Crime_sampled_post_with_precompute\results\pops\Crime_sampled\population_generation_11.json
c407c6e42093c0553de1adba43e2ef29,11,3,103,0.08575,m2,2,n: set(graph.neighbors(n)) & set(unvisited_nodes) for n in unvisited_nodes,,evolve_experiment\evolution\real\Crime_sampled_post_with_precompute\results\pops\Crime_sampled\population_generation_11.json
f69cc615b722f1971a0e89b2deec7eb8,11,4,104,0.08715,cu,37,"n: neighbors for n, neighbors in candidate_sets.items() if neighbors != {n",,evolve_experiment\evolution\real\Crime_sampled_post_with_precompute\results\pops\Crime_sampled\population_generation_11.json
bdde7ea8910fc72aee9dd0c5a308e227,11,5,105,0.09082,e1,9,n: max_depth+1 for n in unvisited_nodes,,evolve_experiment\evolution\real\Crime_sampled_post_with_precompute\results\pops\Crime_sampled\population_generation_11.json
e2d3eb685947dcff3d066c005835b947,11,6,106,0.09108,e1,34,,,evolve_experiment\evolution\real\Crime_sampled_post_with_precompute\results\pops\Crime_sampled\population_generation_11.json
da93855f3957fcf2617078e25845fdb2,11,7,107,0.09118,t1,31,,,evolve_experiment\evolution\real\Crime_sampled_post_with_precompute\results\pops\Crime_sampled\population_generation_11.json
07c4711e8906f38a198a9a29ccee31f6,11,8,108,0.09119,cu,3,"Select the next node by choosing the unvisited node with the highest weighted score combining degree, clustering, and core number to prioritize well-connected and central nodes.",,evolve_experiment\evolution\real\Crime_sampled_post_with_precompute\results\pops\Crime_sampled\population_generation_11.json
b2df1c914fb0c43bf6fb7f8126560d73,11,9,109,0.0913,m2,24,"Select the next node by scoring candidates using a weighted sum of degree, core number, and inverse clustering coefficient (to prioritize hub-like and bridge nodes), penalizing similarity to previously removed nodes via cosine similarity of attributes, balancing disruption focus between hubs and connectors.",,evolve_experiment\evolution\real\Crime_sampled_post_with_precompute\results\pops\Crime_sampled\population_generation_11.json
9bc34faae6f3a5044675f6cd2f9dc06c,11,10,110,0.09132,t1,2,n: set(graph.neighbors(n)) & set(unvisited_nodes) for n in unvisited_nodes,,evolve_experiment\evolution\real\Crime_sampled_post_with_precompute\results\pops\Crime_sampled\population_generation_11.json
4641a0ebd40f1adc21a511932bbfa7c4,12,1,111,0.08532,m1,2,n: set(graph.neighbors(n)) & set(unvisited_nodes) for n in unvisited_nodes,,evolve_experiment\evolution\real\Crime_sampled_post_with_precompute\results\pops\Crime_sampled\population_generation_12.json
832c63546bef8c41d67a22dca23184a4,12,2,112,0.08537,m2,2,n: set(graph.neighbors(n)) & set(unvisited_nodes) for n in unvisited_nodes,,evolve_experiment\evolution\real\Crime_sampled_post_with_precompute\results\pops\Crime_sampled\population_generation_12.json
928be0dd4e39c63ef23137011a106c4f,12,3,113,0.08569,m2,2,n: set(graph.neighbors(n)) & set(unvisited_nodes) for n in unvisited_nodes,,evolve_experiment\evolution\real\Crime_sampled_post_with_precompute\results\pops\Crime_sampled\population_generation_12.json
c407c6e42093c0553de1adba43e2ef29,12,4,114,0.08575,m2,2,n: set(graph.neighbors(n)) & set(unvisited_nodes) for n in unvisited_nodes,,evolve_experiment\evolution\real\Crime_sampled_post_with_precompute\results\pops\Crime_sampled\population_generation_12.json
f69cc615b722f1971a0e89b2deec7eb8,12,5,115,0.08715,cu,37,"n: neighbors for n, neighbors in candidate_sets.items() if neighbors != {n",,evolve_experiment\evolution\real\Crime_sampled_post_with_precompute\results\pops\Crime_sampled\population_generation_12.json
bdde7ea8910fc72aee9dd0c5a308e227,12,6,116,0.09082,e1,9,n: max_depth+1 for n in unvisited_nodes,,evolve_experiment\evolution\real\Crime_sampled_post_with_precompute\results\pops\Crime_sampled\population_generation_12.json
e2d3eb685947dcff3d066c005835b947,12,7,117,0.09108,e1,34,,,evolve_experiment\evolution\real\Crime_sampled_post_with_precompute\results\pops\Crime_sampled\population_generation_12.json
da93855f3957fcf2617078e25845fdb2,12,8,118,0.09118,t1,31,,,evolve_experiment\evolution\real\Crime_sampled_post_with_precompute\results\pops\Crime_sampled\population_generation_12.json
07c4711e8906f38a198a9a29ccee31f6,12,9,119,0.09119,cu,3,"Select the next node by choosing the unvisited node with the highest weighted score combining degree, clustering, and core number to prioritize well-connected and central nodes.",,evolve_experiment\evolution\real\Crime_sampled_post_with_precompute\results\pops\Crime_sampled\population_generation_12.json
b2df1c914fb0c43bf6fb7f8126560d73,12,10,120,0.0913,m2,24,"Select the next node by scoring candidates using a weighted sum of degree, core number, and inverse clustering coefficient (to prioritize hub-like and bridge nodes), penalizing similarity to previously removed nodes via cosine similarity of attributes, balancing disruption focus between hubs and connectors.",,evolve_experiment\evolution\real\Crime_sampled_post_with_precompute\results\pops\Crime_sampled\population_generation_12.json
4641a0ebd40f1adc21a511932bbfa7c4,13,1,121,0.08532,m1,2,n: set(graph.neighbors(n)) & set(unvisited_nodes) for n in unvisited_nodes,,evolve_experiment\evolution\real\Crime_sampled_post_with_precompute\results\pops\Crime_sampled\population_generation_13.json
832c63546bef8c41d67a22dca23184a4,13,2,122,0.08537,m2,2,n: set(graph.neighbors(n)) & set(unvisited_nodes) for n in unvisited_nodes,,evolve_experiment\evolution\real\Crime_sampled_post_with_precompute\results\pops\Crime_sampled\population_generation_13.json
928be0dd4e39c63ef23137011a106c4f,13,3,123,0.08569,m2,2,n: set(graph.neighbors(n)) & set(unvisited_nodes) for n in unvisited_nodes,,evolve_experiment\evolution\real\Crime_sampled_post_with_precompute\results\pops\Crime_sampled\population_generation_13.json
c407c6e42093c0553de1adba43e2ef29,13,4,124,0.08575,m2,2,n: set(graph.neighbors(n)) & set(unvisited_nodes) for n in unvisited_nodes,,evolve_experiment\evolution\real\Crime_sampled_post_with_precompute\results\pops\Crime_sampled\population_generation_13.json
f69cc615b722f1971a0e89b2deec7eb8,13,5,125,0.08715,cu,37,"n: neighbors for n, neighbors in candidate_sets.items() if neighbors != {n",,evolve_experiment\evolution\real\Crime_sampled_post_with_precompute\results\pops\Crime_sampled\population_generation_13.json
bdde7ea8910fc72aee9dd0c5a308e227,13,6,126,0.09082,e1,9,n: max_depth+1 for n in unvisited_nodes,,evolve_experiment\evolution\real\Crime_sampled_post_with_precompute\results\pops\Crime_sampled\population_generation_13.json
e2d3eb685947dcff3d066c005835b947,13,7,127,0.09108,e1,34,,,evolve_experiment\evolution\real\Crime_sampled_post_with_precompute\results\pops\Crime_sampled\population_generation_13.json
da93855f3957fcf2617078e25845fdb2,13,8,128,0.09118,t1,31,,,evolve_experiment\evolution\real\Crime_sampled_post_with_precompute\results\pops\Crime_sampled\population_generation_13.json
07c4711e8906f38a198a9a29ccee31f6,13,9,129,0.09119,cu,3,"Select the next node by choosing the unvisited node with the highest weighted score combining degree, clustering, and core number to prioritize well-connected and central nodes.",,evolve_experiment\evolution\real\Crime_sampled_post_with_precompute\results\pops\Crime_sampled\population_generation_13.json
b2df1c914fb0c43bf6fb7f8126560d73,13,10,130,0.0913,m2,24,"Select the next node by scoring candidates using a weighted sum of degree, core number, and inverse clustering coefficient (to prioritize hub-like and bridge nodes), penalizing similarity to previously removed nodes via cosine similarity of attributes, balancing disruption focus between hubs and connectors.",,evolve_experiment\evolution\real\Crime_sampled_post_with_precompute\results\pops\Crime_sampled\population_generation_13.json
4641a0ebd40f1adc21a511932bbfa7c4,14,1,131,0.08532,m1,2,n: set(graph.neighbors(n)) & set(unvisited_nodes) for n in unvisited_nodes,,evolve_experiment\evolution\real\Crime_sampled_post_with_precompute\results\pops\Crime_sampled\population_generation_14.json
832c63546bef8c41d67a22dca23184a4,14,2,132,0.08537,m2,2,n: set(graph.neighbors(n)) & set(unvisited_nodes) for n in unvisited_nodes,,evolve_experiment\evolution\real\Crime_sampled_post_with_precompute\results\pops\Crime_sampled\population_generation_14.json
928be0dd4e39c63ef23137011a106c4f,14,3,133,0.08569,m2,2,n: set(graph.neighbors(n)) & set(unvisited_nodes) for n in unvisited_nodes,,evolve_experiment\evolution\real\Crime_sampled_post_with_precompute\results\pops\Crime_sampled\population_generation_14.json
c407c6e42093c0553de1adba43e2ef29,14,4,134,0.08575,m2,2,n: set(graph.neighbors(n)) & set(unvisited_nodes) for n in unvisited_nodes,,evolve_experiment\evolution\real\Crime_sampled_post_with_precompute\results\pops\Crime_sampled\population_generation_14.json
f69cc615b722f1971a0e89b2deec7eb8,14,5,135,0.08715,cu,37,"n: neighbors for n, neighbors in candidate_sets.items() if neighbors != {n",,evolve_experiment\evolution\real\Crime_sampled_post_with_precompute\results\pops\Crime_sampled\population_generation_14.json
e2186e0638d73a87ec01a89c2e4ddac4,14,6,136,0.08854,m2,2,n: set(graph.neighbors(n)) & set(unvisited_nodes) for n in unvisited_nodes,,evolve_experiment\evolution\real\Crime_sampled_post_with_precompute\results\pops\Crime_sampled\population_generation_14.json
bdde7ea8910fc72aee9dd0c5a308e227,14,7,137,0.09082,e1,9,n: max_depth+1 for n in unvisited_nodes,,evolve_experiment\evolution\real\Crime_sampled_post_with_precompute\results\pops\Crime_sampled\population_generation_14.json
e2d3eb685947dcff3d066c005835b947,14,8,138,0.09108,e1,34,,,evolve_experiment\evolution\real\Crime_sampled_post_with_precompute\results\pops\Crime_sampled\population_generation_14.json
da93855f3957fcf2617078e25845fdb2,14,9,139,0.09118,t1,31,,,evolve_experiment\evolution\real\Crime_sampled_post_with_precompute\results\pops\Crime_sampled\population_generation_14.json
07c4711e8906f38a198a9a29ccee31f6,14,10,140,0.09119,cu,3,"Select the next node by choosing the unvisited node with the highest weighted score combining degree, clustering, and core number to prioritize well-connected and central nodes.",,evolve_experiment\evolution\real\Crime_sampled_post_with_precompute\results\pops\Crime_sampled\population_generation_14.json
4641a0ebd40f1adc21a511932bbfa7c4,15,1,141,0.08532,m1,2,n: set(graph.neighbors(n)) & set(unvisited_nodes) for n in unvisited_nodes,,evolve_experiment\evolution\real\Crime_sampled_post_with_precompute\results\pops\Crime_sampled\population_generation_15.json
832c63546bef8c41d67a22dca23184a4,15,2,142,0.08537,m2,2,n: set(graph.neighbors(n)) & set(unvisited_nodes) for n in unvisited_nodes,,evolve_experiment\evolution\real\Crime_sampled_post_with_precompute\results\pops\Crime_sampled\population_generation_15.json
928be0dd4e39c63ef23137011a106c4f,15,3,143,0.08569,m2,2,n: set(graph.neighbors(n)) & set(unvisited_nodes) for n in unvisited_nodes,,evolve_experiment\evolution\real\Crime_sampled_post_with_precompute\results\pops\Crime_sampled\population_generation_15.json
c407c6e42093c0553de1adba43e2ef29,15,4,144,0.08575,m2,2,n: set(graph.neighbors(n)) & set(unvisited_nodes) for n in unvisited_nodes,,evolve_experiment\evolution\real\Crime_sampled_post_with_precompute\results\pops\Crime_sampled\population_generation_15.json
f69cc615b722f1971a0e89b2deec7eb8,15,5,145,0.08715,cu,37,"n: neighbors for n, neighbors in candidate_sets.items() if neighbors != {n",,evolve_experiment\evolution\real\Crime_sampled_post_with_precompute\results\pops\Crime_sampled\population_generation_15.json
e2186e0638d73a87ec01a89c2e4ddac4,15,6,146,0.08854,m2,2,n: set(graph.neighbors(n)) & set(unvisited_nodes) for n in unvisited_nodes,,evolve_experiment\evolution\real\Crime_sampled_post_with_precompute\results\pops\Crime_sampled\population_generation_15.json
4c656c7f6614e1d8a6622d174184c157,15,7,147,0.09048,m2,2,n: set(graph.neighbors(n)) & set(unvisited_nodes) for n in unvisited_nodes,,evolve_experiment\evolution\real\Crime_sampled_post_with_precompute\results\pops\Crime_sampled\population_generation_15.json
bdde7ea8910fc72aee9dd0c5a308e227,15,8,148,0.09082,e1,9,n: max_depth+1 for n in unvisited_nodes,,evolve_experiment\evolution\real\Crime_sampled_post_with_precompute\results\pops\Crime_sampled\population_generation_15.json
e2d3eb685947dcff3d066c005835b947,15,9,149,0.09108,e1,34,,,evolve_experiment\evolution\real\Crime_sampled_post_with_precompute\results\pops\Crime_sampled\population_generation_15.json
da93855f3957fcf2617078e25845fdb2,15,10,150,0.09118,t1,31,,,evolve_experiment\evolution\real\Crime_sampled_post_with_precompute\results\pops\Crime_sampled\population_generation_15.json
4641a0ebd40f1adc21a511932bbfa7c4,16,1,151,0.08532,m1,2,n: set(graph.neighbors(n)) & set(unvisited_nodes) for n in unvisited_nodes,,evolve_experiment\evolution\real\Crime_sampled_post_with_precompute\results\pops\Crime_sampled\population_generation_16.json
832c63546bef8c41d67a22dca23184a4,16,2,152,0.08537,m2,2,n: set(graph.neighbors(n)) & set(unvisited_nodes) for n in unvisited_nodes,,evolve_experiment\evolution\real\Crime_sampled_post_with_precompute\results\pops\Crime_sampled\population_generation_16.json
928be0dd4e39c63ef23137011a106c4f,16,3,153,0.08569,m2,2,n: set(graph.neighbors(n)) & set(unvisited_nodes) for n in unvisited_nodes,,evolve_experiment\evolution\real\Crime_sampled_post_with_precompute\results\pops\Crime_sampled\population_generation_16.json
c407c6e42093c0553de1adba43e2ef29,16,4,154,0.08575,m2,2,n: set(graph.neighbors(n)) & set(unvisited_nodes) for n in unvisited_nodes,,evolve_experiment\evolution\real\Crime_sampled_post_with_precompute\results\pops\Crime_sampled\population_generation_16.json
f69cc615b722f1971a0e89b2deec7eb8,16,5,155,0.08715,cu,37,"n: neighbors for n, neighbors in candidate_sets.items() if neighbors != {n",,evolve_experiment\evolution\real\Crime_sampled_post_with_precompute\results\pops\Crime_sampled\population_generation_16.json
e2186e0638d73a87ec01a89c2e4ddac4,16,6,156,0.08854,m2,2,n: set(graph.neighbors(n)) & set(unvisited_nodes) for n in unvisited_nodes,,evolve_experiment\evolution\real\Crime_sampled_post_with_precompute\results\pops\Crime_sampled\population_generation_16.json
4c656c7f6614e1d8a6622d174184c157,16,7,157,0.09048,m2,2,n: set(graph.neighbors(n)) & set(unvisited_nodes) for n in unvisited_nodes,,evolve_experiment\evolution\real\Crime_sampled_post_with_precompute\results\pops\Crime_sampled\population_generation_16.json
bdde7ea8910fc72aee9dd0c5a308e227,16,8,158,0.09082,e1,9,n: max_depth+1 for n in unvisited_nodes,,evolve_experiment\evolution\real\Crime_sampled_post_with_precompute\results\pops\Crime_sampled\population_generation_16.json
c54b1e2999d010a00640a1af881c75a8,16,9,159,0.09102,t1,26,"n: i for i, n in enumerate(unvisited_nodes)",,evolve_experiment\evolution\real\Crime_sampled_post_with_precompute\results\pops\Crime_sampled\population_generation_16.json
e2d3eb685947dcff3d066c005835b947,16,10,160,0.09108,e1,34,,,evolve_experiment\evolution\real\Crime_sampled_post_with_precompute\results\pops\Crime_sampled\population_generation_16.json
4641a0ebd40f1adc21a511932bbfa7c4,17,1,161,0.08532,m1,2,n: set(graph.neighbors(n)) & set(unvisited_nodes) for n in unvisited_nodes,,evolve_experiment\evolution\real\Crime_sampled_post_with_precompute\results\pops\Crime_sampled\population_generation_17.json
832c63546bef8c41d67a22dca23184a4,17,2,162,0.08537,m2,2,n: set(graph.neighbors(n)) & set(unvisited_nodes) for n in unvisited_nodes,,evolve_experiment\evolution\real\Crime_sampled_post_with_precompute\results\pops\Crime_sampled\population_generation_17.json
928be0dd4e39c63ef23137011a106c4f,17,3,163,0.08569,m2,2,n: set(graph.neighbors(n)) & set(unvisited_nodes) for n in unvisited_nodes,,evolve_experiment\evolution\real\Crime_sampled_post_with_precompute\results\pops\Crime_sampled\population_generation_17.json
c407c6e42093c0553de1adba43e2ef29,17,4,164,0.08575,m2,2,n: set(graph.neighbors(n)) & set(unvisited_nodes) for n in unvisited_nodes,,evolve_experiment\evolution\real\Crime_sampled_post_with_precompute\results\pops\Crime_sampled\population_generation_17.json
f69cc615b722f1971a0e89b2deec7eb8,17,5,165,0.08715,cu,37,"n: neighbors for n, neighbors in candidate_sets.items() if neighbors != {n",,evolve_experiment\evolution\real\Crime_sampled_post_with_precompute\results\pops\Crime_sampled\population_generation_17.json
e2186e0638d73a87ec01a89c2e4ddac4,17,6,166,0.08854,m2,2,n: set(graph.neighbors(n)) & set(unvisited_nodes) for n in unvisited_nodes,,evolve_experiment\evolution\real\Crime_sampled_post_with_precompute\results\pops\Crime_sampled\population_generation_17.json
4c656c7f6614e1d8a6622d174184c157,17,7,167,0.09048,m2,2,n: set(graph.neighbors(n)) & set(unvisited_nodes) for n in unvisited_nodes,,evolve_experiment\evolution\real\Crime_sampled_post_with_precompute\results\pops\Crime_sampled\population_generation_17.json
bdde7ea8910fc72aee9dd0c5a308e227,17,8,168,0.09082,e1,9,n: max_depth+1 for n in unvisited_nodes,,evolve_experiment\evolution\real\Crime_sampled_post_with_precompute\results\pops\Crime_sampled\population_generation_17.json
3e21204167e3c2d3a1baf189749c52bb,17,9,169,0.09083,t2,9,n: max_depth+1 for n in unvisited_nodes,,evolve_experiment\evolution\real\Crime_sampled_post_with_precompute\results\pops\Crime_sampled\population_generation_17.json
c54b1e2999d010a00640a1af881c75a8,17,10,170,0.09102,t1,26,"n: i for i, n in enumerate(unvisited_nodes)",,evolve_experiment\evolution\real\Crime_sampled_post_with_precompute\results\pops\Crime_sampled\population_generation_17.json
4641a0ebd40f1adc21a511932bbfa7c4,18,1,171,0.08532,m1,2,n: set(graph.neighbors(n)) & set(unvisited_nodes) for n in unvisited_nodes,,evolve_experiment\evolution\real\Crime_sampled_post_with_precompute\results\pops\Crime_sampled\population_generation_18.json
832c63546bef8c41d67a22dca23184a4,18,2,172,0.08537,m2,2,n: set(graph.neighbors(n)) & set(unvisited_nodes) for n in unvisited_nodes,,evolve_experiment\evolution\real\Crime_sampled_post_with_precompute\results\pops\Crime_sampled\population_generation_18.json
928be0dd4e39c63ef23137011a106c4f,18,3,173,0.08569,m2,2,n: set(graph.neighbors(n)) & set(unvisited_nodes) for n in unvisited_nodes,,evolve_experiment\evolution\real\Crime_sampled_post_with_precompute\results\pops\Crime_sampled\population_generation_18.json
c407c6e42093c0553de1adba43e2ef29,18,4,174,0.08575,m2,2,n: set(graph.neighbors(n)) & set(unvisited_nodes) for n in unvisited_nodes,,evolve_experiment\evolution\real\Crime_sampled_post_with_precompute\results\pops\Crime_sampled\population_generation_18.json
f69cc615b722f1971a0e89b2deec7eb8,18,5,175,0.08715,cu,37,"n: neighbors for n, neighbors in candidate_sets.items() if neighbors != {n",,evolve_experiment\evolution\real\Crime_sampled_post_with_precompute\results\pops\Crime_sampled\population_generation_18.json
e2186e0638d73a87ec01a89c2e4ddac4,18,6,176,0.08854,m2,2,n: set(graph.neighbors(n)) & set(unvisited_nodes) for n in unvisited_nodes,,evolve_experiment\evolution\real\Crime_sampled_post_with_precompute\results\pops\Crime_sampled\population_generation_18.json
38eaccb5ce3a57cf85c124a17d90a9c1,18,7,177,0.08872,m2,5,"n: i for i, n in enumerate(unvisited_nodes)",,evolve_experiment\evolution\real\Crime_sampled_post_with_precompute\results\pops\Crime_sampled\population_generation_18.json
1071c735c705b9ac7370f3e95fb7ddc0,18,8,178,0.08902,m2,5,"n: i for i, n in enumerate(unvisited_nodes)",,evolve_experiment\evolution\real\Crime_sampled_post_with_precompute\results\pops\Crime_sampled\population_generation_18.json
13c4db1381635c47352d743bfae95495,18,9,179,0.08986,m2,5,"n: i for i, n in enumerate(unvisited_nodes)",,evolve_experiment\evolution\real\Crime_sampled_post_with_precompute\results\pops\Crime_sampled\population_generation_18.json
7f545aea310c03cbf6f553ed732bd988,18,10,180,0.09008,t2,5,"n: i for i, n in enumerate(unvisited_nodes)",,evolve_experiment\evolution\real\Crime_sampled_post_with_precompute\results\pops\Crime_sampled\population_generation_18.json
4641a0ebd40f1adc21a511932bbfa7c4,19,1,181,0.08532,m1,2,n: set(graph.neighbors(n)) & set(unvisited_nodes) for n in unvisited_nodes,,evolve_experiment\evolution\real\Crime_sampled_post_with_precompute\results\pops\Crime_sampled\population_generation_19.json
832c63546bef8c41d67a22dca23184a4,19,2,182,0.08537,m2,2,n: set(graph.neighbors(n)) & set(unvisited_nodes) for n in unvisited_nodes,,evolve_experiment\evolution\real\Crime_sampled_post_with_precompute\results\pops\Crime_sampled\population_generation_19.json
928be0dd4e39c63ef23137011a106c4f,19,3,183,0.08569,m2,2,n: set(graph.neighbors(n)) & set(unvisited_nodes) for n in unvisited_nodes,,evolve_experiment\evolution\real\Crime_sampled_post_with_precompute\results\pops\Crime_sampled\population_generation_19.json
c407c6e42093c0553de1adba43e2ef29,19,4,184,0.08575,m2,2,n: set(graph.neighbors(n)) & set(unvisited_nodes) for n in unvisited_nodes,,evolve_experiment\evolution\real\Crime_sampled_post_with_precompute\results\pops\Crime_sampled\population_generation_19.json
fcd16038d46cced4608dd3d4f138754f,19,5,185,0.0865,e1,38,,,evolve_experiment\evolution\real\Crime_sampled_post_with_precompute\results\pops\Crime_sampled\population_generation_19.json
f69cc615b722f1971a0e89b2deec7eb8,19,6,186,0.08715,cu,37,"n: neighbors for n, neighbors in candidate_sets.items() if neighbors != {n",,evolve_experiment\evolution\real\Crime_sampled_post_with_precompute\results\pops\Crime_sampled\population_generation_19.json
9210e253aeb0d7593a98b70d82ce7014,19,7,187,0.08716,m2,5,"n: i for i, n in enumerate(unvisited_nodes)",,evolve_experiment\evolution\real\Crime_sampled_post_with_precompute\results\pops\Crime_sampled\population_generation_19.json
e2186e0638d73a87ec01a89c2e4ddac4,19,8,188,0.08854,m2,2,n: set(graph.neighbors(n)) & set(unvisited_nodes) for n in unvisited_nodes,,evolve_experiment\evolution\real\Crime_sampled_post_with_precompute\results\pops\Crime_sampled\population_generation_19.json
38eaccb5ce3a57cf85c124a17d90a9c1,19,9,189,0.08872,m2,5,"n: i for i, n in enumerate(unvisited_nodes)",,evolve_experiment\evolution\real\Crime_sampled_post_with_precompute\results\pops\Crime_sampled\population_generation_19.json
1071c735c705b9ac7370f3e95fb7ddc0,19,10,190,0.08902,m2,5,"n: i for i, n in enumerate(unvisited_nodes)",,evolve_experiment\evolution\real\Crime_sampled_post_with_precompute\results\pops\Crime_sampled\population_generation_19.json
4641a0ebd40f1adc21a511932bbfa7c4,20,1,191,0.08532,m1,2,n: set(graph.neighbors(n)) & set(unvisited_nodes) for n in unvisited_nodes,,evolve_experiment\evolution\real\Crime_sampled_post_with_precompute\results\pops\Crime_sampled\population_generation_20.json
832c63546bef8c41d67a22dca23184a4,20,2,192,0.08537,m2,2,n: set(graph.neighbors(n)) & set(unvisited_nodes) for n in unvisited_nodes,,evolve_experiment\evolution\real\Crime_sampled_post_with_precompute\results\pops\Crime_sampled\population_generation_20.json
6d2622b22390a22ba895b6f7bce9ed54,20,3,193,0.08538,m2,2,n: set(graph.neighbors(n)) & set(unvisited_nodes) for n in unvisited_nodes,,evolve_experiment\evolution\real\Crime_sampled_post_with_precompute\results\pops\Crime_sampled\population_generation_20.json
928be0dd4e39c63ef23137011a106c4f,20,4,194,0.08569,m2,2,n: set(graph.neighbors(n)) & set(unvisited_nodes) for n in unvisited_nodes,,evolve_experiment\evolution\real\Crime_sampled_post_with_precompute\results\pops\Crime_sampled\population_generation_20.json
c407c6e42093c0553de1adba43e2ef29,20,5,195,0.08575,m2,2,n: set(graph.neighbors(n)) & set(unvisited_nodes) for n in unvisited_nodes,,evolve_experiment\evolution\real\Crime_sampled_post_with_precompute\results\pops\Crime_sampled\population_generation_20.json
fcd16038d46cced4608dd3d4f138754f,20,6,196,0.0865,e1,38,,,evolve_experiment\evolution\real\Crime_sampled_post_with_precompute\results\pops\Crime_sampled\population_generation_20.json
f69cc615b722f1971a0e89b2deec7eb8,20,7,197,0.08715,cu,37,"n: neighbors for n, neighbors in candidate_sets.items() if neighbors != {n",,evolve_experiment\evolution\real\Crime_sampled_post_with_precompute\results\pops\Crime_sampled\population_generation_20.json
9210e253aeb0d7593a98b70d82ce7014,20,8,198,0.08716,m2,5,"n: i for i, n in enumerate(unvisited_nodes)",,evolve_experiment\evolution\real\Crime_sampled_post_with_precompute\results\pops\Crime_sampled\population_generation_20.json
749a9fc1e0642496a1dee15d5d7e1a6d,20,9,199,0.08787,cu,17,,,evolve_experiment\evolution\real\Crime_sampled_post_with_precompute\results\pops\Crime_sampled\population_generation_20.json
25f06bbffc958fe1cd38ccab1c9ddedc,20,10,200,0.08848,t2,5,"n: i for i, n in enumerate(unvisited_nodes)",,evolve_experiment\evolution\real\Crime_sampled_post_with_precompute\results\pops\Crime_sampled\population_generation_20.json
4641a0ebd40f1adc21a511932bbfa7c4,21,1,201,0.08532,m1,2,n: set(graph.neighbors(n)) & set(unvisited_nodes) for n in unvisited_nodes,,evolve_experiment\evolution\real\Crime_sampled_post_with_precompute\results\pops\Crime_sampled\population_generation_21.json
832c63546bef8c41d67a22dca23184a4,21,2,202,0.08537,m2,2,n: set(graph.neighbors(n)) & set(unvisited_nodes) for n in unvisited_nodes,,evolve_experiment\evolution\real\Crime_sampled_post_with_precompute\results\pops\Crime_sampled\population_generation_21.json
6d2622b22390a22ba895b6f7bce9ed54,21,3,203,0.08538,m2,2,n: set(graph.neighbors(n)) & set(unvisited_nodes) for n in unvisited_nodes,,evolve_experiment\evolution\real\Crime_sampled_post_with_precompute\results\pops\Crime_sampled\population_generation_21.json
928be0dd4e39c63ef23137011a106c4f,21,4,204,0.08569,m2,2,n: set(graph.neighbors(n)) & set(unvisited_nodes) for n in unvisited_nodes,,evolve_experiment\evolution\real\Crime_sampled_post_with_precompute\results\pops\Crime_sampled\population_generation_21.json
c407c6e42093c0553de1adba43e2ef29,21,5,205,0.08575,m2,2,n: set(graph.neighbors(n)) & set(unvisited_nodes) for n in unvisited_nodes,,evolve_experiment\evolution\real\Crime_sampled_post_with_precompute\results\pops\Crime_sampled\population_generation_21.json
c9286dccc5b6e964bf7cadd3f59d1d50,21,6,206,0.08627,e1,27,n: set(graph.neighbors(n)) & unvisited_set for n in unvisited_nodes,,evolve_experiment\evolution\real\Crime_sampled_post_with_precompute\results\pops\Crime_sampled\population_generation_21.json
fcd16038d46cced4608dd3d4f138754f,21,7,207,0.0865,e1,38,,,evolve_experiment\evolution\real\Crime_sampled_post_with_precompute\results\pops\Crime_sampled\population_generation_21.json
f69cc615b722f1971a0e89b2deec7eb8,21,8,208,0.08715,cu,37,"n: neighbors for n, neighbors in candidate_sets.items() if neighbors != {n",,evolve_experiment\evolution\real\Crime_sampled_post_with_precompute\results\pops\Crime_sampled\population_generation_21.json
9210e253aeb0d7593a98b70d82ce7014,21,9,209,0.08716,m2,5,"n: i for i, n in enumerate(unvisited_nodes)",,evolve_experiment\evolution\real\Crime_sampled_post_with_precompute\results\pops\Crime_sampled\population_generation_21.json
85c8a51dbdafe58e060386ab1da6472c,21,10,210,0.08749,m2,5,"n: i for i, n in enumerate(unvisited_nodes)",,evolve_experiment\evolution\real\Crime_sampled_post_with_precompute\results\pops\Crime_sampled\population_generation_21.json
4641a0ebd40f1adc21a511932bbfa7c4,22,1,211,0.08532,m1,2,n: set(graph.neighbors(n)) & set(unvisited_nodes) for n in unvisited_nodes,,evolve_experiment\evolution\real\Crime_sampled_post_with_precompute\results\pops\Crime_sampled\population_generation_22.json
fcd87918bf124faa4b1d0074b2ae264a,22,2,212,0.08537,m2,2,n: set(graph.neighbors(n)) & set(unvisited_nodes) for n in unvisited_nodes,,evolve_experiment\evolution\real\Crime_sampled_post_with_precompute\results\pops\Crime_sampled\population_generation_22.json
6d2622b22390a22ba895b6f7bce9ed54,22,3,213,0.08538,m2,2,n: set(graph.neighbors(n)) & set(unvisited_nodes) for n in unvisited_nodes,,evolve_experiment\evolution\real\Crime_sampled_post_with_precompute\results\pops\Crime_sampled\population_generation_22.json
928be0dd4e39c63ef23137011a106c4f,22,4,214,0.08569,m2,2,n: set(graph.neighbors(n)) & set(unvisited_nodes) for n in unvisited_nodes,,evolve_experiment\evolution\real\Crime_sampled_post_with_precompute\results\pops\Crime_sampled\population_generation_22.json
c407c6e42093c0553de1adba43e2ef29,22,5,215,0.08575,m2,2,n: set(graph.neighbors(n)) & set(unvisited_nodes) for n in unvisited_nodes,,evolve_experiment\evolution\real\Crime_sampled_post_with_precompute\results\pops\Crime_sampled\population_generation_22.json
c9286dccc5b6e964bf7cadd3f59d1d50,22,6,216,0.08627,e1,27,n: set(graph.neighbors(n)) & unvisited_set for n in unvisited_nodes,,evolve_experiment\evolution\real\Crime_sampled_post_with_precompute\results\pops\Crime_sampled\population_generation_22.json
fcd16038d46cced4608dd3d4f138754f,22,7,217,0.0865,e1,38,,,evolve_experiment\evolution\real\Crime_sampled_post_with_precompute\results\pops\Crime_sampled\population_generation_22.json
f69cc615b722f1971a0e89b2deec7eb8,22,8,218,0.08715,cu,37,"n: neighbors for n, neighbors in candidate_sets.items() if neighbors != {n",,evolve_experiment\evolution\real\Crime_sampled_post_with_precompute\results\pops\Crime_sampled\population_generation_22.json
9210e253aeb0d7593a98b70d82ce7014,22,9,219,0.08716,m2,5,"n: i for i, n in enumerate(unvisited_nodes)",,evolve_experiment\evolution\real\Crime_sampled_post_with_precompute\results\pops\Crime_sampled\population_generation_22.json
85c8a51dbdafe58e060386ab1da6472c,22,10,220,0.08749,m2,5,"n: i for i, n in enumerate(unvisited_nodes)",,evolve_experiment\evolution\real\Crime_sampled_post_with_precompute\results\pops\Crime_sampled\population_generation_22.json
4641a0ebd40f1adc21a511932bbfa7c4,23,1,221,0.08532,m1,2,n: set(graph.neighbors(n)) & set(unvisited_nodes) for n in unvisited_nodes,,evolve_experiment\evolution\real\Crime_sampled_post_with_precompute\results\pops\Crime_sampled\population_generation_23.json
fcd87918bf124faa4b1d0074b2ae264a,23,2,222,0.08537,m2,2,n: set(graph.neighbors(n)) & set(unvisited_nodes) for n in unvisited_nodes,,evolve_experiment\evolution\real\Crime_sampled_post_with_precompute\results\pops\Crime_sampled\population_generation_23.json
6d2622b22390a22ba895b6f7bce9ed54,23,3,223,0.08538,m2,2,n: set(graph.neighbors(n)) & set(unvisited_nodes) for n in unvisited_nodes,,evolve_experiment\evolution\real\Crime_sampled_post_with_precompute\results\pops\Crime_sampled\population_generation_23.json
928be0dd4e39c63ef23137011a106c4f,23,4,224,0.08569,m2,2,n: set(graph.neighbors(n)) & set(unvisited_nodes) for n in unvisited_nodes,,evolve_experiment\evolution\real\Crime_sampled_post_with_precompute\results\pops\Crime_sampled\population_generation_23.json
c407c6e42093c0553de1adba43e2ef29,23,5,225,0.08575,m2,2,n: set(graph.neighbors(n)) & set(unvisited_nodes) for n in unvisited_nodes,,evolve_experiment\evolution\real\Crime_sampled_post_with_precompute\results\pops\Crime_sampled\population_generation_23.json
51fb7575e49295936a4f071d0d33bac1,23,6,226,0.08611,e2,13,,,evolve_experiment\evolution\real\Crime_sampled_post_with_precompute\results\pops\Crime_sampled\population_generation_23.json
c9286dccc5b6e964bf7cadd3f59d1d50,23,7,227,0.08627,e1,27,n: set(graph.neighbors(n)) & unvisited_set for n in unvisited_nodes,,evolve_experiment\evolution\real\Crime_sampled_post_with_precompute\results\pops\Crime_sampled\population_generation_23.json
fcd16038d46cced4608dd3d4f138754f,23,8,228,0.0865,e1,38,,,evolve_experiment\evolution\real\Crime_sampled_post_with_precompute\results\pops\Crime_sampled\population_generation_23.json
f69cc615b722f1971a0e89b2deec7eb8,23,9,229,0.08715,cu,37,"n: neighbors for n, neighbors in candidate_sets.items() if neighbors != {n",,evolve_experiment\evolution\real\Crime_sampled_post_with_precompute\results\pops\Crime_sampled\population_generation_23.json
9210e253aeb0d7593a98b70d82ce7014,23,10,230,0.08716,m2,5,"n: i for i, n in enumerate(unvisited_nodes)",,evolve_experiment\evolution\real\Crime_sampled_post_with_precompute\results\pops\Crime_sampled\population_generation_23.json
4e9417b1d5dc12c523f9b821f1971546,24,1,231,0.08527,m1,12,n: set(graph.neighbors(n)) & set(unvisited_nodes) for n in unvisited_nodes,,evolve_experiment\evolution\real\Crime_sampled_post_with_precompute\results\pops\Crime_sampled\population_generation_24.json
4641a0ebd40f1adc21a511932bbfa7c4,24,2,232,0.08532,m1,2,n: set(graph.neighbors(n)) & set(unvisited_nodes) for n in unvisited_nodes,,evolve_experiment\evolution\real\Crime_sampled_post_with_precompute\results\pops\Crime_sampled\population_generation_24.json
fcd87918bf124faa4b1d0074b2ae264a,24,3,233,0.08537,m2,2,n: set(graph.neighbors(n)) & set(unvisited_nodes) for n in unvisited_nodes,,evolve_experiment\evolution\real\Crime_sampled_post_with_precompute\results\pops\Crime_sampled\population_generation_24.json
6d2622b22390a22ba895b6f7bce9ed54,24,4,234,0.08538,m2,2,n: set(graph.neighbors(n)) & set(unvisited_nodes) for n in unvisited_nodes,,evolve_experiment\evolution\real\Crime_sampled_post_with_precompute\results\pops\Crime_sampled\population_generation_24.json
ecdd9d3d6b510ef3e226e1417132b304,24,5,235,0.08543,m2,2,n: set(graph.neighbors(n)) & set(unvisited_nodes) for n in unvisited_nodes,,evolve_experiment\evolution\real\Crime_sampled_post_with_precompute\results\pops\Crime_sampled\population_generation_24.json
928be0dd4e39c63ef23137011a106c4f,24,6,236,0.08569,m2,2,n: set(graph.neighbors(n)) & set(unvisited_nodes) for n in unvisited_nodes,,evolve_experiment\evolution\real\Crime_sampled_post_with_precompute\results\pops\Crime_sampled\population_generation_24.json
c407c6e42093c0553de1adba43e2ef29,24,7,237,0.08575,m2,2,n: set(graph.neighbors(n)) & set(unvisited_nodes) for n in unvisited_nodes,,evolve_experiment\evolution\real\Crime_sampled_post_with_precompute\results\pops\Crime_sampled\population_generation_24.json
9237147eef1aeaba7900b04070a47be5,24,8,238,0.086,m2,2,n: set(graph.neighbors(n)) & set(unvisited_nodes) for n in unvisited_nodes,,evolve_experiment\evolution\real\Crime_sampled_post_with_precompute\results\pops\Crime_sampled\population_generation_24.json
51fb7575e49295936a4f071d0d33bac1,24,9,239,0.08611,e2,13,,,evolve_experiment\evolution\real\Crime_sampled_post_with_precompute\results\pops\Crime_sampled\population_generation_24.json
c9286dccc5b6e964bf7cadd3f59d1d50,24,10,240,0.08627,e1,27,n: set(graph.neighbors(n)) & unvisited_set for n in unvisited_nodes,,evolve_experiment\evolution\real\Crime_sampled_post_with_precompute\results\pops\Crime_sampled\population_generation_24.json
a5b57c5458b02c4d8926295ee749ea62,25,1,241,0.08517,m2,2,n: set(graph.neighbors(n)) & set(unvisited_nodes) for n in unvisited_nodes,,evolve_experiment\evolution\real\Crime_sampled_post_with_precompute\results\pops\Crime_sampled\population_generation_25.json
4e9417b1d5dc12c523f9b821f1971546,25,2,242,0.08527,m1,12,n: set(graph.neighbors(n)) & set(unvisited_nodes) for n in unvisited_nodes,,evolve_experiment\evolution\real\Crime_sampled_post_with_precompute\results\pops\Crime_sampled\population_generation_25.json
05bd66da90fbb2e2915a90f410de73d5,25,3,243,0.0853,m2,2,n: set(graph.neighbors(n)) & set(unvisited_nodes) for n in unvisited_nodes,,evolve_experiment\evolution\real\Crime_sampled_post_with_precompute\results\pops\Crime_sampled\population_generation_25.json
4641a0ebd40f1adc21a511932bbfa7c4,25,4,244,0.08532,m1,2,n: set(graph.neighbors(n)) & set(unvisited_nodes) for n in unvisited_nodes,,evolve_experiment\evolution\real\Crime_sampled_post_with_precompute\results\pops\Crime_sampled\population_generation_25.json
fcd87918bf124faa4b1d0074b2ae264a,25,5,245,0.08537,m2,2,n: set(graph.neighbors(n)) & set(unvisited_nodes) for n in unvisited_nodes,,evolve_experiment\evolution\real\Crime_sampled_post_with_precompute\results\pops\Crime_sampled\population_generation_25.json
6d2622b22390a22ba895b6f7bce9ed54,25,6,246,0.08538,m2,2,n: set(graph.neighbors(n)) & set(unvisited_nodes) for n in unvisited_nodes,,evolve_experiment\evolution\real\Crime_sampled_post_with_precompute\results\pops\Crime_sampled\population_generation_25.json
bf23047f39bfb98c6bb2f3c73780d69e,25,7,247,0.08542,m2,2,n: set(graph.neighbors(n)) & set(unvisited_nodes) for n in unvisited_nodes,,evolve_experiment\evolution\real\Crime_sampled_post_with_precompute\results\pops\Crime_sampled\population_generation_25.json
ecdd9d3d6b510ef3e226e1417132b304,25,8,248,0.08543,m2,2,n: set(graph.neighbors(n)) & set(unvisited_nodes) for n in unvisited_nodes,,evolve_experiment\evolution\real\Crime_sampled_post_with_precompute\results\pops\Crime_sampled\population_generation_25.json
928be0dd4e39c63ef23137011a106c4f,25,9,249,0.08569,m2,2,n: set(graph.neighbors(n)) & set(unvisited_nodes) for n in unvisited_nodes,,evolve_experiment\evolution\real\Crime_sampled_post_with_precompute\results\pops\Crime_sampled\population_generation_25.json
c407c6e42093c0553de1adba43e2ef29,25,10,250,0.08575,m2,2,n: set(graph.neighbors(n)) & set(unvisited_nodes) for n in unvisited_nodes,,evolve_experiment\evolution\real\Crime_sampled_post_with_precompute\results\pops\Crime_sampled\population_generation_25.json
a5b57c5458b02c4d8926295ee749ea62,26,1,251,0.08517,m2,2,n: set(graph.neighbors(n)) & set(unvisited_nodes) for n in unvisited_nodes,,evolve_experiment\evolution\real\Crime_sampled_post_with_precompute\results\pops\Crime_sampled\population_generation_26.json
4e9417b1d5dc12c523f9b821f1971546,26,2,252,0.08527,m1,12,n: set(graph.neighbors(n)) & set(unvisited_nodes) for n in unvisited_nodes,,evolve_experiment\evolution\real\Crime_sampled_post_with_precompute\results\pops\Crime_sampled\population_generation_26.json
05bd66da90fbb2e2915a90f410de73d5,26,3,253,0.0853,m2,2,n: set(graph.neighbors(n)) & set(unvisited_nodes) for n in unvisited_nodes,,evolve_experiment\evolution\real\Crime_sampled_post_with_precompute\results\pops\Crime_sampled\population_generation_26.json
4641a0ebd40f1adc21a511932bbfa7c4,26,4,254,0.08532,m1,2,n: set(graph.neighbors(n)) & set(unvisited_nodes) for n in unvisited_nodes,,evolve_experiment\evolution\real\Crime_sampled_post_with_precompute\results\pops\Crime_sampled\population_generation_26.json
fcd87918bf124faa4b1d0074b2ae264a,26,5,255,0.08537,m2,2,n: set(graph.neighbors(n)) & set(unvisited_nodes) for n in unvisited_nodes,,evolve_experiment\evolution\real\Crime_sampled_post_with_precompute\results\pops\Crime_sampled\population_generation_26.json
6d2622b22390a22ba895b6f7bce9ed54,26,6,256,0.08538,m2,2,n: set(graph.neighbors(n)) & set(unvisited_nodes) for n in unvisited_nodes,,evolve_experiment\evolution\real\Crime_sampled_post_with_precompute\results\pops\Crime_sampled\population_generation_26.json
bf23047f39bfb98c6bb2f3c73780d69e,26,7,257,0.08542,m2,2,n: set(graph.neighbors(n)) & set(unvisited_nodes) for n in unvisited_nodes,,evolve_experiment\evolution\real\Crime_sampled_post_with_precompute\results\pops\Crime_sampled\population_generation_26.json
ecdd9d3d6b510ef3e226e1417132b304,26,8,258,0.08543,m2,2,n: set(graph.neighbors(n)) & set(unvisited_nodes) for n in unvisited_nodes,,evolve_experiment\evolution\real\Crime_sampled_post_with_precompute\results\pops\Crime_sampled\population_generation_26.json
928be0dd4e39c63ef23137011a106c4f,26,9,259,0.08569,m2,2,n: set(graph.neighbors(n)) & set(unvisited_nodes) for n in unvisited_nodes,,evolve_experiment\evolution\real\Crime_sampled_post_with_precompute\results\pops\Crime_sampled\population_generation_26.json
c407c6e42093c0553de1adba43e2ef29,26,10,260,0.08575,m2,2,n: set(graph.neighbors(n)) & set(unvisited_nodes) for n in unvisited_nodes,,evolve_experiment\evolution\real\Crime_sampled_post_with_precompute\results\pops\Crime_sampled\population_generation_26.json
1b3f57344e7a712b58423c75a85ab478,27,1,261,0.08512,m2,2,n: set(graph.neighbors(n)) & set(unvisited_nodes) for n in unvisited_nodes,,evolve_experiment\evolution\real\Crime_sampled_post_with_precompute\results\pops\Crime_sampled\population_generation_27.json
a5b57c5458b02c4d8926295ee749ea62,27,2,262,0.08517,m2,2,n: set(graph.neighbors(n)) & set(unvisited_nodes) for n in unvisited_nodes,,evolve_experiment\evolution\real\Crime_sampled_post_with_precompute\results\pops\Crime_sampled\population_generation_27.json
4e9417b1d5dc12c523f9b821f1971546,27,3,263,0.08527,m1,12,n: set(graph.neighbors(n)) & set(unvisited_nodes) for n in unvisited_nodes,,evolve_experiment\evolution\real\Crime_sampled_post_with_precompute\results\pops\Crime_sampled\population_generation_27.json
05bd66da90fbb2e2915a90f410de73d5,27,4,264,0.0853,m2,2,n: set(graph.neighbors(n)) & set(unvisited_nodes) for n in unvisited_nodes,,evolve_experiment\evolution\real\Crime_sampled_post_with_precompute\results\pops\Crime_sampled\population_generation_27.json
4641a0ebd40f1adc21a511932bbfa7c4,27,5,265,0.08532,m1,2,n: set(graph.neighbors(n)) & set(unvisited_nodes) for n in unvisited_nodes,,evolve_experiment\evolution\real\Crime_sampled_post_with_precompute\results\pops\Crime_sampled\population_generation_27.json
fcd87918bf124faa4b1d0074b2ae264a,27,6,266,0.08537,m2,2,n: set(graph.neighbors(n)) & set(unvisited_nodes) for n in unvisited_nodes,,evolve_experiment\evolution\real\Crime_sampled_post_with_precompute\results\pops\Crime_sampled\population_generation_27.json
6d2622b22390a22ba895b6f7bce9ed54,27,7,267,0.08538,m2,2,n: set(graph.neighbors(n)) & set(unvisited_nodes) for n in unvisited_nodes,,evolve_experiment\evolution\real\Crime_sampled_post_with_precompute\results\pops\Crime_sampled\population_generation_27.json
bf23047f39bfb98c6bb2f3c73780d69e,27,8,268,0.08542,m2,2,n: set(graph.neighbors(n)) & set(unvisited_nodes) for n in unvisited_nodes,,evolve_experiment\evolution\real\Crime_sampled_post_with_precompute\results\pops\Crime_sampled\population_generation_27.json
ecdd9d3d6b510ef3e226e1417132b304,27,9,269,0.08543,m2,2,n: set(graph.neighbors(n)) & set(unvisited_nodes) for n in unvisited_nodes,,evolve_experiment\evolution\real\Crime_sampled_post_with_precompute\results\pops\Crime_sampled\population_generation_27.json
bd2e6ae69a30721b5f9bccc4adfa4863,27,10,270,0.08546,t2,2,n: set(graph.neighbors(n)) & set(unvisited_nodes) for n in unvisited_nodes,,evolve_experiment\evolution\real\Crime_sampled_post_with_precompute\results\pops\Crime_sampled\population_generation_27.json
1b3f57344e7a712b58423c75a85ab478,28,1,271,0.08512,m2,2,n: set(graph.neighbors(n)) & set(unvisited_nodes) for n in unvisited_nodes,,evolve_experiment\evolution\real\Crime_sampled_post_with_precompute\results\pops\Crime_sampled\population_generation_28.json
a5b57c5458b02c4d8926295ee749ea62,28,2,272,0.08517,m2,2,n: set(graph.neighbors(n)) & set(unvisited_nodes) for n in unvisited_nodes,,evolve_experiment\evolution\real\Crime_sampled_post_with_precompute\results\pops\Crime_sampled\population_generation_28.json
4e9417b1d5dc12c523f9b821f1971546,28,3,273,0.08527,m1,12,n: set(graph.neighbors(n)) & set(unvisited_nodes) for n in unvisited_nodes,,evolve_experiment\evolution\real\Crime_sampled_post_with_precompute\results\pops\Crime_sampled\population_generation_28.json
05bd66da90fbb2e2915a90f410de73d5,28,4,274,0.0853,m2,2,n: set(graph.neighbors(n)) & set(unvisited_nodes) for n in unvisited_nodes,,evolve_experiment\evolution\real\Crime_sampled_post_with_precompute\results\pops\Crime_sampled\population_generation_28.json
4641a0ebd40f1adc21a511932bbfa7c4,28,5,275,0.08532,m1,2,n: set(graph.neighbors(n)) & set(unvisited_nodes) for n in unvisited_nodes,,evolve_experiment\evolution\real\Crime_sampled_post_with_precompute\results\pops\Crime_sampled\population_generation_28.json
fcd87918bf124faa4b1d0074b2ae264a,28,6,276,0.08537,m2,2,n: set(graph.neighbors(n)) & set(unvisited_nodes) for n in unvisited_nodes,,evolve_experiment\evolution\real\Crime_sampled_post_with_precompute\results\pops\Crime_sampled\population_generation_28.json
6d2622b22390a22ba895b6f7bce9ed54,28,7,277,0.08538,m2,2,n: set(graph.neighbors(n)) & set(unvisited_nodes) for n in unvisited_nodes,,evolve_experiment\evolution\real\Crime_sampled_post_with_precompute\results\pops\Crime_sampled\population_generation_28.json
bf23047f39bfb98c6bb2f3c73780d69e,28,8,278,0.08542,m2,2,n: set(graph.neighbors(n)) & set(unvisited_nodes) for n in unvisited_nodes,,evolve_experiment\evolution\real\Crime_sampled_post_with_precompute\results\pops\Crime_sampled\population_generation_28.json
ecdd9d3d6b510ef3e226e1417132b304,28,9,279,0.08543,m2,2,n: set(graph.neighbors(n)) & set(unvisited_nodes) for n in unvisited_nodes,,evolve_experiment\evolution\real\Crime_sampled_post_with_precompute\results\pops\Crime_sampled\population_generation_28.json
bd2e6ae69a30721b5f9bccc4adfa4863,28,10,280,0.08546,t2,2,n: set(graph.neighbors(n)) & set(unvisited_nodes) for n in unvisited_nodes,,evolve_experiment\evolution\real\Crime_sampled_post_with_precompute\results\pops\Crime_sampled\population_generation_28.json
1b3f57344e7a712b58423c75a85ab478,29,1,281,0.08512,m2,2,n: set(graph.neighbors(n)) & set(unvisited_nodes) for n in unvisited_nodes,,evolve_experiment\evolution\real\Crime_sampled_post_with_precompute\results\pops\Crime_sampled\population_generation_29.json
a5b57c5458b02c4d8926295ee749ea62,29,2,282,0.08517,m2,2,n: set(graph.neighbors(n)) & set(unvisited_nodes) for n in unvisited_nodes,,evolve_experiment\evolution\real\Crime_sampled_post_with_precompute\results\pops\Crime_sampled\population_generation_29.json
2cbbe125d3a8db7aa0ffa4f365394412,29,3,283,0.08521,m2,2,n: set(graph.neighbors(n)) & set(unvisited_nodes) for n in unvisited_nodes,,evolve_experiment\evolution\real\Crime_sampled_post_with_precompute\results\pops\Crime_sampled\population_generation_29.json
4e9417b1d5dc12c523f9b821f1971546,29,4,284,0.08527,m1,12,n: set(graph.neighbors(n)) & set(unvisited_nodes) for n in unvisited_nodes,,evolve_experiment\evolution\real\Crime_sampled_post_with_precompute\results\pops\Crime_sampled\population_generation_29.json
05bd66da90fbb2e2915a90f410de73d5,29,5,285,0.0853,m2,2,n: set(graph.neighbors(n)) & set(unvisited_nodes) for n in unvisited_nodes,,evolve_experiment\evolution\real\Crime_sampled_post_with_precompute\results\pops\Crime_sampled\population_generation_29.json
4641a0ebd40f1adc21a511932bbfa7c4,29,6,286,0.08532,m1,2,n: set(graph.neighbors(n)) & set(unvisited_nodes) for n in unvisited_nodes,,evolve_experiment\evolution\real\Crime_sampled_post_with_precompute\results\pops\Crime_sampled\population_generation_29.json
fcd87918bf124faa4b1d0074b2ae264a,29,7,287,0.08537,m2,2,n: set(graph.neighbors(n)) & set(unvisited_nodes) for n in unvisited_nodes,,evolve_experiment\evolution\real\Crime_sampled_post_with_precompute\results\pops\Crime_sampled\population_generation_29.json
6d2622b22390a22ba895b6f7bce9ed54,29,8,288,0.08538,m2,2,n: set(graph.neighbors(n)) & set(unvisited_nodes) for n in unvisited_nodes,,evolve_experiment\evolution\real\Crime_sampled_post_with_precompute\results\pops\Crime_sampled\population_generation_29.json
bf23047f39bfb98c6bb2f3c73780d69e,29,9,289,0.08542,m2,2,n: set(graph.neighbors(n)) & set(unvisited_nodes) for n in unvisited_nodes,,evolve_experiment\evolution\real\Crime_sampled_post_with_precompute\results\pops\Crime_sampled\population_generation_29.json
ecdd9d3d6b510ef3e226e1417132b304,29,10,290,0.08543,m2,2,n: set(graph.neighbors(n)) & set(unvisited_nodes) for n in unvisited_nodes,,evolve_experiment\evolution\real\Crime_sampled_post_with_precompute\results\pops\Crime_sampled\population_generation_29.json
9cafe01d1027dd433fa8cab3f7c0b035,30,1,291,0.08499,m2,2,n: set(graph.neighbors(n)) & set(unvisited_nodes) for n in unvisited_nodes,,evolve_experiment\evolution\real\Crime_sampled_post_with_precompute\results\pops\Crime_sampled\population_generation_30.json
1b3f57344e7a712b58423c75a85ab478,30,2,292,0.08512,m2,2,n: set(graph.neighbors(n)) & set(unvisited_nodes) for n in unvisited_nodes,,evolve_experiment\evolution\real\Crime_sampled_post_with_precompute\results\pops\Crime_sampled\population_generation_30.json
a5b57c5458b02c4d8926295ee749ea62,30,3,293,0.08517,m2,2,n: set(graph.neighbors(n)) & set(unvisited_nodes) for n in unvisited_nodes,,evolve_experiment\evolution\real\Crime_sampled_post_with_precompute\results\pops\Crime_sampled\population_generation_30.json
2cbbe125d3a8db7aa0ffa4f365394412,30,4,294,0.08521,m2,2,n: set(graph.neighbors(n)) & set(unvisited_nodes) for n in unvisited_nodes,,evolve_experiment\evolution\real\Crime_sampled_post_with_precompute\results\pops\Crime_sampled\population_generation_30.json
dd8dbb6110f27f72549583702d11eef1,30,5,295,0.08527,e2,2,n: set(graph.neighbors(n)) & set(unvisited_nodes) for n in unvisited_nodes,,evolve_experiment\evolution\real\Crime_sampled_post_with_precompute\results\pops\Crime_sampled\population_generation_30.json
05bd66da90fbb2e2915a90f410de73d5,30,6,296,0.0853,m2,2,n: set(graph.neighbors(n)) & set(unvisited_nodes) for n in unvisited_nodes,,evolve_experiment\evolution\real\Crime_sampled_post_with_precompute\results\pops\Crime_sampled\population_generation_30.json
dd8c9d1f2eaa1f9e2bb4ccdfaa58976a,30,7,297,0.08531,t2,2,n: set(graph.neighbors(n)) & set(unvisited_nodes) for n in unvisited_nodes,,evolve_experiment\evolution\real\Crime_sampled_post_with_precompute\results\pops\Crime_sampled\population_generation_30.json
4641a0ebd40f1adc21a511932bbfa7c4,30,8,298,0.08532,m1,2,n: set(graph.neighbors(n)) & set(unvisited_nodes) for n in unvisited_nodes,,evolve_experiment\evolution\real\Crime_sampled_post_with_precompute\results\pops\Crime_sampled\population_generation_30.json
fcd87918bf124faa4b1d0074b2ae264a,30,9,299,0.08537,m2,2,n: set(graph.neighbors(n)) & set(unvisited_nodes) for n in unvisited_nodes,,evolve_experiment\evolution\real\Crime_sampled_post_with_precompute\results\pops\Crime_sampled\population_generation_30.json
6d2622b22390a22ba895b6f7bce9ed54,30,10,300,0.08538,m2,2,n: set(graph.neighbors(n)) & set(unvisited_nodes) for n in unvisited_nodes,,evolve_experiment\evolution\real\Crime_sampled_post_with_precompute\results\pops\Crime_sampled\population_generation_30.json
7af6c52a35c580f295f3838db3590ed6,31,1,301,0.08497,m2,2,n: set(graph.neighbors(n)) & set(unvisited_nodes) for n in unvisited_nodes,,evolve_experiment\evolution\real\Crime_sampled_post_with_precompute\results\pops\Crime_sampled\population_generation_31.json
9cafe01d1027dd433fa8cab3f7c0b035,31,2,302,0.08499,m2,2,n: set(graph.neighbors(n)) & set(unvisited_nodes) for n in unvisited_nodes,,evolve_experiment\evolution\real\Crime_sampled_post_with_precompute\results\pops\Crime_sampled\population_generation_31.json
1b3f57344e7a712b58423c75a85ab478,31,3,303,0.08512,m2,2,n: set(graph.neighbors(n)) & set(unvisited_nodes) for n in unvisited_nodes,,evolve_experiment\evolution\real\Crime_sampled_post_with_precompute\results\pops\Crime_sampled\population_generation_31.json
a5b57c5458b02c4d8926295ee749ea62,31,4,304,0.08517,m2,2,n: set(graph.neighbors(n)) & set(unvisited_nodes) for n in unvisited_nodes,,evolve_experiment\evolution\real\Crime_sampled_post_with_precompute\results\pops\Crime_sampled\population_generation_31.json
2cbbe125d3a8db7aa0ffa4f365394412,31,5,305,0.08521,m2,2,n: set(graph.neighbors(n)) & set(unvisited_nodes) for n in unvisited_nodes,,evolve_experiment\evolution\real\Crime_sampled_post_with_precompute\results\pops\Crime_sampled\population_generation_31.json
dd8dbb6110f27f72549583702d11eef1,31,6,306,0.08527,e2,2,n: set(graph.neighbors(n)) & set(unvisited_nodes) for n in unvisited_nodes,,evolve_experiment\evolution\real\Crime_sampled_post_with_precompute\results\pops\Crime_sampled\population_generation_31.json
05bd66da90fbb2e2915a90f410de73d5,31,7,307,0.0853,m2,2,n: set(graph.neighbors(n)) & set(unvisited_nodes) for n in unvisited_nodes,,evolve_experiment\evolution\real\Crime_sampled_post_with_precompute\results\pops\Crime_sampled\population_generation_31.json
dd8c9d1f2eaa1f9e2bb4ccdfaa58976a,31,8,308,0.08531,t2,2,n: set(graph.neighbors(n)) & set(unvisited_nodes) for n in unvisited_nodes,,evolve_experiment\evolution\real\Crime_sampled_post_with_precompute\results\pops\Crime_sampled\population_generation_31.json
4641a0ebd40f1adc21a511932bbfa7c4,31,9,309,0.08532,m1,2,n: set(graph.neighbors(n)) & set(unvisited_nodes) for n in unvisited_nodes,,evolve_experiment\evolution\real\Crime_sampled_post_with_precompute\results\pops\Crime_sampled\population_generation_31.json
fcd87918bf124faa4b1d0074b2ae264a,31,10,310,0.08537,m2,2,n: set(graph.neighbors(n)) & set(unvisited_nodes) for n in unvisited_nodes,,evolve_experiment\evolution\real\Crime_sampled_post_with_precompute\results\pops\Crime_sampled\population_generation_31.json
7af6c52a35c580f295f3838db3590ed6,32,1,311,0.08497,m2,2,n: set(graph.neighbors(n)) & set(unvisited_nodes) for n in unvisited_nodes,,evolve_experiment\evolution\real\Crime_sampled_post_with_precompute\results\pops\Crime_sampled\population_generation_32.json
9cafe01d1027dd433fa8cab3f7c0b035,32,2,312,0.08499,m2,2,n: set(graph.neighbors(n)) & set(unvisited_nodes) for n in unvisited_nodes,,evolve_experiment\evolution\real\Crime_sampled_post_with_precompute\results\pops\Crime_sampled\population_generation_32.json
1b3f57344e7a712b58423c75a85ab478,32,3,313,0.08512,m2,2,n: set(graph.neighbors(n)) & set(unvisited_nodes) for n in unvisited_nodes,,evolve_experiment\evolution\real\Crime_sampled_post_with_precompute\results\pops\Crime_sampled\population_generation_32.json
a5b57c5458b02c4d8926295ee749ea62,32,4,314,0.08517,m2,2,n: set(graph.neighbors(n)) & set(unvisited_nodes) for n in unvisited_nodes,,evolve_experiment\evolution\real\Crime_sampled_post_with_precompute\results\pops\Crime_sampled\population_generation_32.json
2cbbe125d3a8db7aa0ffa4f365394412,32,5,315,0.08521,m2,2,n: set(graph.neighbors(n)) & set(unvisited_nodes) for n in unvisited_nodes,,evolve_experiment\evolution\real\Crime_sampled_post_with_precompute\results\pops\Crime_sampled\population_generation_32.json
dd8dbb6110f27f72549583702d11eef1,32,6,316,0.08527,e2,2,n: set(graph.neighbors(n)) & set(unvisited_nodes) for n in unvisited_nodes,,evolve_experiment\evolution\real\Crime_sampled_post_with_precompute\results\pops\Crime_sampled\population_generation_32.json
05bd66da90fbb2e2915a90f410de73d5,32,7,317,0.0853,m2,2,n: set(graph.neighbors(n)) & set(unvisited_nodes) for n in unvisited_nodes,,evolve_experiment\evolution\real\Crime_sampled_post_with_precompute\results\pops\Crime_sampled\population_generation_32.json
dd8c9d1f2eaa1f9e2bb4ccdfaa58976a,32,8,318,0.08531,t2,2,n: set(graph.neighbors(n)) & set(unvisited_nodes) for n in unvisited_nodes,,evolve_experiment\evolution\real\Crime_sampled_post_with_precompute\results\pops\Crime_sampled\population_generation_32.json
4641a0ebd40f1adc21a511932bbfa7c4,32,9,319,0.08532,m1,2,n: set(graph.neighbors(n)) & set(unvisited_nodes) for n in unvisited_nodes,,evolve_experiment\evolution\real\Crime_sampled_post_with_precompute\results\pops\Crime_sampled\population_generation_32.json
78a7235898a49a6ff19b4e547047b7af,32,10,320,0.08534,e2,2,n: set(graph.neighbors(n)) & set(unvisited_nodes) for n in unvisited_nodes,,evolve_experiment\evolution\real\Crime_sampled_post_with_precompute\results\pops\Crime_sampled\population_generation_32.json
7af6c52a35c580f295f3838db3590ed6,33,1,321,0.08497,m2,2,n: set(graph.neighbors(n)) & set(unvisited_nodes) for n in unvisited_nodes,,evolve_experiment\evolution\real\Crime_sampled_post_with_precompute\results\pops\Crime_sampled\population_generation_33.json
9cafe01d1027dd433fa8cab3f7c0b035,33,2,322,0.08499,m2,2,n: set(graph.neighbors(n)) & set(unvisited_nodes) for n in unvisited_nodes,,evolve_experiment\evolution\real\Crime_sampled_post_with_precompute\results\pops\Crime_sampled\population_generation_33.json
1b3f57344e7a712b58423c75a85ab478,33,3,323,0.08512,m2,2,n: set(graph.neighbors(n)) & set(unvisited_nodes) for n in unvisited_nodes,,evolve_experiment\evolution\real\Crime_sampled_post_with_precompute\results\pops\Crime_sampled\population_generation_33.json
a5b57c5458b02c4d8926295ee749ea62,33,4,324,0.08517,m2,2,n: set(graph.neighbors(n)) & set(unvisited_nodes) for n in unvisited_nodes,,evolve_experiment\evolution\real\Crime_sampled_post_with_precompute\results\pops\Crime_sampled\population_generation_33.json
2cbbe125d3a8db7aa0ffa4f365394412,33,5,325,0.08521,m2,2,n: set(graph.neighbors(n)) & set(unvisited_nodes) for n in unvisited_nodes,,evolve_experiment\evolution\real\Crime_sampled_post_with_precompute\results\pops\Crime_sampled\population_generation_33.json
dd8dbb6110f27f72549583702d11eef1,33,6,326,0.08527,e2,2,n: set(graph.neighbors(n)) & set(unvisited_nodes) for n in unvisited_nodes,,evolve_experiment\evolution\real\Crime_sampled_post_with_precompute\results\pops\Crime_sampled\population_generation_33.json
05bd66da90fbb2e2915a90f410de73d5,33,7,327,0.0853,m2,2,n: set(graph.neighbors(n)) & set(unvisited_nodes) for n in unvisited_nodes,,evolve_experiment\evolution\real\Crime_sampled_post_with_precompute\results\pops\Crime_sampled\population_generation_33.json
dd8c9d1f2eaa1f9e2bb4ccdfaa58976a,33,8,328,0.08531,t2,2,n: set(graph.neighbors(n)) & set(unvisited_nodes) for n in unvisited_nodes,,evolve_experiment\evolution\real\Crime_sampled_post_with_precompute\results\pops\Crime_sampled\population_generation_33.json
4641a0ebd40f1adc21a511932bbfa7c4,33,9,329,0.08532,m1,2,n: set(graph.neighbors(n)) & set(unvisited_nodes) for n in unvisited_nodes,,evolve_experiment\evolution\real\Crime_sampled_post_with_precompute\results\pops\Crime_sampled\population_generation_33.json
78a7235898a49a6ff19b4e547047b7af,33,10,330,0.08534,e2,2,n: set(graph.neighbors(n)) & set(unvisited_nodes) for n in unvisited_nodes,,evolve_experiment\evolution\real\Crime_sampled_post_with_precompute\results\pops\Crime_sampled\population_generation_33.json
7af6c52a35c580f295f3838db3590ed6,34,1,331,0.08497,m2,2,n: set(graph.neighbors(n)) & set(unvisited_nodes) for n in unvisited_nodes,,evolve_experiment\evolution\real\Crime_sampled_post_with_precompute\results\pops\Crime_sampled\population_generation_34.json
9cafe01d1027dd433fa8cab3f7c0b035,34,2,332,0.08499,m2,2,n: set(graph.neighbors(n)) & set(unvisited_nodes) for n in unvisited_nodes,,evolve_experiment\evolution\real\Crime_sampled_post_with_precompute\results\pops\Crime_sampled\population_generation_34.json
1b3f57344e7a712b58423c75a85ab478,34,3,333,0.08512,m2,2,n: set(graph.neighbors(n)) & set(unvisited_nodes) for n in unvisited_nodes,,evolve_experiment\evolution\real\Crime_sampled_post_with_precompute\results\pops\Crime_sampled\population_generation_34.json
a5b57c5458b02c4d8926295ee749ea62,34,4,334,0.08517,m2,2,n: set(graph.neighbors(n)) & set(unvisited_nodes) for n in unvisited_nodes,,evolve_experiment\evolution\real\Crime_sampled_post_with_precompute\results\pops\Crime_sampled\population_generation_34.json
2cbbe125d3a8db7aa0ffa4f365394412,34,5,335,0.08521,m2,2,n: set(graph.neighbors(n)) & set(unvisited_nodes) for n in unvisited_nodes,,evolve_experiment\evolution\real\Crime_sampled_post_with_precompute\results\pops\Crime_sampled\population_generation_34.json
dd8dbb6110f27f72549583702d11eef1,34,6,336,0.08527,e2,2,n: set(graph.neighbors(n)) & set(unvisited_nodes) for n in unvisited_nodes,,evolve_experiment\evolution\real\Crime_sampled_post_with_precompute\results\pops\Crime_sampled\population_generation_34.json
05bd66da90fbb2e2915a90f410de73d5,34,7,337,0.0853,m2,2,n: set(graph.neighbors(n)) & set(unvisited_nodes) for n in unvisited_nodes,,evolve_experiment\evolution\real\Crime_sampled_post_with_precompute\results\pops\Crime_sampled\population_generation_34.json
dd8c9d1f2eaa1f9e2bb4ccdfaa58976a,34,8,338,0.08531,t2,2,n: set(graph.neighbors(n)) & set(unvisited_nodes) for n in unvisited_nodes,,evolve_experiment\evolution\real\Crime_sampled_post_with_precompute\results\pops\Crime_sampled\population_generation_34.json
4641a0ebd40f1adc21a511932bbfa7c4,34,9,339,0.08532,m1,2,n: set(graph.neighbors(n)) & set(unvisited_nodes) for n in unvisited_nodes,,evolve_experiment\evolution\real\Crime_sampled_post_with_precompute\results\pops\Crime_sampled\population_generation_34.json
78a7235898a49a6ff19b4e547047b7af,34,10,340,0.08534,e2,2,n: set(graph.neighbors(n)) & set(unvisited_nodes) for n in unvisited_nodes,,evolve_experiment\evolution\real\Crime_sampled_post_with_precompute\results\pops\Crime_sampled\population_generation_34.json
7af6c52a35c580f295f3838db3590ed6,35,1,341,0.08497,m2,2,n: set(graph.neighbors(n)) & set(unvisited_nodes) for n in unvisited_nodes,,evolve_experiment\evolution\real\Crime_sampled_post_with_precompute\results\pops\Crime_sampled\population_generation_35.json
9cafe01d1027dd433fa8cab3f7c0b035,35,2,342,0.08499,m2,2,n: set(graph.neighbors(n)) & set(unvisited_nodes) for n in unvisited_nodes,,evolve_experiment\evolution\real\Crime_sampled_post_with_precompute\results\pops\Crime_sampled\population_generation_35.json
1b3f57344e7a712b58423c75a85ab478,35,3,343,0.08512,m2,2,n: set(graph.neighbors(n)) & set(unvisited_nodes) for n in unvisited_nodes,,evolve_experiment\evolution\real\Crime_sampled_post_with_precompute\results\pops\Crime_sampled\population_generation_35.json
a5b57c5458b02c4d8926295ee749ea62,35,4,344,0.08517,m2,2,n: set(graph.neighbors(n)) & set(unvisited_nodes) for n in unvisited_nodes,,evolve_experiment\evolution\real\Crime_sampled_post_with_precompute\results\pops\Crime_sampled\population_generation_35.json
2cbbe125d3a8db7aa0ffa4f365394412,35,5,345,0.08521,m2,2,n: set(graph.neighbors(n)) & set(unvisited_nodes) for n in unvisited_nodes,,evolve_experiment\evolution\real\Crime_sampled_post_with_precompute\results\pops\Crime_sampled\population_generation_35.json
dd8dbb6110f27f72549583702d11eef1,35,6,346,0.08527,e2,2,n: set(graph.neighbors(n)) & set(unvisited_nodes) for n in unvisited_nodes,,evolve_experiment\evolution\real\Crime_sampled_post_with_precompute\results\pops\Crime_sampled\population_generation_35.json
05bd66da90fbb2e2915a90f410de73d5,35,7,347,0.0853,m2,2,n: set(graph.neighbors(n)) & set(unvisited_nodes) for n in unvisited_nodes,,evolve_experiment\evolution\real\Crime_sampled_post_with_precompute\results\pops\Crime_sampled\population_generation_35.json
8facc055f14c59f476722efe4bc1a62a,35,8,348,0.08531,t2,2,n: set(graph.neighbors(n)) & set(unvisited_nodes) for n in unvisited_nodes,,evolve_experiment\evolution\real\Crime_sampled_post_with_precompute\results\pops\Crime_sampled\population_generation_35.json
4641a0ebd40f1adc21a511932bbfa7c4,35,9,349,0.08532,m1,2,n: set(graph.neighbors(n)) & set(unvisited_nodes) for n in unvisited_nodes,,evolve_experiment\evolution\real\Crime_sampled_post_with_precompute\results\pops\Crime_sampled\population_generation_35.json
78a7235898a49a6ff19b4e547047b7af,35,10,350,0.08534,e2,2,n: set(graph.neighbors(n)) & set(unvisited_nodes) for n in unvisited_nodes,,evolve_experiment\evolution\real\Crime_sampled_post_with_precompute\results\pops\Crime_sampled\population_generation_35.json
7af6c52a35c580f295f3838db3590ed6,36,1,351,0.08497,m2,2,n: set(graph.neighbors(n)) & set(unvisited_nodes) for n in unvisited_nodes,,evolve_experiment\evolution\real\Crime_sampled_post_with_precompute\results\pops\Crime_sampled\population_generation_36.json
9cafe01d1027dd433fa8cab3f7c0b035,36,2,352,0.08499,m2,2,n: set(graph.neighbors(n)) & set(unvisited_nodes) for n in unvisited_nodes,,evolve_experiment\evolution\real\Crime_sampled_post_with_precompute\results\pops\Crime_sampled\population_generation_36.json
1b3f57344e7a712b58423c75a85ab478,36,3,353,0.08512,m2,2,n: set(graph.neighbors(n)) & set(unvisited_nodes) for n in unvisited_nodes,,evolve_experiment\evolution\real\Crime_sampled_post_with_precompute\results\pops\Crime_sampled\population_generation_36.json
a5b57c5458b02c4d8926295ee749ea62,36,4,354,0.08517,m2,2,n: set(graph.neighbors(n)) & set(unvisited_nodes) for n in unvisited_nodes,,evolve_experiment\evolution\real\Crime_sampled_post_with_precompute\results\pops\Crime_sampled\population_generation_36.json
2cbbe125d3a8db7aa0ffa4f365394412,36,5,355,0.08521,m2,2,n: set(graph.neighbors(n)) & set(unvisited_nodes) for n in unvisited_nodes,,evolve_experiment\evolution\real\Crime_sampled_post_with_precompute\results\pops\Crime_sampled\population_generation_36.json
dd8dbb6110f27f72549583702d11eef1,36,6,356,0.08527,e2,2,n: set(graph.neighbors(n)) & set(unvisited_nodes) for n in unvisited_nodes,,evolve_experiment\evolution\real\Crime_sampled_post_with_precompute\results\pops\Crime_sampled\population_generation_36.json
05bd66da90fbb2e2915a90f410de73d5,36,7,357,0.0853,m2,2,n: set(graph.neighbors(n)) & set(unvisited_nodes) for n in unvisited_nodes,,evolve_experiment\evolution\real\Crime_sampled_post_with_precompute\results\pops\Crime_sampled\population_generation_36.json
8facc055f14c59f476722efe4bc1a62a,36,8,358,0.08531,t2,2,n: set(graph.neighbors(n)) & set(unvisited_nodes) for n in unvisited_nodes,,evolve_experiment\evolution\real\Crime_sampled_post_with_precompute\results\pops\Crime_sampled\population_generation_36.json
4641a0ebd40f1adc21a511932bbfa7c4,36,9,359,0.08532,m1,2,n: set(graph.neighbors(n)) & set(unvisited_nodes) for n in unvisited_nodes,,evolve_experiment\evolution\real\Crime_sampled_post_with_precompute\results\pops\Crime_sampled\population_generation_36.json
78a7235898a49a6ff19b4e547047b7af,36,10,360,0.08534,e2,2,n: set(graph.neighbors(n)) & set(unvisited_nodes) for n in unvisited_nodes,,evolve_experiment\evolution\real\Crime_sampled_post_with_precompute\results\pops\Crime_sampled\population_generation_36.json
7af6c52a35c580f295f3838db3590ed6,37,1,361,0.08497,m2,2,n: set(graph.neighbors(n)) & set(unvisited_nodes) for n in unvisited_nodes,,evolve_experiment\evolution\real\Crime_sampled_post_with_precompute\results\pops\Crime_sampled\population_generation_37.json
9cafe01d1027dd433fa8cab3f7c0b035,37,2,362,0.08499,m2,2,n: set(graph.neighbors(n)) & set(unvisited_nodes) for n in unvisited_nodes,,evolve_experiment\evolution\real\Crime_sampled_post_with_precompute\results\pops\Crime_sampled\population_generation_37.json
1b3f57344e7a712b58423c75a85ab478,37,3,363,0.08512,m2,2,n: set(graph.neighbors(n)) & set(unvisited_nodes) for n in unvisited_nodes,,evolve_experiment\evolution\real\Crime_sampled_post_with_precompute\results\pops\Crime_sampled\population_generation_37.json
a5b57c5458b02c4d8926295ee749ea62,37,4,364,0.08517,m2,2,n: set(graph.neighbors(n)) & set(unvisited_nodes) for n in unvisited_nodes,,evolve_experiment\evolution\real\Crime_sampled_post_with_precompute\results\pops\Crime_sampled\population_generation_37.json
607741cbf81a276f6e980ac1eaa06193,37,5,365,0.0852,t2,2,n: set(graph.neighbors(n)) & set(unvisited_nodes) for n in unvisited_nodes,,evolve_experiment\evolution\real\Crime_sampled_post_with_precompute\results\pops\Crime_sampled\population_generation_37.json
2cbbe125d3a8db7aa0ffa4f365394412,37,6,366,0.08521,m2,2,n: set(graph.neighbors(n)) & set(unvisited_nodes) for n in unvisited_nodes,,evolve_experiment\evolution\real\Crime_sampled_post_with_precompute\results\pops\Crime_sampled\population_generation_37.json
dd8dbb6110f27f72549583702d11eef1,37,7,367,0.08527,e2,2,n: set(graph.neighbors(n)) & set(unvisited_nodes) for n in unvisited_nodes,,evolve_experiment\evolution\real\Crime_sampled_post_with_precompute\results\pops\Crime_sampled\population_generation_37.json
05bd66da90fbb2e2915a90f410de73d5,37,8,368,0.0853,m2,2,n: set(graph.neighbors(n)) & set(unvisited_nodes) for n in unvisited_nodes,,evolve_experiment\evolution\real\Crime_sampled_post_with_precompute\results\pops\Crime_sampled\population_generation_37.json
8facc055f14c59f476722efe4bc1a62a,37,9,369,0.08531,t2,2,n: set(graph.neighbors(n)) & set(unvisited_nodes) for n in unvisited_nodes,,evolve_experiment\evolution\real\Crime_sampled_post_with_precompute\results\pops\Crime_sampled\population_generation_37.json
4641a0ebd40f1adc21a511932bbfa7c4,37,10,370,0.08532,m1,2,n: set(graph.neighbors(n)) & set(unvisited_nodes) for n in unvisited_nodes,,evolve_experiment\evolution\real\Crime_sampled_post_with_precompute\results\pops\Crime_sampled\population_generation_37.json
7af6c52a35c580f295f3838db3590ed6,38,1,371,0.08497,m2,2,n: set(graph.neighbors(n)) & set(unvisited_nodes) for n in unvisited_nodes,,evolve_experiment\evolution\real\Crime_sampled_post_with_precompute\results\pops\Crime_sampled\population_generation_38.json
9cafe01d1027dd433fa8cab3f7c0b035,38,2,372,0.08499,m2,2,n: set(graph.neighbors(n)) & set(unvisited_nodes) for n in unvisited_nodes,,evolve_experiment\evolution\real\Crime_sampled_post_with_precompute\results\pops\Crime_sampled\population_generation_38.json
1b3f57344e7a712b58423c75a85ab478,38,3,373,0.08512,m2,2,n: set(graph.neighbors(n)) & set(unvisited_nodes) for n in unvisited_nodes,,evolve_experiment\evolution\real\Crime_sampled_post_with_precompute\results\pops\Crime_sampled\population_generation_38.json
a5b57c5458b02c4d8926295ee749ea62,38,4,374,0.08517,m2,2,n: set(graph.neighbors(n)) & set(unvisited_nodes) for n in unvisited_nodes,,evolve_experiment\evolution\real\Crime_sampled_post_with_precompute\results\pops\Crime_sampled\population_generation_38.json
607741cbf81a276f6e980ac1eaa06193,38,5,375,0.0852,t2,2,n: set(graph.neighbors(n)) & set(unvisited_nodes) for n in unvisited_nodes,,evolve_experiment\evolution\real\Crime_sampled_post_with_precompute\results\pops\Crime_sampled\population_generation_38.json
2cbbe125d3a8db7aa0ffa4f365394412,38,6,376,0.08521,m2,2,n: set(graph.neighbors(n)) & set(unvisited_nodes) for n in unvisited_nodes,,evolve_experiment\evolution\real\Crime_sampled_post_with_precompute\results\pops\Crime_sampled\population_generation_38.json
dd8dbb6110f27f72549583702d11eef1,38,7,377,0.08527,e2,2,n: set(graph.neighbors(n)) & set(unvisited_nodes) for n in unvisited_nodes,,evolve_experiment\evolution\real\Crime_sampled_post_with_precompute\results\pops\Crime_sampled\population_generation_38.json
f027c08c4aad1cdced2091e06ce93119,38,8,378,0.08528,t2,2,n: set(graph.neighbors(n)) & set(unvisited_nodes) for n in unvisited_nodes,,evolve_experiment\evolution\real\Crime_sampled_post_with_precompute\results\pops\Crime_sampled\population_generation_38.json
05bd66da90fbb2e2915a90f410de73d5,38,9,379,0.0853,m2,2,n: set(graph.neighbors(n)) & set(unvisited_nodes) for n in unvisited_nodes,,evolve_experiment\evolution\real\Crime_sampled_post_with_precompute\results\pops\Crime_sampled\population_generation_38.json
8facc055f14c59f476722efe4bc1a62a,38,10,380,0.08531,t2,2,n: set(graph.neighbors(n)) & set(unvisited_nodes) for n in unvisited_nodes,,evolve_experiment\evolution\real\Crime_sampled_post_with_precompute\results\pops\Crime_sampled\population_generation_38.json
7af6c52a35c580f295f3838db3590ed6,39,1,381,0.08497,m2,2,n: set(graph.neighbors(n)) & set(unvisited_nodes) for n in unvisited_nodes,,evolve_experiment\evolution\real\Crime_sampled_post_with_precompute\results\pops\Crime_sampled\population_generation_39.json
9cafe01d1027dd433fa8cab3f7c0b035,39,2,382,0.08499,m2,2,n: set(graph.neighbors(n)) & set(unvisited_nodes) for n in unvisited_nodes,,evolve_experiment\evolution\real\Crime_sampled_post_with_precompute\results\pops\Crime_sampled\population_generation_39.json
1b3f57344e7a712b58423c75a85ab478,39,3,383,0.08512,m2,2,n: set(graph.neighbors(n)) & set(unvisited_nodes) for n in unvisited_nodes,,evolve_experiment\evolution\real\Crime_sampled_post_with_precompute\results\pops\Crime_sampled\population_generation_39.json
a5b57c5458b02c4d8926295ee749ea62,39,4,384,0.08517,m2,2,n: set(graph.neighbors(n)) & set(unvisited_nodes) for n in unvisited_nodes,,evolve_experiment\evolution\real\Crime_sampled_post_with_precompute\results\pops\Crime_sampled\population_generation_39.json
607741cbf81a276f6e980ac1eaa06193,39,5,385,0.0852,t2,2,n: set(graph.neighbors(n)) & set(unvisited_nodes) for n in unvisited_nodes,,evolve_experiment\evolution\real\Crime_sampled_post_with_precompute\results\pops\Crime_sampled\population_generation_39.json
2cbbe125d3a8db7aa0ffa4f365394412,39,6,386,0.08521,m2,2,n: set(graph.neighbors(n)) & set(unvisited_nodes) for n in unvisited_nodes,,evolve_experiment\evolution\real\Crime_sampled_post_with_precompute\results\pops\Crime_sampled\population_generation_39.json
a1ac9efa9b3632b8372314baac4c4fc0,39,7,387,0.08525,m2,2,n: set(graph.neighbors(n)) & set(unvisited_nodes) for n in unvisited_nodes,,evolve_experiment\evolution\real\Crime_sampled_post_with_precompute\results\pops\Crime_sampled\population_generation_39.json
dd8dbb6110f27f72549583702d11eef1,39,8,388,0.08527,e2,2,n: set(graph.neighbors(n)) & set(unvisited_nodes) for n in unvisited_nodes,,evolve_experiment\evolution\real\Crime_sampled_post_with_precompute\results\pops\Crime_sampled\population_generation_39.json
f027c08c4aad1cdced2091e06ce93119,39,9,389,0.08528,t2,2,n: set(graph.neighbors(n)) & set(unvisited_nodes) for n in unvisited_nodes,,evolve_experiment\evolution\real\Crime_sampled_post_with_precompute\results\pops\Crime_sampled\population_generation_39.json
05bd66da90fbb2e2915a90f410de73d5,39,10,390,0.0853,m2,2,n: set(graph.neighbors(n)) & set(unvisited_nodes) for n in unvisited_nodes,,evolve_experiment\evolution\real\Crime_sampled_post_with_precompute\results\pops\Crime_sampled\population_generation_39.json
7af6c52a35c580f295f3838db3590ed6,40,1,391,0.08497,m2,2,n: set(graph.neighbors(n)) & set(unvisited_nodes) for n in unvisited_nodes,,evolve_experiment\evolution\real\Crime_sampled_post_with_precompute\results\pops\Crime_sampled\population_generation_40.json
9cafe01d1027dd433fa8cab3f7c0b035,40,2,392,0.08499,m2,2,n: set(graph.neighbors(n)) & set(unvisited_nodes) for n in unvisited_nodes,,evolve_experiment\evolution\real\Crime_sampled_post_with_precompute\results\pops\Crime_sampled\population_generation_40.json
1b3f57344e7a712b58423c75a85ab478,40,3,393,0.08512,m2,2,n: set(graph.neighbors(n)) & set(unvisited_nodes) for n in unvisited_nodes,,evolve_experiment\evolution\real\Crime_sampled_post_with_precompute\results\pops\Crime_sampled\population_generation_40.json
a5b57c5458b02c4d8926295ee749ea62,40,4,394,0.08517,m2,2,n: set(graph.neighbors(n)) & set(unvisited_nodes) for n in unvisited_nodes,,evolve_experiment\evolution\real\Crime_sampled_post_with_precompute\results\pops\Crime_sampled\population_generation_40.json
607741cbf81a276f6e980ac1eaa06193,40,5,395,0.0852,t2,2,n: set(graph.neighbors(n)) & set(unvisited_nodes) for n in unvisited_nodes,,evolve_experiment\evolution\real\Crime_sampled_post_with_precompute\results\pops\Crime_sampled\population_generation_40.json
2cbbe125d3a8db7aa0ffa4f365394412,40,6,396,0.08521,m2,2,n: set(graph.neighbors(n)) & set(unvisited_nodes) for n in unvisited_nodes,,evolve_experiment\evolution\real\Crime_sampled_post_with_precompute\results\pops\Crime_sampled\population_generation_40.json
a1ac9efa9b3632b8372314baac4c4fc0,40,7,397,0.08525,m2,2,n: set(graph.neighbors(n)) & set(unvisited_nodes) for n in unvisited_nodes,,evolve_experiment\evolution\real\Crime_sampled_post_with_precompute\results\pops\Crime_sampled\population_generation_40.json
dd8dbb6110f27f72549583702d11eef1,40,8,398,0.08527,e2,2,n: set(graph.neighbors(n)) & set(unvisited_nodes) for n in unvisited_nodes,,evolve_experiment\evolution\real\Crime_sampled_post_with_precompute\results\pops\Crime_sampled\population_generation_40.json
f027c08c4aad1cdced2091e06ce93119,40,9,399,0.08528,t2,2,n: set(graph.neighbors(n)) & set(unvisited_nodes) for n in unvisited_nodes,,evolve_experiment\evolution\real\Crime_sampled_post_with_precompute\results\pops\Crime_sampled\population_generation_40.json
05bd66da90fbb2e2915a90f410de73d5,40,10,400,0.0853,m2,2,n: set(graph.neighbors(n)) & set(unvisited_nodes) for n in unvisited_nodes,,evolve_experiment\evolution\real\Crime_sampled_post_with_precompute\results\pops\Crime_sampled\population_generation_40.json
7af6c52a35c580f295f3838db3590ed6,41,1,401,0.08497,m2,2,n: set(graph.neighbors(n)) & set(unvisited_nodes) for n in unvisited_nodes,,evolve_experiment\evolution\real\Crime_sampled_post_with_precompute\results\pops\Crime_sampled\population_generation_41.json
9cafe01d1027dd433fa8cab3f7c0b035,41,2,402,0.08499,m2,2,n: set(graph.neighbors(n)) & set(unvisited_nodes) for n in unvisited_nodes,,evolve_experiment\evolution\real\Crime_sampled_post_with_precompute\results\pops\Crime_sampled\population_generation_41.json
1b3f57344e7a712b58423c75a85ab478,41,3,403,0.08512,m2,2,n: set(graph.neighbors(n)) & set(unvisited_nodes) for n in unvisited_nodes,,evolve_experiment\evolution\real\Crime_sampled_post_with_precompute\results\pops\Crime_sampled\population_generation_41.json
a5b57c5458b02c4d8926295ee749ea62,41,4,404,0.08517,m2,2,n: set(graph.neighbors(n)) & set(unvisited_nodes) for n in unvisited_nodes,,evolve_experiment\evolution\real\Crime_sampled_post_with_precompute\results\pops\Crime_sampled\population_generation_41.json
607741cbf81a276f6e980ac1eaa06193,41,5,405,0.0852,t2,2,n: set(graph.neighbors(n)) & set(unvisited_nodes) for n in unvisited_nodes,,evolve_experiment\evolution\real\Crime_sampled_post_with_precompute\results\pops\Crime_sampled\population_generation_41.json
2cbbe125d3a8db7aa0ffa4f365394412,41,6,406,0.08521,m2,2,n: set(graph.neighbors(n)) & set(unvisited_nodes) for n in unvisited_nodes,,evolve_experiment\evolution\real\Crime_sampled_post_with_precompute\results\pops\Crime_sampled\population_generation_41.json
a1ac9efa9b3632b8372314baac4c4fc0,41,7,407,0.08525,m2,2,n: set(graph.neighbors(n)) & set(unvisited_nodes) for n in unvisited_nodes,,evolve_experiment\evolution\real\Crime_sampled_post_with_precompute\results\pops\Crime_sampled\population_generation_41.json
dd8dbb6110f27f72549583702d11eef1,41,8,408,0.08527,e2,2,n: set(graph.neighbors(n)) & set(unvisited_nodes) for n in unvisited_nodes,,evolve_experiment\evolution\real\Crime_sampled_post_with_precompute\results\pops\Crime_sampled\population_generation_41.json
f027c08c4aad1cdced2091e06ce93119,41,9,409,0.08528,t2,2,n: set(graph.neighbors(n)) & set(unvisited_nodes) for n in unvisited_nodes,,evolve_experiment\evolution\real\Crime_sampled_post_with_precompute\results\pops\Crime_sampled\population_generation_41.json
05bd66da90fbb2e2915a90f410de73d5,41,10,410,0.0853,m2,2,n: set(graph.neighbors(n)) & set(unvisited_nodes) for n in unvisited_nodes,,evolve_experiment\evolution\real\Crime_sampled_post_with_precompute\results\pops\Crime_sampled\population_generation_41.json
7af6c52a35c580f295f3838db3590ed6,42,1,411,0.08497,m2,2,n: set(graph.neighbors(n)) & set(unvisited_nodes) for n in unvisited_nodes,,evolve_experiment\evolution\real\Crime_sampled_post_with_precompute\results\pops\Crime_sampled\population_generation_42.json
9cafe01d1027dd433fa8cab3f7c0b035,42,2,412,0.08499,m2,2,n: set(graph.neighbors(n)) & set(unvisited_nodes) for n in unvisited_nodes,,evolve_experiment\evolution\real\Crime_sampled_post_with_precompute\results\pops\Crime_sampled\population_generation_42.json
1b3f57344e7a712b58423c75a85ab478,42,3,413,0.08512,m2,2,n: set(graph.neighbors(n)) & set(unvisited_nodes) for n in unvisited_nodes,,evolve_experiment\evolution\real\Crime_sampled_post_with_precompute\results\pops\Crime_sampled\population_generation_42.json
a5b57c5458b02c4d8926295ee749ea62,42,4,414,0.08517,m2,2,n: set(graph.neighbors(n)) & set(unvisited_nodes) for n in unvisited_nodes,,evolve_experiment\evolution\real\Crime_sampled_post_with_precompute\results\pops\Crime_sampled\population_generation_42.json
607741cbf81a276f6e980ac1eaa06193,42,5,415,0.0852,t2,2,n: set(graph.neighbors(n)) & set(unvisited_nodes) for n in unvisited_nodes,,evolve_experiment\evolution\real\Crime_sampled_post_with_precompute\results\pops\Crime_sampled\population_generation_42.json
2cbbe125d3a8db7aa0ffa4f365394412,42,6,416,0.08521,m2,2,n: set(graph.neighbors(n)) & set(unvisited_nodes) for n in unvisited_nodes,,evolve_experiment\evolution\real\Crime_sampled_post_with_precompute\results\pops\Crime_sampled\population_generation_42.json
a1ac9efa9b3632b8372314baac4c4fc0,42,7,417,0.08525,m2,2,n: set(graph.neighbors(n)) & set(unvisited_nodes) for n in unvisited_nodes,,evolve_experiment\evolution\real\Crime_sampled_post_with_precompute\results\pops\Crime_sampled\population_generation_42.json
dd8dbb6110f27f72549583702d11eef1,42,8,418,0.08527,e2,2,n: set(graph.neighbors(n)) & set(unvisited_nodes) for n in unvisited_nodes,,evolve_experiment\evolution\real\Crime_sampled_post_with_precompute\results\pops\Crime_sampled\population_generation_42.json
f027c08c4aad1cdced2091e06ce93119,42,9,419,0.08528,t2,2,n: set(graph.neighbors(n)) & set(unvisited_nodes) for n in unvisited_nodes,,evolve_experiment\evolution\real\Crime_sampled_post_with_precompute\results\pops\Crime_sampled\population_generation_42.json
05bd66da90fbb2e2915a90f410de73d5,42,10,420,0.0853,m2,2,n: set(graph.neighbors(n)) & set(unvisited_nodes) for n in unvisited_nodes,,evolve_experiment\evolution\real\Crime_sampled_post_with_precompute\results\pops\Crime_sampled\population_generation_42.json
7af6c52a35c580f295f3838db3590ed6,43,1,421,0.08497,m2,2,n: set(graph.neighbors(n)) & set(unvisited_nodes) for n in unvisited_nodes,,evolve_experiment\evolution\real\Crime_sampled_post_with_precompute\results\pops\Crime_sampled\population_generation_43.json
9cafe01d1027dd433fa8cab3f7c0b035,43,2,422,0.08499,m2,2,n: set(graph.neighbors(n)) & set(unvisited_nodes) for n in unvisited_nodes,,evolve_experiment\evolution\real\Crime_sampled_post_with_precompute\results\pops\Crime_sampled\population_generation_43.json
1b3f57344e7a712b58423c75a85ab478,43,3,423,0.08512,m2,2,n: set(graph.neighbors(n)) & set(unvisited_nodes) for n in unvisited_nodes,,evolve_experiment\evolution\real\Crime_sampled_post_with_precompute\results\pops\Crime_sampled\population_generation_43.json
a5b57c5458b02c4d8926295ee749ea62,43,4,424,0.08517,m2,2,n: set(graph.neighbors(n)) & set(unvisited_nodes) for n in unvisited_nodes,,evolve_experiment\evolution\real\Crime_sampled_post_with_precompute\results\pops\Crime_sampled\population_generation_43.json
607741cbf81a276f6e980ac1eaa06193,43,5,425,0.0852,t2,2,n: set(graph.neighbors(n)) & set(unvisited_nodes) for n in unvisited_nodes,,evolve_experiment\evolution\real\Crime_sampled_post_with_precompute\results\pops\Crime_sampled\population_generation_43.json
2cbbe125d3a8db7aa0ffa4f365394412,43,6,426,0.08521,m2,2,n: set(graph.neighbors(n)) & set(unvisited_nodes) for n in unvisited_nodes,,evolve_experiment\evolution\real\Crime_sampled_post_with_precompute\results\pops\Crime_sampled\population_generation_43.json
a1ac9efa9b3632b8372314baac4c4fc0,43,7,427,0.08525,m2,2,n: set(graph.neighbors(n)) & set(unvisited_nodes) for n in unvisited_nodes,,evolve_experiment\evolution\real\Crime_sampled_post_with_precompute\results\pops\Crime_sampled\population_generation_43.json
dd8dbb6110f27f72549583702d11eef1,43,8,428,0.08527,e2,2,n: set(graph.neighbors(n)) & set(unvisited_nodes) for n in unvisited_nodes,,evolve_experiment\evolution\real\Crime_sampled_post_with_precompute\results\pops\Crime_sampled\population_generation_43.json
f027c08c4aad1cdced2091e06ce93119,43,9,429,0.08528,t2,2,n: set(graph.neighbors(n)) & set(unvisited_nodes) for n in unvisited_nodes,,evolve_experiment\evolution\real\Crime_sampled_post_with_precompute\results\pops\Crime_sampled\population_generation_43.json
05bd66da90fbb2e2915a90f410de73d5,43,10,430,0.0853,m2,2,n: set(graph.neighbors(n)) & set(unvisited_nodes) for n in unvisited_nodes,,evolve_experiment\evolution\real\Crime_sampled_post_with_precompute\results\pops\Crime_sampled\population_generation_43.json
7af6c52a35c580f295f3838db3590ed6,44,1,431,0.08497,m2,2,n: set(graph.neighbors(n)) & set(unvisited_nodes) for n in unvisited_nodes,,evolve_experiment\evolution\real\Crime_sampled_post_with_precompute\results\pops\Crime_sampled\population_generation_44.json
9cafe01d1027dd433fa8cab3f7c0b035,44,2,432,0.08499,m2,2,n: set(graph.neighbors(n)) & set(unvisited_nodes) for n in unvisited_nodes,,evolve_experiment\evolution\real\Crime_sampled_post_with_precompute\results\pops\Crime_sampled\population_generation_44.json
1b3f57344e7a712b58423c75a85ab478,44,3,433,0.08512,m2,2,n: set(graph.neighbors(n)) & set(unvisited_nodes) for n in unvisited_nodes,,evolve_experiment\evolution\real\Crime_sampled_post_with_precompute\results\pops\Crime_sampled\population_generation_44.json
a5b57c5458b02c4d8926295ee749ea62,44,4,434,0.08517,m2,2,n: set(graph.neighbors(n)) & set(unvisited_nodes) for n in unvisited_nodes,,evolve_experiment\evolution\real\Crime_sampled_post_with_precompute\results\pops\Crime_sampled\population_generation_44.json
607741cbf81a276f6e980ac1eaa06193,44,5,435,0.0852,t2,2,n: set(graph.neighbors(n)) & set(unvisited_nodes) for n in unvisited_nodes,,evolve_experiment\evolution\real\Crime_sampled_post_with_precompute\results\pops\Crime_sampled\population_generation_44.json
2cbbe125d3a8db7aa0ffa4f365394412,44,6,436,0.08521,m2,2,n: set(graph.neighbors(n)) & set(unvisited_nodes) for n in unvisited_nodes,,evolve_experiment\evolution\real\Crime_sampled_post_with_precompute\results\pops\Crime_sampled\population_generation_44.json
a1ac9efa9b3632b8372314baac4c4fc0,44,7,437,0.08525,m2,2,n: set(graph.neighbors(n)) & set(unvisited_nodes) for n in unvisited_nodes,,evolve_experiment\evolution\real\Crime_sampled_post_with_precompute\results\pops\Crime_sampled\population_generation_44.json
dd8dbb6110f27f72549583702d11eef1,44,8,438,0.08527,e2,2,n: set(graph.neighbors(n)) & set(unvisited_nodes) for n in unvisited_nodes,,evolve_experiment\evolution\real\Crime_sampled_post_with_precompute\results\pops\Crime_sampled\population_generation_44.json
f027c08c4aad1cdced2091e06ce93119,44,9,439,0.08528,t2,2,n: set(graph.neighbors(n)) & set(unvisited_nodes) for n in unvisited_nodes,,evolve_experiment\evolution\real\Crime_sampled_post_with_precompute\results\pops\Crime_sampled\population_generation_44.json
05bd66da90fbb2e2915a90f410de73d5,44,10,440,0.0853,m2,2,n: set(graph.neighbors(n)) & set(unvisited_nodes) for n in unvisited_nodes,,evolve_experiment\evolution\real\Crime_sampled_post_with_precompute\results\pops\Crime_sampled\population_generation_44.json
