unique_id,generation,candidate_index,evaluation_step,objective,operator,basin_id,description,reflection,source_path
9c1a6956365d0528f2f9003e4327574d,1,1,1,0.23783,e2,50,,,evolve_experiment\evolution\real\Enron_sampled_post_with_precompute_new\results\pops\Enron_sampled\population_generation_1.json
8376e4a7aaa9e6cfa21d93464b5f52eb,1,2,2,0.23883,e2,43,"Select the next node by computing for each unvisited node a disruption potential score defined as the product of its normalized betweenness centrality and inverse clustering coefficient, further modulated by a sigmoid function of its degree variance influence to emphasize nodes that bridge communities and have influential connectivity in a non-linear way.",,evolve_experiment\evolution\real\Enron_sampled_post_with_precompute_new\results\pops\Enron_sampled\population_generation_1.json
1ce4c2fb965a6d2dc3d76533eb5391e3,1,3,3,0.23911,i1,7,"Select the next node by scoring unvisited nodes with a dynamically weighted combination of degree, betweenness, and core number, where weights adapt based on the current graph's bridge_ratio_high_bc and degree_variance to balance early network disruption and long-term fragmentation.",,evolve_experiment\evolution\real\Enron_sampled_post_with_precompute_new\results\pops\Enron_sampled\population_generation_1.json
e80b4cbe22a8d797f0b1ecdbf06d8dfc,1,4,4,0.23966,e2,81,,,evolve_experiment\evolution\real\Enron_sampled_post_with_precompute_new\results\pops\Enron_sampled\population_generation_1.json
58bdc4cd9f34752b8e437863da35198c,1,5,5,0.2399,cu,30,Select the next node by computing for each unvisited node a disruption index defined as the product of normalized betweenness centrality and a logarithmically transformed inverse clustering coefficient combined additively with the normalized eigenvector centrality raised to a fractional scaling exponent and weighted by a tanh-transformed neighborhood diversity index to emphasize nodes with balanced structural influence and connectivity diversity.,,evolve_experiment\evolution\real\Enron_sampled_post_with_precompute_new\results\pops\Enron_sampled\population_generation_1.json
522bfb4e3086b5feb39d034b8f6c8f03,1,6,6,0.23995,i1,24,"Select the next node by scoring unvisited nodes with a composite metric combining normalized betweenness centrality, inverse clustering coefficient, and scaled core number to balance early network fragmentation and long-term disruption.",,evolve_experiment\evolution\real\Enron_sampled_post_with_precompute_new\results\pops\Enron_sampled\population_generation_1.json
fd3004ca6c2eedfcc94719cae8a0714c,1,7,7,0.23998,i1,86,"'betweenness': 0.5, 'inv_clustering': 0.3, 'core_number': 0.2,",,evolve_experiment\evolution\real\Enron_sampled_post_with_precompute_new\results\pops\Enron_sampled\population_generation_1.json
65cb4033b4cd3a2272435a03228c45bf,1,8,8,0.24046,e2,37,,,evolve_experiment\evolution\real\Enron_sampled_post_with_precompute_new\results\pops\Enron_sampled\population_generation_1.json
147d65ba186a8dad1ee4fe92c9281802,1,9,9,0.24092,i1,4,"Select the next node by scoring unvisited nodes based on a weighted combination of normalized inverse clustering coefficient, normalized betweenness centrality, and core number, prioritizing nodes that bridge communities and are centrally embedded, balancing early disruption and long-term fragmentation.",,evolve_experiment\evolution\real\Enron_sampled_post_with_precompute_new\results\pops\Enron_sampled\population_generation_1.json
bd9ab0b3d7991704b2be4597e792d72c,1,10,10,0.2414,e2,69,"Select the next node by computing a harmonic mean of normalized betweenness, eigenvector centrality, and inverse clustering coefficients to prioritize nodes that are globally influential, well-connected to important nodes, and locally sparse, effectively balancing immediacy and sustained network disruption.",,evolve_experiment\evolution\real\Enron_sampled_post_with_precompute_new\results\pops\Enron_sampled\population_generation_1.json
9399f5bfe21ff32ce9771ad0885bcd8b,2,1,11,0.23766,t2,48,,,evolve_experiment\evolution\real\Enron_sampled_post_with_precompute_new\results\pops\Enron_sampled\population_generation_2.json
9c1a6956365d0528f2f9003e4327574d,2,2,12,0.23783,e2,50,,,evolve_experiment\evolution\real\Enron_sampled_post_with_precompute_new\results\pops\Enron_sampled\population_generation_2.json
8376e4a7aaa9e6cfa21d93464b5f52eb,2,3,13,0.23883,e2,43,"Select the next node by computing for each unvisited node a disruption potential score defined as the product of its normalized betweenness centrality and inverse clustering coefficient, further modulated by a sigmoid function of its degree variance influence to emphasize nodes that bridge communities and have influential connectivity in a non-linear way.",,evolve_experiment\evolution\real\Enron_sampled_post_with_precompute_new\results\pops\Enron_sampled\population_generation_2.json
1ce4c2fb965a6d2dc3d76533eb5391e3,2,4,14,0.23911,i1,7,"Select the next node by scoring unvisited nodes with a dynamically weighted combination of degree, betweenness, and core number, where weights adapt based on the current graph's bridge_ratio_high_bc and degree_variance to balance early network disruption and long-term fragmentation.",,evolve_experiment\evolution\real\Enron_sampled_post_with_precompute_new\results\pops\Enron_sampled\population_generation_2.json
f79753bc8abc0dfcefd32151e57bb1d8,2,5,15,0.23921,m2,83,,,evolve_experiment\evolution\real\Enron_sampled_post_with_precompute_new\results\pops\Enron_sampled\population_generation_2.json
e80b4cbe22a8d797f0b1ecdbf06d8dfc,2,6,16,0.23966,e2,81,,,evolve_experiment\evolution\real\Enron_sampled_post_with_precompute_new\results\pops\Enron_sampled\population_generation_2.json
58bdc4cd9f34752b8e437863da35198c,2,7,17,0.2399,cu,30,Select the next node by computing for each unvisited node a disruption index defined as the product of normalized betweenness centrality and a logarithmically transformed inverse clustering coefficient combined additively with the normalized eigenvector centrality raised to a fractional scaling exponent and weighted by a tanh-transformed neighborhood diversity index to emphasize nodes with balanced structural influence and connectivity diversity.,,evolve_experiment\evolution\real\Enron_sampled_post_with_precompute_new\results\pops\Enron_sampled\population_generation_2.json
522bfb4e3086b5feb39d034b8f6c8f03,2,8,18,0.23995,i1,24,"Select the next node by scoring unvisited nodes with a composite metric combining normalized betweenness centrality, inverse clustering coefficient, and scaled core number to balance early network fragmentation and long-term disruption.",,evolve_experiment\evolution\real\Enron_sampled_post_with_precompute_new\results\pops\Enron_sampled\population_generation_2.json
fd3004ca6c2eedfcc94719cae8a0714c,2,9,19,0.23998,i1,86,"'betweenness': 0.5, 'inv_clustering': 0.3, 'core_number': 0.2,",,evolve_experiment\evolution\real\Enron_sampled_post_with_precompute_new\results\pops\Enron_sampled\population_generation_2.json
65cb4033b4cd3a2272435a03228c45bf,2,10,20,0.24046,e2,37,,,evolve_experiment\evolution\real\Enron_sampled_post_with_precompute_new\results\pops\Enron_sampled\population_generation_2.json
9399f5bfe21ff32ce9771ad0885bcd8b,3,1,21,0.23766,t2,48,,,evolve_experiment\evolution\real\Enron_sampled_post_with_precompute_new\results\pops\Enron_sampled\population_generation_3.json
9c1a6956365d0528f2f9003e4327574d,3,2,22,0.23783,e2,50,,,evolve_experiment\evolution\real\Enron_sampled_post_with_precompute_new\results\pops\Enron_sampled\population_generation_3.json
7cd16ea05d7e0ee7e32074578452ce9b,3,3,23,0.23872,e2,41,,,evolve_experiment\evolution\real\Enron_sampled_post_with_precompute_new\results\pops\Enron_sampled\population_generation_3.json
8376e4a7aaa9e6cfa21d93464b5f52eb,3,4,24,0.23883,e2,43,"Select the next node by computing for each unvisited node a disruption potential score defined as the product of its normalized betweenness centrality and inverse clustering coefficient, further modulated by a sigmoid function of its degree variance influence to emphasize nodes that bridge communities and have influential connectivity in a non-linear way.",,evolve_experiment\evolution\real\Enron_sampled_post_with_precompute_new\results\pops\Enron_sampled\population_generation_3.json
1ce4c2fb965a6d2dc3d76533eb5391e3,3,5,25,0.23911,i1,7,"Select the next node by scoring unvisited nodes with a dynamically weighted combination of degree, betweenness, and core number, where weights adapt based on the current graph's bridge_ratio_high_bc and degree_variance to balance early network disruption and long-term fragmentation.",,evolve_experiment\evolution\real\Enron_sampled_post_with_precompute_new\results\pops\Enron_sampled\population_generation_3.json
21e9f9fa1a4e484aad9eff6893126862,3,6,26,0.23915,m1,8,,,evolve_experiment\evolution\real\Enron_sampled_post_with_precompute_new\results\pops\Enron_sampled\population_generation_3.json
e0c311d2192031665286652c5c283e4e,3,7,27,0.2392,m1,78,,,evolve_experiment\evolution\real\Enron_sampled_post_with_precompute_new\results\pops\Enron_sampled\population_generation_3.json
f79753bc8abc0dfcefd32151e57bb1d8,3,8,28,0.23921,m2,83,,,evolve_experiment\evolution\real\Enron_sampled_post_with_precompute_new\results\pops\Enron_sampled\population_generation_3.json
88c291613320a6c479b61dedd5e850bc,3,9,29,0.2393,e1,45,Select the next node by clustering unvisited nodes based on their z-score normalized features and then picking the node closest to the centroid of the cluster with the highest average betweenness to balance global importance and local representativeness efficiently.,,evolve_experiment\evolution\real\Enron_sampled_post_with_precompute_new\results\pops\Enron_sampled\population_generation_3.json
e80b4cbe22a8d797f0b1ecdbf06d8dfc,3,10,30,0.23966,e2,81,,,evolve_experiment\evolution\real\Enron_sampled_post_with_precompute_new\results\pops\Enron_sampled\population_generation_3.json
9399f5bfe21ff32ce9771ad0885bcd8b,4,1,31,0.23766,t2,48,,,evolve_experiment\evolution\real\Enron_sampled_post_with_precompute_new\results\pops\Enron_sampled\population_generation_4.json
9c1a6956365d0528f2f9003e4327574d,4,2,32,0.23783,e2,50,,,evolve_experiment\evolution\real\Enron_sampled_post_with_precompute_new\results\pops\Enron_sampled\population_generation_4.json
7cd16ea05d7e0ee7e32074578452ce9b,4,3,33,0.23872,e2,41,,,evolve_experiment\evolution\real\Enron_sampled_post_with_precompute_new\results\pops\Enron_sampled\population_generation_4.json
8376e4a7aaa9e6cfa21d93464b5f52eb,4,4,34,0.23883,e2,43,"Select the next node by computing for each unvisited node a disruption potential score defined as the product of its normalized betweenness centrality and inverse clustering coefficient, further modulated by a sigmoid function of its degree variance influence to emphasize nodes that bridge communities and have influential connectivity in a non-linear way.",,evolve_experiment\evolution\real\Enron_sampled_post_with_precompute_new\results\pops\Enron_sampled\population_generation_4.json
1ce4c2fb965a6d2dc3d76533eb5391e3,4,5,35,0.23911,i1,7,"Select the next node by scoring unvisited nodes with a dynamically weighted combination of degree, betweenness, and core number, where weights adapt based on the current graph's bridge_ratio_high_bc and degree_variance to balance early network disruption and long-term fragmentation.",,evolve_experiment\evolution\real\Enron_sampled_post_with_precompute_new\results\pops\Enron_sampled\population_generation_4.json
21e9f9fa1a4e484aad9eff6893126862,4,6,36,0.23915,m1,8,,,evolve_experiment\evolution\real\Enron_sampled_post_with_precompute_new\results\pops\Enron_sampled\population_generation_4.json
b29da3c0138c2c5f1839626702c2bbf1,4,7,37,0.23916,e2,62,,,evolve_experiment\evolution\real\Enron_sampled_post_with_precompute_new\results\pops\Enron_sampled\population_generation_4.json
e0c311d2192031665286652c5c283e4e,4,8,38,0.2392,m1,78,,,evolve_experiment\evolution\real\Enron_sampled_post_with_precompute_new\results\pops\Enron_sampled\population_generation_4.json
53304422d747dcfbbb8a378da8998ff3,4,9,39,0.23921,m2,26,,,evolve_experiment\evolution\real\Enron_sampled_post_with_precompute_new\results\pops\Enron_sampled\population_generation_4.json
d34d401bd88163d7b591e444f65d6975,4,10,40,0.23924,e2,75,,,evolve_experiment\evolution\real\Enron_sampled_post_with_precompute_new\results\pops\Enron_sampled\population_generation_4.json
9399f5bfe21ff32ce9771ad0885bcd8b,5,1,41,0.23766,t2,48,,,evolve_experiment\evolution\real\Enron_sampled_post_with_precompute_new\results\pops\Enron_sampled\population_generation_5.json
9c1a6956365d0528f2f9003e4327574d,5,2,42,0.23783,e2,50,,,evolve_experiment\evolution\real\Enron_sampled_post_with_precompute_new\results\pops\Enron_sampled\population_generation_5.json
7cd16ea05d7e0ee7e32074578452ce9b,5,3,43,0.23872,e2,41,,,evolve_experiment\evolution\real\Enron_sampled_post_with_precompute_new\results\pops\Enron_sampled\population_generation_5.json
8376e4a7aaa9e6cfa21d93464b5f52eb,5,4,44,0.23883,e2,43,"Select the next node by computing for each unvisited node a disruption potential score defined as the product of its normalized betweenness centrality and inverse clustering coefficient, further modulated by a sigmoid function of its degree variance influence to emphasize nodes that bridge communities and have influential connectivity in a non-linear way.",,evolve_experiment\evolution\real\Enron_sampled_post_with_precompute_new\results\pops\Enron_sampled\population_generation_5.json
bcfccba27da72a8a1edc880cbb968d3f,5,5,45,0.23908,m2,68,,,evolve_experiment\evolution\real\Enron_sampled_post_with_precompute_new\results\pops\Enron_sampled\population_generation_5.json
1ce4c2fb965a6d2dc3d76533eb5391e3,5,6,46,0.23911,i1,7,"Select the next node by scoring unvisited nodes with a dynamically weighted combination of degree, betweenness, and core number, where weights adapt based on the current graph's bridge_ratio_high_bc and degree_variance to balance early network disruption and long-term fragmentation.",,evolve_experiment\evolution\real\Enron_sampled_post_with_precompute_new\results\pops\Enron_sampled\population_generation_5.json
21e9f9fa1a4e484aad9eff6893126862,5,7,47,0.23915,m1,8,,,evolve_experiment\evolution\real\Enron_sampled_post_with_precompute_new\results\pops\Enron_sampled\population_generation_5.json
d3a5d89159986dfe52f84096c56ad8b2,5,8,48,0.23916,e2,76,"Select the next node by prioritizing nodes whose removal is expected to maximally increase global path length (APL) # and diameter by leveraging a combined score of normalized eccentricity proxy (degree/core ratio) and inverse clustering, # balanced with betweenness weighted by bridge_ratio to emphasize nodes critical for longest shortest paths.",,evolve_experiment\evolution\real\Enron_sampled_post_with_precompute_new\results\pops\Enron_sampled\population_generation_5.json
e0c311d2192031665286652c5c283e4e,5,9,49,0.2392,m1,78,,,evolve_experiment\evolution\real\Enron_sampled_post_with_precompute_new\results\pops\Enron_sampled\population_generation_5.json
53304422d747dcfbbb8a378da8998ff3,5,10,50,0.23921,m2,26,,,evolve_experiment\evolution\real\Enron_sampled_post_with_precompute_new\results\pops\Enron_sampled\population_generation_5.json
9399f5bfe21ff32ce9771ad0885bcd8b,6,1,51,0.23766,t2,48,,,evolve_experiment\evolution\real\Enron_sampled_post_with_precompute_new\results\pops\Enron_sampled\population_generation_6.json
9c1a6956365d0528f2f9003e4327574d,6,2,52,0.23783,e2,50,,,evolve_experiment\evolution\real\Enron_sampled_post_with_precompute_new\results\pops\Enron_sampled\population_generation_6.json
7cd16ea05d7e0ee7e32074578452ce9b,6,3,53,0.23872,e2,41,,,evolve_experiment\evolution\real\Enron_sampled_post_with_precompute_new\results\pops\Enron_sampled\population_generation_6.json
8376e4a7aaa9e6cfa21d93464b5f52eb,6,4,54,0.23883,e2,43,"Select the next node by computing for each unvisited node a disruption potential score defined as the product of its normalized betweenness centrality and inverse clustering coefficient, further modulated by a sigmoid function of its degree variance influence to emphasize nodes that bridge communities and have influential connectivity in a non-linear way.",,evolve_experiment\evolution\real\Enron_sampled_post_with_precompute_new\results\pops\Enron_sampled\population_generation_6.json
bcfccba27da72a8a1edc880cbb968d3f,6,5,55,0.23908,m2,68,,,evolve_experiment\evolution\real\Enron_sampled_post_with_precompute_new\results\pops\Enron_sampled\population_generation_6.json
1ce4c2fb965a6d2dc3d76533eb5391e3,6,6,56,0.23911,i1,7,"Select the next node by scoring unvisited nodes with a dynamically weighted combination of degree, betweenness, and core number, where weights adapt based on the current graph's bridge_ratio_high_bc and degree_variance to balance early network disruption and long-term fragmentation.",,evolve_experiment\evolution\real\Enron_sampled_post_with_precompute_new\results\pops\Enron_sampled\population_generation_6.json
21e9f9fa1a4e484aad9eff6893126862,6,7,57,0.23915,m1,8,,,evolve_experiment\evolution\real\Enron_sampled_post_with_precompute_new\results\pops\Enron_sampled\population_generation_6.json
d3a5d89159986dfe52f84096c56ad8b2,6,8,58,0.23916,e2,76,"Select the next node by prioritizing nodes whose removal is expected to maximally increase global path length (APL) # and diameter by leveraging a combined score of normalized eccentricity proxy (degree/core ratio) and inverse clustering, # balanced with betweenness weighted by bridge_ratio to emphasize nodes critical for longest shortest paths.",,evolve_experiment\evolution\real\Enron_sampled_post_with_precompute_new\results\pops\Enron_sampled\population_generation_6.json
e0c311d2192031665286652c5c283e4e,6,9,59,0.2392,m1,78,,,evolve_experiment\evolution\real\Enron_sampled_post_with_precompute_new\results\pops\Enron_sampled\population_generation_6.json
53304422d747dcfbbb8a378da8998ff3,6,10,60,0.23921,m2,26,,,evolve_experiment\evolution\real\Enron_sampled_post_with_precompute_new\results\pops\Enron_sampled\population_generation_6.json
9399f5bfe21ff32ce9771ad0885bcd8b,7,1,61,0.23766,t2,48,,,evolve_experiment\evolution\real\Enron_sampled_post_with_precompute_new\results\pops\Enron_sampled\population_generation_7.json
9c1a6956365d0528f2f9003e4327574d,7,2,62,0.23783,e2,50,,,evolve_experiment\evolution\real\Enron_sampled_post_with_precompute_new\results\pops\Enron_sampled\population_generation_7.json
7cd16ea05d7e0ee7e32074578452ce9b,7,3,63,0.23872,e2,41,,,evolve_experiment\evolution\real\Enron_sampled_post_with_precompute_new\results\pops\Enron_sampled\population_generation_7.json
8376e4a7aaa9e6cfa21d93464b5f52eb,7,4,64,0.23883,e2,43,"Select the next node by computing for each unvisited node a disruption potential score defined as the product of its normalized betweenness centrality and inverse clustering coefficient, further modulated by a sigmoid function of its degree variance influence to emphasize nodes that bridge communities and have influential connectivity in a non-linear way.",,evolve_experiment\evolution\real\Enron_sampled_post_with_precompute_new\results\pops\Enron_sampled\population_generation_7.json
bcfccba27da72a8a1edc880cbb968d3f,7,5,65,0.23908,m2,68,,,evolve_experiment\evolution\real\Enron_sampled_post_with_precompute_new\results\pops\Enron_sampled\population_generation_7.json
1ce4c2fb965a6d2dc3d76533eb5391e3,7,6,66,0.23911,i1,7,"Select the next node by scoring unvisited nodes with a dynamically weighted combination of degree, betweenness, and core number, where weights adapt based on the current graph's bridge_ratio_high_bc and degree_variance to balance early network disruption and long-term fragmentation.",,evolve_experiment\evolution\real\Enron_sampled_post_with_precompute_new\results\pops\Enron_sampled\population_generation_7.json
21e9f9fa1a4e484aad9eff6893126862,7,7,67,0.23915,m1,8,,,evolve_experiment\evolution\real\Enron_sampled_post_with_precompute_new\results\pops\Enron_sampled\population_generation_7.json
d3a5d89159986dfe52f84096c56ad8b2,7,8,68,0.23916,e2,76,"Select the next node by prioritizing nodes whose removal is expected to maximally increase global path length (APL) # and diameter by leveraging a combined score of normalized eccentricity proxy (degree/core ratio) and inverse clustering, # balanced with betweenness weighted by bridge_ratio to emphasize nodes critical for longest shortest paths.",,evolve_experiment\evolution\real\Enron_sampled_post_with_precompute_new\results\pops\Enron_sampled\population_generation_7.json
b878f1a301ca60a1cce0b5f7eb8dd5cc,7,9,69,0.23917,t2,64,,,evolve_experiment\evolution\real\Enron_sampled_post_with_precompute_new\results\pops\Enron_sampled\population_generation_7.json
9da009778b80cd46ccdac7176fd17103,7,10,70,0.23919,m1,53,,,evolve_experiment\evolution\real\Enron_sampled_post_with_precompute_new\results\pops\Enron_sampled\population_generation_7.json
9399f5bfe21ff32ce9771ad0885bcd8b,8,1,71,0.23766,t2,48,,,evolve_experiment\evolution\real\Enron_sampled_post_with_precompute_new\results\pops\Enron_sampled\population_generation_8.json
9c1a6956365d0528f2f9003e4327574d,8,2,72,0.23783,e2,50,,,evolve_experiment\evolution\real\Enron_sampled_post_with_precompute_new\results\pops\Enron_sampled\population_generation_8.json
7cd16ea05d7e0ee7e32074578452ce9b,8,3,73,0.23872,e2,41,,,evolve_experiment\evolution\real\Enron_sampled_post_with_precompute_new\results\pops\Enron_sampled\population_generation_8.json
8376e4a7aaa9e6cfa21d93464b5f52eb,8,4,74,0.23883,e2,43,"Select the next node by computing for each unvisited node a disruption potential score defined as the product of its normalized betweenness centrality and inverse clustering coefficient, further modulated by a sigmoid function of its degree variance influence to emphasize nodes that bridge communities and have influential connectivity in a non-linear way.",,evolve_experiment\evolution\real\Enron_sampled_post_with_precompute_new\results\pops\Enron_sampled\population_generation_8.json
9cf8d08ec3a5dae34dcac54591ac3da9,8,5,75,0.23904,m2,52,,,evolve_experiment\evolution\real\Enron_sampled_post_with_precompute_new\results\pops\Enron_sampled\population_generation_8.json
bcfccba27da72a8a1edc880cbb968d3f,8,6,76,0.23908,m2,68,,,evolve_experiment\evolution\real\Enron_sampled_post_with_precompute_new\results\pops\Enron_sampled\population_generation_8.json
1ce4c2fb965a6d2dc3d76533eb5391e3,8,7,77,0.23911,i1,7,"Select the next node by scoring unvisited nodes with a dynamically weighted combination of degree, betweenness, and core number, where weights adapt based on the current graph's bridge_ratio_high_bc and degree_variance to balance early network disruption and long-term fragmentation.",,evolve_experiment\evolution\real\Enron_sampled_post_with_precompute_new\results\pops\Enron_sampled\population_generation_8.json
21e9f9fa1a4e484aad9eff6893126862,8,8,78,0.23915,m1,8,,,evolve_experiment\evolution\real\Enron_sampled_post_with_precompute_new\results\pops\Enron_sampled\population_generation_8.json
f9076065cc8a0b2a67977388dffe86cd,8,9,79,0.23916,t2,85,,,evolve_experiment\evolution\real\Enron_sampled_post_with_precompute_new\results\pops\Enron_sampled\population_generation_8.json
b878f1a301ca60a1cce0b5f7eb8dd5cc,8,10,80,0.23917,t2,64,,,evolve_experiment\evolution\real\Enron_sampled_post_with_precompute_new\results\pops\Enron_sampled\population_generation_8.json
9399f5bfe21ff32ce9771ad0885bcd8b,9,1,81,0.23766,t2,48,,,evolve_experiment\evolution\real\Enron_sampled_post_with_precompute_new\results\pops\Enron_sampled\population_generation_9.json
9c1a6956365d0528f2f9003e4327574d,9,2,82,0.23783,e2,50,,,evolve_experiment\evolution\real\Enron_sampled_post_with_precompute_new\results\pops\Enron_sampled\population_generation_9.json
7cd16ea05d7e0ee7e32074578452ce9b,9,3,83,0.23872,e2,41,,,evolve_experiment\evolution\real\Enron_sampled_post_with_precompute_new\results\pops\Enron_sampled\population_generation_9.json
8376e4a7aaa9e6cfa21d93464b5f52eb,9,4,84,0.23883,e2,43,"Select the next node by computing for each unvisited node a disruption potential score defined as the product of its normalized betweenness centrality and inverse clustering coefficient, further modulated by a sigmoid function of its degree variance influence to emphasize nodes that bridge communities and have influential connectivity in a non-linear way.",,evolve_experiment\evolution\real\Enron_sampled_post_with_precompute_new\results\pops\Enron_sampled\population_generation_9.json
1b40ff5304cc66a5851f5756ed30e57b,9,5,85,0.23894,e1,5,,,evolve_experiment\evolution\real\Enron_sampled_post_with_precompute_new\results\pops\Enron_sampled\population_generation_9.json
9cf8d08ec3a5dae34dcac54591ac3da9,9,6,86,0.23904,m2,52,,,evolve_experiment\evolution\real\Enron_sampled_post_with_precompute_new\results\pops\Enron_sampled\population_generation_9.json
bcfccba27da72a8a1edc880cbb968d3f,9,7,87,0.23908,m2,68,,,evolve_experiment\evolution\real\Enron_sampled_post_with_precompute_new\results\pops\Enron_sampled\population_generation_9.json
1ce4c2fb965a6d2dc3d76533eb5391e3,9,8,88,0.23911,i1,7,"Select the next node by scoring unvisited nodes with a dynamically weighted combination of degree, betweenness, and core number, where weights adapt based on the current graph's bridge_ratio_high_bc and degree_variance to balance early network disruption and long-term fragmentation.",,evolve_experiment\evolution\real\Enron_sampled_post_with_precompute_new\results\pops\Enron_sampled\population_generation_9.json
8e1ed2877fc5340f98bdd242446ddc8d,9,9,89,0.23912,m1,47,,,evolve_experiment\evolution\real\Enron_sampled_post_with_precompute_new\results\pops\Enron_sampled\population_generation_9.json
ac9a5fe1da3630bfad3fa4d2dc5f002c,9,10,90,0.23915,e1,57,,,evolve_experiment\evolution\real\Enron_sampled_post_with_precompute_new\results\pops\Enron_sampled\population_generation_9.json
9399f5bfe21ff32ce9771ad0885bcd8b,10,1,91,0.23766,t2,48,,,evolve_experiment\evolution\real\Enron_sampled_post_with_precompute_new\results\pops\Enron_sampled\population_generation_10.json
9c1a6956365d0528f2f9003e4327574d,10,2,92,0.23783,e2,50,,,evolve_experiment\evolution\real\Enron_sampled_post_with_precompute_new\results\pops\Enron_sampled\population_generation_10.json
b250d76875971747200f21b7b19769e4,10,3,93,0.23828,e1,61,"Select the next node by simulating the immediate removal impact on local neighborhood connectivity via a fast approximate ""neighborhood fragmentation score"" that counts how many unvisited neighbors become isolated or greatly reduced in degree, prioritizing nodes causing maximal local disintegration while factoring in a penalty for removing overly clustered nodes to avoid trivial cuts.",,evolve_experiment\evolution\real\Enron_sampled_post_with_precompute_new\results\pops\Enron_sampled\population_generation_10.json
7eeb5fe85d61e57e8f1b798b71fde2d5,10,4,94,0.23856,m1,42,,,evolve_experiment\evolution\real\Enron_sampled_post_with_precompute_new\results\pops\Enron_sampled\population_generation_10.json
6405322f3bbc0010cea3caf1e75469db,10,5,95,0.23857,m1,35,,,evolve_experiment\evolution\real\Enron_sampled_post_with_precompute_new\results\pops\Enron_sampled\population_generation_10.json
7cd16ea05d7e0ee7e32074578452ce9b,10,6,96,0.23872,e2,41,,,evolve_experiment\evolution\real\Enron_sampled_post_with_precompute_new\results\pops\Enron_sampled\population_generation_10.json
8376e4a7aaa9e6cfa21d93464b5f52eb,10,7,97,0.23883,e2,43,"Select the next node by computing for each unvisited node a disruption potential score defined as the product of its normalized betweenness centrality and inverse clustering coefficient, further modulated by a sigmoid function of its degree variance influence to emphasize nodes that bridge communities and have influential connectivity in a non-linear way.",,evolve_experiment\evolution\real\Enron_sampled_post_with_precompute_new\results\pops\Enron_sampled\population_generation_10.json
1b40ff5304cc66a5851f5756ed30e57b,10,8,98,0.23894,e1,5,,,evolve_experiment\evolution\real\Enron_sampled_post_with_precompute_new\results\pops\Enron_sampled\population_generation_10.json
9cf8d08ec3a5dae34dcac54591ac3da9,10,9,99,0.23904,m2,52,,,evolve_experiment\evolution\real\Enron_sampled_post_with_precompute_new\results\pops\Enron_sampled\population_generation_10.json
bcfccba27da72a8a1edc880cbb968d3f,10,10,100,0.23908,m2,68,,,evolve_experiment\evolution\real\Enron_sampled_post_with_precompute_new\results\pops\Enron_sampled\population_generation_10.json
9399f5bfe21ff32ce9771ad0885bcd8b,11,1,101,0.23766,t2,48,,,evolve_experiment\evolution\real\Enron_sampled_post_with_precompute_new\results\pops\Enron_sampled\population_generation_11.json
9c1a6956365d0528f2f9003e4327574d,11,2,102,0.23783,e2,50,,,evolve_experiment\evolution\real\Enron_sampled_post_with_precompute_new\results\pops\Enron_sampled\population_generation_11.json
b250d76875971747200f21b7b19769e4,11,3,103,0.23828,e1,61,"Select the next node by simulating the immediate removal impact on local neighborhood connectivity via a fast approximate ""neighborhood fragmentation score"" that counts how many unvisited neighbors become isolated or greatly reduced in degree, prioritizing nodes causing maximal local disintegration while factoring in a penalty for removing overly clustered nodes to avoid trivial cuts.",,evolve_experiment\evolution\real\Enron_sampled_post_with_precompute_new\results\pops\Enron_sampled\population_generation_11.json
7eeb5fe85d61e57e8f1b798b71fde2d5,11,4,104,0.23856,m1,42,,,evolve_experiment\evolution\real\Enron_sampled_post_with_precompute_new\results\pops\Enron_sampled\population_generation_11.json
6405322f3bbc0010cea3caf1e75469db,11,5,105,0.23857,m1,35,,,evolve_experiment\evolution\real\Enron_sampled_post_with_precompute_new\results\pops\Enron_sampled\population_generation_11.json
7cd16ea05d7e0ee7e32074578452ce9b,11,6,106,0.23872,e2,41,,,evolve_experiment\evolution\real\Enron_sampled_post_with_precompute_new\results\pops\Enron_sampled\population_generation_11.json
8376e4a7aaa9e6cfa21d93464b5f52eb,11,7,107,0.23883,e2,43,"Select the next node by computing for each unvisited node a disruption potential score defined as the product of its normalized betweenness centrality and inverse clustering coefficient, further modulated by a sigmoid function of its degree variance influence to emphasize nodes that bridge communities and have influential connectivity in a non-linear way.",,evolve_experiment\evolution\real\Enron_sampled_post_with_precompute_new\results\pops\Enron_sampled\population_generation_11.json
1b40ff5304cc66a5851f5756ed30e57b,11,8,108,0.23894,e1,5,,,evolve_experiment\evolution\real\Enron_sampled_post_with_precompute_new\results\pops\Enron_sampled\population_generation_11.json
3e0e2b9c88783384e966e5759aadd985,11,9,109,0.23897,e1,19,,,evolve_experiment\evolution\real\Enron_sampled_post_with_precompute_new\results\pops\Enron_sampled\population_generation_11.json
9cf8d08ec3a5dae34dcac54591ac3da9,11,10,110,0.23904,m2,52,,,evolve_experiment\evolution\real\Enron_sampled_post_with_precompute_new\results\pops\Enron_sampled\population_generation_11.json
9399f5bfe21ff32ce9771ad0885bcd8b,12,1,111,0.23766,t2,48,,,evolve_experiment\evolution\real\Enron_sampled_post_with_precompute_new\results\pops\Enron_sampled\population_generation_12.json
9c1a6956365d0528f2f9003e4327574d,12,2,112,0.23783,e2,50,,,evolve_experiment\evolution\real\Enron_sampled_post_with_precompute_new\results\pops\Enron_sampled\population_generation_12.json
b250d76875971747200f21b7b19769e4,12,3,113,0.23828,e1,61,"Select the next node by simulating the immediate removal impact on local neighborhood connectivity via a fast approximate ""neighborhood fragmentation score"" that counts how many unvisited neighbors become isolated or greatly reduced in degree, prioritizing nodes causing maximal local disintegration while factoring in a penalty for removing overly clustered nodes to avoid trivial cuts.",,evolve_experiment\evolution\real\Enron_sampled_post_with_precompute_new\results\pops\Enron_sampled\population_generation_12.json
7eeb5fe85d61e57e8f1b798b71fde2d5,12,4,114,0.23856,m1,42,,,evolve_experiment\evolution\real\Enron_sampled_post_with_precompute_new\results\pops\Enron_sampled\population_generation_12.json
6405322f3bbc0010cea3caf1e75469db,12,5,115,0.23857,m1,35,,,evolve_experiment\evolution\real\Enron_sampled_post_with_precompute_new\results\pops\Enron_sampled\population_generation_12.json
7cd16ea05d7e0ee7e32074578452ce9b,12,6,116,0.23872,e2,41,,,evolve_experiment\evolution\real\Enron_sampled_post_with_precompute_new\results\pops\Enron_sampled\population_generation_12.json
8376e4a7aaa9e6cfa21d93464b5f52eb,12,7,117,0.23883,e2,43,"Select the next node by computing for each unvisited node a disruption potential score defined as the product of its normalized betweenness centrality and inverse clustering coefficient, further modulated by a sigmoid function of its degree variance influence to emphasize nodes that bridge communities and have influential connectivity in a non-linear way.",,evolve_experiment\evolution\real\Enron_sampled_post_with_precompute_new\results\pops\Enron_sampled\population_generation_12.json
1b40ff5304cc66a5851f5756ed30e57b,12,8,118,0.23894,e1,5,,,evolve_experiment\evolution\real\Enron_sampled_post_with_precompute_new\results\pops\Enron_sampled\population_generation_12.json
3e0e2b9c88783384e966e5759aadd985,12,9,119,0.23897,e1,19,,,evolve_experiment\evolution\real\Enron_sampled_post_with_precompute_new\results\pops\Enron_sampled\population_generation_12.json
43bcabc0badba725aac8ba19563a4f70,12,10,120,0.23904,t2,22,,,evolve_experiment\evolution\real\Enron_sampled_post_with_precompute_new\results\pops\Enron_sampled\population_generation_12.json
9399f5bfe21ff32ce9771ad0885bcd8b,13,1,121,0.23766,t2,48,,,evolve_experiment\evolution\real\Enron_sampled_post_with_precompute_new\results\pops\Enron_sampled\population_generation_13.json
9c1a6956365d0528f2f9003e4327574d,13,2,122,0.23783,e2,50,,,evolve_experiment\evolution\real\Enron_sampled_post_with_precompute_new\results\pops\Enron_sampled\population_generation_13.json
b250d76875971747200f21b7b19769e4,13,3,123,0.23828,e1,61,"Select the next node by simulating the immediate removal impact on local neighborhood connectivity via a fast approximate ""neighborhood fragmentation score"" that counts how many unvisited neighbors become isolated or greatly reduced in degree, prioritizing nodes causing maximal local disintegration while factoring in a penalty for removing overly clustered nodes to avoid trivial cuts.",,evolve_experiment\evolution\real\Enron_sampled_post_with_precompute_new\results\pops\Enron_sampled\population_generation_13.json
b9121f5179f8155b72f52ebb7ab2575b,13,4,124,0.2384,m2,65,,,evolve_experiment\evolution\real\Enron_sampled_post_with_precompute_new\results\pops\Enron_sampled\population_generation_13.json
7eeb5fe85d61e57e8f1b798b71fde2d5,13,5,125,0.23856,m1,42,,,evolve_experiment\evolution\real\Enron_sampled_post_with_precompute_new\results\pops\Enron_sampled\population_generation_13.json
d6bdb2980466a65d59962c76aca492e6,13,6,126,0.23857,m2,77,,,evolve_experiment\evolution\real\Enron_sampled_post_with_precompute_new\results\pops\Enron_sampled\population_generation_13.json
7cd16ea05d7e0ee7e32074578452ce9b,13,7,127,0.23872,e2,41,,,evolve_experiment\evolution\real\Enron_sampled_post_with_precompute_new\results\pops\Enron_sampled\population_generation_13.json
8376e4a7aaa9e6cfa21d93464b5f52eb,13,8,128,0.23883,e2,43,"Select the next node by computing for each unvisited node a disruption potential score defined as the product of its normalized betweenness centrality and inverse clustering coefficient, further modulated by a sigmoid function of its degree variance influence to emphasize nodes that bridge communities and have influential connectivity in a non-linear way.",,evolve_experiment\evolution\real\Enron_sampled_post_with_precompute_new\results\pops\Enron_sampled\population_generation_13.json
1b40ff5304cc66a5851f5756ed30e57b,13,9,129,0.23894,e1,5,,,evolve_experiment\evolution\real\Enron_sampled_post_with_precompute_new\results\pops\Enron_sampled\population_generation_13.json
3e0e2b9c88783384e966e5759aadd985,13,10,130,0.23897,e1,19,,,evolve_experiment\evolution\real\Enron_sampled_post_with_precompute_new\results\pops\Enron_sampled\population_generation_13.json
01deeed1b239fee869f5e6fd6e1b8335,14,1,131,0.23662,e1,1,,,evolve_experiment\evolution\real\Enron_sampled_post_with_precompute_new\results\pops\Enron_sampled\population_generation_14.json
9399f5bfe21ff32ce9771ad0885bcd8b,14,2,132,0.23766,t2,48,,,evolve_experiment\evolution\real\Enron_sampled_post_with_precompute_new\results\pops\Enron_sampled\population_generation_14.json
9c1a6956365d0528f2f9003e4327574d,14,3,133,0.23783,e2,50,,,evolve_experiment\evolution\real\Enron_sampled_post_with_precompute_new\results\pops\Enron_sampled\population_generation_14.json
b250d76875971747200f21b7b19769e4,14,4,134,0.23828,e1,61,"Select the next node by simulating the immediate removal impact on local neighborhood connectivity via a fast approximate ""neighborhood fragmentation score"" that counts how many unvisited neighbors become isolated or greatly reduced in degree, prioritizing nodes causing maximal local disintegration while factoring in a penalty for removing overly clustered nodes to avoid trivial cuts.",,evolve_experiment\evolution\real\Enron_sampled_post_with_precompute_new\results\pops\Enron_sampled\population_generation_14.json
b9121f5179f8155b72f52ebb7ab2575b,14,5,135,0.2384,m2,65,,,evolve_experiment\evolution\real\Enron_sampled_post_with_precompute_new\results\pops\Enron_sampled\population_generation_14.json
5b053a0424d02453ff5de8efb2ec6b5f,14,6,136,0.2385,m2,31,,,evolve_experiment\evolution\real\Enron_sampled_post_with_precompute_new\results\pops\Enron_sampled\population_generation_14.json
7eeb5fe85d61e57e8f1b798b71fde2d5,14,7,137,0.23856,m1,42,,,evolve_experiment\evolution\real\Enron_sampled_post_with_precompute_new\results\pops\Enron_sampled\population_generation_14.json
d6bdb2980466a65d59962c76aca492e6,14,8,138,0.23857,m2,77,,,evolve_experiment\evolution\real\Enron_sampled_post_with_precompute_new\results\pops\Enron_sampled\population_generation_14.json
9a811debc9a9ecbd4c1d12f153744340,14,9,139,0.23858,m2,49,,,evolve_experiment\evolution\real\Enron_sampled_post_with_precompute_new\results\pops\Enron_sampled\population_generation_14.json
7cd16ea05d7e0ee7e32074578452ce9b,14,10,140,0.23872,e2,41,,,evolve_experiment\evolution\real\Enron_sampled_post_with_precompute_new\results\pops\Enron_sampled\population_generation_14.json
01deeed1b239fee869f5e6fd6e1b8335,15,1,141,0.23662,e1,1,,,evolve_experiment\evolution\real\Enron_sampled_post_with_precompute_new\results\pops\Enron_sampled\population_generation_15.json
2767807a8c3606c03a9eba4f56bc6f57,15,2,142,0.2372,cu,12,"Select the next node by computing a composite dynamic score that combines normalized betweenness, closeness centrality estimated via eigenvector, a sigmoid-transformed inverse clustering coefficient, and an adaptively weighted core number favoring mid-core nodes, while progressively emphasizing nodes that minimize the largest connected component size.",,evolve_experiment\evolution\real\Enron_sampled_post_with_precompute_new\results\pops\Enron_sampled\population_generation_15.json
9399f5bfe21ff32ce9771ad0885bcd8b,15,3,143,0.23766,t2,48,,,evolve_experiment\evolution\real\Enron_sampled_post_with_precompute_new\results\pops\Enron_sampled\population_generation_15.json
9c1a6956365d0528f2f9003e4327574d,15,4,144,0.23783,e2,50,,,evolve_experiment\evolution\real\Enron_sampled_post_with_precompute_new\results\pops\Enron_sampled\population_generation_15.json
b250d76875971747200f21b7b19769e4,15,5,145,0.23828,e1,61,"Select the next node by simulating the immediate removal impact on local neighborhood connectivity via a fast approximate ""neighborhood fragmentation score"" that counts how many unvisited neighbors become isolated or greatly reduced in degree, prioritizing nodes causing maximal local disintegration while factoring in a penalty for removing overly clustered nodes to avoid trivial cuts.",,evolve_experiment\evolution\real\Enron_sampled_post_with_precompute_new\results\pops\Enron_sampled\population_generation_15.json
b9121f5179f8155b72f52ebb7ab2575b,15,6,146,0.2384,m2,65,,,evolve_experiment\evolution\real\Enron_sampled_post_with_precompute_new\results\pops\Enron_sampled\population_generation_15.json
5b053a0424d02453ff5de8efb2ec6b5f,15,7,147,0.2385,m2,31,,,evolve_experiment\evolution\real\Enron_sampled_post_with_precompute_new\results\pops\Enron_sampled\population_generation_15.json
62a8597ac29f71aaa969a120547ac75d,15,8,148,0.23854,e2,34,,,evolve_experiment\evolution\real\Enron_sampled_post_with_precompute_new\results\pops\Enron_sampled\population_generation_15.json
7eeb5fe85d61e57e8f1b798b71fde2d5,15,9,149,0.23856,m1,42,,,evolve_experiment\evolution\real\Enron_sampled_post_with_precompute_new\results\pops\Enron_sampled\population_generation_15.json
d6bdb2980466a65d59962c76aca492e6,15,10,150,0.23857,m2,77,,,evolve_experiment\evolution\real\Enron_sampled_post_with_precompute_new\results\pops\Enron_sampled\population_generation_15.json
884cae278785b95256ca82e7ef68bd27,16,1,151,0.23251,e2,44,,,evolve_experiment\evolution\real\Enron_sampled_post_with_precompute_new\results\pops\Enron_sampled\population_generation_16.json
fef53dceaaffe53407c92fa0a64551ee,16,2,152,0.23514,m2,87,,,evolve_experiment\evolution\real\Enron_sampled_post_with_precompute_new\results\pops\Enron_sampled\population_generation_16.json
01deeed1b239fee869f5e6fd6e1b8335,16,3,153,0.23662,e1,1,,,evolve_experiment\evolution\real\Enron_sampled_post_with_precompute_new\results\pops\Enron_sampled\population_generation_16.json
6053da9562439ededef630328e14009e,16,4,154,0.23702,e1,33,,,evolve_experiment\evolution\real\Enron_sampled_post_with_precompute_new\results\pops\Enron_sampled\population_generation_16.json
2767807a8c3606c03a9eba4f56bc6f57,16,5,155,0.2372,cu,12,"Select the next node by computing a composite dynamic score that combines normalized betweenness, closeness centrality estimated via eigenvector, a sigmoid-transformed inverse clustering coefficient, and an adaptively weighted core number favoring mid-core nodes, while progressively emphasizing nodes that minimize the largest connected component size.",,evolve_experiment\evolution\real\Enron_sampled_post_with_precompute_new\results\pops\Enron_sampled\population_generation_16.json
9399f5bfe21ff32ce9771ad0885bcd8b,16,6,156,0.23766,t2,48,,,evolve_experiment\evolution\real\Enron_sampled_post_with_precompute_new\results\pops\Enron_sampled\population_generation_16.json
73e937563390d893c4bf03abf15fcb0d,16,7,157,0.23769,e2,39,,,evolve_experiment\evolution\real\Enron_sampled_post_with_precompute_new\results\pops\Enron_sampled\population_generation_16.json
9c1a6956365d0528f2f9003e4327574d,16,8,158,0.23783,e2,50,,,evolve_experiment\evolution\real\Enron_sampled_post_with_precompute_new\results\pops\Enron_sampled\population_generation_16.json
b250d76875971747200f21b7b19769e4,16,9,159,0.23828,e1,61,"Select the next node by simulating the immediate removal impact on local neighborhood connectivity via a fast approximate ""neighborhood fragmentation score"" that counts how many unvisited neighbors become isolated or greatly reduced in degree, prioritizing nodes causing maximal local disintegration while factoring in a penalty for removing overly clustered nodes to avoid trivial cuts.",,evolve_experiment\evolution\real\Enron_sampled_post_with_precompute_new\results\pops\Enron_sampled\population_generation_16.json
b9121f5179f8155b72f52ebb7ab2575b,16,10,160,0.2384,m2,65,,,evolve_experiment\evolution\real\Enron_sampled_post_with_precompute_new\results\pops\Enron_sampled\population_generation_16.json
54745d6400a01c246314e18fab57d427,17,1,161,0.22934,m2,27,,,evolve_experiment\evolution\real\Enron_sampled_post_with_precompute_new\results\pops\Enron_sampled\population_generation_17.json
884cae278785b95256ca82e7ef68bd27,17,2,162,0.23251,e2,44,,,evolve_experiment\evolution\real\Enron_sampled_post_with_precompute_new\results\pops\Enron_sampled\population_generation_17.json
fef53dceaaffe53407c92fa0a64551ee,17,3,163,0.23514,m2,87,,,evolve_experiment\evolution\real\Enron_sampled_post_with_precompute_new\results\pops\Enron_sampled\population_generation_17.json
01deeed1b239fee869f5e6fd6e1b8335,17,4,164,0.23662,e1,1,,,evolve_experiment\evolution\real\Enron_sampled_post_with_precompute_new\results\pops\Enron_sampled\population_generation_17.json
6053da9562439ededef630328e14009e,17,5,165,0.23702,e1,33,,,evolve_experiment\evolution\real\Enron_sampled_post_with_precompute_new\results\pops\Enron_sampled\population_generation_17.json
2767807a8c3606c03a9eba4f56bc6f57,17,6,166,0.2372,cu,12,"Select the next node by computing a composite dynamic score that combines normalized betweenness, closeness centrality estimated via eigenvector, a sigmoid-transformed inverse clustering coefficient, and an adaptively weighted core number favoring mid-core nodes, while progressively emphasizing nodes that minimize the largest connected component size.",,evolve_experiment\evolution\real\Enron_sampled_post_with_precompute_new\results\pops\Enron_sampled\population_generation_17.json
9399f5bfe21ff32ce9771ad0885bcd8b,17,7,167,0.23766,t2,48,,,evolve_experiment\evolution\real\Enron_sampled_post_with_precompute_new\results\pops\Enron_sampled\population_generation_17.json
73e937563390d893c4bf03abf15fcb0d,17,8,168,0.23769,e2,39,,,evolve_experiment\evolution\real\Enron_sampled_post_with_precompute_new\results\pops\Enron_sampled\population_generation_17.json
9c1a6956365d0528f2f9003e4327574d,17,9,169,0.23783,e2,50,,,evolve_experiment\evolution\real\Enron_sampled_post_with_precompute_new\results\pops\Enron_sampled\population_generation_17.json
b250d76875971747200f21b7b19769e4,17,10,170,0.23828,e1,61,"Select the next node by simulating the immediate removal impact on local neighborhood connectivity via a fast approximate ""neighborhood fragmentation score"" that counts how many unvisited neighbors become isolated or greatly reduced in degree, prioritizing nodes causing maximal local disintegration while factoring in a penalty for removing overly clustered nodes to avoid trivial cuts.",,evolve_experiment\evolution\real\Enron_sampled_post_with_precompute_new\results\pops\Enron_sampled\population_generation_17.json
54745d6400a01c246314e18fab57d427,18,1,171,0.22934,m2,27,,,evolve_experiment\evolution\real\Enron_sampled_post_with_precompute_new\results\pops\Enron_sampled\population_generation_18.json
3e7dfe3300d5c15748a6458a37f76d7f,18,2,172,0.23196,e2,20,,,evolve_experiment\evolution\real\Enron_sampled_post_with_precompute_new\results\pops\Enron_sampled\population_generation_18.json
884cae278785b95256ca82e7ef68bd27,18,3,173,0.23251,e2,44,,,evolve_experiment\evolution\real\Enron_sampled_post_with_precompute_new\results\pops\Enron_sampled\population_generation_18.json
fef53dceaaffe53407c92fa0a64551ee,18,4,174,0.23514,m2,87,,,evolve_experiment\evolution\real\Enron_sampled_post_with_precompute_new\results\pops\Enron_sampled\population_generation_18.json
01deeed1b239fee869f5e6fd6e1b8335,18,5,175,0.23662,e1,1,,,evolve_experiment\evolution\real\Enron_sampled_post_with_precompute_new\results\pops\Enron_sampled\population_generation_18.json
3094405e17dfebc59a16a7b2574c3da6,18,6,176,0.23663,e1,14,,,evolve_experiment\evolution\real\Enron_sampled_post_with_precompute_new\results\pops\Enron_sampled\population_generation_18.json
6053da9562439ededef630328e14009e,18,7,177,0.23702,e1,33,,,evolve_experiment\evolution\real\Enron_sampled_post_with_precompute_new\results\pops\Enron_sampled\population_generation_18.json
2767807a8c3606c03a9eba4f56bc6f57,18,8,178,0.2372,cu,12,"Select the next node by computing a composite dynamic score that combines normalized betweenness, closeness centrality estimated via eigenvector, a sigmoid-transformed inverse clustering coefficient, and an adaptively weighted core number favoring mid-core nodes, while progressively emphasizing nodes that minimize the largest connected component size.",,evolve_experiment\evolution\real\Enron_sampled_post_with_precompute_new\results\pops\Enron_sampled\population_generation_18.json
c3c3cfaabb3e4e954cf59dc653a8b978,18,9,179,0.23765,e2,71,,,evolve_experiment\evolution\real\Enron_sampled_post_with_precompute_new\results\pops\Enron_sampled\population_generation_18.json
9399f5bfe21ff32ce9771ad0885bcd8b,18,10,180,0.23766,t2,48,,,evolve_experiment\evolution\real\Enron_sampled_post_with_precompute_new\results\pops\Enron_sampled\population_generation_18.json
54745d6400a01c246314e18fab57d427,19,1,181,0.22934,m2,27,,,evolve_experiment\evolution\real\Enron_sampled_post_with_precompute_new\results\pops\Enron_sampled\population_generation_19.json
3e7dfe3300d5c15748a6458a37f76d7f,19,2,182,0.23196,e2,20,,,evolve_experiment\evolution\real\Enron_sampled_post_with_precompute_new\results\pops\Enron_sampled\population_generation_19.json
884cae278785b95256ca82e7ef68bd27,19,3,183,0.23251,e2,44,,,evolve_experiment\evolution\real\Enron_sampled_post_with_precompute_new\results\pops\Enron_sampled\population_generation_19.json
fef53dceaaffe53407c92fa0a64551ee,19,4,184,0.23514,m2,87,,,evolve_experiment\evolution\real\Enron_sampled_post_with_precompute_new\results\pops\Enron_sampled\population_generation_19.json
01deeed1b239fee869f5e6fd6e1b8335,19,5,185,0.23662,e1,1,,,evolve_experiment\evolution\real\Enron_sampled_post_with_precompute_new\results\pops\Enron_sampled\population_generation_19.json
3094405e17dfebc59a16a7b2574c3da6,19,6,186,0.23663,e1,14,,,evolve_experiment\evolution\real\Enron_sampled_post_with_precompute_new\results\pops\Enron_sampled\population_generation_19.json
e1d605fd1d2b62e6d3b2ae917e4c792a,19,7,187,0.23679,e2,79,,,evolve_experiment\evolution\real\Enron_sampled_post_with_precompute_new\results\pops\Enron_sampled\population_generation_19.json
6053da9562439ededef630328e14009e,19,8,188,0.23702,e1,33,,,evolve_experiment\evolution\real\Enron_sampled_post_with_precompute_new\results\pops\Enron_sampled\population_generation_19.json
2767807a8c3606c03a9eba4f56bc6f57,19,9,189,0.2372,cu,12,"Select the next node by computing a composite dynamic score that combines normalized betweenness, closeness centrality estimated via eigenvector, a sigmoid-transformed inverse clustering coefficient, and an adaptively weighted core number favoring mid-core nodes, while progressively emphasizing nodes that minimize the largest connected component size.",,evolve_experiment\evolution\real\Enron_sampled_post_with_precompute_new\results\pops\Enron_sampled\population_generation_19.json
c3c3cfaabb3e4e954cf59dc653a8b978,19,10,190,0.23765,e2,71,,,evolve_experiment\evolution\real\Enron_sampled_post_with_precompute_new\results\pops\Enron_sampled\population_generation_19.json
54745d6400a01c246314e18fab57d427,20,1,191,0.22934,m2,27,,,evolve_experiment\evolution\real\Enron_sampled_post_with_precompute_new\results\pops\Enron_sampled\population_generation_20.json
3e7dfe3300d5c15748a6458a37f76d7f,20,2,192,0.23196,e2,20,,,evolve_experiment\evolution\real\Enron_sampled_post_with_precompute_new\results\pops\Enron_sampled\population_generation_20.json
884cae278785b95256ca82e7ef68bd27,20,3,193,0.23251,e2,44,,,evolve_experiment\evolution\real\Enron_sampled_post_with_precompute_new\results\pops\Enron_sampled\population_generation_20.json
fef53dceaaffe53407c92fa0a64551ee,20,4,194,0.23514,m2,87,,,evolve_experiment\evolution\real\Enron_sampled_post_with_precompute_new\results\pops\Enron_sampled\population_generation_20.json
265bb2d5a653322d8078621dff93291c,20,5,195,0.23654,e2,11,,,evolve_experiment\evolution\real\Enron_sampled_post_with_precompute_new\results\pops\Enron_sampled\population_generation_20.json
01deeed1b239fee869f5e6fd6e1b8335,20,6,196,0.23662,e1,1,,,evolve_experiment\evolution\real\Enron_sampled_post_with_precompute_new\results\pops\Enron_sampled\population_generation_20.json
3094405e17dfebc59a16a7b2574c3da6,20,7,197,0.23663,e1,14,,,evolve_experiment\evolution\real\Enron_sampled_post_with_precompute_new\results\pops\Enron_sampled\population_generation_20.json
e1d605fd1d2b62e6d3b2ae917e4c792a,20,8,198,0.23679,e2,79,,,evolve_experiment\evolution\real\Enron_sampled_post_with_precompute_new\results\pops\Enron_sampled\population_generation_20.json
6053da9562439ededef630328e14009e,20,9,199,0.23702,e1,33,,,evolve_experiment\evolution\real\Enron_sampled_post_with_precompute_new\results\pops\Enron_sampled\population_generation_20.json
2767807a8c3606c03a9eba4f56bc6f57,20,10,200,0.2372,cu,12,"Select the next node by computing a composite dynamic score that combines normalized betweenness, closeness centrality estimated via eigenvector, a sigmoid-transformed inverse clustering coefficient, and an adaptively weighted core number favoring mid-core nodes, while progressively emphasizing nodes that minimize the largest connected component size.",,evolve_experiment\evolution\real\Enron_sampled_post_with_precompute_new\results\pops\Enron_sampled\population_generation_20.json
54745d6400a01c246314e18fab57d427,21,1,201,0.22934,m2,27,,,evolve_experiment\evolution\real\Enron_sampled_post_with_precompute_new\results\pops\Enron_sampled\population_generation_21.json
3e7dfe3300d5c15748a6458a37f76d7f,21,2,202,0.23196,e2,20,,,evolve_experiment\evolution\real\Enron_sampled_post_with_precompute_new\results\pops\Enron_sampled\population_generation_21.json
884cae278785b95256ca82e7ef68bd27,21,3,203,0.23251,e2,44,,,evolve_experiment\evolution\real\Enron_sampled_post_with_precompute_new\results\pops\Enron_sampled\population_generation_21.json
acf37cda6cd26b8a97a13e264e48fd39,21,4,204,0.23283,m1,58,,,evolve_experiment\evolution\real\Enron_sampled_post_with_precompute_new\results\pops\Enron_sampled\population_generation_21.json
fef53dceaaffe53407c92fa0a64551ee,21,5,205,0.23514,m2,87,,,evolve_experiment\evolution\real\Enron_sampled_post_with_precompute_new\results\pops\Enron_sampled\population_generation_21.json
265bb2d5a653322d8078621dff93291c,21,6,206,0.23654,e2,11,,,evolve_experiment\evolution\real\Enron_sampled_post_with_precompute_new\results\pops\Enron_sampled\population_generation_21.json
01deeed1b239fee869f5e6fd6e1b8335,21,7,207,0.23662,e1,1,,,evolve_experiment\evolution\real\Enron_sampled_post_with_precompute_new\results\pops\Enron_sampled\population_generation_21.json
3094405e17dfebc59a16a7b2574c3da6,21,8,208,0.23663,e1,14,,,evolve_experiment\evolution\real\Enron_sampled_post_with_precompute_new\results\pops\Enron_sampled\population_generation_21.json
e1d605fd1d2b62e6d3b2ae917e4c792a,21,9,209,0.23679,e2,79,,,evolve_experiment\evolution\real\Enron_sampled_post_with_precompute_new\results\pops\Enron_sampled\population_generation_21.json
c9ffac89b0305cd0c806e79bcd3b45eb,21,10,210,0.23682,m2,73,,,evolve_experiment\evolution\real\Enron_sampled_post_with_precompute_new\results\pops\Enron_sampled\population_generation_21.json
54745d6400a01c246314e18fab57d427,22,1,211,0.22934,m2,27,,,evolve_experiment\evolution\real\Enron_sampled_post_with_precompute_new\results\pops\Enron_sampled\population_generation_22.json
3e7dfe3300d5c15748a6458a37f76d7f,22,2,212,0.23196,e2,20,,,evolve_experiment\evolution\real\Enron_sampled_post_with_precompute_new\results\pops\Enron_sampled\population_generation_22.json
884cae278785b95256ca82e7ef68bd27,22,3,213,0.23251,e2,44,,,evolve_experiment\evolution\real\Enron_sampled_post_with_precompute_new\results\pops\Enron_sampled\population_generation_22.json
acf37cda6cd26b8a97a13e264e48fd39,22,4,214,0.23283,m1,58,,,evolve_experiment\evolution\real\Enron_sampled_post_with_precompute_new\results\pops\Enron_sampled\population_generation_22.json
fef53dceaaffe53407c92fa0a64551ee,22,5,215,0.23514,m2,87,,,evolve_experiment\evolution\real\Enron_sampled_post_with_precompute_new\results\pops\Enron_sampled\population_generation_22.json
265bb2d5a653322d8078621dff93291c,22,6,216,0.23654,e2,11,,,evolve_experiment\evolution\real\Enron_sampled_post_with_precompute_new\results\pops\Enron_sampled\population_generation_22.json
01deeed1b239fee869f5e6fd6e1b8335,22,7,217,0.23662,e1,1,,,evolve_experiment\evolution\real\Enron_sampled_post_with_precompute_new\results\pops\Enron_sampled\population_generation_22.json
3094405e17dfebc59a16a7b2574c3da6,22,8,218,0.23663,e1,14,,,evolve_experiment\evolution\real\Enron_sampled_post_with_precompute_new\results\pops\Enron_sampled\population_generation_22.json
e1d605fd1d2b62e6d3b2ae917e4c792a,22,9,219,0.23679,e2,79,,,evolve_experiment\evolution\real\Enron_sampled_post_with_precompute_new\results\pops\Enron_sampled\population_generation_22.json
c9ffac89b0305cd0c806e79bcd3b45eb,22,10,220,0.23682,m2,73,,,evolve_experiment\evolution\real\Enron_sampled_post_with_precompute_new\results\pops\Enron_sampled\population_generation_22.json
54745d6400a01c246314e18fab57d427,23,1,221,0.22934,m2,27,,,evolve_experiment\evolution\real\Enron_sampled_post_with_precompute_new\results\pops\Enron_sampled\population_generation_23.json
3e7dfe3300d5c15748a6458a37f76d7f,23,2,222,0.23196,e2,20,,,evolve_experiment\evolution\real\Enron_sampled_post_with_precompute_new\results\pops\Enron_sampled\population_generation_23.json
884cae278785b95256ca82e7ef68bd27,23,3,223,0.23251,e2,44,,,evolve_experiment\evolution\real\Enron_sampled_post_with_precompute_new\results\pops\Enron_sampled\population_generation_23.json
acf37cda6cd26b8a97a13e264e48fd39,23,4,224,0.23283,m1,58,,,evolve_experiment\evolution\real\Enron_sampled_post_with_precompute_new\results\pops\Enron_sampled\population_generation_23.json
bc1991e5568736a7083dfc20cb0d65c8,23,5,225,0.23509,t2,67,,,evolve_experiment\evolution\real\Enron_sampled_post_with_precompute_new\results\pops\Enron_sampled\population_generation_23.json
fef53dceaaffe53407c92fa0a64551ee,23,6,226,0.23514,m2,87,,,evolve_experiment\evolution\real\Enron_sampled_post_with_precompute_new\results\pops\Enron_sampled\population_generation_23.json
10696368c85b187dd0b3f7748faea10c,23,7,227,0.23616,e2,3,,,evolve_experiment\evolution\real\Enron_sampled_post_with_precompute_new\results\pops\Enron_sampled\population_generation_23.json
265bb2d5a653322d8078621dff93291c,23,8,228,0.23654,e2,11,,,evolve_experiment\evolution\real\Enron_sampled_post_with_precompute_new\results\pops\Enron_sampled\population_generation_23.json
01deeed1b239fee869f5e6fd6e1b8335,23,9,229,0.23662,e1,1,,,evolve_experiment\evolution\real\Enron_sampled_post_with_precompute_new\results\pops\Enron_sampled\population_generation_23.json
3094405e17dfebc59a16a7b2574c3da6,23,10,230,0.23663,e1,14,,,evolve_experiment\evolution\real\Enron_sampled_post_with_precompute_new\results\pops\Enron_sampled\population_generation_23.json
54745d6400a01c246314e18fab57d427,24,1,231,0.22934,m2,27,,,evolve_experiment\evolution\real\Enron_sampled_post_with_precompute_new\results\pops\Enron_sampled\population_generation_24.json
3e7dfe3300d5c15748a6458a37f76d7f,24,2,232,0.23196,e2,20,,,evolve_experiment\evolution\real\Enron_sampled_post_with_precompute_new\results\pops\Enron_sampled\population_generation_24.json
884cae278785b95256ca82e7ef68bd27,24,3,233,0.23251,e2,44,,,evolve_experiment\evolution\real\Enron_sampled_post_with_precompute_new\results\pops\Enron_sampled\population_generation_24.json
acf37cda6cd26b8a97a13e264e48fd39,24,4,234,0.23283,m1,58,,,evolve_experiment\evolution\real\Enron_sampled_post_with_precompute_new\results\pops\Enron_sampled\population_generation_24.json
bc1991e5568736a7083dfc20cb0d65c8,24,5,235,0.23509,t2,67,,,evolve_experiment\evolution\real\Enron_sampled_post_with_precompute_new\results\pops\Enron_sampled\population_generation_24.json
fef53dceaaffe53407c92fa0a64551ee,24,6,236,0.23514,m2,87,,,evolve_experiment\evolution\real\Enron_sampled_post_with_precompute_new\results\pops\Enron_sampled\population_generation_24.json
10696368c85b187dd0b3f7748faea10c,24,7,237,0.23616,e2,3,,,evolve_experiment\evolution\real\Enron_sampled_post_with_precompute_new\results\pops\Enron_sampled\population_generation_24.json
265bb2d5a653322d8078621dff93291c,24,8,238,0.23654,e2,11,,,evolve_experiment\evolution\real\Enron_sampled_post_with_precompute_new\results\pops\Enron_sampled\population_generation_24.json
01deeed1b239fee869f5e6fd6e1b8335,24,9,239,0.23662,e1,1,,,evolve_experiment\evolution\real\Enron_sampled_post_with_precompute_new\results\pops\Enron_sampled\population_generation_24.json
3094405e17dfebc59a16a7b2574c3da6,24,10,240,0.23663,e1,14,,,evolve_experiment\evolution\real\Enron_sampled_post_with_precompute_new\results\pops\Enron_sampled\population_generation_24.json
54745d6400a01c246314e18fab57d427,25,1,241,0.22934,m2,27,,,evolve_experiment\evolution\real\Enron_sampled_post_with_precompute_new\results\pops\Enron_sampled\population_generation_25.json
3e7dfe3300d5c15748a6458a37f76d7f,25,2,242,0.23196,e2,20,,,evolve_experiment\evolution\real\Enron_sampled_post_with_precompute_new\results\pops\Enron_sampled\population_generation_25.json
884cae278785b95256ca82e7ef68bd27,25,3,243,0.23251,e2,44,,,evolve_experiment\evolution\real\Enron_sampled_post_with_precompute_new\results\pops\Enron_sampled\population_generation_25.json
acf37cda6cd26b8a97a13e264e48fd39,25,4,244,0.23283,m1,58,,,evolve_experiment\evolution\real\Enron_sampled_post_with_precompute_new\results\pops\Enron_sampled\population_generation_25.json
0587d00d8a1b4326a2cb6dbdbccaec14,25,5,245,0.23479,e2,2,,,evolve_experiment\evolution\real\Enron_sampled_post_with_precompute_new\results\pops\Enron_sampled\population_generation_25.json
bc1991e5568736a7083dfc20cb0d65c8,25,6,246,0.23509,t2,67,,,evolve_experiment\evolution\real\Enron_sampled_post_with_precompute_new\results\pops\Enron_sampled\population_generation_25.json
fef53dceaaffe53407c92fa0a64551ee,25,7,247,0.23514,m2,87,,,evolve_experiment\evolution\real\Enron_sampled_post_with_precompute_new\results\pops\Enron_sampled\population_generation_25.json
10696368c85b187dd0b3f7748faea10c,25,8,248,0.23616,e2,3,,,evolve_experiment\evolution\real\Enron_sampled_post_with_precompute_new\results\pops\Enron_sampled\population_generation_25.json
265bb2d5a653322d8078621dff93291c,25,9,249,0.23654,e2,11,,,evolve_experiment\evolution\real\Enron_sampled_post_with_precompute_new\results\pops\Enron_sampled\population_generation_25.json
01deeed1b239fee869f5e6fd6e1b8335,25,10,250,0.23662,e1,1,,,evolve_experiment\evolution\real\Enron_sampled_post_with_precompute_new\results\pops\Enron_sampled\population_generation_25.json
b34b461a93419d6fe356671453764141,26,1,251,0.22307,e1,63,,,evolve_experiment\evolution\real\Enron_sampled_post_with_precompute_new\results\pops\Enron_sampled\population_generation_26.json
54745d6400a01c246314e18fab57d427,26,2,252,0.22934,m2,27,,,evolve_experiment\evolution\real\Enron_sampled_post_with_precompute_new\results\pops\Enron_sampled\population_generation_26.json
3e7dfe3300d5c15748a6458a37f76d7f,26,3,253,0.23196,e2,20,,,evolve_experiment\evolution\real\Enron_sampled_post_with_precompute_new\results\pops\Enron_sampled\population_generation_26.json
884cae278785b95256ca82e7ef68bd27,26,4,254,0.23251,e2,44,,,evolve_experiment\evolution\real\Enron_sampled_post_with_precompute_new\results\pops\Enron_sampled\population_generation_26.json
acf37cda6cd26b8a97a13e264e48fd39,26,5,255,0.23283,m1,58,,,evolve_experiment\evolution\real\Enron_sampled_post_with_precompute_new\results\pops\Enron_sampled\population_generation_26.json
0587d00d8a1b4326a2cb6dbdbccaec14,26,6,256,0.23479,e2,2,,,evolve_experiment\evolution\real\Enron_sampled_post_with_precompute_new\results\pops\Enron_sampled\population_generation_26.json
bc1991e5568736a7083dfc20cb0d65c8,26,7,257,0.23509,t2,67,,,evolve_experiment\evolution\real\Enron_sampled_post_with_precompute_new\results\pops\Enron_sampled\population_generation_26.json
fef53dceaaffe53407c92fa0a64551ee,26,8,258,0.23514,m2,87,,,evolve_experiment\evolution\real\Enron_sampled_post_with_precompute_new\results\pops\Enron_sampled\population_generation_26.json
10696368c85b187dd0b3f7748faea10c,26,9,259,0.23616,e2,3,,,evolve_experiment\evolution\real\Enron_sampled_post_with_precompute_new\results\pops\Enron_sampled\population_generation_26.json
265bb2d5a653322d8078621dff93291c,26,10,260,0.23654,e2,11,,,evolve_experiment\evolution\real\Enron_sampled_post_with_precompute_new\results\pops\Enron_sampled\population_generation_26.json
b34b461a93419d6fe356671453764141,27,1,261,0.22307,e1,63,,,evolve_experiment\evolution\real\Enron_sampled_post_with_precompute_new\results\pops\Enron_sampled\population_generation_27.json
54745d6400a01c246314e18fab57d427,27,2,262,0.22934,m2,27,,,evolve_experiment\evolution\real\Enron_sampled_post_with_precompute_new\results\pops\Enron_sampled\population_generation_27.json
3e7dfe3300d5c15748a6458a37f76d7f,27,3,263,0.23196,e2,20,,,evolve_experiment\evolution\real\Enron_sampled_post_with_precompute_new\results\pops\Enron_sampled\population_generation_27.json
884cae278785b95256ca82e7ef68bd27,27,4,264,0.23251,e2,44,,,evolve_experiment\evolution\real\Enron_sampled_post_with_precompute_new\results\pops\Enron_sampled\population_generation_27.json
acf37cda6cd26b8a97a13e264e48fd39,27,5,265,0.23283,m1,58,,,evolve_experiment\evolution\real\Enron_sampled_post_with_precompute_new\results\pops\Enron_sampled\population_generation_27.json
0587d00d8a1b4326a2cb6dbdbccaec14,27,6,266,0.23479,e2,2,,,evolve_experiment\evolution\real\Enron_sampled_post_with_precompute_new\results\pops\Enron_sampled\population_generation_27.json
bc1991e5568736a7083dfc20cb0d65c8,27,7,267,0.23509,t2,67,,,evolve_experiment\evolution\real\Enron_sampled_post_with_precompute_new\results\pops\Enron_sampled\population_generation_27.json
fef53dceaaffe53407c92fa0a64551ee,27,8,268,0.23514,m2,87,,,evolve_experiment\evolution\real\Enron_sampled_post_with_precompute_new\results\pops\Enron_sampled\population_generation_27.json
10696368c85b187dd0b3f7748faea10c,27,9,269,0.23616,e2,3,,,evolve_experiment\evolution\real\Enron_sampled_post_with_precompute_new\results\pops\Enron_sampled\population_generation_27.json
c1c8f6d9e77035e98d171ec6343d2b24,27,10,270,0.23631,t2,70,"Select next node by scoring unvisited nodes via a synergy of normalized betweenness, inverse clustering, and neighborhood core-number entropy, further adjusted by eigenvector centrality to balance global importance and local structural diversity for efficient disruption.","The generation shows steady improvement in balancing node influence and local structural fragility, with refinements in scoring functions incorporating neighborhood variance and entropy; however, attempts to aggressively leverage entropy or clustering variance sometimes led to marginally slower disruption (higher fht_50/fht_10) or increased selection time. The main trade-off remains balancing early rapid fragmentation with long-term objective lowering.",evolve_experiment\evolution\real\Enron_sampled_post_with_precompute_new\results\pops\Enron_sampled\population_generation_27.json
b34b461a93419d6fe356671453764141,28,1,271,0.22307,e1,63,,,evolve_experiment\evolution\real\Enron_sampled_post_with_precompute_new\results\pops\Enron_sampled\population_generation_28.json
54745d6400a01c246314e18fab57d427,28,2,272,0.22934,m2,27,,,evolve_experiment\evolution\real\Enron_sampled_post_with_precompute_new\results\pops\Enron_sampled\population_generation_28.json
52a5ee7f753d49763957dceaf330988c,28,3,273,0.23054,e2,25,,,evolve_experiment\evolution\real\Enron_sampled_post_with_precompute_new\results\pops\Enron_sampled\population_generation_28.json
3e7dfe3300d5c15748a6458a37f76d7f,28,4,274,0.23196,e2,20,,,evolve_experiment\evolution\real\Enron_sampled_post_with_precompute_new\results\pops\Enron_sampled\population_generation_28.json
884cae278785b95256ca82e7ef68bd27,28,5,275,0.23251,e2,44,,,evolve_experiment\evolution\real\Enron_sampled_post_with_precompute_new\results\pops\Enron_sampled\population_generation_28.json
acf37cda6cd26b8a97a13e264e48fd39,28,6,276,0.23283,m1,58,,,evolve_experiment\evolution\real\Enron_sampled_post_with_precompute_new\results\pops\Enron_sampled\population_generation_28.json
0587d00d8a1b4326a2cb6dbdbccaec14,28,7,277,0.23479,e2,2,,,evolve_experiment\evolution\real\Enron_sampled_post_with_precompute_new\results\pops\Enron_sampled\population_generation_28.json
bc1991e5568736a7083dfc20cb0d65c8,28,8,278,0.23509,t2,67,,,evolve_experiment\evolution\real\Enron_sampled_post_with_precompute_new\results\pops\Enron_sampled\population_generation_28.json
fef53dceaaffe53407c92fa0a64551ee,28,9,279,0.23514,m2,87,,,evolve_experiment\evolution\real\Enron_sampled_post_with_precompute_new\results\pops\Enron_sampled\population_generation_28.json
af66533a7de63f704be461e03d8ccca7,28,10,280,0.23588,t2,59,"Select the next node by combining normalized betweenness, inverse clustering, normalized neighborhood entropy over core numbers, and a refined eigenvector centrality penalty to balance early disruption and final network fragmentation efficiently.","The algorithms progressively improved by incorporating diverse local structural metrics like clustering variance, neighborhood entropy, and combining global centralities with local fragility indicators. However, attempts to balance global influence and local disruption led to slightly higher time complexities and inconsistent early-stage disruption (FHT) metrics. The entropy-based neighborhood diversity in Algorithm 3 is promising but can be refined to better weight core numbers and eigenvector centrality for more balanced node selection.",evolve_experiment\evolution\real\Enron_sampled_post_with_precompute_new\results\pops\Enron_sampled\population_generation_28.json
b34b461a93419d6fe356671453764141,29,1,281,0.22307,e1,63,,,evolve_experiment\evolution\real\Enron_sampled_post_with_precompute_new\results\pops\Enron_sampled\population_generation_29.json
54745d6400a01c246314e18fab57d427,29,2,282,0.22934,m2,27,,,evolve_experiment\evolution\real\Enron_sampled_post_with_precompute_new\results\pops\Enron_sampled\population_generation_29.json
52a5ee7f753d49763957dceaf330988c,29,3,283,0.23054,e2,25,,,evolve_experiment\evolution\real\Enron_sampled_post_with_precompute_new\results\pops\Enron_sampled\population_generation_29.json
3e7dfe3300d5c15748a6458a37f76d7f,29,4,284,0.23196,e2,20,,,evolve_experiment\evolution\real\Enron_sampled_post_with_precompute_new\results\pops\Enron_sampled\population_generation_29.json
884cae278785b95256ca82e7ef68bd27,29,5,285,0.23251,e2,44,,,evolve_experiment\evolution\real\Enron_sampled_post_with_precompute_new\results\pops\Enron_sampled\population_generation_29.json
246e00ca6a7e1a8932c78833df504175,29,6,286,0.23258,m2,10,,,evolve_experiment\evolution\real\Enron_sampled_post_with_precompute_new\results\pops\Enron_sampled\population_generation_29.json
acf37cda6cd26b8a97a13e264e48fd39,29,7,287,0.23283,m1,58,,,evolve_experiment\evolution\real\Enron_sampled_post_with_precompute_new\results\pops\Enron_sampled\population_generation_29.json
c9282525abf975c53c98d3c3c982fbd5,29,8,288,0.23469,t2,72,"Enhance the best algorithm by replacing the histogram-based entropy with a faster approximate neighborhood diversity score using degree and core_number ranges, reducing complexity while maintaining node disruption balance.","The algorithms progressively balanced between thorough fragmentation (low Objective) and quick disruption (low FHT), improving time_select substantially. The best algorithm (Algorithm 1) uses a sophisticated neighborhood entropy and degree diversity combined with betweenness, but suffers from high time_select. Algorithm 2 reduced time_select but slightly worsened Objective. Algorithm 3 prioritized speed with decent early disruption but slightly higher final Objective. The failed attempts include overly punishing nodes with low neighbors or over-penalizing core nodes leading to suboptimal disruption speed or fragmentation.",evolve_experiment\evolution\real\Enron_sampled_post_with_precompute_new\results\pops\Enron_sampled\population_generation_29.json
0587d00d8a1b4326a2cb6dbdbccaec14,29,9,289,0.23479,e2,2,,,evolve_experiment\evolution\real\Enron_sampled_post_with_precompute_new\results\pops\Enron_sampled\population_generation_29.json
bc1991e5568736a7083dfc20cb0d65c8,29,10,290,0.23509,t2,67,,,evolve_experiment\evolution\real\Enron_sampled_post_with_precompute_new\results\pops\Enron_sampled\population_generation_29.json
b34b461a93419d6fe356671453764141,30,1,291,0.22307,e1,63,,,evolve_experiment\evolution\real\Enron_sampled_post_with_precompute_new\results\pops\Enron_sampled\population_generation_30.json
54745d6400a01c246314e18fab57d427,30,2,292,0.22934,m2,27,,,evolve_experiment\evolution\real\Enron_sampled_post_with_precompute_new\results\pops\Enron_sampled\population_generation_30.json
52a5ee7f753d49763957dceaf330988c,30,3,293,0.23054,e2,25,,,evolve_experiment\evolution\real\Enron_sampled_post_with_precompute_new\results\pops\Enron_sampled\population_generation_30.json
3e7dfe3300d5c15748a6458a37f76d7f,30,4,294,0.23196,e2,20,,,evolve_experiment\evolution\real\Enron_sampled_post_with_precompute_new\results\pops\Enron_sampled\population_generation_30.json
884cae278785b95256ca82e7ef68bd27,30,5,295,0.23251,e2,44,,,evolve_experiment\evolution\real\Enron_sampled_post_with_precompute_new\results\pops\Enron_sampled\population_generation_30.json
246e00ca6a7e1a8932c78833df504175,30,6,296,0.23258,m2,10,,,evolve_experiment\evolution\real\Enron_sampled_post_with_precompute_new\results\pops\Enron_sampled\population_generation_30.json
acf37cda6cd26b8a97a13e264e48fd39,30,7,297,0.23283,m1,58,,,evolve_experiment\evolution\real\Enron_sampled_post_with_precompute_new\results\pops\Enron_sampled\population_generation_30.json
c9282525abf975c53c98d3c3c982fbd5,30,8,298,0.23469,t2,72,"Enhance the best algorithm by replacing the histogram-based entropy with a faster approximate neighborhood diversity score using degree and core_number ranges, reducing complexity while maintaining node disruption balance.","The algorithms progressively balanced between thorough fragmentation (low Objective) and quick disruption (low FHT), improving time_select substantially. The best algorithm (Algorithm 1) uses a sophisticated neighborhood entropy and degree diversity combined with betweenness, but suffers from high time_select. Algorithm 2 reduced time_select but slightly worsened Objective. Algorithm 3 prioritized speed with decent early disruption but slightly higher final Objective. The failed attempts include overly punishing nodes with low neighbors or over-penalizing core nodes leading to suboptimal disruption speed or fragmentation.",evolve_experiment\evolution\real\Enron_sampled_post_with_precompute_new\results\pops\Enron_sampled\population_generation_30.json
0587d00d8a1b4326a2cb6dbdbccaec14,30,9,299,0.23479,e2,2,,,evolve_experiment\evolution\real\Enron_sampled_post_with_precompute_new\results\pops\Enron_sampled\population_generation_30.json
bc1991e5568736a7083dfc20cb0d65c8,30,10,300,0.23509,t2,67,,,evolve_experiment\evolution\real\Enron_sampled_post_with_precompute_new\results\pops\Enron_sampled\population_generation_30.json
3f6894cc822d13bc712b4bda91ef0abb,31,1,301,0.21987,e2,21,,,evolve_experiment\evolution\real\Enron_sampled_post_with_precompute_new\results\pops\Enron_sampled\population_generation_31.json
b34b461a93419d6fe356671453764141,31,2,302,0.22307,e1,63,,,evolve_experiment\evolution\real\Enron_sampled_post_with_precompute_new\results\pops\Enron_sampled\population_generation_31.json
54745d6400a01c246314e18fab57d427,31,3,303,0.22934,m2,27,,,evolve_experiment\evolution\real\Enron_sampled_post_with_precompute_new\results\pops\Enron_sampled\population_generation_31.json
52a5ee7f753d49763957dceaf330988c,31,4,304,0.23054,e2,25,,,evolve_experiment\evolution\real\Enron_sampled_post_with_precompute_new\results\pops\Enron_sampled\population_generation_31.json
3e7dfe3300d5c15748a6458a37f76d7f,31,5,305,0.23196,e2,20,,,evolve_experiment\evolution\real\Enron_sampled_post_with_precompute_new\results\pops\Enron_sampled\population_generation_31.json
884cae278785b95256ca82e7ef68bd27,31,6,306,0.23251,e2,44,,,evolve_experiment\evolution\real\Enron_sampled_post_with_precompute_new\results\pops\Enron_sampled\population_generation_31.json
246e00ca6a7e1a8932c78833df504175,31,7,307,0.23258,m2,10,,,evolve_experiment\evolution\real\Enron_sampled_post_with_precompute_new\results\pops\Enron_sampled\population_generation_31.json
acf37cda6cd26b8a97a13e264e48fd39,31,8,308,0.23283,m1,58,,,evolve_experiment\evolution\real\Enron_sampled_post_with_precompute_new\results\pops\Enron_sampled\population_generation_31.json
36e3b515ffb654ac3644c2c94dc6f493,31,9,309,0.23405,m1,17,,,evolve_experiment\evolution\real\Enron_sampled_post_with_precompute_new\results\pops\Enron_sampled\population_generation_31.json
c9282525abf975c53c98d3c3c982fbd5,31,10,310,0.23469,t2,72,"Enhance the best algorithm by replacing the histogram-based entropy with a faster approximate neighborhood diversity score using degree and core_number ranges, reducing complexity while maintaining node disruption balance.","The algorithms progressively balanced between thorough fragmentation (low Objective) and quick disruption (low FHT), improving time_select substantially. The best algorithm (Algorithm 1) uses a sophisticated neighborhood entropy and degree diversity combined with betweenness, but suffers from high time_select. Algorithm 2 reduced time_select but slightly worsened Objective. Algorithm 3 prioritized speed with decent early disruption but slightly higher final Objective. The failed attempts include overly punishing nodes with low neighbors or over-penalizing core nodes leading to suboptimal disruption speed or fragmentation.",evolve_experiment\evolution\real\Enron_sampled_post_with_precompute_new\results\pops\Enron_sampled\population_generation_31.json
3f6894cc822d13bc712b4bda91ef0abb,32,1,311,0.21987,e2,21,,,evolve_experiment\evolution\real\Enron_sampled_post_with_precompute_new\results\pops\Enron_sampled\population_generation_32.json
4704735fd931c8c6d3219797d5132ee2,32,2,312,0.22128,e1,23,,,evolve_experiment\evolution\real\Enron_sampled_post_with_precompute_new\results\pops\Enron_sampled\population_generation_32.json
b34b461a93419d6fe356671453764141,32,3,313,0.22307,e1,63,,,evolve_experiment\evolution\real\Enron_sampled_post_with_precompute_new\results\pops\Enron_sampled\population_generation_32.json
54745d6400a01c246314e18fab57d427,32,4,314,0.22934,m2,27,,,evolve_experiment\evolution\real\Enron_sampled_post_with_precompute_new\results\pops\Enron_sampled\population_generation_32.json
52a5ee7f753d49763957dceaf330988c,32,5,315,0.23054,e2,25,,,evolve_experiment\evolution\real\Enron_sampled_post_with_precompute_new\results\pops\Enron_sampled\population_generation_32.json
3e7dfe3300d5c15748a6458a37f76d7f,32,6,316,0.23196,e2,20,,,evolve_experiment\evolution\real\Enron_sampled_post_with_precompute_new\results\pops\Enron_sampled\population_generation_32.json
884cae278785b95256ca82e7ef68bd27,32,7,317,0.23251,e2,44,,,evolve_experiment\evolution\real\Enron_sampled_post_with_precompute_new\results\pops\Enron_sampled\population_generation_32.json
246e00ca6a7e1a8932c78833df504175,32,8,318,0.23258,m2,10,,,evolve_experiment\evolution\real\Enron_sampled_post_with_precompute_new\results\pops\Enron_sampled\population_generation_32.json
acf37cda6cd26b8a97a13e264e48fd39,32,9,319,0.23283,m1,58,,,evolve_experiment\evolution\real\Enron_sampled_post_with_precompute_new\results\pops\Enron_sampled\population_generation_32.json
36e3b515ffb654ac3644c2c94dc6f493,32,10,320,0.23405,m1,17,,,evolve_experiment\evolution\real\Enron_sampled_post_with_precompute_new\results\pops\Enron_sampled\population_generation_32.json
3f6894cc822d13bc712b4bda91ef0abb,33,1,321,0.21987,e2,21,,,evolve_experiment\evolution\real\Enron_sampled_post_with_precompute_new\results\pops\Enron_sampled\population_generation_33.json
4704735fd931c8c6d3219797d5132ee2,33,2,322,0.22128,e1,23,,,evolve_experiment\evolution\real\Enron_sampled_post_with_precompute_new\results\pops\Enron_sampled\population_generation_33.json
b34b461a93419d6fe356671453764141,33,3,323,0.22307,e1,63,,,evolve_experiment\evolution\real\Enron_sampled_post_with_precompute_new\results\pops\Enron_sampled\population_generation_33.json
54745d6400a01c246314e18fab57d427,33,4,324,0.22934,m2,27,,,evolve_experiment\evolution\real\Enron_sampled_post_with_precompute_new\results\pops\Enron_sampled\population_generation_33.json
52a5ee7f753d49763957dceaf330988c,33,5,325,0.23054,e2,25,,,evolve_experiment\evolution\real\Enron_sampled_post_with_precompute_new\results\pops\Enron_sampled\population_generation_33.json
3e7dfe3300d5c15748a6458a37f76d7f,33,6,326,0.23196,e2,20,,,evolve_experiment\evolution\real\Enron_sampled_post_with_precompute_new\results\pops\Enron_sampled\population_generation_33.json
884cae278785b95256ca82e7ef68bd27,33,7,327,0.23251,e2,44,,,evolve_experiment\evolution\real\Enron_sampled_post_with_precompute_new\results\pops\Enron_sampled\population_generation_33.json
246e00ca6a7e1a8932c78833df504175,33,8,328,0.23258,m2,10,,,evolve_experiment\evolution\real\Enron_sampled_post_with_precompute_new\results\pops\Enron_sampled\population_generation_33.json
acf37cda6cd26b8a97a13e264e48fd39,33,9,329,0.23283,m1,58,,,evolve_experiment\evolution\real\Enron_sampled_post_with_precompute_new\results\pops\Enron_sampled\population_generation_33.json
655b4048ed8dc706abdad0c7da8b4482,33,10,330,0.23355,t2,36,"Select the next node by combining normalized core number, eigenvector centrality, and betweenness centrality with an adaptive neighborhood vulnerability factor weighted by bridge ratio to balance fast disruption and thorough fragmentation.","The small improvements focused on integrating multiple node centrality and neighborhood vulnerability metrics to balance early impact and final fragmentation, improving time efficiency modestly. However, aggressive weighting of variance or clustering sometimes led to overlooking critical bridge nodes, causing slower disruption in early stages (higher fht_50 and fht_10).",evolve_experiment\evolution\real\Enron_sampled_post_with_precompute_new\results\pops\Enron_sampled\population_generation_33.json
3f6894cc822d13bc712b4bda91ef0abb,34,1,331,0.21987,e2,21,,,evolve_experiment\evolution\real\Enron_sampled_post_with_precompute_new\results\pops\Enron_sampled\population_generation_34.json
4704735fd931c8c6d3219797d5132ee2,34,2,332,0.22128,e1,23,,,evolve_experiment\evolution\real\Enron_sampled_post_with_precompute_new\results\pops\Enron_sampled\population_generation_34.json
b34b461a93419d6fe356671453764141,34,3,333,0.22307,e1,63,,,evolve_experiment\evolution\real\Enron_sampled_post_with_precompute_new\results\pops\Enron_sampled\population_generation_34.json
54745d6400a01c246314e18fab57d427,34,4,334,0.22934,m2,27,,,evolve_experiment\evolution\real\Enron_sampled_post_with_precompute_new\results\pops\Enron_sampled\population_generation_34.json
52a5ee7f753d49763957dceaf330988c,34,5,335,0.23054,e2,25,,,evolve_experiment\evolution\real\Enron_sampled_post_with_precompute_new\results\pops\Enron_sampled\population_generation_34.json
3e7dfe3300d5c15748a6458a37f76d7f,34,6,336,0.23196,e2,20,,,evolve_experiment\evolution\real\Enron_sampled_post_with_precompute_new\results\pops\Enron_sampled\population_generation_34.json
884cae278785b95256ca82e7ef68bd27,34,7,337,0.23251,e2,44,,,evolve_experiment\evolution\real\Enron_sampled_post_with_precompute_new\results\pops\Enron_sampled\population_generation_34.json
246e00ca6a7e1a8932c78833df504175,34,8,338,0.23258,m2,10,,,evolve_experiment\evolution\real\Enron_sampled_post_with_precompute_new\results\pops\Enron_sampled\population_generation_34.json
acf37cda6cd26b8a97a13e264e48fd39,34,9,339,0.23283,m1,58,,,evolve_experiment\evolution\real\Enron_sampled_post_with_precompute_new\results\pops\Enron_sampled\population_generation_34.json
655b4048ed8dc706abdad0c7da8b4482,34,10,340,0.23355,t2,36,"Select the next node by combining normalized core number, eigenvector centrality, and betweenness centrality with an adaptive neighborhood vulnerability factor weighted by bridge ratio to balance fast disruption and thorough fragmentation.","The small improvements focused on integrating multiple node centrality and neighborhood vulnerability metrics to balance early impact and final fragmentation, improving time efficiency modestly. However, aggressive weighting of variance or clustering sometimes led to overlooking critical bridge nodes, causing slower disruption in early stages (higher fht_50 and fht_10).",evolve_experiment\evolution\real\Enron_sampled_post_with_precompute_new\results\pops\Enron_sampled\population_generation_34.json
3f6894cc822d13bc712b4bda91ef0abb,35,1,341,0.21987,e2,21,,,evolve_experiment\evolution\real\Enron_sampled_post_with_precompute_new\results\pops\Enron_sampled\population_generation_35.json
4704735fd931c8c6d3219797d5132ee2,35,2,342,0.22128,e1,23,,,evolve_experiment\evolution\real\Enron_sampled_post_with_precompute_new\results\pops\Enron_sampled\population_generation_35.json
b34b461a93419d6fe356671453764141,35,3,343,0.22307,e1,63,,,evolve_experiment\evolution\real\Enron_sampled_post_with_precompute_new\results\pops\Enron_sampled\population_generation_35.json
a3511c5c451336e57a642ef626fd34ad,35,4,344,0.22851,t2,54,"Select the node maximizing a hybrid score combining normalized core number, eigenvector centrality, neighbor vulnerability ratio, and betweenness modulated by clustering, with added weighting by neighborhood core diversity to enhance balance between early and long-term disruption.","The algorithms evolved by increasingly combining multiple node centrality measures and neighborhood vulnerability metrics, improving early disruption (fht) and objective scores; however, attempts to incorporate more complex neighborhood statistics sometimes increased time_select without clear final gains.",evolve_experiment\evolution\real\Enron_sampled_post_with_precompute_new\results\pops\Enron_sampled\population_generation_35.json
54745d6400a01c246314e18fab57d427,35,5,345,0.22934,m2,27,,,evolve_experiment\evolution\real\Enron_sampled_post_with_precompute_new\results\pops\Enron_sampled\population_generation_35.json
52a5ee7f753d49763957dceaf330988c,35,6,346,0.23054,e2,25,,,evolve_experiment\evolution\real\Enron_sampled_post_with_precompute_new\results\pops\Enron_sampled\population_generation_35.json
3daeb008d8d1566bbf25180de0a71a17,35,7,347,0.23125,e1,18,,,evolve_experiment\evolution\real\Enron_sampled_post_with_precompute_new\results\pops\Enron_sampled\population_generation_35.json
3e7dfe3300d5c15748a6458a37f76d7f,35,8,348,0.23196,e2,20,,,evolve_experiment\evolution\real\Enron_sampled_post_with_precompute_new\results\pops\Enron_sampled\population_generation_35.json
884cae278785b95256ca82e7ef68bd27,35,9,349,0.23251,e2,44,,,evolve_experiment\evolution\real\Enron_sampled_post_with_precompute_new\results\pops\Enron_sampled\population_generation_35.json
246e00ca6a7e1a8932c78833df504175,35,10,350,0.23258,m2,10,,,evolve_experiment\evolution\real\Enron_sampled_post_with_precompute_new\results\pops\Enron_sampled\population_generation_35.json
3f6894cc822d13bc712b4bda91ef0abb,36,1,351,0.21987,e2,21,,,evolve_experiment\evolution\real\Enron_sampled_post_with_precompute_new\results\pops\Enron_sampled\population_generation_36.json
4704735fd931c8c6d3219797d5132ee2,36,2,352,0.22128,e1,23,,,evolve_experiment\evolution\real\Enron_sampled_post_with_precompute_new\results\pops\Enron_sampled\population_generation_36.json
b34b461a93419d6fe356671453764141,36,3,353,0.22307,e1,63,,,evolve_experiment\evolution\real\Enron_sampled_post_with_precompute_new\results\pops\Enron_sampled\population_generation_36.json
a3511c5c451336e57a642ef626fd34ad,36,4,354,0.22851,t2,54,"Select the node maximizing a hybrid score combining normalized core number, eigenvector centrality, neighbor vulnerability ratio, and betweenness modulated by clustering, with added weighting by neighborhood core diversity to enhance balance between early and long-term disruption.","The algorithms evolved by increasingly combining multiple node centrality measures and neighborhood vulnerability metrics, improving early disruption (fht) and objective scores; however, attempts to incorporate more complex neighborhood statistics sometimes increased time_select without clear final gains.",evolve_experiment\evolution\real\Enron_sampled_post_with_precompute_new\results\pops\Enron_sampled\population_generation_36.json
54745d6400a01c246314e18fab57d427,36,5,355,0.22934,m2,27,,,evolve_experiment\evolution\real\Enron_sampled_post_with_precompute_new\results\pops\Enron_sampled\population_generation_36.json
52a5ee7f753d49763957dceaf330988c,36,6,356,0.23054,e2,25,,,evolve_experiment\evolution\real\Enron_sampled_post_with_precompute_new\results\pops\Enron_sampled\population_generation_36.json
3daeb008d8d1566bbf25180de0a71a17,36,7,357,0.23125,e1,18,,,evolve_experiment\evolution\real\Enron_sampled_post_with_precompute_new\results\pops\Enron_sampled\population_generation_36.json
3e7dfe3300d5c15748a6458a37f76d7f,36,8,358,0.23196,e2,20,,,evolve_experiment\evolution\real\Enron_sampled_post_with_precompute_new\results\pops\Enron_sampled\population_generation_36.json
884cae278785b95256ca82e7ef68bd27,36,9,359,0.23251,e2,44,,,evolve_experiment\evolution\real\Enron_sampled_post_with_precompute_new\results\pops\Enron_sampled\population_generation_36.json
246e00ca6a7e1a8932c78833df504175,36,10,360,0.23258,m2,10,,,evolve_experiment\evolution\real\Enron_sampled_post_with_precompute_new\results\pops\Enron_sampled\population_generation_36.json
3f6894cc822d13bc712b4bda91ef0abb,37,1,361,0.21987,e2,21,,,evolve_experiment\evolution\real\Enron_sampled_post_with_precompute_new\results\pops\Enron_sampled\population_generation_37.json
4704735fd931c8c6d3219797d5132ee2,37,2,362,0.22128,e1,23,,,evolve_experiment\evolution\real\Enron_sampled_post_with_precompute_new\results\pops\Enron_sampled\population_generation_37.json
7bc0f33e0949d3f6dbd9df12803540cd,37,3,363,0.22179,m1,40,,,evolve_experiment\evolution\real\Enron_sampled_post_with_precompute_new\results\pops\Enron_sampled\population_generation_37.json
b34b461a93419d6fe356671453764141,37,4,364,0.22307,e1,63,,,evolve_experiment\evolution\real\Enron_sampled_post_with_precompute_new\results\pops\Enron_sampled\population_generation_37.json
a3511c5c451336e57a642ef626fd34ad,37,5,365,0.22851,t2,54,"Select the node maximizing a hybrid score combining normalized core number, eigenvector centrality, neighbor vulnerability ratio, and betweenness modulated by clustering, with added weighting by neighborhood core diversity to enhance balance between early and long-term disruption.","The algorithms evolved by increasingly combining multiple node centrality measures and neighborhood vulnerability metrics, improving early disruption (fht) and objective scores; however, attempts to incorporate more complex neighborhood statistics sometimes increased time_select without clear final gains.",evolve_experiment\evolution\real\Enron_sampled_post_with_precompute_new\results\pops\Enron_sampled\population_generation_37.json
54745d6400a01c246314e18fab57d427,37,6,366,0.22934,m2,27,,,evolve_experiment\evolution\real\Enron_sampled_post_with_precompute_new\results\pops\Enron_sampled\population_generation_37.json
52a5ee7f753d49763957dceaf330988c,37,7,367,0.23054,e2,25,,,evolve_experiment\evolution\real\Enron_sampled_post_with_precompute_new\results\pops\Enron_sampled\population_generation_37.json
3daeb008d8d1566bbf25180de0a71a17,37,8,368,0.23125,e1,18,,,evolve_experiment\evolution\real\Enron_sampled_post_with_precompute_new\results\pops\Enron_sampled\population_generation_37.json
3e7dfe3300d5c15748a6458a37f76d7f,37,9,369,0.23196,e2,20,,,evolve_experiment\evolution\real\Enron_sampled_post_with_precompute_new\results\pops\Enron_sampled\population_generation_37.json
884cae278785b95256ca82e7ef68bd27,37,10,370,0.23251,e2,44,,,evolve_experiment\evolution\real\Enron_sampled_post_with_precompute_new\results\pops\Enron_sampled\population_generation_37.json
3f6894cc822d13bc712b4bda91ef0abb,38,1,371,0.21987,e2,21,,,evolve_experiment\evolution\real\Enron_sampled_post_with_precompute_new\results\pops\Enron_sampled\population_generation_38.json
4704735fd931c8c6d3219797d5132ee2,38,2,372,0.22128,e1,23,,,evolve_experiment\evolution\real\Enron_sampled_post_with_precompute_new\results\pops\Enron_sampled\population_generation_38.json
7bc0f33e0949d3f6dbd9df12803540cd,38,3,373,0.22179,m1,40,,,evolve_experiment\evolution\real\Enron_sampled_post_with_precompute_new\results\pops\Enron_sampled\population_generation_38.json
b34b461a93419d6fe356671453764141,38,4,374,0.22307,e1,63,,,evolve_experiment\evolution\real\Enron_sampled_post_with_precompute_new\results\pops\Enron_sampled\population_generation_38.json
cab98af63bfff29f73e8e3a443018992,38,5,375,0.22399,m2,74,,,evolve_experiment\evolution\real\Enron_sampled_post_with_precompute_new\results\pops\Enron_sampled\population_generation_38.json
a3511c5c451336e57a642ef626fd34ad,38,6,376,0.22851,t2,54,"Select the node maximizing a hybrid score combining normalized core number, eigenvector centrality, neighbor vulnerability ratio, and betweenness modulated by clustering, with added weighting by neighborhood core diversity to enhance balance between early and long-term disruption.","The algorithms evolved by increasingly combining multiple node centrality measures and neighborhood vulnerability metrics, improving early disruption (fht) and objective scores; however, attempts to incorporate more complex neighborhood statistics sometimes increased time_select without clear final gains.",evolve_experiment\evolution\real\Enron_sampled_post_with_precompute_new\results\pops\Enron_sampled\population_generation_38.json
29d54fb58ab7d16df0dddd72d5d067f6,38,7,377,0.2291,e2,13,"Select the next node by combining normalized node betweenness with a neighborhood diversity score derived from the entropy of core numbers and clustering coefficients of neighbors, weighted by inverse eigenvector centrality to penalize overly central nodes, thus balancing bridging importance, local heterogeneity, and avoiding over-targeting global hubs.",,evolve_experiment\evolution\real\Enron_sampled_post_with_precompute_new\results\pops\Enron_sampled\population_generation_38.json
54745d6400a01c246314e18fab57d427,38,8,378,0.22934,m2,27,,,evolve_experiment\evolution\real\Enron_sampled_post_with_precompute_new\results\pops\Enron_sampled\population_generation_38.json
a748188b8ba007b3780086200fcde823,38,9,379,0.22938,t2,55,"Select the next node by combining normalized betweenness and inverse clustering coefficient via harmonic mean, further boosted by neighborhood core diversity weighted by degree variance normalized globally, balancing node influence and neighborhood heterogeneity efficiently.","The algorithms progressively integrated nuanced combinations of centrality and local neighborhood metrics, improving balance between early disruption (low fht_50) and final fragmentation (objective). Small improvements came from harmonizing global and local structural measures with adaptive penalties. However, attempts to heavily weigh complex neighborhood diversity or clustering penalties sometimes increased time_select and did not always improve objective, showing diminishing returns.",evolve_experiment\evolution\real\Enron_sampled_post_with_precompute_new\results\pops\Enron_sampled\population_generation_38.json
52a5ee7f753d49763957dceaf330988c,38,10,380,0.23054,e2,25,,,evolve_experiment\evolution\real\Enron_sampled_post_with_precompute_new\results\pops\Enron_sampled\population_generation_38.json
35d3b8c2dcafc85418ab0270b657095a,39,1,381,0.21781,m1,16,,,evolve_experiment\evolution\real\Enron_sampled_post_with_precompute_new\results\pops\Enron_sampled\population_generation_39.json
3f6894cc822d13bc712b4bda91ef0abb,39,2,382,0.21987,e2,21,,,evolve_experiment\evolution\real\Enron_sampled_post_with_precompute_new\results\pops\Enron_sampled\population_generation_39.json
4704735fd931c8c6d3219797d5132ee2,39,3,383,0.22128,e1,23,,,evolve_experiment\evolution\real\Enron_sampled_post_with_precompute_new\results\pops\Enron_sampled\population_generation_39.json
7bc0f33e0949d3f6dbd9df12803540cd,39,4,384,0.22179,m1,40,,,evolve_experiment\evolution\real\Enron_sampled_post_with_precompute_new\results\pops\Enron_sampled\population_generation_39.json
b34b461a93419d6fe356671453764141,39,5,385,0.22307,e1,63,,,evolve_experiment\evolution\real\Enron_sampled_post_with_precompute_new\results\pops\Enron_sampled\population_generation_39.json
cab98af63bfff29f73e8e3a443018992,39,6,386,0.22399,m2,74,,,evolve_experiment\evolution\real\Enron_sampled_post_with_precompute_new\results\pops\Enron_sampled\population_generation_39.json
a3511c5c451336e57a642ef626fd34ad,39,7,387,0.22851,t2,54,"Select the node maximizing a hybrid score combining normalized core number, eigenvector centrality, neighbor vulnerability ratio, and betweenness modulated by clustering, with added weighting by neighborhood core diversity to enhance balance between early and long-term disruption.","The algorithms evolved by increasingly combining multiple node centrality measures and neighborhood vulnerability metrics, improving early disruption (fht) and objective scores; however, attempts to incorporate more complex neighborhood statistics sometimes increased time_select without clear final gains.",evolve_experiment\evolution\real\Enron_sampled_post_with_precompute_new\results\pops\Enron_sampled\population_generation_39.json
29d54fb58ab7d16df0dddd72d5d067f6,39,8,388,0.2291,e2,13,"Select the next node by combining normalized node betweenness with a neighborhood diversity score derived from the entropy of core numbers and clustering coefficients of neighbors, weighted by inverse eigenvector centrality to penalize overly central nodes, thus balancing bridging importance, local heterogeneity, and avoiding over-targeting global hubs.",,evolve_experiment\evolution\real\Enron_sampled_post_with_precompute_new\results\pops\Enron_sampled\population_generation_39.json
54745d6400a01c246314e18fab57d427,39,9,389,0.22934,m2,27,,,evolve_experiment\evolution\real\Enron_sampled_post_with_precompute_new\results\pops\Enron_sampled\population_generation_39.json
a748188b8ba007b3780086200fcde823,39,10,390,0.22938,t2,55,"Select the next node by combining normalized betweenness and inverse clustering coefficient via harmonic mean, further boosted by neighborhood core diversity weighted by degree variance normalized globally, balancing node influence and neighborhood heterogeneity efficiently.","The algorithms progressively integrated nuanced combinations of centrality and local neighborhood metrics, improving balance between early disruption (low fht_50) and final fragmentation (objective). Small improvements came from harmonizing global and local structural measures with adaptive penalties. However, attempts to heavily weigh complex neighborhood diversity or clustering penalties sometimes increased time_select and did not always improve objective, showing diminishing returns.",evolve_experiment\evolution\real\Enron_sampled_post_with_precompute_new\results\pops\Enron_sampled\population_generation_39.json
35d3b8c2dcafc85418ab0270b657095a,40,1,391,0.21781,m1,16,,,evolve_experiment\evolution\real\Enron_sampled_post_with_precompute_new\results\pops\Enron_sampled\population_generation_40.json
3f6894cc822d13bc712b4bda91ef0abb,40,2,392,0.21987,e2,21,,,evolve_experiment\evolution\real\Enron_sampled_post_with_precompute_new\results\pops\Enron_sampled\population_generation_40.json
4704735fd931c8c6d3219797d5132ee2,40,3,393,0.22128,e1,23,,,evolve_experiment\evolution\real\Enron_sampled_post_with_precompute_new\results\pops\Enron_sampled\population_generation_40.json
7bc0f33e0949d3f6dbd9df12803540cd,40,4,394,0.22179,m1,40,,,evolve_experiment\evolution\real\Enron_sampled_post_with_precompute_new\results\pops\Enron_sampled\population_generation_40.json
b34b461a93419d6fe356671453764141,40,5,395,0.22307,e1,63,,,evolve_experiment\evolution\real\Enron_sampled_post_with_precompute_new\results\pops\Enron_sampled\population_generation_40.json
cab98af63bfff29f73e8e3a443018992,40,6,396,0.22399,m2,74,,,evolve_experiment\evolution\real\Enron_sampled_post_with_precompute_new\results\pops\Enron_sampled\population_generation_40.json
30b1720ef86ac604133723e335b2cafc,40,7,397,0.2265,t2,15,"Select next node by balancing normalized betweenness and degree using a weighted blend of local clustering diversity entropy and neighborhood core number variance, with a light penalty on eigenvector centrality for hub avoidance to balance early disruption and long-term fragmentation efficiently.","The generation made incremental improvements by incorporating diverse neighborhood heterogeneity measures (entropy, variance, std dev) combined with normalized centralities, balancing local diversity with node global importance. However, gains plateaued as complexity and time_select increased without significant objective improvement, indicating diminishing returns from more complex neighborhood stats. A failed attempt was to over-penalize eigenvector centrality or overly rely on harmonic means, which increased computation time and did not substantially improve disruption metrics.",evolve_experiment\evolution\real\Enron_sampled_post_with_precompute_new\results\pops\Enron_sampled\population_generation_40.json
a3511c5c451336e57a642ef626fd34ad,40,8,398,0.22851,t2,54,"Select the node maximizing a hybrid score combining normalized core number, eigenvector centrality, neighbor vulnerability ratio, and betweenness modulated by clustering, with added weighting by neighborhood core diversity to enhance balance between early and long-term disruption.","The algorithms evolved by increasingly combining multiple node centrality measures and neighborhood vulnerability metrics, improving early disruption (fht) and objective scores; however, attempts to incorporate more complex neighborhood statistics sometimes increased time_select without clear final gains.",evolve_experiment\evolution\real\Enron_sampled_post_with_precompute_new\results\pops\Enron_sampled\population_generation_40.json
29d54fb58ab7d16df0dddd72d5d067f6,40,9,399,0.2291,e2,13,"Select the next node by combining normalized node betweenness with a neighborhood diversity score derived from the entropy of core numbers and clustering coefficients of neighbors, weighted by inverse eigenvector centrality to penalize overly central nodes, thus balancing bridging importance, local heterogeneity, and avoiding over-targeting global hubs.",,evolve_experiment\evolution\real\Enron_sampled_post_with_precompute_new\results\pops\Enron_sampled\population_generation_40.json
54745d6400a01c246314e18fab57d427,40,10,400,0.22934,m2,27,,,evolve_experiment\evolution\real\Enron_sampled_post_with_precompute_new\results\pops\Enron_sampled\population_generation_40.json
35d3b8c2dcafc85418ab0270b657095a,41,1,401,0.21781,m1,16,,,evolve_experiment\evolution\real\Enron_sampled_post_with_precompute_new\results\pops\Enron_sampled\population_generation_41.json
3f6894cc822d13bc712b4bda91ef0abb,41,2,402,0.21987,e2,21,,,evolve_experiment\evolution\real\Enron_sampled_post_with_precompute_new\results\pops\Enron_sampled\population_generation_41.json
4704735fd931c8c6d3219797d5132ee2,41,3,403,0.22128,e1,23,,,evolve_experiment\evolution\real\Enron_sampled_post_with_precompute_new\results\pops\Enron_sampled\population_generation_41.json
7bc0f33e0949d3f6dbd9df12803540cd,41,4,404,0.22179,m1,40,,,evolve_experiment\evolution\real\Enron_sampled_post_with_precompute_new\results\pops\Enron_sampled\population_generation_41.json
b34b461a93419d6fe356671453764141,41,5,405,0.22307,e1,63,,,evolve_experiment\evolution\real\Enron_sampled_post_with_precompute_new\results\pops\Enron_sampled\population_generation_41.json
cab98af63bfff29f73e8e3a443018992,41,6,406,0.22399,m2,74,,,evolve_experiment\evolution\real\Enron_sampled_post_with_precompute_new\results\pops\Enron_sampled\population_generation_41.json
f87373a574b3e308ee2daf4087f83062,41,7,407,0.22586,t1,84,"Select the next node by combining normalized betweenness and degree with coefficient of variation based neighborhood diversity and neighbor vulnerability, while adaptively penalizing eigenvector centrality relative to graph structure for balanced, efficient critical node selection.","This strategy should significantly reduce time_select by avoiding expensive entropy calculations and logarithms. Using CV as diversity maintains diversity sensitivity but with lower cost. Adaptive eigenvector penalty adjusts to graph structure rather than fixed exponential decay, potentially improving balance between early and late disruption. The simplicity and fewer parameters also enhance robustness and interpretability. This approach seeks a sweet spot between the thoroughness of Algorithm 1 and the efficiency of Algorithm 4.",evolve_experiment\evolution\real\Enron_sampled_post_with_precompute_new\results\pops\Enron_sampled\population_generation_41.json
55121664881661753593092f022fce89,41,8,408,0.22593,e2,29,,,evolve_experiment\evolution\real\Enron_sampled_post_with_precompute_new\results\pops\Enron_sampled\population_generation_41.json
30b1720ef86ac604133723e335b2cafc,41,9,409,0.2265,t2,15,"Select next node by balancing normalized betweenness and degree using a weighted blend of local clustering diversity entropy and neighborhood core number variance, with a light penalty on eigenvector centrality for hub avoidance to balance early disruption and long-term fragmentation efficiently.","The generation made incremental improvements by incorporating diverse neighborhood heterogeneity measures (entropy, variance, std dev) combined with normalized centralities, balancing local diversity with node global importance. However, gains plateaued as complexity and time_select increased without significant objective improvement, indicating diminishing returns from more complex neighborhood stats. A failed attempt was to over-penalize eigenvector centrality or overly rely on harmonic means, which increased computation time and did not substantially improve disruption metrics.",evolve_experiment\evolution\real\Enron_sampled_post_with_precompute_new\results\pops\Enron_sampled\population_generation_41.json
a3511c5c451336e57a642ef626fd34ad,41,10,410,0.22851,t2,54,"Select the node maximizing a hybrid score combining normalized core number, eigenvector centrality, neighbor vulnerability ratio, and betweenness modulated by clustering, with added weighting by neighborhood core diversity to enhance balance between early and long-term disruption.","The algorithms evolved by increasingly combining multiple node centrality measures and neighborhood vulnerability metrics, improving early disruption (fht) and objective scores; however, attempts to incorporate more complex neighborhood statistics sometimes increased time_select without clear final gains.",evolve_experiment\evolution\real\Enron_sampled_post_with_precompute_new\results\pops\Enron_sampled\population_generation_41.json
9c6e0052ce494807349161269561f227,42,1,411,0.21507,e2,51,n: [nbr for nbr in graph.neighbors(n) if nbr in unvisited_set] for n in unvisited_nodes,,evolve_experiment\evolution\real\Enron_sampled_post_with_precompute_new\results\pops\Enron_sampled\population_generation_42.json
35d3b8c2dcafc85418ab0270b657095a,42,2,412,0.21781,m1,16,,,evolve_experiment\evolution\real\Enron_sampled_post_with_precompute_new\results\pops\Enron_sampled\population_generation_42.json
3f6894cc822d13bc712b4bda91ef0abb,42,3,413,0.21987,e2,21,,,evolve_experiment\evolution\real\Enron_sampled_post_with_precompute_new\results\pops\Enron_sampled\population_generation_42.json
ba8a03914304e9901ee94dcc6e75f13f,42,4,414,0.21997,e2,66,,,evolve_experiment\evolution\real\Enron_sampled_post_with_precompute_new\results\pops\Enron_sampled\population_generation_42.json
4704735fd931c8c6d3219797d5132ee2,42,5,415,0.22128,e1,23,,,evolve_experiment\evolution\real\Enron_sampled_post_with_precompute_new\results\pops\Enron_sampled\population_generation_42.json
7bc0f33e0949d3f6dbd9df12803540cd,42,6,416,0.22179,m1,40,,,evolve_experiment\evolution\real\Enron_sampled_post_with_precompute_new\results\pops\Enron_sampled\population_generation_42.json
b34b461a93419d6fe356671453764141,42,7,417,0.22307,e1,63,,,evolve_experiment\evolution\real\Enron_sampled_post_with_precompute_new\results\pops\Enron_sampled\population_generation_42.json
cab98af63bfff29f73e8e3a443018992,42,8,418,0.22399,m2,74,,,evolve_experiment\evolution\real\Enron_sampled_post_with_precompute_new\results\pops\Enron_sampled\population_generation_42.json
ed7fa57fc09d74648932cfce4e668fe9,42,9,419,0.2254,t2,82,"Enhance Algorithm 1 by incorporating a lightweight early stopping condition on low neighborhood variance nodes to reduce time_select while preserving score quality, thus improving efficiency without sacrificing performance.","The recent algorithms progressively integrated richer neighborhood diversity and structural variance metrics with core and betweenness centralities, improving balance between early disruption and final fragmentation, but attempts to combine many features sometimes increased time_select without commensurate gains. Algorithm 1’s adaptive penalty balancing betweenness with local core variance and inverse clustering was efficient and effective, while Algorithm 2’s harmonic mean of neighborhood diversities added complexity but longer select time, and Algorithm 3’s neighborhood vulnerability focus did not clearly outperform earlier versions.",evolve_experiment\evolution\real\Enron_sampled_post_with_precompute_new\results\pops\Enron_sampled\population_generation_42.json
f87373a574b3e308ee2daf4087f83062,42,10,420,0.22586,t1,84,"Select the next node by combining normalized betweenness and degree with coefficient of variation based neighborhood diversity and neighbor vulnerability, while adaptively penalizing eigenvector centrality relative to graph structure for balanced, efficient critical node selection.","This strategy should significantly reduce time_select by avoiding expensive entropy calculations and logarithms. Using CV as diversity maintains diversity sensitivity but with lower cost. Adaptive eigenvector penalty adjusts to graph structure rather than fixed exponential decay, potentially improving balance between early and late disruption. The simplicity and fewer parameters also enhance robustness and interpretability. This approach seeks a sweet spot between the thoroughness of Algorithm 1 and the efficiency of Algorithm 4.",evolve_experiment\evolution\real\Enron_sampled_post_with_precompute_new\results\pops\Enron_sampled\population_generation_42.json
9c6e0052ce494807349161269561f227,43,1,421,0.21507,e2,51,n: [nbr for nbr in graph.neighbors(n) if nbr in unvisited_set] for n in unvisited_nodes,,evolve_experiment\evolution\real\Enron_sampled_post_with_precompute_new\results\pops\Enron_sampled\population_generation_43.json
1bbadf902c4c066d4d579895fe92f89e,43,2,422,0.21522,t2,6,"A balanced scoring combining betweenness, degree, neighborhood diversity, and vulnerability with an adaptive eigenvector penalty, optimized by caching neighbors and simplifying normalization steps to reduce time complexity.","The algorithms progressively integrated richer neighborhood diversity and vulnerability measures to balance early disruption and final fragmentation, improving fht_50 and anc_prefix_k, while attempts to aggressively penalize low-variance neighborhoods increased time_select without clear gains. The main failure was that heavier computations (Algorithm 3) increased selection time drastically with diminishing returns.",evolve_experiment\evolution\real\Enron_sampled_post_with_precompute_new\results\pops\Enron_sampled\population_generation_43.json
35d3b8c2dcafc85418ab0270b657095a,43,3,423,0.21781,m1,16,,,evolve_experiment\evolution\real\Enron_sampled_post_with_precompute_new\results\pops\Enron_sampled\population_generation_43.json
b245c42fc0018ee3685f7f9dce4f4541,43,4,424,0.21944,e1,60,,,evolve_experiment\evolution\real\Enron_sampled_post_with_precompute_new\results\pops\Enron_sampled\population_generation_43.json
3f6894cc822d13bc712b4bda91ef0abb,43,5,425,0.21987,e2,21,,,evolve_experiment\evolution\real\Enron_sampled_post_with_precompute_new\results\pops\Enron_sampled\population_generation_43.json
ba8a03914304e9901ee94dcc6e75f13f,43,6,426,0.21997,e2,66,,,evolve_experiment\evolution\real\Enron_sampled_post_with_precompute_new\results\pops\Enron_sampled\population_generation_43.json
4704735fd931c8c6d3219797d5132ee2,43,7,427,0.22128,e1,23,,,evolve_experiment\evolution\real\Enron_sampled_post_with_precompute_new\results\pops\Enron_sampled\population_generation_43.json
7bc0f33e0949d3f6dbd9df12803540cd,43,8,428,0.22179,m1,40,,,evolve_experiment\evolution\real\Enron_sampled_post_with_precompute_new\results\pops\Enron_sampled\population_generation_43.json
6939f3d1a22ff8488905d3fe31faf360,43,9,429,0.22268,e2,38,"Select next node by scoring nodes based on a dynamic balance of local fragility (low core neighbors ratio), # global bridging importance (betweenness scaled by bridge ratio), and degree variance penalty, # combined through multiplicative interaction with adaptive weighting from global graph stats.",,evolve_experiment\evolution\real\Enron_sampled_post_with_precompute_new\results\pops\Enron_sampled\population_generation_43.json
b34b461a93419d6fe356671453764141,43,10,430,0.22307,e1,63,,,evolve_experiment\evolution\real\Enron_sampled_post_with_precompute_new\results\pops\Enron_sampled\population_generation_43.json
9c6e0052ce494807349161269561f227,44,1,431,0.21507,e2,51,n: [nbr for nbr in graph.neighbors(n) if nbr in unvisited_set] for n in unvisited_nodes,,evolve_experiment\evolution\real\Enron_sampled_post_with_precompute_new\results\pops\Enron_sampled\population_generation_44.json
1bbadf902c4c066d4d579895fe92f89e,44,2,432,0.21522,t2,6,"A balanced scoring combining betweenness, degree, neighborhood diversity, and vulnerability with an adaptive eigenvector penalty, optimized by caching neighbors and simplifying normalization steps to reduce time complexity.","The algorithms progressively integrated richer neighborhood diversity and vulnerability measures to balance early disruption and final fragmentation, improving fht_50 and anc_prefix_k, while attempts to aggressively penalize low-variance neighborhoods increased time_select without clear gains. The main failure was that heavier computations (Algorithm 3) increased selection time drastically with diminishing returns.",evolve_experiment\evolution\real\Enron_sampled_post_with_precompute_new\results\pops\Enron_sampled\population_generation_44.json
35d3b8c2dcafc85418ab0270b657095a,44,3,433,0.21781,m1,16,,,evolve_experiment\evolution\real\Enron_sampled_post_with_precompute_new\results\pops\Enron_sampled\population_generation_44.json
b245c42fc0018ee3685f7f9dce4f4541,44,4,434,0.21944,e1,60,,,evolve_experiment\evolution\real\Enron_sampled_post_with_precompute_new\results\pops\Enron_sampled\population_generation_44.json
3f6894cc822d13bc712b4bda91ef0abb,44,5,435,0.21987,e2,21,,,evolve_experiment\evolution\real\Enron_sampled_post_with_precompute_new\results\pops\Enron_sampled\population_generation_44.json
ba8a03914304e9901ee94dcc6e75f13f,44,6,436,0.21997,e2,66,,,evolve_experiment\evolution\real\Enron_sampled_post_with_precompute_new\results\pops\Enron_sampled\population_generation_44.json
4704735fd931c8c6d3219797d5132ee2,44,7,437,0.22128,e1,23,,,evolve_experiment\evolution\real\Enron_sampled_post_with_precompute_new\results\pops\Enron_sampled\population_generation_44.json
7bc0f33e0949d3f6dbd9df12803540cd,44,8,438,0.22179,m1,40,,,evolve_experiment\evolution\real\Enron_sampled_post_with_precompute_new\results\pops\Enron_sampled\population_generation_44.json
6939f3d1a22ff8488905d3fe31faf360,44,9,439,0.22268,e2,38,"Select next node by scoring nodes based on a dynamic balance of local fragility (low core neighbors ratio), # global bridging importance (betweenness scaled by bridge ratio), and degree variance penalty, # combined through multiplicative interaction with adaptive weighting from global graph stats.",,evolve_experiment\evolution\real\Enron_sampled_post_with_precompute_new\results\pops\Enron_sampled\population_generation_44.json
b34b461a93419d6fe356671453764141,44,10,440,0.22307,e1,63,,,evolve_experiment\evolution\real\Enron_sampled_post_with_precompute_new\results\pops\Enron_sampled\population_generation_44.json
9c6e0052ce494807349161269561f227,45,1,441,0.21507,e2,51,n: [nbr for nbr in graph.neighbors(n) if nbr in unvisited_set] for n in unvisited_nodes,,evolve_experiment\evolution\real\Enron_sampled_post_with_precompute_new\results\pops\Enron_sampled\population_generation_45.json
1bbadf902c4c066d4d579895fe92f89e,45,2,442,0.21522,t2,6,"A balanced scoring combining betweenness, degree, neighborhood diversity, and vulnerability with an adaptive eigenvector penalty, optimized by caching neighbors and simplifying normalization steps to reduce time complexity.","The algorithms progressively integrated richer neighborhood diversity and vulnerability measures to balance early disruption and final fragmentation, improving fht_50 and anc_prefix_k, while attempts to aggressively penalize low-variance neighborhoods increased time_select without clear gains. The main failure was that heavier computations (Algorithm 3) increased selection time drastically with diminishing returns.",evolve_experiment\evolution\real\Enron_sampled_post_with_precompute_new\results\pops\Enron_sampled\population_generation_45.json
35d3b8c2dcafc85418ab0270b657095a,45,3,443,0.21781,m1,16,,,evolve_experiment\evolution\real\Enron_sampled_post_with_precompute_new\results\pops\Enron_sampled\population_generation_45.json
b245c42fc0018ee3685f7f9dce4f4541,45,4,444,0.21944,e1,60,,,evolve_experiment\evolution\real\Enron_sampled_post_with_precompute_new\results\pops\Enron_sampled\population_generation_45.json
3f6894cc822d13bc712b4bda91ef0abb,45,5,445,0.21987,e2,21,,,evolve_experiment\evolution\real\Enron_sampled_post_with_precompute_new\results\pops\Enron_sampled\population_generation_45.json
ba8a03914304e9901ee94dcc6e75f13f,45,6,446,0.21997,e2,66,,,evolve_experiment\evolution\real\Enron_sampled_post_with_precompute_new\results\pops\Enron_sampled\population_generation_45.json
4704735fd931c8c6d3219797d5132ee2,45,7,447,0.22128,e1,23,,,evolve_experiment\evolution\real\Enron_sampled_post_with_precompute_new\results\pops\Enron_sampled\population_generation_45.json
7bc0f33e0949d3f6dbd9df12803540cd,45,8,448,0.22179,m1,40,,,evolve_experiment\evolution\real\Enron_sampled_post_with_precompute_new\results\pops\Enron_sampled\population_generation_45.json
6939f3d1a22ff8488905d3fe31faf360,45,9,449,0.22268,e2,38,"Select next node by scoring nodes based on a dynamic balance of local fragility (low core neighbors ratio), # global bridging importance (betweenness scaled by bridge ratio), and degree variance penalty, # combined through multiplicative interaction with adaptive weighting from global graph stats.",,evolve_experiment\evolution\real\Enron_sampled_post_with_precompute_new\results\pops\Enron_sampled\population_generation_45.json
b34b461a93419d6fe356671453764141,45,10,450,0.22307,e1,63,,,evolve_experiment\evolution\real\Enron_sampled_post_with_precompute_new\results\pops\Enron_sampled\population_generation_45.json
9c6e0052ce494807349161269561f227,46,1,451,0.21507,e2,51,n: [nbr for nbr in graph.neighbors(n) if nbr in unvisited_set] for n in unvisited_nodes,,evolve_experiment\evolution\real\Enron_sampled_post_with_precompute_new\results\pops\Enron_sampled\population_generation_46.json
1bbadf902c4c066d4d579895fe92f89e,46,2,452,0.21522,t2,6,"A balanced scoring combining betweenness, degree, neighborhood diversity, and vulnerability with an adaptive eigenvector penalty, optimized by caching neighbors and simplifying normalization steps to reduce time complexity.","The algorithms progressively integrated richer neighborhood diversity and vulnerability measures to balance early disruption and final fragmentation, improving fht_50 and anc_prefix_k, while attempts to aggressively penalize low-variance neighborhoods increased time_select without clear gains. The main failure was that heavier computations (Algorithm 3) increased selection time drastically with diminishing returns.",evolve_experiment\evolution\real\Enron_sampled_post_with_precompute_new\results\pops\Enron_sampled\population_generation_46.json
35d3b8c2dcafc85418ab0270b657095a,46,3,453,0.21781,m1,16,,,evolve_experiment\evolution\real\Enron_sampled_post_with_precompute_new\results\pops\Enron_sampled\population_generation_46.json
b245c42fc0018ee3685f7f9dce4f4541,46,4,454,0.21944,e1,60,,,evolve_experiment\evolution\real\Enron_sampled_post_with_precompute_new\results\pops\Enron_sampled\population_generation_46.json
3f6894cc822d13bc712b4bda91ef0abb,46,5,455,0.21987,e2,21,,,evolve_experiment\evolution\real\Enron_sampled_post_with_precompute_new\results\pops\Enron_sampled\population_generation_46.json
ba8a03914304e9901ee94dcc6e75f13f,46,6,456,0.21997,e2,66,,,evolve_experiment\evolution\real\Enron_sampled_post_with_precompute_new\results\pops\Enron_sampled\population_generation_46.json
4704735fd931c8c6d3219797d5132ee2,46,7,457,0.22128,e1,23,,,evolve_experiment\evolution\real\Enron_sampled_post_with_precompute_new\results\pops\Enron_sampled\population_generation_46.json
a8af1699b3c7216e4ad4fd023c47cc9c,46,8,458,0.22172,t2,56,"Select the next node by adaptively weighting a combination of global influence (betweenness), local vulnerability (inverse clustering), and neighborhood fragility, normalized and combined multiplicatively with dynamic weights derived from precomputed graph statistics for efficient and balanced disruption.","The generation showed incremental improvements by balancing local fragility and global bridging with multiplicative scoring, with attempts to incorporate neighborhood uniqueness to favor rapid fragmentation. However, the most complex metrics like neighbor disjointness increased runtime significantly without consistent gains. The best algorithm balances normalized global and local metrics but can be optimized by reducing redundancy in normalization and incorporating a lightweight adaptive weighting scheme for better trade-off control.",evolve_experiment\evolution\real\Enron_sampled_post_with_precompute_new\results\pops\Enron_sampled\population_generation_46.json
7bc0f33e0949d3f6dbd9df12803540cd,46,9,459,0.22179,m1,40,,,evolve_experiment\evolution\real\Enron_sampled_post_with_precompute_new\results\pops\Enron_sampled\population_generation_46.json
6939f3d1a22ff8488905d3fe31faf360,46,10,460,0.22268,e2,38,"Select next node by scoring nodes based on a dynamic balance of local fragility (low core neighbors ratio), # global bridging importance (betweenness scaled by bridge ratio), and degree variance penalty, # combined through multiplicative interaction with adaptive weighting from global graph stats.",,evolve_experiment\evolution\real\Enron_sampled_post_with_precompute_new\results\pops\Enron_sampled\population_generation_46.json
9c6e0052ce494807349161269561f227,47,1,461,0.21507,e2,51,n: [nbr for nbr in graph.neighbors(n) if nbr in unvisited_set] for n in unvisited_nodes,,evolve_experiment\evolution\real\Enron_sampled_post_with_precompute_new\results\pops\Enron_sampled\population_generation_47.json
1bbadf902c4c066d4d579895fe92f89e,47,2,462,0.21522,t2,6,"A balanced scoring combining betweenness, degree, neighborhood diversity, and vulnerability with an adaptive eigenvector penalty, optimized by caching neighbors and simplifying normalization steps to reduce time complexity.","The algorithms progressively integrated richer neighborhood diversity and vulnerability measures to balance early disruption and final fragmentation, improving fht_50 and anc_prefix_k, while attempts to aggressively penalize low-variance neighborhoods increased time_select without clear gains. The main failure was that heavier computations (Algorithm 3) increased selection time drastically with diminishing returns.",evolve_experiment\evolution\real\Enron_sampled_post_with_precompute_new\results\pops\Enron_sampled\population_generation_47.json
35d3b8c2dcafc85418ab0270b657095a,47,3,463,0.21781,m1,16,,,evolve_experiment\evolution\real\Enron_sampled_post_with_precompute_new\results\pops\Enron_sampled\population_generation_47.json
b245c42fc0018ee3685f7f9dce4f4541,47,4,464,0.21944,e1,60,,,evolve_experiment\evolution\real\Enron_sampled_post_with_precompute_new\results\pops\Enron_sampled\population_generation_47.json
5d2c9bbb3e9f4b9816016142fd30a021,47,5,465,0.21979,t2,32,Enhance the best algorithm by incorporating eigenvector centrality to better capture global influence while maintaining adaptive betweenness weighting and local fragility for balanced disruption.,"The evolutionary progress shows consistent use of multiplicative blending of local fragility, betweenness, and degree-related penalties to balance early disruption and final fragmentation; small improvements involved subtle normalization tweaks and adaptive weighting of betweenness based on bridge ratio. A notable failure is the relatively high time_select cost in later algorithms without clear gains in objective or disruption speed, suggesting some complexity overhead without sufficient payoff.",evolve_experiment\evolution\real\Enron_sampled_post_with_precompute_new\results\pops\Enron_sampled\population_generation_47.json
3f6894cc822d13bc712b4bda91ef0abb,47,6,466,0.21987,e2,21,,,evolve_experiment\evolution\real\Enron_sampled_post_with_precompute_new\results\pops\Enron_sampled\population_generation_47.json
ba8a03914304e9901ee94dcc6e75f13f,47,7,467,0.21997,e2,66,,,evolve_experiment\evolution\real\Enron_sampled_post_with_precompute_new\results\pops\Enron_sampled\population_generation_47.json
4704735fd931c8c6d3219797d5132ee2,47,8,468,0.22128,e1,23,,,evolve_experiment\evolution\real\Enron_sampled_post_with_precompute_new\results\pops\Enron_sampled\population_generation_47.json
a8af1699b3c7216e4ad4fd023c47cc9c,47,9,469,0.22172,t2,56,"Select the next node by adaptively weighting a combination of global influence (betweenness), local vulnerability (inverse clustering), and neighborhood fragility, normalized and combined multiplicatively with dynamic weights derived from precomputed graph statistics for efficient and balanced disruption.","The generation showed incremental improvements by balancing local fragility and global bridging with multiplicative scoring, with attempts to incorporate neighborhood uniqueness to favor rapid fragmentation. However, the most complex metrics like neighbor disjointness increased runtime significantly without consistent gains. The best algorithm balances normalized global and local metrics but can be optimized by reducing redundancy in normalization and incorporating a lightweight adaptive weighting scheme for better trade-off control.",evolve_experiment\evolution\real\Enron_sampled_post_with_precompute_new\results\pops\Enron_sampled\population_generation_47.json
7bc0f33e0949d3f6dbd9df12803540cd,47,10,470,0.22179,m1,40,,,evolve_experiment\evolution\real\Enron_sampled_post_with_precompute_new\results\pops\Enron_sampled\population_generation_47.json
9c6e0052ce494807349161269561f227,48,1,471,0.21507,e2,51,n: [nbr for nbr in graph.neighbors(n) if nbr in unvisited_set] for n in unvisited_nodes,,evolve_experiment\evolution\real\Enron_sampled_post_with_precompute_new\results\pops\Enron_sampled\population_generation_48.json
1bbadf902c4c066d4d579895fe92f89e,48,2,472,0.21522,t2,6,"A balanced scoring combining betweenness, degree, neighborhood diversity, and vulnerability with an adaptive eigenvector penalty, optimized by caching neighbors and simplifying normalization steps to reduce time complexity.","The algorithms progressively integrated richer neighborhood diversity and vulnerability measures to balance early disruption and final fragmentation, improving fht_50 and anc_prefix_k, while attempts to aggressively penalize low-variance neighborhoods increased time_select without clear gains. The main failure was that heavier computations (Algorithm 3) increased selection time drastically with diminishing returns.",evolve_experiment\evolution\real\Enron_sampled_post_with_precompute_new\results\pops\Enron_sampled\population_generation_48.json
35d3b8c2dcafc85418ab0270b657095a,48,3,473,0.21781,m1,16,,,evolve_experiment\evolution\real\Enron_sampled_post_with_precompute_new\results\pops\Enron_sampled\population_generation_48.json
235dbc592129b3d5705655f51e2b0459,48,4,474,0.21922,t2,9,"Adaptive node selection balancing betweenness, local fragility, and normalized eigenvector centrality with a dynamic exponent on betweenness scaled by bridge_ratio to better balance fast early disruption and thorough final fragmentation.","The algorithms progressively integrated multi-dimensional node features with adaptive weighting to better balance immediate disruption and final fragmentation; attempts to aggressively prioritize betweenness or clustering sometimes led to trade-offs in early or late performance. The key challenge remains balancing speed (time_select) and impact (Objective, fht metrics). Minor normalization and weighting tweaks brought incremental gains, but more nuanced adaptive blending based on graph-level stats could further improve both early and late disruption.",evolve_experiment\evolution\real\Enron_sampled_post_with_precompute_new\results\pops\Enron_sampled\population_generation_48.json
b245c42fc0018ee3685f7f9dce4f4541,48,5,475,0.21944,e1,60,,,evolve_experiment\evolution\real\Enron_sampled_post_with_precompute_new\results\pops\Enron_sampled\population_generation_48.json
5d2c9bbb3e9f4b9816016142fd30a021,48,6,476,0.21979,t2,32,Enhance the best algorithm by incorporating eigenvector centrality to better capture global influence while maintaining adaptive betweenness weighting and local fragility for balanced disruption.,"The evolutionary progress shows consistent use of multiplicative blending of local fragility, betweenness, and degree-related penalties to balance early disruption and final fragmentation; small improvements involved subtle normalization tweaks and adaptive weighting of betweenness based on bridge ratio. A notable failure is the relatively high time_select cost in later algorithms without clear gains in objective or disruption speed, suggesting some complexity overhead without sufficient payoff.",evolve_experiment\evolution\real\Enron_sampled_post_with_precompute_new\results\pops\Enron_sampled\population_generation_48.json
3f6894cc822d13bc712b4bda91ef0abb,48,7,477,0.21987,e2,21,,,evolve_experiment\evolution\real\Enron_sampled_post_with_precompute_new\results\pops\Enron_sampled\population_generation_48.json
ba8a03914304e9901ee94dcc6e75f13f,48,8,478,0.21997,e2,66,,,evolve_experiment\evolution\real\Enron_sampled_post_with_precompute_new\results\pops\Enron_sampled\population_generation_48.json
4704735fd931c8c6d3219797d5132ee2,48,9,479,0.22128,e1,23,,,evolve_experiment\evolution\real\Enron_sampled_post_with_precompute_new\results\pops\Enron_sampled\population_generation_48.json
54f57a25cdbe0be4458bd252c94a5f19,48,10,480,0.2214,m2,28,node: [nbr for nbr in graph.neighbors(node) if nbr in unvisited_set] for node in unvisited_nodes,,evolve_experiment\evolution\real\Enron_sampled_post_with_precompute_new\results\pops\Enron_sampled\population_generation_48.json
9c6e0052ce494807349161269561f227,49,1,481,0.21507,e2,51,n: [nbr for nbr in graph.neighbors(n) if nbr in unvisited_set] for n in unvisited_nodes,,evolve_experiment\evolution\real\Enron_sampled_post_with_precompute_new\results\pops\Enron_sampled\population_generation_49.json
1bbadf902c4c066d4d579895fe92f89e,49,2,482,0.21522,t2,6,"A balanced scoring combining betweenness, degree, neighborhood diversity, and vulnerability with an adaptive eigenvector penalty, optimized by caching neighbors and simplifying normalization steps to reduce time complexity.","The algorithms progressively integrated richer neighborhood diversity and vulnerability measures to balance early disruption and final fragmentation, improving fht_50 and anc_prefix_k, while attempts to aggressively penalize low-variance neighborhoods increased time_select without clear gains. The main failure was that heavier computations (Algorithm 3) increased selection time drastically with diminishing returns.",evolve_experiment\evolution\real\Enron_sampled_post_with_precompute_new\results\pops\Enron_sampled\population_generation_49.json
35d3b8c2dcafc85418ab0270b657095a,49,3,483,0.21781,m1,16,,,evolve_experiment\evolution\real\Enron_sampled_post_with_precompute_new\results\pops\Enron_sampled\population_generation_49.json
235dbc592129b3d5705655f51e2b0459,49,4,484,0.21922,t2,9,"Adaptive node selection balancing betweenness, local fragility, and normalized eigenvector centrality with a dynamic exponent on betweenness scaled by bridge_ratio to better balance fast early disruption and thorough final fragmentation.","The algorithms progressively integrated multi-dimensional node features with adaptive weighting to better balance immediate disruption and final fragmentation; attempts to aggressively prioritize betweenness or clustering sometimes led to trade-offs in early or late performance. The key challenge remains balancing speed (time_select) and impact (Objective, fht metrics). Minor normalization and weighting tweaks brought incremental gains, but more nuanced adaptive blending based on graph-level stats could further improve both early and late disruption.",evolve_experiment\evolution\real\Enron_sampled_post_with_precompute_new\results\pops\Enron_sampled\population_generation_49.json
b245c42fc0018ee3685f7f9dce4f4541,49,5,485,0.21944,e1,60,,,evolve_experiment\evolution\real\Enron_sampled_post_with_precompute_new\results\pops\Enron_sampled\population_generation_49.json
5d2c9bbb3e9f4b9816016142fd30a021,49,6,486,0.21979,t2,32,Enhance the best algorithm by incorporating eigenvector centrality to better capture global influence while maintaining adaptive betweenness weighting and local fragility for balanced disruption.,"The evolutionary progress shows consistent use of multiplicative blending of local fragility, betweenness, and degree-related penalties to balance early disruption and final fragmentation; small improvements involved subtle normalization tweaks and adaptive weighting of betweenness based on bridge ratio. A notable failure is the relatively high time_select cost in later algorithms without clear gains in objective or disruption speed, suggesting some complexity overhead without sufficient payoff.",evolve_experiment\evolution\real\Enron_sampled_post_with_precompute_new\results\pops\Enron_sampled\population_generation_49.json
3f6894cc822d13bc712b4bda91ef0abb,49,7,487,0.21987,e2,21,,,evolve_experiment\evolution\real\Enron_sampled_post_with_precompute_new\results\pops\Enron_sampled\population_generation_49.json
ba8a03914304e9901ee94dcc6e75f13f,49,8,488,0.21997,e2,66,,,evolve_experiment\evolution\real\Enron_sampled_post_with_precompute_new\results\pops\Enron_sampled\population_generation_49.json
8985e65a3508cba954c1a004b3b409a7,49,9,489,0.22091,t2,46,"Combine normalized betweenness with a harmonic mean of neighborhood diversity metrics and a smooth exponential penalty on eigenvector centrality to balance early impact and long-term fragmentation, while caching neighbor info to reduce redundant computations.","The generation shows gradual improvements in balancing betweenness, neighborhood fragility/diversity, and clustering penalties, with attempts to speed up selection via precomputed stats; however, attempts to blend many metrics sometimes increased complexity and selection time without clear gain. The highest-performing algorithm still incurs high selection time, indicating room to simplify while preserving the nuanced scoring.",evolve_experiment\evolution\real\Enron_sampled_post_with_precompute_new\results\pops\Enron_sampled\population_generation_49.json
4704735fd931c8c6d3219797d5132ee2,49,10,490,0.22128,e1,23,,,evolve_experiment\evolution\real\Enron_sampled_post_with_precompute_new\results\pops\Enron_sampled\population_generation_49.json
9c6e0052ce494807349161269561f227,50,1,491,0.21507,e2,51,n: [nbr for nbr in graph.neighbors(n) if nbr in unvisited_set] for n in unvisited_nodes,,evolve_experiment\evolution\real\Enron_sampled_post_with_precompute_new\results\pops\Enron_sampled\population_generation_50.json
1bbadf902c4c066d4d579895fe92f89e,50,2,492,0.21522,t2,6,"A balanced scoring combining betweenness, degree, neighborhood diversity, and vulnerability with an adaptive eigenvector penalty, optimized by caching neighbors and simplifying normalization steps to reduce time complexity.","The algorithms progressively integrated richer neighborhood diversity and vulnerability measures to balance early disruption and final fragmentation, improving fht_50 and anc_prefix_k, while attempts to aggressively penalize low-variance neighborhoods increased time_select without clear gains. The main failure was that heavier computations (Algorithm 3) increased selection time drastically with diminishing returns.",evolve_experiment\evolution\real\Enron_sampled_post_with_precompute_new\results\pops\Enron_sampled\population_generation_50.json
35d3b8c2dcafc85418ab0270b657095a,50,3,493,0.21781,m1,16,,,evolve_experiment\evolution\real\Enron_sampled_post_with_precompute_new\results\pops\Enron_sampled\population_generation_50.json
235dbc592129b3d5705655f51e2b0459,50,4,494,0.21922,t2,9,"Adaptive node selection balancing betweenness, local fragility, and normalized eigenvector centrality with a dynamic exponent on betweenness scaled by bridge_ratio to better balance fast early disruption and thorough final fragmentation.","The algorithms progressively integrated multi-dimensional node features with adaptive weighting to better balance immediate disruption and final fragmentation; attempts to aggressively prioritize betweenness or clustering sometimes led to trade-offs in early or late performance. The key challenge remains balancing speed (time_select) and impact (Objective, fht metrics). Minor normalization and weighting tweaks brought incremental gains, but more nuanced adaptive blending based on graph-level stats could further improve both early and late disruption.",evolve_experiment\evolution\real\Enron_sampled_post_with_precompute_new\results\pops\Enron_sampled\population_generation_50.json
b245c42fc0018ee3685f7f9dce4f4541,50,5,495,0.21944,e1,60,,,evolve_experiment\evolution\real\Enron_sampled_post_with_precompute_new\results\pops\Enron_sampled\population_generation_50.json
5d2c9bbb3e9f4b9816016142fd30a021,50,6,496,0.21979,t2,32,Enhance the best algorithm by incorporating eigenvector centrality to better capture global influence while maintaining adaptive betweenness weighting and local fragility for balanced disruption.,"The evolutionary progress shows consistent use of multiplicative blending of local fragility, betweenness, and degree-related penalties to balance early disruption and final fragmentation; small improvements involved subtle normalization tweaks and adaptive weighting of betweenness based on bridge ratio. A notable failure is the relatively high time_select cost in later algorithms without clear gains in objective or disruption speed, suggesting some complexity overhead without sufficient payoff.",evolve_experiment\evolution\real\Enron_sampled_post_with_precompute_new\results\pops\Enron_sampled\population_generation_50.json
3f6894cc822d13bc712b4bda91ef0abb,50,7,497,0.21987,e2,21,,,evolve_experiment\evolution\real\Enron_sampled_post_with_precompute_new\results\pops\Enron_sampled\population_generation_50.json
ba8a03914304e9901ee94dcc6e75f13f,50,8,498,0.21997,e2,66,,,evolve_experiment\evolution\real\Enron_sampled_post_with_precompute_new\results\pops\Enron_sampled\population_generation_50.json
8985e65a3508cba954c1a004b3b409a7,50,9,499,0.22091,t2,46,"Combine normalized betweenness with a harmonic mean of neighborhood diversity metrics and a smooth exponential penalty on eigenvector centrality to balance early impact and long-term fragmentation, while caching neighbor info to reduce redundant computations.","The generation shows gradual improvements in balancing betweenness, neighborhood fragility/diversity, and clustering penalties, with attempts to speed up selection via precomputed stats; however, attempts to blend many metrics sometimes increased complexity and selection time without clear gain. The highest-performing algorithm still incurs high selection time, indicating room to simplify while preserving the nuanced scoring.",evolve_experiment\evolution\real\Enron_sampled_post_with_precompute_new\results\pops\Enron_sampled\population_generation_50.json
e314d5ccc30a2b596ecb9f939cb459e3,50,10,500,0.22122,m1,80,,,evolve_experiment\evolution\real\Enron_sampled_post_with_precompute_new\results\pops\Enron_sampled\population_generation_50.json
