unique_id,generation,candidate_index,evaluation_step,objective,operator,basin_id,description,reflection,source_path
3e1442c5ec949d3636fc0a9dbf664b00,1,1,1,0.06364,i1,10,"At each step, select the next node by scoring unvisited nodes using a combined metric that ranks nodes higher if they have above-average betweenness centrality weighted with their core number and degree, penalized by clustering coefficient to favor bridging nodes that maintain influence across cores but avoid tightly-knit communities.",,evolve_experiment\evolution\real\HI-II-14_sampled_post_with_precompute\results\pops\HI-II-14_sampled\population_generation_1.json
87b64ed27692b246c32c736775795b94,1,2,2,0.0652,m2,23,,,evolve_experiment\evolution\real\HI-II-14_sampled_post_with_precompute\results\pops\HI-II-14_sampled\population_generation_1.json
9e085db9753677f56c5d00fc81e5661c,1,3,3,0.06536,i1,27,,,evolve_experiment\evolution\real\HI-II-14_sampled_post_with_precompute\results\pops\HI-II-14_sampled\population_generation_1.json
c238d7805d60cf68a273dd412fe68aed,1,4,4,0.06732,i1,35,"'degree': 0.3, 'betweenness': 0.35, 'core': 0.25, 'inv_clustering': 0.1",,evolve_experiment\evolution\real\HI-II-14_sampled_post_with_precompute\results\pops\HI-II-14_sampled\population_generation_1.json
5f798b977cde045f6028a44e1d2a1948,1,5,5,0.0675,i1,16,"Select the next node by scoring unvisited nodes via a combined, weighted rank aggregation of normalized degree, betweenness, core number, and inverse clustering coefficient to balance immediate disruption and long-term fragmentation.",,evolve_experiment\evolution\real\HI-II-14_sampled_post_with_precompute\results\pops\HI-II-14_sampled\population_generation_1.json
cb2f7c4ed4b320009570d47c7e8a0f6d,1,6,6,0.06805,i1,36,,,evolve_experiment\evolution\real\HI-II-14_sampled_post_with_precompute\results\pops\HI-II-14_sampled\population_generation_1.json
1a946690068f39b6fb10ba91ac0a9b85,1,7,7,0.06834,i1,6,"At each step, select the unvisited node maximizing a combined score balancing high betweenness centrality, moderate clustering coefficient, and core number, weighted adaptively by the global bridge_ratio_high_bc to prioritize nodes bridging communities for fast yet thorough disruption.",,evolve_experiment\evolution\real\HI-II-14_sampled_post_with_precompute\results\pops\HI-II-14_sampled\population_generation_1.json
6236ac47cd40452d60bc606add7b9c79,1,8,8,0.06856,i1,17,"Select the next node by scoring unvisited nodes with a balanced weighted sum of normalized betweenness, inverse clustering, and core number to target nodes that disrupt connectivity early and maintain long-term fragmentation.",,evolve_experiment\evolution\real\HI-II-14_sampled_post_with_precompute\results\pops\HI-II-14_sampled\population_generation_1.json
13e3a890081471e3b1d9a77c8396a190,1,9,9,0.06859,i1,4,"Select the next node by scoring unvisited nodes based on a balanced weighted sum of normalized node betweenness, inverse clustering coefficient, and core number, prioritizing nodes that are both structurally central and bridging, while penalizing nodes in tightly-knit clusters to achieve early and sustainable network fragmentation.",,evolve_experiment\evolution\real\HI-II-14_sampled_post_with_precompute\results\pops\HI-II-14_sampled\population_generation_1.json
b7affb01f7faa3e381ad26828ac306b1,1,10,10,0.06893,i1,32,"Select the next node by scoring unvisited nodes using a dynamic balance between their normalized betweenness and eigenvector centralities weighted inversely by clustering coefficient, favoring nodes that act as critical bridges with broad influence but low local redundancy.",,evolve_experiment\evolution\real\HI-II-14_sampled_post_with_precompute\results\pops\HI-II-14_sampled\population_generation_1.json
f511394536b52f8d7e1515ab6f4f8848,2,1,11,0.06234,m2,40,,,evolve_experiment\evolution\real\HI-II-14_sampled_post_with_precompute\results\pops\HI-II-14_sampled\population_generation_2.json
5d391ba90dd5a3d0ce60354355287e79,2,2,12,0.06362,e2,15,"Select next node by ranking unvisited nodes based on a harmonic mean of their normalized betweenness and degree centrality, multiplied by an exponential decay of their clustering coefficient to emphasize high-centrality, low-clustering nodes with balanced influence.",,evolve_experiment\evolution\real\HI-II-14_sampled_post_with_precompute\results\pops\HI-II-14_sampled\population_generation_2.json
3e1442c5ec949d3636fc0a9dbf664b00,2,3,13,0.06364,i1,10,"At each step, select the next node by scoring unvisited nodes using a combined metric that ranks nodes higher if they have above-average betweenness centrality weighted with their core number and degree, penalized by clustering coefficient to favor bridging nodes that maintain influence across cores but avoid tightly-knit communities.",,evolve_experiment\evolution\real\HI-II-14_sampled_post_with_precompute\results\pops\HI-II-14_sampled\population_generation_2.json
87b64ed27692b246c32c736775795b94,2,4,14,0.0652,m2,23,,,evolve_experiment\evolution\real\HI-II-14_sampled_post_with_precompute\results\pops\HI-II-14_sampled\population_generation_2.json
9e085db9753677f56c5d00fc81e5661c,2,5,15,0.06536,i1,27,,,evolve_experiment\evolution\real\HI-II-14_sampled_post_with_precompute\results\pops\HI-II-14_sampled\population_generation_2.json
3196bc691a14f2a8e29750c4c7cafe6a,2,6,16,0.06599,e1,8,"Select the next node by computing a novelty score that prioritizes nodes whose structural features (degree, betweenness, eigenvector centrality) sharply deviate from the median values of unvisited nodes, combined with their clustering coefficient to favor structurally unique and weakly clustered nodes that maximize disruption potential.",,evolve_experiment\evolution\real\HI-II-14_sampled_post_with_precompute\results\pops\HI-II-14_sampled\population_generation_2.json
c238d7805d60cf68a273dd412fe68aed,2,7,17,0.06732,i1,35,"'degree': 0.3, 'betweenness': 0.35, 'core': 0.25, 'inv_clustering': 0.1",,evolve_experiment\evolution\real\HI-II-14_sampled_post_with_precompute\results\pops\HI-II-14_sampled\population_generation_2.json
5f798b977cde045f6028a44e1d2a1948,2,8,18,0.0675,i1,16,"Select the next node by scoring unvisited nodes via a combined, weighted rank aggregation of normalized degree, betweenness, core number, and inverse clustering coefficient to balance immediate disruption and long-term fragmentation.",,evolve_experiment\evolution\real\HI-II-14_sampled_post_with_precompute\results\pops\HI-II-14_sampled\population_generation_2.json
54b2d2bbd9f7533b0fc177857a887634,2,9,19,0.06755,m2,14,"The algorithm selects the next node by prioritizing nodes with high eigenvector centrality and degree, while penalizing nodes with very low clustering coefficient, weighted adaptively by the global degree_variance to focus on influential hubs in heterogeneous graphs for balanced fast and deep disruption.",,evolve_experiment\evolution\real\HI-II-14_sampled_post_with_precompute\results\pops\HI-II-14_sampled\population_generation_2.json
23e1acebf7c09f2a3624f5cad2fbf08e,2,10,20,0.06785,e1,7,,,evolve_experiment\evolution\real\HI-II-14_sampled_post_with_precompute\results\pops\HI-II-14_sampled\population_generation_2.json
f511394536b52f8d7e1515ab6f4f8848,3,1,21,0.06234,m2,40,,,evolve_experiment\evolution\real\HI-II-14_sampled_post_with_precompute\results\pops\HI-II-14_sampled\population_generation_3.json
5d391ba90dd5a3d0ce60354355287e79,3,2,22,0.06362,e2,15,"Select next node by ranking unvisited nodes based on a harmonic mean of their normalized betweenness and degree centrality, multiplied by an exponential decay of their clustering coefficient to emphasize high-centrality, low-clustering nodes with balanced influence.",,evolve_experiment\evolution\real\HI-II-14_sampled_post_with_precompute\results\pops\HI-II-14_sampled\population_generation_3.json
3e1442c5ec949d3636fc0a9dbf664b00,3,3,23,0.06364,i1,10,"At each step, select the next node by scoring unvisited nodes using a combined metric that ranks nodes higher if they have above-average betweenness centrality weighted with their core number and degree, penalized by clustering coefficient to favor bridging nodes that maintain influence across cores but avoid tightly-knit communities.",,evolve_experiment\evolution\real\HI-II-14_sampled_post_with_precompute\results\pops\HI-II-14_sampled\population_generation_3.json
87b64ed27692b246c32c736775795b94,3,4,24,0.0652,m2,23,,,evolve_experiment\evolution\real\HI-II-14_sampled_post_with_precompute\results\pops\HI-II-14_sampled\population_generation_3.json
9e085db9753677f56c5d00fc81e5661c,3,5,25,0.06536,i1,27,,,evolve_experiment\evolution\real\HI-II-14_sampled_post_with_precompute\results\pops\HI-II-14_sampled\population_generation_3.json
3196bc691a14f2a8e29750c4c7cafe6a,3,6,26,0.06599,e1,8,"Select the next node by computing a novelty score that prioritizes nodes whose structural features (degree, betweenness, eigenvector centrality) sharply deviate from the median values of unvisited nodes, combined with their clustering coefficient to favor structurally unique and weakly clustered nodes that maximize disruption potential.",,evolve_experiment\evolution\real\HI-II-14_sampled_post_with_precompute\results\pops\HI-II-14_sampled\population_generation_3.json
c238d7805d60cf68a273dd412fe68aed,3,7,27,0.06732,i1,35,"'degree': 0.3, 'betweenness': 0.35, 'core': 0.25, 'inv_clustering': 0.1",,evolve_experiment\evolution\real\HI-II-14_sampled_post_with_precompute\results\pops\HI-II-14_sampled\population_generation_3.json
5f798b977cde045f6028a44e1d2a1948,3,8,28,0.0675,i1,16,"Select the next node by scoring unvisited nodes via a combined, weighted rank aggregation of normalized degree, betweenness, core number, and inverse clustering coefficient to balance immediate disruption and long-term fragmentation.",,evolve_experiment\evolution\real\HI-II-14_sampled_post_with_precompute\results\pops\HI-II-14_sampled\population_generation_3.json
54b2d2bbd9f7533b0fc177857a887634,3,9,29,0.06755,m2,14,"The algorithm selects the next node by prioritizing nodes with high eigenvector centrality and degree, while penalizing nodes with very low clustering coefficient, weighted adaptively by the global degree_variance to focus on influential hubs in heterogeneous graphs for balanced fast and deep disruption.",,evolve_experiment\evolution\real\HI-II-14_sampled_post_with_precompute\results\pops\HI-II-14_sampled\population_generation_3.json
23e1acebf7c09f2a3624f5cad2fbf08e,3,10,30,0.06785,e1,7,,,evolve_experiment\evolution\real\HI-II-14_sampled_post_with_precompute\results\pops\HI-II-14_sampled\population_generation_3.json
ae47d13c3bb606577e8770708011d901,4,1,31,0.05744,e1,29,"Select the next node by identifying unvisited nodes whose removal maximizes the decrease in a custom local connectivity score defined as the product of node degree and (1 - clustering), weighted inversely by their core number to prioritize peripheral influential nodes, and break ties by choosing the node with the lowest eigenvector centrality to avoid selecting globally dominant hubs prematurely.",,evolve_experiment\evolution\real\HI-II-14_sampled_post_with_precompute\results\pops\HI-II-14_sampled\population_generation_4.json
f511394536b52f8d7e1515ab6f4f8848,4,2,32,0.06234,m2,40,,,evolve_experiment\evolution\real\HI-II-14_sampled_post_with_precompute\results\pops\HI-II-14_sampled\population_generation_4.json
5d391ba90dd5a3d0ce60354355287e79,4,3,33,0.06362,e2,15,"Select next node by ranking unvisited nodes based on a harmonic mean of their normalized betweenness and degree centrality, multiplied by an exponential decay of their clustering coefficient to emphasize high-centrality, low-clustering nodes with balanced influence.",,evolve_experiment\evolution\real\HI-II-14_sampled_post_with_precompute\results\pops\HI-II-14_sampled\population_generation_4.json
3e1442c5ec949d3636fc0a9dbf664b00,4,4,34,0.06364,i1,10,"At each step, select the next node by scoring unvisited nodes using a combined metric that ranks nodes higher if they have above-average betweenness centrality weighted with their core number and degree, penalized by clustering coefficient to favor bridging nodes that maintain influence across cores but avoid tightly-knit communities.",,evolve_experiment\evolution\real\HI-II-14_sampled_post_with_precompute\results\pops\HI-II-14_sampled\population_generation_4.json
87b64ed27692b246c32c736775795b94,4,5,35,0.0652,m2,23,,,evolve_experiment\evolution\real\HI-II-14_sampled_post_with_precompute\results\pops\HI-II-14_sampled\population_generation_4.json
9e085db9753677f56c5d00fc81e5661c,4,6,36,0.06536,i1,27,,,evolve_experiment\evolution\real\HI-II-14_sampled_post_with_precompute\results\pops\HI-II-14_sampled\population_generation_4.json
3196bc691a14f2a8e29750c4c7cafe6a,4,7,37,0.06599,e1,8,"Select the next node by computing a novelty score that prioritizes nodes whose structural features (degree, betweenness, eigenvector centrality) sharply deviate from the median values of unvisited nodes, combined with their clustering coefficient to favor structurally unique and weakly clustered nodes that maximize disruption potential.",,evolve_experiment\evolution\real\HI-II-14_sampled_post_with_precompute\results\pops\HI-II-14_sampled\population_generation_4.json
aebc4b668bb2dad6ca199a4b846bc950,4,8,38,0.06732,t2,30,,,evolve_experiment\evolution\real\HI-II-14_sampled_post_with_precompute\results\pops\HI-II-14_sampled\population_generation_4.json
5f798b977cde045f6028a44e1d2a1948,4,9,39,0.0675,i1,16,"Select the next node by scoring unvisited nodes via a combined, weighted rank aggregation of normalized degree, betweenness, core number, and inverse clustering coefficient to balance immediate disruption and long-term fragmentation.",,evolve_experiment\evolution\real\HI-II-14_sampled_post_with_precompute\results\pops\HI-II-14_sampled\population_generation_4.json
54b2d2bbd9f7533b0fc177857a887634,4,10,40,0.06755,m2,14,"The algorithm selects the next node by prioritizing nodes with high eigenvector centrality and degree, while penalizing nodes with very low clustering coefficient, weighted adaptively by the global degree_variance to focus on influential hubs in heterogeneous graphs for balanced fast and deep disruption.",,evolve_experiment\evolution\real\HI-II-14_sampled_post_with_precompute\results\pops\HI-II-14_sampled\population_generation_4.json
ae47d13c3bb606577e8770708011d901,5,1,41,0.05744,e1,29,"Select the next node by identifying unvisited nodes whose removal maximizes the decrease in a custom local connectivity score defined as the product of node degree and (1 - clustering), weighted inversely by their core number to prioritize peripheral influential nodes, and break ties by choosing the node with the lowest eigenvector centrality to avoid selecting globally dominant hubs prematurely.",,evolve_experiment\evolution\real\HI-II-14_sampled_post_with_precompute\results\pops\HI-II-14_sampled\population_generation_5.json
f511394536b52f8d7e1515ab6f4f8848,5,2,42,0.06234,m2,40,,,evolve_experiment\evolution\real\HI-II-14_sampled_post_with_precompute\results\pops\HI-II-14_sampled\population_generation_5.json
5d391ba90dd5a3d0ce60354355287e79,5,3,43,0.06362,e2,15,"Select next node by ranking unvisited nodes based on a harmonic mean of their normalized betweenness and degree centrality, multiplied by an exponential decay of their clustering coefficient to emphasize high-centrality, low-clustering nodes with balanced influence.",,evolve_experiment\evolution\real\HI-II-14_sampled_post_with_precompute\results\pops\HI-II-14_sampled\population_generation_5.json
3e1442c5ec949d3636fc0a9dbf664b00,5,4,44,0.06364,i1,10,"At each step, select the next node by scoring unvisited nodes using a combined metric that ranks nodes higher if they have above-average betweenness centrality weighted with their core number and degree, penalized by clustering coefficient to favor bridging nodes that maintain influence across cores but avoid tightly-knit communities.",,evolve_experiment\evolution\real\HI-II-14_sampled_post_with_precompute\results\pops\HI-II-14_sampled\population_generation_5.json
87b64ed27692b246c32c736775795b94,5,5,45,0.0652,m2,23,,,evolve_experiment\evolution\real\HI-II-14_sampled_post_with_precompute\results\pops\HI-II-14_sampled\population_generation_5.json
9e085db9753677f56c5d00fc81e5661c,5,6,46,0.06536,i1,27,,,evolve_experiment\evolution\real\HI-II-14_sampled_post_with_precompute\results\pops\HI-II-14_sampled\population_generation_5.json
4fd6f34f19fd6286c89efb9141c3f8c0,5,7,47,0.06547,m1,12,"Select the next node by maximizing a combined disruptive score defined as the product of betweenness centrality and degree, normalized by (clustering + 0.1) to avoid division by zero, while prioritizing nodes with higher core number to focus on influential core connectors and breaking ties by choosing nodes with the highest eigenvector centrality.",,evolve_experiment\evolution\real\HI-II-14_sampled_post_with_precompute\results\pops\HI-II-14_sampled\population_generation_5.json
81100c0d9624a6755941356c00b875f7,5,8,48,0.06581,e1,21,"Select the next node by computing a combined disruption potential score based on the harmonic mean of normalized degree, betweenness, and core number to emphasize nodes strong in all aspects, further modulated by inverse clustering and boosted by a dynamic penalty on nodes highly connected to bridge-like structures (using bridge_ratio_high_bc) for balanced fast and lasting network fragmentation.",,evolve_experiment\evolution\real\HI-II-14_sampled_post_with_precompute\results\pops\HI-II-14_sampled\population_generation_5.json
9bce640e14f8e6d7077ebceff736c00b,5,9,49,0.06595,e1,26,,,evolve_experiment\evolution\real\HI-II-14_sampled_post_with_precompute\results\pops\HI-II-14_sampled\population_generation_5.json
3196bc691a14f2a8e29750c4c7cafe6a,5,10,50,0.06599,e1,8,"Select the next node by computing a novelty score that prioritizes nodes whose structural features (degree, betweenness, eigenvector centrality) sharply deviate from the median values of unvisited nodes, combined with their clustering coefficient to favor structurally unique and weakly clustered nodes that maximize disruption potential.",,evolve_experiment\evolution\real\HI-II-14_sampled_post_with_precompute\results\pops\HI-II-14_sampled\population_generation_5.json
ae47d13c3bb606577e8770708011d901,6,1,51,0.05744,e1,29,"Select the next node by identifying unvisited nodes whose removal maximizes the decrease in a custom local connectivity score defined as the product of node degree and (1 - clustering), weighted inversely by their core number to prioritize peripheral influential nodes, and break ties by choosing the node with the lowest eigenvector centrality to avoid selecting globally dominant hubs prematurely.",,evolve_experiment\evolution\real\HI-II-14_sampled_post_with_precompute\results\pops\HI-II-14_sampled\population_generation_6.json
f511394536b52f8d7e1515ab6f4f8848,6,2,52,0.06234,m2,40,,,evolve_experiment\evolution\real\HI-II-14_sampled_post_with_precompute\results\pops\HI-II-14_sampled\population_generation_6.json
5d391ba90dd5a3d0ce60354355287e79,6,3,53,0.06362,e2,15,"Select next node by ranking unvisited nodes based on a harmonic mean of their normalized betweenness and degree centrality, multiplied by an exponential decay of their clustering coefficient to emphasize high-centrality, low-clustering nodes with balanced influence.",,evolve_experiment\evolution\real\HI-II-14_sampled_post_with_precompute\results\pops\HI-II-14_sampled\population_generation_6.json
3e1442c5ec949d3636fc0a9dbf664b00,6,4,54,0.06364,i1,10,"At each step, select the next node by scoring unvisited nodes using a combined metric that ranks nodes higher if they have above-average betweenness centrality weighted with their core number and degree, penalized by clustering coefficient to favor bridging nodes that maintain influence across cores but avoid tightly-knit communities.",,evolve_experiment\evolution\real\HI-II-14_sampled_post_with_precompute\results\pops\HI-II-14_sampled\population_generation_6.json
87b64ed27692b246c32c736775795b94,6,5,55,0.0652,m2,23,,,evolve_experiment\evolution\real\HI-II-14_sampled_post_with_precompute\results\pops\HI-II-14_sampled\population_generation_6.json
9e085db9753677f56c5d00fc81e5661c,6,6,56,0.06536,i1,27,,,evolve_experiment\evolution\real\HI-II-14_sampled_post_with_precompute\results\pops\HI-II-14_sampled\population_generation_6.json
4fd6f34f19fd6286c89efb9141c3f8c0,6,7,57,0.06547,m1,12,"Select the next node by maximizing a combined disruptive score defined as the product of betweenness centrality and degree, normalized by (clustering + 0.1) to avoid division by zero, while prioritizing nodes with higher core number to focus on influential core connectors and breaking ties by choosing nodes with the highest eigenvector centrality.",,evolve_experiment\evolution\real\HI-II-14_sampled_post_with_precompute\results\pops\HI-II-14_sampled\population_generation_6.json
81100c0d9624a6755941356c00b875f7,6,8,58,0.06581,e1,21,"Select the next node by computing a combined disruption potential score based on the harmonic mean of normalized degree, betweenness, and core number to emphasize nodes strong in all aspects, further modulated by inverse clustering and boosted by a dynamic penalty on nodes highly connected to bridge-like structures (using bridge_ratio_high_bc) for balanced fast and lasting network fragmentation.",,evolve_experiment\evolution\real\HI-II-14_sampled_post_with_precompute\results\pops\HI-II-14_sampled\population_generation_6.json
9bce640e14f8e6d7077ebceff736c00b,6,9,59,0.06595,e1,26,,,evolve_experiment\evolution\real\HI-II-14_sampled_post_with_precompute\results\pops\HI-II-14_sampled\population_generation_6.json
3196bc691a14f2a8e29750c4c7cafe6a,6,10,60,0.06599,e1,8,"Select the next node by computing a novelty score that prioritizes nodes whose structural features (degree, betweenness, eigenvector centrality) sharply deviate from the median values of unvisited nodes, combined with their clustering coefficient to favor structurally unique and weakly clustered nodes that maximize disruption potential.",,evolve_experiment\evolution\real\HI-II-14_sampled_post_with_precompute\results\pops\HI-II-14_sampled\population_generation_6.json
ae47d13c3bb606577e8770708011d901,7,1,61,0.05744,e1,29,"Select the next node by identifying unvisited nodes whose removal maximizes the decrease in a custom local connectivity score defined as the product of node degree and (1 - clustering), weighted inversely by their core number to prioritize peripheral influential nodes, and break ties by choosing the node with the lowest eigenvector centrality to avoid selecting globally dominant hubs prematurely.",,evolve_experiment\evolution\real\HI-II-14_sampled_post_with_precompute\results\pops\HI-II-14_sampled\population_generation_7.json
f511394536b52f8d7e1515ab6f4f8848,7,2,62,0.06234,m2,40,,,evolve_experiment\evolution\real\HI-II-14_sampled_post_with_precompute\results\pops\HI-II-14_sampled\population_generation_7.json
5d391ba90dd5a3d0ce60354355287e79,7,3,63,0.06362,e2,15,"Select next node by ranking unvisited nodes based on a harmonic mean of their normalized betweenness and degree centrality, multiplied by an exponential decay of their clustering coefficient to emphasize high-centrality, low-clustering nodes with balanced influence.",,evolve_experiment\evolution\real\HI-II-14_sampled_post_with_precompute\results\pops\HI-II-14_sampled\population_generation_7.json
3e1442c5ec949d3636fc0a9dbf664b00,7,4,64,0.06364,i1,10,"At each step, select the next node by scoring unvisited nodes using a combined metric that ranks nodes higher if they have above-average betweenness centrality weighted with their core number and degree, penalized by clustering coefficient to favor bridging nodes that maintain influence across cores but avoid tightly-knit communities.",,evolve_experiment\evolution\real\HI-II-14_sampled_post_with_precompute\results\pops\HI-II-14_sampled\population_generation_7.json
87b64ed27692b246c32c736775795b94,7,5,65,0.0652,m2,23,,,evolve_experiment\evolution\real\HI-II-14_sampled_post_with_precompute\results\pops\HI-II-14_sampled\population_generation_7.json
9e085db9753677f56c5d00fc81e5661c,7,6,66,0.06536,i1,27,,,evolve_experiment\evolution\real\HI-II-14_sampled_post_with_precompute\results\pops\HI-II-14_sampled\population_generation_7.json
4fd6f34f19fd6286c89efb9141c3f8c0,7,7,67,0.06547,m1,12,"Select the next node by maximizing a combined disruptive score defined as the product of betweenness centrality and degree, normalized by (clustering + 0.1) to avoid division by zero, while prioritizing nodes with higher core number to focus on influential core connectors and breaking ties by choosing nodes with the highest eigenvector centrality.",,evolve_experiment\evolution\real\HI-II-14_sampled_post_with_precompute\results\pops\HI-II-14_sampled\population_generation_7.json
81100c0d9624a6755941356c00b875f7,7,8,68,0.06581,e1,21,"Select the next node by computing a combined disruption potential score based on the harmonic mean of normalized degree, betweenness, and core number to emphasize nodes strong in all aspects, further modulated by inverse clustering and boosted by a dynamic penalty on nodes highly connected to bridge-like structures (using bridge_ratio_high_bc) for balanced fast and lasting network fragmentation.",,evolve_experiment\evolution\real\HI-II-14_sampled_post_with_precompute\results\pops\HI-II-14_sampled\population_generation_7.json
9bce640e14f8e6d7077ebceff736c00b,7,9,69,0.06595,e1,26,,,evolve_experiment\evolution\real\HI-II-14_sampled_post_with_precompute\results\pops\HI-II-14_sampled\population_generation_7.json
67da23e4e56d2386900fb6720fc38f56,7,10,70,0.06597,e1,18,"The algorithm selects the next node by computing a disruption potential score based on the node's normalized degree entropy within its neighborhood combined with a diminishing returns factor on betweenness centrality, prioritizing nodes whose neighbors have diverse connectivity patterns and moderate betweenness to balance early and long-term disruption.",,evolve_experiment\evolution\real\HI-II-14_sampled_post_with_precompute\results\pops\HI-II-14_sampled\population_generation_7.json
ae47d13c3bb606577e8770708011d901,8,1,71,0.05744,e1,29,"Select the next node by identifying unvisited nodes whose removal maximizes the decrease in a custom local connectivity score defined as the product of node degree and (1 - clustering), weighted inversely by their core number to prioritize peripheral influential nodes, and break ties by choosing the node with the lowest eigenvector centrality to avoid selecting globally dominant hubs prematurely.",,evolve_experiment\evolution\real\HI-II-14_sampled_post_with_precompute\results\pops\HI-II-14_sampled\population_generation_8.json
f511394536b52f8d7e1515ab6f4f8848,8,2,72,0.06234,m2,40,,,evolve_experiment\evolution\real\HI-II-14_sampled_post_with_precompute\results\pops\HI-II-14_sampled\population_generation_8.json
5d391ba90dd5a3d0ce60354355287e79,8,3,73,0.06362,e2,15,"Select next node by ranking unvisited nodes based on a harmonic mean of their normalized betweenness and degree centrality, multiplied by an exponential decay of their clustering coefficient to emphasize high-centrality, low-clustering nodes with balanced influence.",,evolve_experiment\evolution\real\HI-II-14_sampled_post_with_precompute\results\pops\HI-II-14_sampled\population_generation_8.json
3e1442c5ec949d3636fc0a9dbf664b00,8,4,74,0.06364,i1,10,"At each step, select the next node by scoring unvisited nodes using a combined metric that ranks nodes higher if they have above-average betweenness centrality weighted with their core number and degree, penalized by clustering coefficient to favor bridging nodes that maintain influence across cores but avoid tightly-knit communities.",,evolve_experiment\evolution\real\HI-II-14_sampled_post_with_precompute\results\pops\HI-II-14_sampled\population_generation_8.json
3648e67b2a326030bfa08846bd0c5703,8,5,75,0.06382,m2,9,,,evolve_experiment\evolution\real\HI-II-14_sampled_post_with_precompute\results\pops\HI-II-14_sampled\population_generation_8.json
87b64ed27692b246c32c736775795b94,8,6,76,0.0652,m2,23,,,evolve_experiment\evolution\real\HI-II-14_sampled_post_with_precompute\results\pops\HI-II-14_sampled\population_generation_8.json
9e085db9753677f56c5d00fc81e5661c,8,7,77,0.06536,i1,27,,,evolve_experiment\evolution\real\HI-II-14_sampled_post_with_precompute\results\pops\HI-II-14_sampled\population_generation_8.json
4fd6f34f19fd6286c89efb9141c3f8c0,8,8,78,0.06547,m1,12,"Select the next node by maximizing a combined disruptive score defined as the product of betweenness centrality and degree, normalized by (clustering + 0.1) to avoid division by zero, while prioritizing nodes with higher core number to focus on influential core connectors and breaking ties by choosing nodes with the highest eigenvector centrality.",,evolve_experiment\evolution\real\HI-II-14_sampled_post_with_precompute\results\pops\HI-II-14_sampled\population_generation_8.json
8e07de8adaa21cbb03ce662a939e179b,8,9,79,0.0657,e2,24,"Select the next node by measuring a contrast score that penalizes nodes similar to already removed ones in terms of centrality and clustering features, thus encouraging diversity in critical node selection to balance early disruption and long-term fragmentation.",,evolve_experiment\evolution\real\HI-II-14_sampled_post_with_precompute\results\pops\HI-II-14_sampled\population_generation_8.json
81100c0d9624a6755941356c00b875f7,8,10,80,0.06581,e1,21,"Select the next node by computing a combined disruption potential score based on the harmonic mean of normalized degree, betweenness, and core number to emphasize nodes strong in all aspects, further modulated by inverse clustering and boosted by a dynamic penalty on nodes highly connected to bridge-like structures (using bridge_ratio_high_bc) for balanced fast and lasting network fragmentation.",,evolve_experiment\evolution\real\HI-II-14_sampled_post_with_precompute\results\pops\HI-II-14_sampled\population_generation_8.json
ae47d13c3bb606577e8770708011d901,9,1,81,0.05744,e1,29,"Select the next node by identifying unvisited nodes whose removal maximizes the decrease in a custom local connectivity score defined as the product of node degree and (1 - clustering), weighted inversely by their core number to prioritize peripheral influential nodes, and break ties by choosing the node with the lowest eigenvector centrality to avoid selecting globally dominant hubs prematurely.",,evolve_experiment\evolution\real\HI-II-14_sampled_post_with_precompute\results\pops\HI-II-14_sampled\population_generation_9.json
f511394536b52f8d7e1515ab6f4f8848,9,2,82,0.06234,m2,40,,,evolve_experiment\evolution\real\HI-II-14_sampled_post_with_precompute\results\pops\HI-II-14_sampled\population_generation_9.json
5d391ba90dd5a3d0ce60354355287e79,9,3,83,0.06362,e2,15,"Select next node by ranking unvisited nodes based on a harmonic mean of their normalized betweenness and degree centrality, multiplied by an exponential decay of their clustering coefficient to emphasize high-centrality, low-clustering nodes with balanced influence.",,evolve_experiment\evolution\real\HI-II-14_sampled_post_with_precompute\results\pops\HI-II-14_sampled\population_generation_9.json
3e1442c5ec949d3636fc0a9dbf664b00,9,4,84,0.06364,i1,10,"At each step, select the next node by scoring unvisited nodes using a combined metric that ranks nodes higher if they have above-average betweenness centrality weighted with their core number and degree, penalized by clustering coefficient to favor bridging nodes that maintain influence across cores but avoid tightly-knit communities.",,evolve_experiment\evolution\real\HI-II-14_sampled_post_with_precompute\results\pops\HI-II-14_sampled\population_generation_9.json
3648e67b2a326030bfa08846bd0c5703,9,5,85,0.06382,m2,9,,,evolve_experiment\evolution\real\HI-II-14_sampled_post_with_precompute\results\pops\HI-II-14_sampled\population_generation_9.json
87b64ed27692b246c32c736775795b94,9,6,86,0.0652,m2,23,,,evolve_experiment\evolution\real\HI-II-14_sampled_post_with_precompute\results\pops\HI-II-14_sampled\population_generation_9.json
9e085db9753677f56c5d00fc81e5661c,9,7,87,0.06536,i1,27,,,evolve_experiment\evolution\real\HI-II-14_sampled_post_with_precompute\results\pops\HI-II-14_sampled\population_generation_9.json
4fd6f34f19fd6286c89efb9141c3f8c0,9,8,88,0.06547,m1,12,"Select the next node by maximizing a combined disruptive score defined as the product of betweenness centrality and degree, normalized by (clustering + 0.1) to avoid division by zero, while prioritizing nodes with higher core number to focus on influential core connectors and breaking ties by choosing nodes with the highest eigenvector centrality.",,evolve_experiment\evolution\real\HI-II-14_sampled_post_with_precompute\results\pops\HI-II-14_sampled\population_generation_9.json
8e07de8adaa21cbb03ce662a939e179b,9,9,89,0.0657,e2,24,"Select the next node by measuring a contrast score that penalizes nodes similar to already removed ones in terms of centrality and clustering features, thus encouraging diversity in critical node selection to balance early disruption and long-term fragmentation.",,evolve_experiment\evolution\real\HI-II-14_sampled_post_with_precompute\results\pops\HI-II-14_sampled\population_generation_9.json
81100c0d9624a6755941356c00b875f7,9,10,90,0.06581,e1,21,"Select the next node by computing a combined disruption potential score based on the harmonic mean of normalized degree, betweenness, and core number to emphasize nodes strong in all aspects, further modulated by inverse clustering and boosted by a dynamic penalty on nodes highly connected to bridge-like structures (using bridge_ratio_high_bc) for balanced fast and lasting network fragmentation.",,evolve_experiment\evolution\real\HI-II-14_sampled_post_with_precompute\results\pops\HI-II-14_sampled\population_generation_9.json
ae47d13c3bb606577e8770708011d901,10,1,91,0.05744,e1,29,"Select the next node by identifying unvisited nodes whose removal maximizes the decrease in a custom local connectivity score defined as the product of node degree and (1 - clustering), weighted inversely by their core number to prioritize peripheral influential nodes, and break ties by choosing the node with the lowest eigenvector centrality to avoid selecting globally dominant hubs prematurely.",,evolve_experiment\evolution\real\HI-II-14_sampled_post_with_precompute\results\pops\HI-II-14_sampled\population_generation_10.json
f511394536b52f8d7e1515ab6f4f8848,10,2,92,0.06234,m2,40,,,evolve_experiment\evolution\real\HI-II-14_sampled_post_with_precompute\results\pops\HI-II-14_sampled\population_generation_10.json
951ee4d2511ba3d1a90fecfc4318f164,10,3,93,0.0624,m1,25,,,evolve_experiment\evolution\real\HI-II-14_sampled_post_with_precompute\results\pops\HI-II-14_sampled\population_generation_10.json
5d391ba90dd5a3d0ce60354355287e79,10,4,94,0.06362,e2,15,"Select next node by ranking unvisited nodes based on a harmonic mean of their normalized betweenness and degree centrality, multiplied by an exponential decay of their clustering coefficient to emphasize high-centrality, low-clustering nodes with balanced influence.",,evolve_experiment\evolution\real\HI-II-14_sampled_post_with_precompute\results\pops\HI-II-14_sampled\population_generation_10.json
3e1442c5ec949d3636fc0a9dbf664b00,10,5,95,0.06364,i1,10,"At each step, select the next node by scoring unvisited nodes using a combined metric that ranks nodes higher if they have above-average betweenness centrality weighted with their core number and degree, penalized by clustering coefficient to favor bridging nodes that maintain influence across cores but avoid tightly-knit communities.",,evolve_experiment\evolution\real\HI-II-14_sampled_post_with_precompute\results\pops\HI-II-14_sampled\population_generation_10.json
3648e67b2a326030bfa08846bd0c5703,10,6,96,0.06382,m2,9,,,evolve_experiment\evolution\real\HI-II-14_sampled_post_with_precompute\results\pops\HI-II-14_sampled\population_generation_10.json
c0cde56cb5577369f62f6b9d590f6548,10,7,97,0.06471,e1,34,"k: (v - min_v)/(max_v - min_v) for k,v in d.items()",,evolve_experiment\evolution\real\HI-II-14_sampled_post_with_precompute\results\pops\HI-II-14_sampled\population_generation_10.json
87b64ed27692b246c32c736775795b94,10,8,98,0.0652,m2,23,,,evolve_experiment\evolution\real\HI-II-14_sampled_post_with_precompute\results\pops\HI-II-14_sampled\population_generation_10.json
9e085db9753677f56c5d00fc81e5661c,10,9,99,0.06536,i1,27,,,evolve_experiment\evolution\real\HI-II-14_sampled_post_with_precompute\results\pops\HI-II-14_sampled\population_generation_10.json
4fd6f34f19fd6286c89efb9141c3f8c0,10,10,100,0.06547,m1,12,"Select the next node by maximizing a combined disruptive score defined as the product of betweenness centrality and degree, normalized by (clustering + 0.1) to avoid division by zero, while prioritizing nodes with higher core number to focus on influential core connectors and breaking ties by choosing nodes with the highest eigenvector centrality.",,evolve_experiment\evolution\real\HI-II-14_sampled_post_with_precompute\results\pops\HI-II-14_sampled\population_generation_10.json
ae47d13c3bb606577e8770708011d901,11,1,101,0.05744,e1,29,"Select the next node by identifying unvisited nodes whose removal maximizes the decrease in a custom local connectivity score defined as the product of node degree and (1 - clustering), weighted inversely by their core number to prioritize peripheral influential nodes, and break ties by choosing the node with the lowest eigenvector centrality to avoid selecting globally dominant hubs prematurely.",,evolve_experiment\evolution\real\HI-II-14_sampled_post_with_precompute\results\pops\HI-II-14_sampled\population_generation_11.json
f511394536b52f8d7e1515ab6f4f8848,11,2,102,0.06234,m2,40,,,evolve_experiment\evolution\real\HI-II-14_sampled_post_with_precompute\results\pops\HI-II-14_sampled\population_generation_11.json
951ee4d2511ba3d1a90fecfc4318f164,11,3,103,0.0624,m1,25,,,evolve_experiment\evolution\real\HI-II-14_sampled_post_with_precompute\results\pops\HI-II-14_sampled\population_generation_11.json
5d391ba90dd5a3d0ce60354355287e79,11,4,104,0.06362,e2,15,"Select next node by ranking unvisited nodes based on a harmonic mean of their normalized betweenness and degree centrality, multiplied by an exponential decay of their clustering coefficient to emphasize high-centrality, low-clustering nodes with balanced influence.",,evolve_experiment\evolution\real\HI-II-14_sampled_post_with_precompute\results\pops\HI-II-14_sampled\population_generation_11.json
3e1442c5ec949d3636fc0a9dbf664b00,11,5,105,0.06364,i1,10,"At each step, select the next node by scoring unvisited nodes using a combined metric that ranks nodes higher if they have above-average betweenness centrality weighted with their core number and degree, penalized by clustering coefficient to favor bridging nodes that maintain influence across cores but avoid tightly-knit communities.",,evolve_experiment\evolution\real\HI-II-14_sampled_post_with_precompute\results\pops\HI-II-14_sampled\population_generation_11.json
3648e67b2a326030bfa08846bd0c5703,11,6,106,0.06382,m2,9,,,evolve_experiment\evolution\real\HI-II-14_sampled_post_with_precompute\results\pops\HI-II-14_sampled\population_generation_11.json
c0cde56cb5577369f62f6b9d590f6548,11,7,107,0.06471,e1,34,"k: (v - min_v)/(max_v - min_v) for k,v in d.items()",,evolve_experiment\evolution\real\HI-II-14_sampled_post_with_precompute\results\pops\HI-II-14_sampled\population_generation_11.json
87b64ed27692b246c32c736775795b94,11,8,108,0.0652,m2,23,,,evolve_experiment\evolution\real\HI-II-14_sampled_post_with_precompute\results\pops\HI-II-14_sampled\population_generation_11.json
9e085db9753677f56c5d00fc81e5661c,11,9,109,0.06536,i1,27,,,evolve_experiment\evolution\real\HI-II-14_sampled_post_with_precompute\results\pops\HI-II-14_sampled\population_generation_11.json
4fd6f34f19fd6286c89efb9141c3f8c0,11,10,110,0.06547,m1,12,"Select the next node by maximizing a combined disruptive score defined as the product of betweenness centrality and degree, normalized by (clustering + 0.1) to avoid division by zero, while prioritizing nodes with higher core number to focus on influential core connectors and breaking ties by choosing nodes with the highest eigenvector centrality.",,evolve_experiment\evolution\real\HI-II-14_sampled_post_with_precompute\results\pops\HI-II-14_sampled\population_generation_11.json
ae47d13c3bb606577e8770708011d901,12,1,111,0.05744,e1,29,"Select the next node by identifying unvisited nodes whose removal maximizes the decrease in a custom local connectivity score defined as the product of node degree and (1 - clustering), weighted inversely by their core number to prioritize peripheral influential nodes, and break ties by choosing the node with the lowest eigenvector centrality to avoid selecting globally dominant hubs prematurely.",,evolve_experiment\evolution\real\HI-II-14_sampled_post_with_precompute\results\pops\HI-II-14_sampled\population_generation_12.json
f511394536b52f8d7e1515ab6f4f8848,12,2,112,0.06234,m2,40,,,evolve_experiment\evolution\real\HI-II-14_sampled_post_with_precompute\results\pops\HI-II-14_sampled\population_generation_12.json
951ee4d2511ba3d1a90fecfc4318f164,12,3,113,0.0624,m1,25,,,evolve_experiment\evolution\real\HI-II-14_sampled_post_with_precompute\results\pops\HI-II-14_sampled\population_generation_12.json
5d391ba90dd5a3d0ce60354355287e79,12,4,114,0.06362,e2,15,"Select next node by ranking unvisited nodes based on a harmonic mean of their normalized betweenness and degree centrality, multiplied by an exponential decay of their clustering coefficient to emphasize high-centrality, low-clustering nodes with balanced influence.",,evolve_experiment\evolution\real\HI-II-14_sampled_post_with_precompute\results\pops\HI-II-14_sampled\population_generation_12.json
3e1442c5ec949d3636fc0a9dbf664b00,12,5,115,0.06364,i1,10,"At each step, select the next node by scoring unvisited nodes using a combined metric that ranks nodes higher if they have above-average betweenness centrality weighted with their core number and degree, penalized by clustering coefficient to favor bridging nodes that maintain influence across cores but avoid tightly-knit communities.",,evolve_experiment\evolution\real\HI-II-14_sampled_post_with_precompute\results\pops\HI-II-14_sampled\population_generation_12.json
3648e67b2a326030bfa08846bd0c5703,12,6,116,0.06382,m2,9,,,evolve_experiment\evolution\real\HI-II-14_sampled_post_with_precompute\results\pops\HI-II-14_sampled\population_generation_12.json
c0cde56cb5577369f62f6b9d590f6548,12,7,117,0.06471,e1,34,"k: (v - min_v)/(max_v - min_v) for k,v in d.items()",,evolve_experiment\evolution\real\HI-II-14_sampled_post_with_precompute\results\pops\HI-II-14_sampled\population_generation_12.json
87b64ed27692b246c32c736775795b94,12,8,118,0.0652,m2,23,,,evolve_experiment\evolution\real\HI-II-14_sampled_post_with_precompute\results\pops\HI-II-14_sampled\population_generation_12.json
4e59c53ad79003e8bf90f7b4365de57d,12,9,119,0.06524,t2,11,,,evolve_experiment\evolution\real\HI-II-14_sampled_post_with_precompute\results\pops\HI-II-14_sampled\population_generation_12.json
9e085db9753677f56c5d00fc81e5661c,12,10,120,0.06536,i1,27,,,evolve_experiment\evolution\real\HI-II-14_sampled_post_with_precompute\results\pops\HI-II-14_sampled\population_generation_12.json
ae47d13c3bb606577e8770708011d901,13,1,121,0.05744,e1,29,"Select the next node by identifying unvisited nodes whose removal maximizes the decrease in a custom local connectivity score defined as the product of node degree and (1 - clustering), weighted inversely by their core number to prioritize peripheral influential nodes, and break ties by choosing the node with the lowest eigenvector centrality to avoid selecting globally dominant hubs prematurely.",,evolve_experiment\evolution\real\HI-II-14_sampled_post_with_precompute\results\pops\HI-II-14_sampled\population_generation_13.json
f511394536b52f8d7e1515ab6f4f8848,13,2,122,0.06234,m2,40,,,evolve_experiment\evolution\real\HI-II-14_sampled_post_with_precompute\results\pops\HI-II-14_sampled\population_generation_13.json
951ee4d2511ba3d1a90fecfc4318f164,13,3,123,0.0624,m1,25,,,evolve_experiment\evolution\real\HI-II-14_sampled_post_with_precompute\results\pops\HI-II-14_sampled\population_generation_13.json
5d391ba90dd5a3d0ce60354355287e79,13,4,124,0.06362,e2,15,"Select next node by ranking unvisited nodes based on a harmonic mean of their normalized betweenness and degree centrality, multiplied by an exponential decay of their clustering coefficient to emphasize high-centrality, low-clustering nodes with balanced influence.",,evolve_experiment\evolution\real\HI-II-14_sampled_post_with_precompute\results\pops\HI-II-14_sampled\population_generation_13.json
3e1442c5ec949d3636fc0a9dbf664b00,13,5,125,0.06364,i1,10,"At each step, select the next node by scoring unvisited nodes using a combined metric that ranks nodes higher if they have above-average betweenness centrality weighted with their core number and degree, penalized by clustering coefficient to favor bridging nodes that maintain influence across cores but avoid tightly-knit communities.",,evolve_experiment\evolution\real\HI-II-14_sampled_post_with_precompute\results\pops\HI-II-14_sampled\population_generation_13.json
3648e67b2a326030bfa08846bd0c5703,13,6,126,0.06382,m2,9,,,evolve_experiment\evolution\real\HI-II-14_sampled_post_with_precompute\results\pops\HI-II-14_sampled\population_generation_13.json
c0cde56cb5577369f62f6b9d590f6548,13,7,127,0.06471,e1,34,"k: (v - min_v)/(max_v - min_v) for k,v in d.items()",,evolve_experiment\evolution\real\HI-II-14_sampled_post_with_precompute\results\pops\HI-II-14_sampled\population_generation_13.json
87b64ed27692b246c32c736775795b94,13,8,128,0.0652,m2,23,,,evolve_experiment\evolution\real\HI-II-14_sampled_post_with_precompute\results\pops\HI-II-14_sampled\population_generation_13.json
4e59c53ad79003e8bf90f7b4365de57d,13,9,129,0.06524,t2,11,,,evolve_experiment\evolution\real\HI-II-14_sampled_post_with_precompute\results\pops\HI-II-14_sampled\population_generation_13.json
9e085db9753677f56c5d00fc81e5661c,13,10,130,0.06536,i1,27,,,evolve_experiment\evolution\real\HI-II-14_sampled_post_with_precompute\results\pops\HI-II-14_sampled\population_generation_13.json
ae47d13c3bb606577e8770708011d901,14,1,131,0.05744,e1,29,"Select the next node by identifying unvisited nodes whose removal maximizes the decrease in a custom local connectivity score defined as the product of node degree and (1 - clustering), weighted inversely by their core number to prioritize peripheral influential nodes, and break ties by choosing the node with the lowest eigenvector centrality to avoid selecting globally dominant hubs prematurely.",,evolve_experiment\evolution\real\HI-II-14_sampled_post_with_precompute\results\pops\HI-II-14_sampled\population_generation_14.json
f511394536b52f8d7e1515ab6f4f8848,14,2,132,0.06234,m2,40,,,evolve_experiment\evolution\real\HI-II-14_sampled_post_with_precompute\results\pops\HI-II-14_sampled\population_generation_14.json
951ee4d2511ba3d1a90fecfc4318f164,14,3,133,0.0624,m1,25,,,evolve_experiment\evolution\real\HI-II-14_sampled_post_with_precompute\results\pops\HI-II-14_sampled\population_generation_14.json
5d391ba90dd5a3d0ce60354355287e79,14,4,134,0.06362,e2,15,"Select next node by ranking unvisited nodes based on a harmonic mean of their normalized betweenness and degree centrality, multiplied by an exponential decay of their clustering coefficient to emphasize high-centrality, low-clustering nodes with balanced influence.",,evolve_experiment\evolution\real\HI-II-14_sampled_post_with_precompute\results\pops\HI-II-14_sampled\population_generation_14.json
3e1442c5ec949d3636fc0a9dbf664b00,14,5,135,0.06364,i1,10,"At each step, select the next node by scoring unvisited nodes using a combined metric that ranks nodes higher if they have above-average betweenness centrality weighted with their core number and degree, penalized by clustering coefficient to favor bridging nodes that maintain influence across cores but avoid tightly-knit communities.",,evolve_experiment\evolution\real\HI-II-14_sampled_post_with_precompute\results\pops\HI-II-14_sampled\population_generation_14.json
3648e67b2a326030bfa08846bd0c5703,14,6,136,0.06382,m2,9,,,evolve_experiment\evolution\real\HI-II-14_sampled_post_with_precompute\results\pops\HI-II-14_sampled\population_generation_14.json
c0cde56cb5577369f62f6b9d590f6548,14,7,137,0.06471,e1,34,"k: (v - min_v)/(max_v - min_v) for k,v in d.items()",,evolve_experiment\evolution\real\HI-II-14_sampled_post_with_precompute\results\pops\HI-II-14_sampled\population_generation_14.json
a84cfa636b968df5a1cec798b752d11e,14,8,138,0.06515,e2,28,,,evolve_experiment\evolution\real\HI-II-14_sampled_post_with_precompute\results\pops\HI-II-14_sampled\population_generation_14.json
87b64ed27692b246c32c736775795b94,14,9,139,0.0652,m2,23,,,evolve_experiment\evolution\real\HI-II-14_sampled_post_with_precompute\results\pops\HI-II-14_sampled\population_generation_14.json
4e59c53ad79003e8bf90f7b4365de57d,14,10,140,0.06524,t2,11,,,evolve_experiment\evolution\real\HI-II-14_sampled_post_with_precompute\results\pops\HI-II-14_sampled\population_generation_14.json
b25b309ddcd591f24c268dc28cb3ba23,15,1,141,0.05579,m1,1,"n: i for i, n in enumerate(nodelist)",,evolve_experiment\evolution\real\HI-II-14_sampled_post_with_precompute\results\pops\HI-II-14_sampled\population_generation_15.json
0684ce1a85d6c6a3f86ea49d39317810,15,2,142,0.05628,e1,1,"n: i for i, n in enumerate(nodelist)",,evolve_experiment\evolution\real\HI-II-14_sampled_post_with_precompute\results\pops\HI-II-14_sampled\population_generation_15.json
4ff0f03533f323fea36428b790cf43fe,15,3,143,0.0565,e1,13,,,evolve_experiment\evolution\real\HI-II-14_sampled_post_with_precompute\results\pops\HI-II-14_sampled\population_generation_15.json
ae47d13c3bb606577e8770708011d901,15,4,144,0.05744,e1,29,"Select the next node by identifying unvisited nodes whose removal maximizes the decrease in a custom local connectivity score defined as the product of node degree and (1 - clustering), weighted inversely by their core number to prioritize peripheral influential nodes, and break ties by choosing the node with the lowest eigenvector centrality to avoid selecting globally dominant hubs prematurely.",,evolve_experiment\evolution\real\HI-II-14_sampled_post_with_precompute\results\pops\HI-II-14_sampled\population_generation_15.json
0a507caab538494ca41df8ba20e30b39,15,5,145,0.05857,m1,3,"n: i for i, n in enumerate(nodelist)",,evolve_experiment\evolution\real\HI-II-14_sampled_post_with_precompute\results\pops\HI-II-14_sampled\population_generation_15.json
f511394536b52f8d7e1515ab6f4f8848,15,6,146,0.06234,m2,40,,,evolve_experiment\evolution\real\HI-II-14_sampled_post_with_precompute\results\pops\HI-II-14_sampled\population_generation_15.json
951ee4d2511ba3d1a90fecfc4318f164,15,7,147,0.0624,m1,25,,,evolve_experiment\evolution\real\HI-II-14_sampled_post_with_precompute\results\pops\HI-II-14_sampled\population_generation_15.json
ecf99fb3b28842d1a4ef81ba81b7a21b,15,8,148,0.06323,m1,39,,,evolve_experiment\evolution\real\HI-II-14_sampled_post_with_precompute\results\pops\HI-II-14_sampled\population_generation_15.json
5d391ba90dd5a3d0ce60354355287e79,15,9,149,0.06362,e2,15,"Select next node by ranking unvisited nodes based on a harmonic mean of their normalized betweenness and degree centrality, multiplied by an exponential decay of their clustering coefficient to emphasize high-centrality, low-clustering nodes with balanced influence.",,evolve_experiment\evolution\real\HI-II-14_sampled_post_with_precompute\results\pops\HI-II-14_sampled\population_generation_15.json
3e1442c5ec949d3636fc0a9dbf664b00,15,10,150,0.06364,i1,10,"At each step, select the next node by scoring unvisited nodes using a combined metric that ranks nodes higher if they have above-average betweenness centrality weighted with their core number and degree, penalized by clustering coefficient to favor bridging nodes that maintain influence across cores but avoid tightly-knit communities.",,evolve_experiment\evolution\real\HI-II-14_sampled_post_with_precompute\results\pops\HI-II-14_sampled\population_generation_15.json
b25b309ddcd591f24c268dc28cb3ba23,16,1,151,0.05579,m1,1,"n: i for i, n in enumerate(nodelist)",,evolve_experiment\evolution\real\HI-II-14_sampled_post_with_precompute\results\pops\HI-II-14_sampled\population_generation_16.json
0684ce1a85d6c6a3f86ea49d39317810,16,2,152,0.05628,e1,1,"n: i for i, n in enumerate(nodelist)",,evolve_experiment\evolution\real\HI-II-14_sampled_post_with_precompute\results\pops\HI-II-14_sampled\population_generation_16.json
4ff0f03533f323fea36428b790cf43fe,16,3,153,0.0565,e1,13,,,evolve_experiment\evolution\real\HI-II-14_sampled_post_with_precompute\results\pops\HI-II-14_sampled\population_generation_16.json
ae47d13c3bb606577e8770708011d901,16,4,154,0.05744,e1,29,"Select the next node by identifying unvisited nodes whose removal maximizes the decrease in a custom local connectivity score defined as the product of node degree and (1 - clustering), weighted inversely by their core number to prioritize peripheral influential nodes, and break ties by choosing the node with the lowest eigenvector centrality to avoid selecting globally dominant hubs prematurely.",,evolve_experiment\evolution\real\HI-II-14_sampled_post_with_precompute\results\pops\HI-II-14_sampled\population_generation_16.json
0a507caab538494ca41df8ba20e30b39,16,5,155,0.05857,m1,3,"n: i for i, n in enumerate(nodelist)",,evolve_experiment\evolution\real\HI-II-14_sampled_post_with_precompute\results\pops\HI-II-14_sampled\population_generation_16.json
b8fcd1135d527974f68db0f1ddf249da,16,6,156,0.06119,e1,33,"n: i for i, n in enumerate(nodelist)",,evolve_experiment\evolution\real\HI-II-14_sampled_post_with_precompute\results\pops\HI-II-14_sampled\population_generation_16.json
f511394536b52f8d7e1515ab6f4f8848,16,7,157,0.06234,m2,40,,,evolve_experiment\evolution\real\HI-II-14_sampled_post_with_precompute\results\pops\HI-II-14_sampled\population_generation_16.json
951ee4d2511ba3d1a90fecfc4318f164,16,8,158,0.0624,m1,25,,,evolve_experiment\evolution\real\HI-II-14_sampled_post_with_precompute\results\pops\HI-II-14_sampled\population_generation_16.json
ecf99fb3b28842d1a4ef81ba81b7a21b,16,9,159,0.06323,m1,39,,,evolve_experiment\evolution\real\HI-II-14_sampled_post_with_precompute\results\pops\HI-II-14_sampled\population_generation_16.json
5d391ba90dd5a3d0ce60354355287e79,16,10,160,0.06362,e2,15,"Select next node by ranking unvisited nodes based on a harmonic mean of their normalized betweenness and degree centrality, multiplied by an exponential decay of their clustering coefficient to emphasize high-centrality, low-clustering nodes with balanced influence.",,evolve_experiment\evolution\real\HI-II-14_sampled_post_with_precompute\results\pops\HI-II-14_sampled\population_generation_16.json
b25b309ddcd591f24c268dc28cb3ba23,17,1,161,0.05579,m1,1,"n: i for i, n in enumerate(nodelist)",,evolve_experiment\evolution\real\HI-II-14_sampled_post_with_precompute\results\pops\HI-II-14_sampled\population_generation_17.json
0684ce1a85d6c6a3f86ea49d39317810,17,2,162,0.05628,e1,1,"n: i for i, n in enumerate(nodelist)",,evolve_experiment\evolution\real\HI-II-14_sampled_post_with_precompute\results\pops\HI-II-14_sampled\population_generation_17.json
b0280762cde4cb8db28f0ada13c20090,17,3,163,0.05638,e2,31,n: graph.nodes[n]['degree'] for n in unvisited_nodes,,evolve_experiment\evolution\real\HI-II-14_sampled_post_with_precompute\results\pops\HI-II-14_sampled\population_generation_17.json
4ff0f03533f323fea36428b790cf43fe,17,4,164,0.0565,e1,13,,,evolve_experiment\evolution\real\HI-II-14_sampled_post_with_precompute\results\pops\HI-II-14_sampled\population_generation_17.json
ae47d13c3bb606577e8770708011d901,17,5,165,0.05744,e1,29,"Select the next node by identifying unvisited nodes whose removal maximizes the decrease in a custom local connectivity score defined as the product of node degree and (1 - clustering), weighted inversely by their core number to prioritize peripheral influential nodes, and break ties by choosing the node with the lowest eigenvector centrality to avoid selecting globally dominant hubs prematurely.",,evolve_experiment\evolution\real\HI-II-14_sampled_post_with_precompute\results\pops\HI-II-14_sampled\population_generation_17.json
0a507caab538494ca41df8ba20e30b39,17,6,166,0.05857,m1,3,"n: i for i, n in enumerate(nodelist)",,evolve_experiment\evolution\real\HI-II-14_sampled_post_with_precompute\results\pops\HI-II-14_sampled\population_generation_17.json
b8fcd1135d527974f68db0f1ddf249da,17,7,167,0.06119,e1,33,"n: i for i, n in enumerate(nodelist)",,evolve_experiment\evolution\real\HI-II-14_sampled_post_with_precompute\results\pops\HI-II-14_sampled\population_generation_17.json
f511394536b52f8d7e1515ab6f4f8848,17,8,168,0.06234,m2,40,,,evolve_experiment\evolution\real\HI-II-14_sampled_post_with_precompute\results\pops\HI-II-14_sampled\population_generation_17.json
951ee4d2511ba3d1a90fecfc4318f164,17,9,169,0.0624,m1,25,,,evolve_experiment\evolution\real\HI-II-14_sampled_post_with_precompute\results\pops\HI-II-14_sampled\population_generation_17.json
ecf99fb3b28842d1a4ef81ba81b7a21b,17,10,170,0.06323,m1,39,,,evolve_experiment\evolution\real\HI-II-14_sampled_post_with_precompute\results\pops\HI-II-14_sampled\population_generation_17.json
b25b309ddcd591f24c268dc28cb3ba23,18,1,171,0.05579,m1,1,"n: i for i, n in enumerate(nodelist)",,evolve_experiment\evolution\real\HI-II-14_sampled_post_with_precompute\results\pops\HI-II-14_sampled\population_generation_18.json
0684ce1a85d6c6a3f86ea49d39317810,18,2,172,0.05628,e1,1,"n: i for i, n in enumerate(nodelist)",,evolve_experiment\evolution\real\HI-II-14_sampled_post_with_precompute\results\pops\HI-II-14_sampled\population_generation_18.json
b0280762cde4cb8db28f0ada13c20090,18,3,173,0.05638,e2,31,n: graph.nodes[n]['degree'] for n in unvisited_nodes,,evolve_experiment\evolution\real\HI-II-14_sampled_post_with_precompute\results\pops\HI-II-14_sampled\population_generation_18.json
4ff0f03533f323fea36428b790cf43fe,18,4,174,0.0565,e1,13,,,evolve_experiment\evolution\real\HI-II-14_sampled_post_with_precompute\results\pops\HI-II-14_sampled\population_generation_18.json
ae47d13c3bb606577e8770708011d901,18,5,175,0.05744,e1,29,"Select the next node by identifying unvisited nodes whose removal maximizes the decrease in a custom local connectivity score defined as the product of node degree and (1 - clustering), weighted inversely by their core number to prioritize peripheral influential nodes, and break ties by choosing the node with the lowest eigenvector centrality to avoid selecting globally dominant hubs prematurely.",,evolve_experiment\evolution\real\HI-II-14_sampled_post_with_precompute\results\pops\HI-II-14_sampled\population_generation_18.json
0a507caab538494ca41df8ba20e30b39,18,6,176,0.05857,m1,3,"n: i for i, n in enumerate(nodelist)",,evolve_experiment\evolution\real\HI-II-14_sampled_post_with_precompute\results\pops\HI-II-14_sampled\population_generation_18.json
b8fcd1135d527974f68db0f1ddf249da,18,7,177,0.06119,e1,33,"n: i for i, n in enumerate(nodelist)",,evolve_experiment\evolution\real\HI-II-14_sampled_post_with_precompute\results\pops\HI-II-14_sampled\population_generation_18.json
f511394536b52f8d7e1515ab6f4f8848,18,8,178,0.06234,m2,40,,,evolve_experiment\evolution\real\HI-II-14_sampled_post_with_precompute\results\pops\HI-II-14_sampled\population_generation_18.json
951ee4d2511ba3d1a90fecfc4318f164,18,9,179,0.0624,m1,25,,,evolve_experiment\evolution\real\HI-II-14_sampled_post_with_precompute\results\pops\HI-II-14_sampled\population_generation_18.json
ecf99fb3b28842d1a4ef81ba81b7a21b,18,10,180,0.06323,m1,39,,,evolve_experiment\evolution\real\HI-II-14_sampled_post_with_precompute\results\pops\HI-II-14_sampled\population_generation_18.json
b25b309ddcd591f24c268dc28cb3ba23,19,1,181,0.05579,m1,1,"n: i for i, n in enumerate(nodelist)",,evolve_experiment\evolution\real\HI-II-14_sampled_post_with_precompute\results\pops\HI-II-14_sampled\population_generation_19.json
0684ce1a85d6c6a3f86ea49d39317810,19,2,182,0.05628,e1,1,"n: i for i, n in enumerate(nodelist)",,evolve_experiment\evolution\real\HI-II-14_sampled_post_with_precompute\results\pops\HI-II-14_sampled\population_generation_19.json
b0280762cde4cb8db28f0ada13c20090,19,3,183,0.05638,e2,31,n: graph.nodes[n]['degree'] for n in unvisited_nodes,,evolve_experiment\evolution\real\HI-II-14_sampled_post_with_precompute\results\pops\HI-II-14_sampled\population_generation_19.json
4ff0f03533f323fea36428b790cf43fe,19,4,184,0.0565,e1,13,,,evolve_experiment\evolution\real\HI-II-14_sampled_post_with_precompute\results\pops\HI-II-14_sampled\population_generation_19.json
ae47d13c3bb606577e8770708011d901,19,5,185,0.05744,e1,29,"Select the next node by identifying unvisited nodes whose removal maximizes the decrease in a custom local connectivity score defined as the product of node degree and (1 - clustering), weighted inversely by their core number to prioritize peripheral influential nodes, and break ties by choosing the node with the lowest eigenvector centrality to avoid selecting globally dominant hubs prematurely.",,evolve_experiment\evolution\real\HI-II-14_sampled_post_with_precompute\results\pops\HI-II-14_sampled\population_generation_19.json
0a507caab538494ca41df8ba20e30b39,19,6,186,0.05857,m1,3,"n: i for i, n in enumerate(nodelist)",,evolve_experiment\evolution\real\HI-II-14_sampled_post_with_precompute\results\pops\HI-II-14_sampled\population_generation_19.json
b8fcd1135d527974f68db0f1ddf249da,19,7,187,0.06119,e1,33,"n: i for i, n in enumerate(nodelist)",,evolve_experiment\evolution\real\HI-II-14_sampled_post_with_precompute\results\pops\HI-II-14_sampled\population_generation_19.json
7a6e2bffd2738c34b6d41aafadead5cb,19,8,188,0.06234,t2,20,,,evolve_experiment\evolution\real\HI-II-14_sampled_post_with_precompute\results\pops\HI-II-14_sampled\population_generation_19.json
951ee4d2511ba3d1a90fecfc4318f164,19,9,189,0.0624,m1,25,,,evolve_experiment\evolution\real\HI-II-14_sampled_post_with_precompute\results\pops\HI-II-14_sampled\population_generation_19.json
ecf99fb3b28842d1a4ef81ba81b7a21b,19,10,190,0.06323,m1,39,,,evolve_experiment\evolution\real\HI-II-14_sampled_post_with_precompute\results\pops\HI-II-14_sampled\population_generation_19.json
b25b309ddcd591f24c268dc28cb3ba23,20,1,191,0.05579,m1,1,"n: i for i, n in enumerate(nodelist)",,evolve_experiment\evolution\real\HI-II-14_sampled_post_with_precompute\results\pops\HI-II-14_sampled\population_generation_20.json
0684ce1a85d6c6a3f86ea49d39317810,20,2,192,0.05628,e1,1,"n: i for i, n in enumerate(nodelist)",,evolve_experiment\evolution\real\HI-II-14_sampled_post_with_precompute\results\pops\HI-II-14_sampled\population_generation_20.json
b0280762cde4cb8db28f0ada13c20090,20,3,193,0.05638,e2,31,n: graph.nodes[n]['degree'] for n in unvisited_nodes,,evolve_experiment\evolution\real\HI-II-14_sampled_post_with_precompute\results\pops\HI-II-14_sampled\population_generation_20.json
4ff0f03533f323fea36428b790cf43fe,20,4,194,0.0565,e1,13,,,evolve_experiment\evolution\real\HI-II-14_sampled_post_with_precompute\results\pops\HI-II-14_sampled\population_generation_20.json
1e8b7c03456ea84c1cfbf0f2ac6f6dbd,20,5,195,0.05678,m2,1,"n: i for i, n in enumerate(nodelist)",,evolve_experiment\evolution\real\HI-II-14_sampled_post_with_precompute\results\pops\HI-II-14_sampled\population_generation_20.json
ae47d13c3bb606577e8770708011d901,20,6,196,0.05744,e1,29,"Select the next node by identifying unvisited nodes whose removal maximizes the decrease in a custom local connectivity score defined as the product of node degree and (1 - clustering), weighted inversely by their core number to prioritize peripheral influential nodes, and break ties by choosing the node with the lowest eigenvector centrality to avoid selecting globally dominant hubs prematurely.",,evolve_experiment\evolution\real\HI-II-14_sampled_post_with_precompute\results\pops\HI-II-14_sampled\population_generation_20.json
0a507caab538494ca41df8ba20e30b39,20,7,197,0.05857,m1,3,"n: i for i, n in enumerate(nodelist)",,evolve_experiment\evolution\real\HI-II-14_sampled_post_with_precompute\results\pops\HI-II-14_sampled\population_generation_20.json
f12654610f0220c64418b8d280646c0b,20,8,198,0.06069,m2,38,"n: i for i, n in enumerate(nodelist)",,evolve_experiment\evolution\real\HI-II-14_sampled_post_with_precompute\results\pops\HI-II-14_sampled\population_generation_20.json
b8fcd1135d527974f68db0f1ddf249da,20,9,199,0.06119,e1,33,"n: i for i, n in enumerate(nodelist)",,evolve_experiment\evolution\real\HI-II-14_sampled_post_with_precompute\results\pops\HI-II-14_sampled\population_generation_20.json
6a9daf04f375da645073f9d1ec914b45,20,10,200,0.06208,e2,19,,,evolve_experiment\evolution\real\HI-II-14_sampled_post_with_precompute\results\pops\HI-II-14_sampled\population_generation_20.json
1467321a9bece65d15e59acedf2de778,21,1,201,0.05494,m1,1,"n: i for i, n in enumerate(nodelist)",,evolve_experiment\evolution\real\HI-II-14_sampled_post_with_precompute\results\pops\HI-II-14_sampled\population_generation_21.json
b25b309ddcd591f24c268dc28cb3ba23,21,2,202,0.05579,m1,1,"n: i for i, n in enumerate(nodelist)",,evolve_experiment\evolution\real\HI-II-14_sampled_post_with_precompute\results\pops\HI-II-14_sampled\population_generation_21.json
0684ce1a85d6c6a3f86ea49d39317810,21,3,203,0.05628,e1,1,"n: i for i, n in enumerate(nodelist)",,evolve_experiment\evolution\real\HI-II-14_sampled_post_with_precompute\results\pops\HI-II-14_sampled\population_generation_21.json
b0280762cde4cb8db28f0ada13c20090,21,4,204,0.05638,e2,31,n: graph.nodes[n]['degree'] for n in unvisited_nodes,,evolve_experiment\evolution\real\HI-II-14_sampled_post_with_precompute\results\pops\HI-II-14_sampled\population_generation_21.json
4ff0f03533f323fea36428b790cf43fe,21,5,205,0.0565,e1,13,,,evolve_experiment\evolution\real\HI-II-14_sampled_post_with_precompute\results\pops\HI-II-14_sampled\population_generation_21.json
d5675a00a4a47ad6c3eebde380752dd3,21,6,206,0.05672,m2,38,"n: i for i, n in enumerate(nodelist)",,evolve_experiment\evolution\real\HI-II-14_sampled_post_with_precompute\results\pops\HI-II-14_sampled\population_generation_21.json
1e8b7c03456ea84c1cfbf0f2ac6f6dbd,21,7,207,0.05678,m2,1,"n: i for i, n in enumerate(nodelist)",,evolve_experiment\evolution\real\HI-II-14_sampled_post_with_precompute\results\pops\HI-II-14_sampled\population_generation_21.json
ae47d13c3bb606577e8770708011d901,21,8,208,0.05744,e1,29,"Select the next node by identifying unvisited nodes whose removal maximizes the decrease in a custom local connectivity score defined as the product of node degree and (1 - clustering), weighted inversely by their core number to prioritize peripheral influential nodes, and break ties by choosing the node with the lowest eigenvector centrality to avoid selecting globally dominant hubs prematurely.",,evolve_experiment\evolution\real\HI-II-14_sampled_post_with_precompute\results\pops\HI-II-14_sampled\population_generation_21.json
0a507caab538494ca41df8ba20e30b39,21,9,209,0.05857,m1,3,"n: i for i, n in enumerate(nodelist)",,evolve_experiment\evolution\real\HI-II-14_sampled_post_with_precompute\results\pops\HI-II-14_sampled\population_generation_21.json
06c9fb2b47f920f37581c8445ac60934,21,10,210,0.0591,m2,2,"n: i for i, n in enumerate(nodelist)",,evolve_experiment\evolution\real\HI-II-14_sampled_post_with_precompute\results\pops\HI-II-14_sampled\population_generation_21.json
1467321a9bece65d15e59acedf2de778,22,1,211,0.05494,m1,1,"n: i for i, n in enumerate(nodelist)",,evolve_experiment\evolution\real\HI-II-14_sampled_post_with_precompute\results\pops\HI-II-14_sampled\population_generation_22.json
b25b309ddcd591f24c268dc28cb3ba23,22,2,212,0.05579,m1,1,"n: i for i, n in enumerate(nodelist)",,evolve_experiment\evolution\real\HI-II-14_sampled_post_with_precompute\results\pops\HI-II-14_sampled\population_generation_22.json
0684ce1a85d6c6a3f86ea49d39317810,22,3,213,0.05628,e1,1,"n: i for i, n in enumerate(nodelist)",,evolve_experiment\evolution\real\HI-II-14_sampled_post_with_precompute\results\pops\HI-II-14_sampled\population_generation_22.json
b0280762cde4cb8db28f0ada13c20090,22,4,214,0.05638,e2,31,n: graph.nodes[n]['degree'] for n in unvisited_nodes,,evolve_experiment\evolution\real\HI-II-14_sampled_post_with_precompute\results\pops\HI-II-14_sampled\population_generation_22.json
4ff0f03533f323fea36428b790cf43fe,22,5,215,0.0565,e1,13,,,evolve_experiment\evolution\real\HI-II-14_sampled_post_with_precompute\results\pops\HI-II-14_sampled\population_generation_22.json
1f80e8a9bd0af5650308b94a7915af05,22,6,216,0.0566,m1,1,"n: i for i, n in enumerate(nodelist)",,evolve_experiment\evolution\real\HI-II-14_sampled_post_with_precompute\results\pops\HI-II-14_sampled\population_generation_22.json
4e951d8f46c2855bcfa60cf1ceb0c4ae,22,7,217,0.05668,m1,1,"n: i for i, n in enumerate(nodelist)",,evolve_experiment\evolution\real\HI-II-14_sampled_post_with_precompute\results\pops\HI-II-14_sampled\population_generation_22.json
d5675a00a4a47ad6c3eebde380752dd3,22,8,218,0.05672,m2,38,"n: i for i, n in enumerate(nodelist)",,evolve_experiment\evolution\real\HI-II-14_sampled_post_with_precompute\results\pops\HI-II-14_sampled\population_generation_22.json
1e8b7c03456ea84c1cfbf0f2ac6f6dbd,22,9,219,0.05678,m2,1,"n: i for i, n in enumerate(nodelist)",,evolve_experiment\evolution\real\HI-II-14_sampled_post_with_precompute\results\pops\HI-II-14_sampled\population_generation_22.json
ae47d13c3bb606577e8770708011d901,22,10,220,0.05744,e1,29,"Select the next node by identifying unvisited nodes whose removal maximizes the decrease in a custom local connectivity score defined as the product of node degree and (1 - clustering), weighted inversely by their core number to prioritize peripheral influential nodes, and break ties by choosing the node with the lowest eigenvector centrality to avoid selecting globally dominant hubs prematurely.",,evolve_experiment\evolution\real\HI-II-14_sampled_post_with_precompute\results\pops\HI-II-14_sampled\population_generation_22.json
1467321a9bece65d15e59acedf2de778,23,1,221,0.05494,m1,1,"n: i for i, n in enumerate(nodelist)",,evolve_experiment\evolution\real\HI-II-14_sampled_post_with_precompute\results\pops\HI-II-14_sampled\population_generation_23.json
b25b309ddcd591f24c268dc28cb3ba23,23,2,222,0.05579,m1,1,"n: i for i, n in enumerate(nodelist)",,evolve_experiment\evolution\real\HI-II-14_sampled_post_with_precompute\results\pops\HI-II-14_sampled\population_generation_23.json
0684ce1a85d6c6a3f86ea49d39317810,23,3,223,0.05628,e1,1,"n: i for i, n in enumerate(nodelist)",,evolve_experiment\evolution\real\HI-II-14_sampled_post_with_precompute\results\pops\HI-II-14_sampled\population_generation_23.json
b0280762cde4cb8db28f0ada13c20090,23,4,224,0.05638,e2,31,n: graph.nodes[n]['degree'] for n in unvisited_nodes,,evolve_experiment\evolution\real\HI-II-14_sampled_post_with_precompute\results\pops\HI-II-14_sampled\population_generation_23.json
4ff0f03533f323fea36428b790cf43fe,23,5,225,0.0565,e1,13,,,evolve_experiment\evolution\real\HI-II-14_sampled_post_with_precompute\results\pops\HI-II-14_sampled\population_generation_23.json
1f80e8a9bd0af5650308b94a7915af05,23,6,226,0.0566,m1,1,"n: i for i, n in enumerate(nodelist)",,evolve_experiment\evolution\real\HI-II-14_sampled_post_with_precompute\results\pops\HI-II-14_sampled\population_generation_23.json
4e951d8f46c2855bcfa60cf1ceb0c4ae,23,7,227,0.05668,m1,1,"n: i for i, n in enumerate(nodelist)",,evolve_experiment\evolution\real\HI-II-14_sampled_post_with_precompute\results\pops\HI-II-14_sampled\population_generation_23.json
d5675a00a4a47ad6c3eebde380752dd3,23,8,228,0.05672,m2,38,"n: i for i, n in enumerate(nodelist)",,evolve_experiment\evolution\real\HI-II-14_sampled_post_with_precompute\results\pops\HI-II-14_sampled\population_generation_23.json
1e8b7c03456ea84c1cfbf0f2ac6f6dbd,23,9,229,0.05678,m2,1,"n: i for i, n in enumerate(nodelist)",,evolve_experiment\evolution\real\HI-II-14_sampled_post_with_precompute\results\pops\HI-II-14_sampled\population_generation_23.json
ae47d13c3bb606577e8770708011d901,23,10,230,0.05744,e1,29,"Select the next node by identifying unvisited nodes whose removal maximizes the decrease in a custom local connectivity score defined as the product of node degree and (1 - clustering), weighted inversely by their core number to prioritize peripheral influential nodes, and break ties by choosing the node with the lowest eigenvector centrality to avoid selecting globally dominant hubs prematurely.",,evolve_experiment\evolution\real\HI-II-14_sampled_post_with_precompute\results\pops\HI-II-14_sampled\population_generation_23.json
073cec36ec29dc69635c19147b3f3414,24,1,231,0.05492,m2,1,"n: i for i, n in enumerate(nodelist)",,evolve_experiment\evolution\real\HI-II-14_sampled_post_with_precompute\results\pops\HI-II-14_sampled\population_generation_24.json
1467321a9bece65d15e59acedf2de778,24,2,232,0.05494,m1,1,"n: i for i, n in enumerate(nodelist)",,evolve_experiment\evolution\real\HI-II-14_sampled_post_with_precompute\results\pops\HI-II-14_sampled\population_generation_24.json
b25b309ddcd591f24c268dc28cb3ba23,24,3,233,0.05579,m1,1,"n: i for i, n in enumerate(nodelist)",,evolve_experiment\evolution\real\HI-II-14_sampled_post_with_precompute\results\pops\HI-II-14_sampled\population_generation_24.json
0684ce1a85d6c6a3f86ea49d39317810,24,4,234,0.05628,e1,1,"n: i for i, n in enumerate(nodelist)",,evolve_experiment\evolution\real\HI-II-14_sampled_post_with_precompute\results\pops\HI-II-14_sampled\population_generation_24.json
b0280762cde4cb8db28f0ada13c20090,24,5,235,0.05638,e2,31,n: graph.nodes[n]['degree'] for n in unvisited_nodes,,evolve_experiment\evolution\real\HI-II-14_sampled_post_with_precompute\results\pops\HI-II-14_sampled\population_generation_24.json
4ff0f03533f323fea36428b790cf43fe,24,6,236,0.0565,e1,13,,,evolve_experiment\evolution\real\HI-II-14_sampled_post_with_precompute\results\pops\HI-II-14_sampled\population_generation_24.json
1f80e8a9bd0af5650308b94a7915af05,24,7,237,0.0566,m1,1,"n: i for i, n in enumerate(nodelist)",,evolve_experiment\evolution\real\HI-II-14_sampled_post_with_precompute\results\pops\HI-II-14_sampled\population_generation_24.json
4e951d8f46c2855bcfa60cf1ceb0c4ae,24,8,238,0.05668,m1,1,"n: i for i, n in enumerate(nodelist)",,evolve_experiment\evolution\real\HI-II-14_sampled_post_with_precompute\results\pops\HI-II-14_sampled\population_generation_24.json
d5675a00a4a47ad6c3eebde380752dd3,24,9,239,0.05672,m2,38,"n: i for i, n in enumerate(nodelist)",,evolve_experiment\evolution\real\HI-II-14_sampled_post_with_precompute\results\pops\HI-II-14_sampled\population_generation_24.json
1e8b7c03456ea84c1cfbf0f2ac6f6dbd,24,10,240,0.05678,m2,1,"n: i for i, n in enumerate(nodelist)",,evolve_experiment\evolution\real\HI-II-14_sampled_post_with_precompute\results\pops\HI-II-14_sampled\population_generation_24.json
073cec36ec29dc69635c19147b3f3414,25,1,241,0.05492,m2,1,"n: i for i, n in enumerate(nodelist)",,evolve_experiment\evolution\real\HI-II-14_sampled_post_with_precompute\results\pops\HI-II-14_sampled\population_generation_25.json
1467321a9bece65d15e59acedf2de778,25,2,242,0.05494,m1,1,"n: i for i, n in enumerate(nodelist)",,evolve_experiment\evolution\real\HI-II-14_sampled_post_with_precompute\results\pops\HI-II-14_sampled\population_generation_25.json
ba5cd8d1d46c592905817d0c9c288807,25,3,243,0.0552,m1,1,"n: i for i, n in enumerate(nodelist)",,evolve_experiment\evolution\real\HI-II-14_sampled_post_with_precompute\results\pops\HI-II-14_sampled\population_generation_25.json
b25b309ddcd591f24c268dc28cb3ba23,25,4,244,0.05579,m1,1,"n: i for i, n in enumerate(nodelist)",,evolve_experiment\evolution\real\HI-II-14_sampled_post_with_precompute\results\pops\HI-II-14_sampled\population_generation_25.json
0684ce1a85d6c6a3f86ea49d39317810,25,5,245,0.05628,e1,1,"n: i for i, n in enumerate(nodelist)",,evolve_experiment\evolution\real\HI-II-14_sampled_post_with_precompute\results\pops\HI-II-14_sampled\population_generation_25.json
b0280762cde4cb8db28f0ada13c20090,25,6,246,0.05638,e2,31,n: graph.nodes[n]['degree'] for n in unvisited_nodes,,evolve_experiment\evolution\real\HI-II-14_sampled_post_with_precompute\results\pops\HI-II-14_sampled\population_generation_25.json
4ff0f03533f323fea36428b790cf43fe,25,7,247,0.0565,e1,13,,,evolve_experiment\evolution\real\HI-II-14_sampled_post_with_precompute\results\pops\HI-II-14_sampled\population_generation_25.json
1f80e8a9bd0af5650308b94a7915af05,25,8,248,0.0566,m1,1,"n: i for i, n in enumerate(nodelist)",,evolve_experiment\evolution\real\HI-II-14_sampled_post_with_precompute\results\pops\HI-II-14_sampled\population_generation_25.json
4e951d8f46c2855bcfa60cf1ceb0c4ae,25,9,249,0.05668,m1,1,"n: i for i, n in enumerate(nodelist)",,evolve_experiment\evolution\real\HI-II-14_sampled_post_with_precompute\results\pops\HI-II-14_sampled\population_generation_25.json
d5675a00a4a47ad6c3eebde380752dd3,25,10,250,0.05672,m2,38,"n: i for i, n in enumerate(nodelist)",,evolve_experiment\evolution\real\HI-II-14_sampled_post_with_precompute\results\pops\HI-II-14_sampled\population_generation_25.json
073cec36ec29dc69635c19147b3f3414,26,1,251,0.05492,m2,1,"n: i for i, n in enumerate(nodelist)",,evolve_experiment\evolution\real\HI-II-14_sampled_post_with_precompute\results\pops\HI-II-14_sampled\population_generation_26.json
1467321a9bece65d15e59acedf2de778,26,2,252,0.05494,m1,1,"n: i for i, n in enumerate(nodelist)",,evolve_experiment\evolution\real\HI-II-14_sampled_post_with_precompute\results\pops\HI-II-14_sampled\population_generation_26.json
ba5cd8d1d46c592905817d0c9c288807,26,3,253,0.0552,m1,1,"n: i for i, n in enumerate(nodelist)",,evolve_experiment\evolution\real\HI-II-14_sampled_post_with_precompute\results\pops\HI-II-14_sampled\population_generation_26.json
b25b309ddcd591f24c268dc28cb3ba23,26,4,254,0.05579,m1,1,"n: i for i, n in enumerate(nodelist)",,evolve_experiment\evolution\real\HI-II-14_sampled_post_with_precompute\results\pops\HI-II-14_sampled\population_generation_26.json
0684ce1a85d6c6a3f86ea49d39317810,26,5,255,0.05628,e1,1,"n: i for i, n in enumerate(nodelist)",,evolve_experiment\evolution\real\HI-II-14_sampled_post_with_precompute\results\pops\HI-II-14_sampled\population_generation_26.json
b0280762cde4cb8db28f0ada13c20090,26,6,256,0.05638,e2,31,n: graph.nodes[n]['degree'] for n in unvisited_nodes,,evolve_experiment\evolution\real\HI-II-14_sampled_post_with_precompute\results\pops\HI-II-14_sampled\population_generation_26.json
4ff0f03533f323fea36428b790cf43fe,26,7,257,0.0565,e1,13,,,evolve_experiment\evolution\real\HI-II-14_sampled_post_with_precompute\results\pops\HI-II-14_sampled\population_generation_26.json
1f80e8a9bd0af5650308b94a7915af05,26,8,258,0.0566,m1,1,"n: i for i, n in enumerate(nodelist)",,evolve_experiment\evolution\real\HI-II-14_sampled_post_with_precompute\results\pops\HI-II-14_sampled\population_generation_26.json
4e951d8f46c2855bcfa60cf1ceb0c4ae,26,9,259,0.05668,m1,1,"n: i for i, n in enumerate(nodelist)",,evolve_experiment\evolution\real\HI-II-14_sampled_post_with_precompute\results\pops\HI-II-14_sampled\population_generation_26.json
d5675a00a4a47ad6c3eebde380752dd3,26,10,260,0.05672,m2,38,"n: i for i, n in enumerate(nodelist)",,evolve_experiment\evolution\real\HI-II-14_sampled_post_with_precompute\results\pops\HI-II-14_sampled\population_generation_26.json
073cec36ec29dc69635c19147b3f3414,27,1,261,0.05492,m2,1,"n: i for i, n in enumerate(nodelist)",,evolve_experiment\evolution\real\HI-II-14_sampled_post_with_precompute\results\pops\HI-II-14_sampled\population_generation_27.json
1467321a9bece65d15e59acedf2de778,27,2,262,0.05494,m1,1,"n: i for i, n in enumerate(nodelist)",,evolve_experiment\evolution\real\HI-II-14_sampled_post_with_precompute\results\pops\HI-II-14_sampled\population_generation_27.json
ba5cd8d1d46c592905817d0c9c288807,27,3,263,0.0552,m1,1,"n: i for i, n in enumerate(nodelist)",,evolve_experiment\evolution\real\HI-II-14_sampled_post_with_precompute\results\pops\HI-II-14_sampled\population_generation_27.json
b25b309ddcd591f24c268dc28cb3ba23,27,4,264,0.05579,m1,1,"n: i for i, n in enumerate(nodelist)",,evolve_experiment\evolution\real\HI-II-14_sampled_post_with_precompute\results\pops\HI-II-14_sampled\population_generation_27.json
0684ce1a85d6c6a3f86ea49d39317810,27,5,265,0.05628,e1,1,"n: i for i, n in enumerate(nodelist)",,evolve_experiment\evolution\real\HI-II-14_sampled_post_with_precompute\results\pops\HI-II-14_sampled\population_generation_27.json
b0280762cde4cb8db28f0ada13c20090,27,6,266,0.05638,e2,31,n: graph.nodes[n]['degree'] for n in unvisited_nodes,,evolve_experiment\evolution\real\HI-II-14_sampled_post_with_precompute\results\pops\HI-II-14_sampled\population_generation_27.json
4ff0f03533f323fea36428b790cf43fe,27,7,267,0.0565,e1,13,,,evolve_experiment\evolution\real\HI-II-14_sampled_post_with_precompute\results\pops\HI-II-14_sampled\population_generation_27.json
1f80e8a9bd0af5650308b94a7915af05,27,8,268,0.0566,m1,1,"n: i for i, n in enumerate(nodelist)",,evolve_experiment\evolution\real\HI-II-14_sampled_post_with_precompute\results\pops\HI-II-14_sampled\population_generation_27.json
4e951d8f46c2855bcfa60cf1ceb0c4ae,27,9,269,0.05668,m1,1,"n: i for i, n in enumerate(nodelist)",,evolve_experiment\evolution\real\HI-II-14_sampled_post_with_precompute\results\pops\HI-II-14_sampled\population_generation_27.json
d5675a00a4a47ad6c3eebde380752dd3,27,10,270,0.05672,m2,38,"n: i for i, n in enumerate(nodelist)",,evolve_experiment\evolution\real\HI-II-14_sampled_post_with_precompute\results\pops\HI-II-14_sampled\population_generation_27.json
77dfd343f9b8e1ace106a02751fc090f,28,1,271,0.05367,m2,1,"n: i for i, n in enumerate(nodelist)",,evolve_experiment\evolution\real\HI-II-14_sampled_post_with_precompute\results\pops\HI-II-14_sampled\population_generation_28.json
a5d48e265bd2824d6b8689223647f1b0,28,2,272,0.05439,m2,1,"n: i for i, n in enumerate(nodelist)",,evolve_experiment\evolution\real\HI-II-14_sampled_post_with_precompute\results\pops\HI-II-14_sampled\population_generation_28.json
74309bd670e37343ea9321387cd9d296,28,3,273,0.05487,m2,1,"n: i for i, n in enumerate(nodelist)",,evolve_experiment\evolution\real\HI-II-14_sampled_post_with_precompute\results\pops\HI-II-14_sampled\population_generation_28.json
073cec36ec29dc69635c19147b3f3414,28,4,274,0.05492,m2,1,"n: i for i, n in enumerate(nodelist)",,evolve_experiment\evolution\real\HI-II-14_sampled_post_with_precompute\results\pops\HI-II-14_sampled\population_generation_28.json
1467321a9bece65d15e59acedf2de778,28,5,275,0.05494,m1,1,"n: i for i, n in enumerate(nodelist)",,evolve_experiment\evolution\real\HI-II-14_sampled_post_with_precompute\results\pops\HI-II-14_sampled\population_generation_28.json
62b9de86af2e2ee9cad26e4369836ad2,28,6,276,0.05497,m2,1,"n: i for i, n in enumerate(nodelist)",,evolve_experiment\evolution\real\HI-II-14_sampled_post_with_precompute\results\pops\HI-II-14_sampled\population_generation_28.json
2cbfc8e2ba2cfa269449c93cd21e8f14,28,7,277,0.05509,m2,1,"n: i for i, n in enumerate(nodelist)",,evolve_experiment\evolution\real\HI-II-14_sampled_post_with_precompute\results\pops\HI-II-14_sampled\population_generation_28.json
ba5cd8d1d46c592905817d0c9c288807,28,8,278,0.0552,m1,1,"n: i for i, n in enumerate(nodelist)",,evolve_experiment\evolution\real\HI-II-14_sampled_post_with_precompute\results\pops\HI-II-14_sampled\population_generation_28.json
28453b404231678d99896309246afd84,28,9,279,0.05522,m1,1,"n: i for i, n in enumerate(nodelist)",,evolve_experiment\evolution\real\HI-II-14_sampled_post_with_precompute\results\pops\HI-II-14_sampled\population_generation_28.json
19f5a062e95462344050ed1f60933c45,28,10,280,0.05564,e2,5,,,evolve_experiment\evolution\real\HI-II-14_sampled_post_with_precompute\results\pops\HI-II-14_sampled\population_generation_28.json
77dfd343f9b8e1ace106a02751fc090f,29,1,281,0.05367,m2,1,"n: i for i, n in enumerate(nodelist)",,evolve_experiment\evolution\real\HI-II-14_sampled_post_with_precompute\results\pops\HI-II-14_sampled\population_generation_29.json
252d53df2109c41d98194a0d361e3d94,29,2,282,0.05434,m2,1,"n: i for i, n in enumerate(nodelist)",,evolve_experiment\evolution\real\HI-II-14_sampled_post_with_precompute\results\pops\HI-II-14_sampled\population_generation_29.json
a5d48e265bd2824d6b8689223647f1b0,29,3,283,0.05439,m2,1,"n: i for i, n in enumerate(nodelist)",,evolve_experiment\evolution\real\HI-II-14_sampled_post_with_precompute\results\pops\HI-II-14_sampled\population_generation_29.json
74309bd670e37343ea9321387cd9d296,29,4,284,0.05487,m2,1,"n: i for i, n in enumerate(nodelist)",,evolve_experiment\evolution\real\HI-II-14_sampled_post_with_precompute\results\pops\HI-II-14_sampled\population_generation_29.json
073cec36ec29dc69635c19147b3f3414,29,5,285,0.05492,m2,1,"n: i for i, n in enumerate(nodelist)",,evolve_experiment\evolution\real\HI-II-14_sampled_post_with_precompute\results\pops\HI-II-14_sampled\population_generation_29.json
1467321a9bece65d15e59acedf2de778,29,6,286,0.05494,m1,1,"n: i for i, n in enumerate(nodelist)",,evolve_experiment\evolution\real\HI-II-14_sampled_post_with_precompute\results\pops\HI-II-14_sampled\population_generation_29.json
62b9de86af2e2ee9cad26e4369836ad2,29,7,287,0.05497,m2,1,"n: i for i, n in enumerate(nodelist)",,evolve_experiment\evolution\real\HI-II-14_sampled_post_with_precompute\results\pops\HI-II-14_sampled\population_generation_29.json
2cbfc8e2ba2cfa269449c93cd21e8f14,29,8,288,0.05509,m2,1,"n: i for i, n in enumerate(nodelist)",,evolve_experiment\evolution\real\HI-II-14_sampled_post_with_precompute\results\pops\HI-II-14_sampled\population_generation_29.json
715a7ba657600c62e8fd62805beb5d6d,29,9,289,0.0551,m2,1,"n: i for i, n in enumerate(nodelist)",,evolve_experiment\evolution\real\HI-II-14_sampled_post_with_precompute\results\pops\HI-II-14_sampled\population_generation_29.json
ba5cd8d1d46c592905817d0c9c288807,29,10,290,0.0552,m1,1,"n: i for i, n in enumerate(nodelist)",,evolve_experiment\evolution\real\HI-II-14_sampled_post_with_precompute\results\pops\HI-II-14_sampled\population_generation_29.json
77dfd343f9b8e1ace106a02751fc090f,30,1,291,0.05367,m2,1,"n: i for i, n in enumerate(nodelist)",,evolve_experiment\evolution\real\HI-II-14_sampled_post_with_precompute\results\pops\HI-II-14_sampled\population_generation_30.json
8ead0f7ec9da4c66672f341420b0323b,30,2,292,0.0542,m2,1,"n: i for i, n in enumerate(nodelist)",,evolve_experiment\evolution\real\HI-II-14_sampled_post_with_precompute\results\pops\HI-II-14_sampled\population_generation_30.json
252d53df2109c41d98194a0d361e3d94,30,3,293,0.05434,m2,1,"n: i for i, n in enumerate(nodelist)",,evolve_experiment\evolution\real\HI-II-14_sampled_post_with_precompute\results\pops\HI-II-14_sampled\population_generation_30.json
cee613f6b0ba778c67960d925641cf2b,30,4,294,0.05436,m2,1,"n: i for i, n in enumerate(nodelist)",,evolve_experiment\evolution\real\HI-II-14_sampled_post_with_precompute\results\pops\HI-II-14_sampled\population_generation_30.json
a5d48e265bd2824d6b8689223647f1b0,30,5,295,0.05439,m2,1,"n: i for i, n in enumerate(nodelist)",,evolve_experiment\evolution\real\HI-II-14_sampled_post_with_precompute\results\pops\HI-II-14_sampled\population_generation_30.json
74309bd670e37343ea9321387cd9d296,30,6,296,0.05487,m2,1,"n: i for i, n in enumerate(nodelist)",,evolve_experiment\evolution\real\HI-II-14_sampled_post_with_precompute\results\pops\HI-II-14_sampled\population_generation_30.json
073cec36ec29dc69635c19147b3f3414,30,7,297,0.05492,m2,1,"n: i for i, n in enumerate(nodelist)",,evolve_experiment\evolution\real\HI-II-14_sampled_post_with_precompute\results\pops\HI-II-14_sampled\population_generation_30.json
1467321a9bece65d15e59acedf2de778,30,8,298,0.05494,m1,1,"n: i for i, n in enumerate(nodelist)",,evolve_experiment\evolution\real\HI-II-14_sampled_post_with_precompute\results\pops\HI-II-14_sampled\population_generation_30.json
c544be19622b7b66ec6722ae1171b824,30,9,299,0.05496,m2,1,"n: i for i, n in enumerate(nodelist)",,evolve_experiment\evolution\real\HI-II-14_sampled_post_with_precompute\results\pops\HI-II-14_sampled\population_generation_30.json
62b9de86af2e2ee9cad26e4369836ad2,30,10,300,0.05497,m2,1,"n: i for i, n in enumerate(nodelist)",,evolve_experiment\evolution\real\HI-II-14_sampled_post_with_precompute\results\pops\HI-II-14_sampled\population_generation_30.json
77dfd343f9b8e1ace106a02751fc090f,31,1,301,0.05367,m2,1,"n: i for i, n in enumerate(nodelist)",,evolve_experiment\evolution\real\HI-II-14_sampled_post_with_precompute\results\pops\HI-II-14_sampled\population_generation_31.json
f3672b5a78e30391f7121ecc69d95db2,31,2,302,0.05385,m2,1,"n: i for i, n in enumerate(nodelist)",,evolve_experiment\evolution\real\HI-II-14_sampled_post_with_precompute\results\pops\HI-II-14_sampled\population_generation_31.json
8ead0f7ec9da4c66672f341420b0323b,31,3,303,0.0542,m2,1,"n: i for i, n in enumerate(nodelist)",,evolve_experiment\evolution\real\HI-II-14_sampled_post_with_precompute\results\pops\HI-II-14_sampled\population_generation_31.json
252d53df2109c41d98194a0d361e3d94,31,4,304,0.05434,m2,1,"n: i for i, n in enumerate(nodelist)",,evolve_experiment\evolution\real\HI-II-14_sampled_post_with_precompute\results\pops\HI-II-14_sampled\population_generation_31.json
cee613f6b0ba778c67960d925641cf2b,31,5,305,0.05436,m2,1,"n: i for i, n in enumerate(nodelist)",,evolve_experiment\evolution\real\HI-II-14_sampled_post_with_precompute\results\pops\HI-II-14_sampled\population_generation_31.json
a5d48e265bd2824d6b8689223647f1b0,31,6,306,0.05439,m2,1,"n: i for i, n in enumerate(nodelist)",,evolve_experiment\evolution\real\HI-II-14_sampled_post_with_precompute\results\pops\HI-II-14_sampled\population_generation_31.json
6160e35a743c53a8b4bbd5fa039a7e1f,31,7,307,0.05445,m2,1,"n: i for i, n in enumerate(nodelist)",,evolve_experiment\evolution\real\HI-II-14_sampled_post_with_precompute\results\pops\HI-II-14_sampled\population_generation_31.json
74309bd670e37343ea9321387cd9d296,31,8,308,0.05487,m2,1,"n: i for i, n in enumerate(nodelist)",,evolve_experiment\evolution\real\HI-II-14_sampled_post_with_precompute\results\pops\HI-II-14_sampled\population_generation_31.json
073cec36ec29dc69635c19147b3f3414,31,9,309,0.05492,m2,1,"n: i for i, n in enumerate(nodelist)",,evolve_experiment\evolution\real\HI-II-14_sampled_post_with_precompute\results\pops\HI-II-14_sampled\population_generation_31.json
1467321a9bece65d15e59acedf2de778,31,10,310,0.05494,m1,1,"n: i for i, n in enumerate(nodelist)",,evolve_experiment\evolution\real\HI-II-14_sampled_post_with_precompute\results\pops\HI-II-14_sampled\population_generation_31.json
77dfd343f9b8e1ace106a02751fc090f,32,1,311,0.05367,m2,1,"n: i for i, n in enumerate(nodelist)",,evolve_experiment\evolution\real\HI-II-14_sampled_post_with_precompute\results\pops\HI-II-14_sampled\population_generation_32.json
f3672b5a78e30391f7121ecc69d95db2,32,2,312,0.05385,m2,1,"n: i for i, n in enumerate(nodelist)",,evolve_experiment\evolution\real\HI-II-14_sampled_post_with_precompute\results\pops\HI-II-14_sampled\population_generation_32.json
33e46a3b676e5f6ee8e3b46e6da02a7a,32,3,313,0.05401,m1,1,"n: i for i, n in enumerate(nodelist)",,evolve_experiment\evolution\real\HI-II-14_sampled_post_with_precompute\results\pops\HI-II-14_sampled\population_generation_32.json
8ead0f7ec9da4c66672f341420b0323b,32,4,314,0.0542,m2,1,"n: i for i, n in enumerate(nodelist)",,evolve_experiment\evolution\real\HI-II-14_sampled_post_with_precompute\results\pops\HI-II-14_sampled\population_generation_32.json
252d53df2109c41d98194a0d361e3d94,32,5,315,0.05434,m2,1,"n: i for i, n in enumerate(nodelist)",,evolve_experiment\evolution\real\HI-II-14_sampled_post_with_precompute\results\pops\HI-II-14_sampled\population_generation_32.json
cee613f6b0ba778c67960d925641cf2b,32,6,316,0.05436,m2,1,"n: i for i, n in enumerate(nodelist)",,evolve_experiment\evolution\real\HI-II-14_sampled_post_with_precompute\results\pops\HI-II-14_sampled\population_generation_32.json
157564a1bf5b832a9e51fdc6c372298c,32,7,317,0.05437,m1,1,"n: i for i, n in enumerate(nodelist)",,evolve_experiment\evolution\real\HI-II-14_sampled_post_with_precompute\results\pops\HI-II-14_sampled\population_generation_32.json
a5d48e265bd2824d6b8689223647f1b0,32,8,318,0.05439,m2,1,"n: i for i, n in enumerate(nodelist)",,evolve_experiment\evolution\real\HI-II-14_sampled_post_with_precompute\results\pops\HI-II-14_sampled\population_generation_32.json
6160e35a743c53a8b4bbd5fa039a7e1f,32,9,319,0.05445,m2,1,"n: i for i, n in enumerate(nodelist)",,evolve_experiment\evolution\real\HI-II-14_sampled_post_with_precompute\results\pops\HI-II-14_sampled\population_generation_32.json
90f8d2850602755ee0f2c30da77754a8,32,10,320,0.05451,m1,1,"n: i for i, n in enumerate(nodelist)",,evolve_experiment\evolution\real\HI-II-14_sampled_post_with_precompute\results\pops\HI-II-14_sampled\population_generation_32.json
77dfd343f9b8e1ace106a02751fc090f,33,1,321,0.05367,m2,1,"n: i for i, n in enumerate(nodelist)",,evolve_experiment\evolution\real\HI-II-14_sampled_post_with_precompute\results\pops\HI-II-14_sampled\population_generation_33.json
f3672b5a78e30391f7121ecc69d95db2,33,2,322,0.05385,m2,1,"n: i for i, n in enumerate(nodelist)",,evolve_experiment\evolution\real\HI-II-14_sampled_post_with_precompute\results\pops\HI-II-14_sampled\population_generation_33.json
33e46a3b676e5f6ee8e3b46e6da02a7a,33,3,323,0.05401,m1,1,"n: i for i, n in enumerate(nodelist)",,evolve_experiment\evolution\real\HI-II-14_sampled_post_with_precompute\results\pops\HI-II-14_sampled\population_generation_33.json
8ead0f7ec9da4c66672f341420b0323b,33,4,324,0.0542,m2,1,"n: i for i, n in enumerate(nodelist)",,evolve_experiment\evolution\real\HI-II-14_sampled_post_with_precompute\results\pops\HI-II-14_sampled\population_generation_33.json
252d53df2109c41d98194a0d361e3d94,33,5,325,0.05434,m2,1,"n: i for i, n in enumerate(nodelist)",,evolve_experiment\evolution\real\HI-II-14_sampled_post_with_precompute\results\pops\HI-II-14_sampled\population_generation_33.json
cee613f6b0ba778c67960d925641cf2b,33,6,326,0.05436,m2,1,"n: i for i, n in enumerate(nodelist)",,evolve_experiment\evolution\real\HI-II-14_sampled_post_with_precompute\results\pops\HI-II-14_sampled\population_generation_33.json
157564a1bf5b832a9e51fdc6c372298c,33,7,327,0.05437,m1,1,"n: i for i, n in enumerate(nodelist)",,evolve_experiment\evolution\real\HI-II-14_sampled_post_with_precompute\results\pops\HI-II-14_sampled\population_generation_33.json
a5d48e265bd2824d6b8689223647f1b0,33,8,328,0.05439,m2,1,"n: i for i, n in enumerate(nodelist)",,evolve_experiment\evolution\real\HI-II-14_sampled_post_with_precompute\results\pops\HI-II-14_sampled\population_generation_33.json
646db1d50725a4442378e261839e628f,33,9,329,0.0544,m2,1,"n: i for i, n in enumerate(nodelist)",,evolve_experiment\evolution\real\HI-II-14_sampled_post_with_precompute\results\pops\HI-II-14_sampled\population_generation_33.json
6160e35a743c53a8b4bbd5fa039a7e1f,33,10,330,0.05445,m2,1,"n: i for i, n in enumerate(nodelist)",,evolve_experiment\evolution\real\HI-II-14_sampled_post_with_precompute\results\pops\HI-II-14_sampled\population_generation_33.json
77dfd343f9b8e1ace106a02751fc090f,34,1,331,0.05367,m2,1,"n: i for i, n in enumerate(nodelist)",,evolve_experiment\evolution\real\HI-II-14_sampled_post_with_precompute\results\pops\HI-II-14_sampled\population_generation_34.json
f3672b5a78e30391f7121ecc69d95db2,34,2,332,0.05385,m2,1,"n: i for i, n in enumerate(nodelist)",,evolve_experiment\evolution\real\HI-II-14_sampled_post_with_precompute\results\pops\HI-II-14_sampled\population_generation_34.json
bc1e890da5b651b491d7b91cfd38d157,34,3,333,0.05395,t2,1,"n: i for i, n in enumerate(nodelist)",,evolve_experiment\evolution\real\HI-II-14_sampled_post_with_precompute\results\pops\HI-II-14_sampled\population_generation_34.json
33e46a3b676e5f6ee8e3b46e6da02a7a,34,4,334,0.05401,m1,1,"n: i for i, n in enumerate(nodelist)",,evolve_experiment\evolution\real\HI-II-14_sampled_post_with_precompute\results\pops\HI-II-14_sampled\population_generation_34.json
8ead0f7ec9da4c66672f341420b0323b,34,5,335,0.0542,m2,1,"n: i for i, n in enumerate(nodelist)",,evolve_experiment\evolution\real\HI-II-14_sampled_post_with_precompute\results\pops\HI-II-14_sampled\population_generation_34.json
252d53df2109c41d98194a0d361e3d94,34,6,336,0.05434,m2,1,"n: i for i, n in enumerate(nodelist)",,evolve_experiment\evolution\real\HI-II-14_sampled_post_with_precompute\results\pops\HI-II-14_sampled\population_generation_34.json
cee613f6b0ba778c67960d925641cf2b,34,7,337,0.05436,m2,1,"n: i for i, n in enumerate(nodelist)",,evolve_experiment\evolution\real\HI-II-14_sampled_post_with_precompute\results\pops\HI-II-14_sampled\population_generation_34.json
157564a1bf5b832a9e51fdc6c372298c,34,8,338,0.05437,m1,1,"n: i for i, n in enumerate(nodelist)",,evolve_experiment\evolution\real\HI-II-14_sampled_post_with_precompute\results\pops\HI-II-14_sampled\population_generation_34.json
a5d48e265bd2824d6b8689223647f1b0,34,9,339,0.05439,m2,1,"n: i for i, n in enumerate(nodelist)",,evolve_experiment\evolution\real\HI-II-14_sampled_post_with_precompute\results\pops\HI-II-14_sampled\population_generation_34.json
646db1d50725a4442378e261839e628f,34,10,340,0.0544,m2,1,"n: i for i, n in enumerate(nodelist)",,evolve_experiment\evolution\real\HI-II-14_sampled_post_with_precompute\results\pops\HI-II-14_sampled\population_generation_34.json
77dfd343f9b8e1ace106a02751fc090f,35,1,341,0.05367,m2,1,"n: i for i, n in enumerate(nodelist)",,evolve_experiment\evolution\real\HI-II-14_sampled_post_with_precompute\results\pops\HI-II-14_sampled\population_generation_35.json
f3672b5a78e30391f7121ecc69d95db2,35,2,342,0.05385,m2,1,"n: i for i, n in enumerate(nodelist)",,evolve_experiment\evolution\real\HI-II-14_sampled_post_with_precompute\results\pops\HI-II-14_sampled\population_generation_35.json
bc1e890da5b651b491d7b91cfd38d157,35,3,343,0.05395,t2,1,"n: i for i, n in enumerate(nodelist)",,evolve_experiment\evolution\real\HI-II-14_sampled_post_with_precompute\results\pops\HI-II-14_sampled\population_generation_35.json
33e46a3b676e5f6ee8e3b46e6da02a7a,35,4,344,0.05401,m1,1,"n: i for i, n in enumerate(nodelist)",,evolve_experiment\evolution\real\HI-II-14_sampled_post_with_precompute\results\pops\HI-II-14_sampled\population_generation_35.json
8ead0f7ec9da4c66672f341420b0323b,35,5,345,0.0542,m2,1,"n: i for i, n in enumerate(nodelist)",,evolve_experiment\evolution\real\HI-II-14_sampled_post_with_precompute\results\pops\HI-II-14_sampled\population_generation_35.json
f5ac00d394eac253088d5aff9194ea8c,35,6,346,0.05431,m2,1,"n: i for i, n in enumerate(nodelist)",,evolve_experiment\evolution\real\HI-II-14_sampled_post_with_precompute\results\pops\HI-II-14_sampled\population_generation_35.json
252d53df2109c41d98194a0d361e3d94,35,7,347,0.05434,m2,1,"n: i for i, n in enumerate(nodelist)",,evolve_experiment\evolution\real\HI-II-14_sampled_post_with_precompute\results\pops\HI-II-14_sampled\population_generation_35.json
cee613f6b0ba778c67960d925641cf2b,35,8,348,0.05436,m2,1,"n: i for i, n in enumerate(nodelist)",,evolve_experiment\evolution\real\HI-II-14_sampled_post_with_precompute\results\pops\HI-II-14_sampled\population_generation_35.json
157564a1bf5b832a9e51fdc6c372298c,35,9,349,0.05437,m1,1,"n: i for i, n in enumerate(nodelist)",,evolve_experiment\evolution\real\HI-II-14_sampled_post_with_precompute\results\pops\HI-II-14_sampled\population_generation_35.json
b07bcd6415ef66efd8775f4258799cc9,35,10,350,0.05438,m2,1,"n: i for i, n in enumerate(nodelist)",,evolve_experiment\evolution\real\HI-II-14_sampled_post_with_precompute\results\pops\HI-II-14_sampled\population_generation_35.json
ecd7c52e44f1cbe8cf416ce87c076ad7,36,1,351,0.0533,m2,1,"n: i for i, n in enumerate(nodelist)",,evolve_experiment\evolution\real\HI-II-14_sampled_post_with_precompute\results\pops\HI-II-14_sampled\population_generation_36.json
174ce3aa3a639d6c77c27c510fcf01f8,36,2,352,0.05357,m2,1,"n: i for i, n in enumerate(nodelist)",,evolve_experiment\evolution\real\HI-II-14_sampled_post_with_precompute\results\pops\HI-II-14_sampled\population_generation_36.json
37c5b2f2de2f6d6aab267ab2c8dae9cf,36,3,353,0.05363,m2,1,"n: i for i, n in enumerate(nodelist)",,evolve_experiment\evolution\real\HI-II-14_sampled_post_with_precompute\results\pops\HI-II-14_sampled\population_generation_36.json
77dfd343f9b8e1ace106a02751fc090f,36,4,354,0.05367,m2,1,"n: i for i, n in enumerate(nodelist)",,evolve_experiment\evolution\real\HI-II-14_sampled_post_with_precompute\results\pops\HI-II-14_sampled\population_generation_36.json
f3672b5a78e30391f7121ecc69d95db2,36,5,355,0.05385,m2,1,"n: i for i, n in enumerate(nodelist)",,evolve_experiment\evolution\real\HI-II-14_sampled_post_with_precompute\results\pops\HI-II-14_sampled\population_generation_36.json
a42bb64dafb0e44ef5a68bdbff593a3d,36,6,356,0.05388,m1,1,"n: i for i, n in enumerate(nodelist)",,evolve_experiment\evolution\real\HI-II-14_sampled_post_with_precompute\results\pops\HI-II-14_sampled\population_generation_36.json
98307bef6ed41257352e80f070203a71,36,7,357,0.05389,m2,1,"n: i for i, n in enumerate(nodelist)",,evolve_experiment\evolution\real\HI-II-14_sampled_post_with_precompute\results\pops\HI-II-14_sampled\population_generation_36.json
bc1e890da5b651b491d7b91cfd38d157,36,8,358,0.05395,t2,1,"n: i for i, n in enumerate(nodelist)",,evolve_experiment\evolution\real\HI-II-14_sampled_post_with_precompute\results\pops\HI-II-14_sampled\population_generation_36.json
33e46a3b676e5f6ee8e3b46e6da02a7a,36,9,359,0.05401,m1,1,"n: i for i, n in enumerate(nodelist)",,evolve_experiment\evolution\real\HI-II-14_sampled_post_with_precompute\results\pops\HI-II-14_sampled\population_generation_36.json
8ead0f7ec9da4c66672f341420b0323b,36,10,360,0.0542,m2,1,"n: i for i, n in enumerate(nodelist)",,evolve_experiment\evolution\real\HI-II-14_sampled_post_with_precompute\results\pops\HI-II-14_sampled\population_generation_36.json
ecd7c52e44f1cbe8cf416ce87c076ad7,37,1,361,0.0533,m2,1,"n: i for i, n in enumerate(nodelist)",,evolve_experiment\evolution\real\HI-II-14_sampled_post_with_precompute\results\pops\HI-II-14_sampled\population_generation_37.json
174ce3aa3a639d6c77c27c510fcf01f8,37,2,362,0.05357,m2,1,"n: i for i, n in enumerate(nodelist)",,evolve_experiment\evolution\real\HI-II-14_sampled_post_with_precompute\results\pops\HI-II-14_sampled\population_generation_37.json
37c5b2f2de2f6d6aab267ab2c8dae9cf,37,3,363,0.05363,m2,1,"n: i for i, n in enumerate(nodelist)",,evolve_experiment\evolution\real\HI-II-14_sampled_post_with_precompute\results\pops\HI-II-14_sampled\population_generation_37.json
77dfd343f9b8e1ace106a02751fc090f,37,4,364,0.05367,m2,1,"n: i for i, n in enumerate(nodelist)",,evolve_experiment\evolution\real\HI-II-14_sampled_post_with_precompute\results\pops\HI-II-14_sampled\population_generation_37.json
f3672b5a78e30391f7121ecc69d95db2,37,5,365,0.05385,m2,1,"n: i for i, n in enumerate(nodelist)",,evolve_experiment\evolution\real\HI-II-14_sampled_post_with_precompute\results\pops\HI-II-14_sampled\population_generation_37.json
a42bb64dafb0e44ef5a68bdbff593a3d,37,6,366,0.05388,m1,1,"n: i for i, n in enumerate(nodelist)",,evolve_experiment\evolution\real\HI-II-14_sampled_post_with_precompute\results\pops\HI-II-14_sampled\population_generation_37.json
98307bef6ed41257352e80f070203a71,37,7,367,0.05389,m2,1,"n: i for i, n in enumerate(nodelist)",,evolve_experiment\evolution\real\HI-II-14_sampled_post_with_precompute\results\pops\HI-II-14_sampled\population_generation_37.json
bc1e890da5b651b491d7b91cfd38d157,37,8,368,0.05395,t2,1,"n: i for i, n in enumerate(nodelist)",,evolve_experiment\evolution\real\HI-II-14_sampled_post_with_precompute\results\pops\HI-II-14_sampled\population_generation_37.json
33e46a3b676e5f6ee8e3b46e6da02a7a,37,9,369,0.05401,m1,1,"n: i for i, n in enumerate(nodelist)",,evolve_experiment\evolution\real\HI-II-14_sampled_post_with_precompute\results\pops\HI-II-14_sampled\population_generation_37.json
8ead0f7ec9da4c66672f341420b0323b,37,10,370,0.0542,m2,1,"n: i for i, n in enumerate(nodelist)",,evolve_experiment\evolution\real\HI-II-14_sampled_post_with_precompute\results\pops\HI-II-14_sampled\population_generation_37.json
ecd7c52e44f1cbe8cf416ce87c076ad7,38,1,371,0.0533,m2,1,"n: i for i, n in enumerate(nodelist)",,evolve_experiment\evolution\real\HI-II-14_sampled_post_with_precompute\results\pops\HI-II-14_sampled\population_generation_38.json
174ce3aa3a639d6c77c27c510fcf01f8,38,2,372,0.05357,m2,1,"n: i for i, n in enumerate(nodelist)",,evolve_experiment\evolution\real\HI-II-14_sampled_post_with_precompute\results\pops\HI-II-14_sampled\population_generation_38.json
37c5b2f2de2f6d6aab267ab2c8dae9cf,38,3,373,0.05363,m2,1,"n: i for i, n in enumerate(nodelist)",,evolve_experiment\evolution\real\HI-II-14_sampled_post_with_precompute\results\pops\HI-II-14_sampled\population_generation_38.json
77dfd343f9b8e1ace106a02751fc090f,38,4,374,0.05367,m2,1,"n: i for i, n in enumerate(nodelist)",,evolve_experiment\evolution\real\HI-II-14_sampled_post_with_precompute\results\pops\HI-II-14_sampled\population_generation_38.json
f3672b5a78e30391f7121ecc69d95db2,38,5,375,0.05385,m2,1,"n: i for i, n in enumerate(nodelist)",,evolve_experiment\evolution\real\HI-II-14_sampled_post_with_precompute\results\pops\HI-II-14_sampled\population_generation_38.json
a42bb64dafb0e44ef5a68bdbff593a3d,38,6,376,0.05388,m1,1,"n: i for i, n in enumerate(nodelist)",,evolve_experiment\evolution\real\HI-II-14_sampled_post_with_precompute\results\pops\HI-II-14_sampled\population_generation_38.json
98307bef6ed41257352e80f070203a71,38,7,377,0.05389,m2,1,"n: i for i, n in enumerate(nodelist)",,evolve_experiment\evolution\real\HI-II-14_sampled_post_with_precompute\results\pops\HI-II-14_sampled\population_generation_38.json
bc1e890da5b651b491d7b91cfd38d157,38,8,378,0.05395,t2,1,"n: i for i, n in enumerate(nodelist)",,evolve_experiment\evolution\real\HI-II-14_sampled_post_with_precompute\results\pops\HI-II-14_sampled\population_generation_38.json
33e46a3b676e5f6ee8e3b46e6da02a7a,38,9,379,0.05401,m1,1,"n: i for i, n in enumerate(nodelist)",,evolve_experiment\evolution\real\HI-II-14_sampled_post_with_precompute\results\pops\HI-II-14_sampled\population_generation_38.json
8ead0f7ec9da4c66672f341420b0323b,38,10,380,0.0542,m2,1,"n: i for i, n in enumerate(nodelist)",,evolve_experiment\evolution\real\HI-II-14_sampled_post_with_precompute\results\pops\HI-II-14_sampled\population_generation_38.json
ecd7c52e44f1cbe8cf416ce87c076ad7,39,1,381,0.0533,m2,1,"n: i for i, n in enumerate(nodelist)",,evolve_experiment\evolution\real\HI-II-14_sampled_post_with_precompute\results\pops\HI-II-14_sampled\population_generation_39.json
174ce3aa3a639d6c77c27c510fcf01f8,39,2,382,0.05357,m2,1,"n: i for i, n in enumerate(nodelist)",,evolve_experiment\evolution\real\HI-II-14_sampled_post_with_precompute\results\pops\HI-II-14_sampled\population_generation_39.json
37c5b2f2de2f6d6aab267ab2c8dae9cf,39,3,383,0.05363,m2,1,"n: i for i, n in enumerate(nodelist)",,evolve_experiment\evolution\real\HI-II-14_sampled_post_with_precompute\results\pops\HI-II-14_sampled\population_generation_39.json
77dfd343f9b8e1ace106a02751fc090f,39,4,384,0.05367,m2,1,"n: i for i, n in enumerate(nodelist)",,evolve_experiment\evolution\real\HI-II-14_sampled_post_with_precompute\results\pops\HI-II-14_sampled\population_generation_39.json
f3672b5a78e30391f7121ecc69d95db2,39,5,385,0.05385,m2,1,"n: i for i, n in enumerate(nodelist)",,evolve_experiment\evolution\real\HI-II-14_sampled_post_with_precompute\results\pops\HI-II-14_sampled\population_generation_39.json
a42bb64dafb0e44ef5a68bdbff593a3d,39,6,386,0.05388,m1,1,"n: i for i, n in enumerate(nodelist)",,evolve_experiment\evolution\real\HI-II-14_sampled_post_with_precompute\results\pops\HI-II-14_sampled\population_generation_39.json
98307bef6ed41257352e80f070203a71,39,7,387,0.05389,m2,1,"n: i for i, n in enumerate(nodelist)",,evolve_experiment\evolution\real\HI-II-14_sampled_post_with_precompute\results\pops\HI-II-14_sampled\population_generation_39.json
bc1e890da5b651b491d7b91cfd38d157,39,8,388,0.05395,t2,1,"n: i for i, n in enumerate(nodelist)",,evolve_experiment\evolution\real\HI-II-14_sampled_post_with_precompute\results\pops\HI-II-14_sampled\population_generation_39.json
33e46a3b676e5f6ee8e3b46e6da02a7a,39,9,389,0.05401,m1,1,"n: i for i, n in enumerate(nodelist)",,evolve_experiment\evolution\real\HI-II-14_sampled_post_with_precompute\results\pops\HI-II-14_sampled\population_generation_39.json
8ead0f7ec9da4c66672f341420b0323b,39,10,390,0.0542,m2,1,"n: i for i, n in enumerate(nodelist)",,evolve_experiment\evolution\real\HI-II-14_sampled_post_with_precompute\results\pops\HI-II-14_sampled\population_generation_39.json
ecd7c52e44f1cbe8cf416ce87c076ad7,40,1,391,0.0533,m2,1,"n: i for i, n in enumerate(nodelist)",,evolve_experiment\evolution\real\HI-II-14_sampled_post_with_precompute\results\pops\HI-II-14_sampled\population_generation_40.json
174ce3aa3a639d6c77c27c510fcf01f8,40,2,392,0.05357,m2,1,"n: i for i, n in enumerate(nodelist)",,evolve_experiment\evolution\real\HI-II-14_sampled_post_with_precompute\results\pops\HI-II-14_sampled\population_generation_40.json
37c5b2f2de2f6d6aab267ab2c8dae9cf,40,3,393,0.05363,m2,1,"n: i for i, n in enumerate(nodelist)",,evolve_experiment\evolution\real\HI-II-14_sampled_post_with_precompute\results\pops\HI-II-14_sampled\population_generation_40.json
77dfd343f9b8e1ace106a02751fc090f,40,4,394,0.05367,m2,1,"n: i for i, n in enumerate(nodelist)",,evolve_experiment\evolution\real\HI-II-14_sampled_post_with_precompute\results\pops\HI-II-14_sampled\population_generation_40.json
f3672b5a78e30391f7121ecc69d95db2,40,5,395,0.05385,m2,1,"n: i for i, n in enumerate(nodelist)",,evolve_experiment\evolution\real\HI-II-14_sampled_post_with_precompute\results\pops\HI-II-14_sampled\population_generation_40.json
a42bb64dafb0e44ef5a68bdbff593a3d,40,6,396,0.05388,m1,1,"n: i for i, n in enumerate(nodelist)",,evolve_experiment\evolution\real\HI-II-14_sampled_post_with_precompute\results\pops\HI-II-14_sampled\population_generation_40.json
98307bef6ed41257352e80f070203a71,40,7,397,0.05389,m2,1,"n: i for i, n in enumerate(nodelist)",,evolve_experiment\evolution\real\HI-II-14_sampled_post_with_precompute\results\pops\HI-II-14_sampled\population_generation_40.json
bc1e890da5b651b491d7b91cfd38d157,40,8,398,0.05395,t2,1,"n: i for i, n in enumerate(nodelist)",,evolve_experiment\evolution\real\HI-II-14_sampled_post_with_precompute\results\pops\HI-II-14_sampled\population_generation_40.json
33e46a3b676e5f6ee8e3b46e6da02a7a,40,9,399,0.05401,m1,1,"n: i for i, n in enumerate(nodelist)",,evolve_experiment\evolution\real\HI-II-14_sampled_post_with_precompute\results\pops\HI-II-14_sampled\population_generation_40.json
8ead0f7ec9da4c66672f341420b0323b,40,10,400,0.0542,m2,1,"n: i for i, n in enumerate(nodelist)",,evolve_experiment\evolution\real\HI-II-14_sampled_post_with_precompute\results\pops\HI-II-14_sampled\population_generation_40.json
ecd7c52e44f1cbe8cf416ce87c076ad7,41,1,401,0.0533,m2,1,"n: i for i, n in enumerate(nodelist)",,evolve_experiment\evolution\real\HI-II-14_sampled_post_with_precompute\results\pops\HI-II-14_sampled\population_generation_41.json
174ce3aa3a639d6c77c27c510fcf01f8,41,2,402,0.05357,m2,1,"n: i for i, n in enumerate(nodelist)",,evolve_experiment\evolution\real\HI-II-14_sampled_post_with_precompute\results\pops\HI-II-14_sampled\population_generation_41.json
37c5b2f2de2f6d6aab267ab2c8dae9cf,41,3,403,0.05363,m2,1,"n: i for i, n in enumerate(nodelist)",,evolve_experiment\evolution\real\HI-II-14_sampled_post_with_precompute\results\pops\HI-II-14_sampled\population_generation_41.json
77dfd343f9b8e1ace106a02751fc090f,41,4,404,0.05367,m2,1,"n: i for i, n in enumerate(nodelist)",,evolve_experiment\evolution\real\HI-II-14_sampled_post_with_precompute\results\pops\HI-II-14_sampled\population_generation_41.json
f3672b5a78e30391f7121ecc69d95db2,41,5,405,0.05385,m2,1,"n: i for i, n in enumerate(nodelist)",,evolve_experiment\evolution\real\HI-II-14_sampled_post_with_precompute\results\pops\HI-II-14_sampled\population_generation_41.json
a42bb64dafb0e44ef5a68bdbff593a3d,41,6,406,0.05388,m1,1,"n: i for i, n in enumerate(nodelist)",,evolve_experiment\evolution\real\HI-II-14_sampled_post_with_precompute\results\pops\HI-II-14_sampled\population_generation_41.json
98307bef6ed41257352e80f070203a71,41,7,407,0.05389,m2,1,"n: i for i, n in enumerate(nodelist)",,evolve_experiment\evolution\real\HI-II-14_sampled_post_with_precompute\results\pops\HI-II-14_sampled\population_generation_41.json
bc1e890da5b651b491d7b91cfd38d157,41,8,408,0.05395,t2,1,"n: i for i, n in enumerate(nodelist)",,evolve_experiment\evolution\real\HI-II-14_sampled_post_with_precompute\results\pops\HI-II-14_sampled\population_generation_41.json
33e46a3b676e5f6ee8e3b46e6da02a7a,41,9,409,0.05401,m1,1,"n: i for i, n in enumerate(nodelist)",,evolve_experiment\evolution\real\HI-II-14_sampled_post_with_precompute\results\pops\HI-II-14_sampled\population_generation_41.json
8ead0f7ec9da4c66672f341420b0323b,41,10,410,0.0542,m2,1,"n: i for i, n in enumerate(nodelist)",,evolve_experiment\evolution\real\HI-II-14_sampled_post_with_precompute\results\pops\HI-II-14_sampled\population_generation_41.json
ecd7c52e44f1cbe8cf416ce87c076ad7,42,1,411,0.0533,m2,1,"n: i for i, n in enumerate(nodelist)",,evolve_experiment\evolution\real\HI-II-14_sampled_post_with_precompute\results\pops\HI-II-14_sampled\population_generation_42.json
174ce3aa3a639d6c77c27c510fcf01f8,42,2,412,0.05357,m2,1,"n: i for i, n in enumerate(nodelist)",,evolve_experiment\evolution\real\HI-II-14_sampled_post_with_precompute\results\pops\HI-II-14_sampled\population_generation_42.json
37c5b2f2de2f6d6aab267ab2c8dae9cf,42,3,413,0.05363,m2,1,"n: i for i, n in enumerate(nodelist)",,evolve_experiment\evolution\real\HI-II-14_sampled_post_with_precompute\results\pops\HI-II-14_sampled\population_generation_42.json
77dfd343f9b8e1ace106a02751fc090f,42,4,414,0.05367,m2,1,"n: i for i, n in enumerate(nodelist)",,evolve_experiment\evolution\real\HI-II-14_sampled_post_with_precompute\results\pops\HI-II-14_sampled\population_generation_42.json
f3672b5a78e30391f7121ecc69d95db2,42,5,415,0.05385,m2,1,"n: i for i, n in enumerate(nodelist)",,evolve_experiment\evolution\real\HI-II-14_sampled_post_with_precompute\results\pops\HI-II-14_sampled\population_generation_42.json
a42bb64dafb0e44ef5a68bdbff593a3d,42,6,416,0.05388,m1,1,"n: i for i, n in enumerate(nodelist)",,evolve_experiment\evolution\real\HI-II-14_sampled_post_with_precompute\results\pops\HI-II-14_sampled\population_generation_42.json
98307bef6ed41257352e80f070203a71,42,7,417,0.05389,m2,1,"n: i for i, n in enumerate(nodelist)",,evolve_experiment\evolution\real\HI-II-14_sampled_post_with_precompute\results\pops\HI-II-14_sampled\population_generation_42.json
bc1e890da5b651b491d7b91cfd38d157,42,8,418,0.05395,t2,1,"n: i for i, n in enumerate(nodelist)",,evolve_experiment\evolution\real\HI-II-14_sampled_post_with_precompute\results\pops\HI-II-14_sampled\population_generation_42.json
33e46a3b676e5f6ee8e3b46e6da02a7a,42,9,419,0.05401,m1,1,"n: i for i, n in enumerate(nodelist)",,evolve_experiment\evolution\real\HI-II-14_sampled_post_with_precompute\results\pops\HI-II-14_sampled\population_generation_42.json
8ead0f7ec9da4c66672f341420b0323b,42,10,420,0.0542,m2,1,"n: i for i, n in enumerate(nodelist)",,evolve_experiment\evolution\real\HI-II-14_sampled_post_with_precompute\results\pops\HI-II-14_sampled\population_generation_42.json
ecd7c52e44f1cbe8cf416ce87c076ad7,43,1,421,0.0533,m2,1,"n: i for i, n in enumerate(nodelist)",,evolve_experiment\evolution\real\HI-II-14_sampled_post_with_precompute\results\pops\HI-II-14_sampled\population_generation_43.json
174ce3aa3a639d6c77c27c510fcf01f8,43,2,422,0.05357,m2,1,"n: i for i, n in enumerate(nodelist)",,evolve_experiment\evolution\real\HI-II-14_sampled_post_with_precompute\results\pops\HI-II-14_sampled\population_generation_43.json
37c5b2f2de2f6d6aab267ab2c8dae9cf,43,3,423,0.05363,m2,1,"n: i for i, n in enumerate(nodelist)",,evolve_experiment\evolution\real\HI-II-14_sampled_post_with_precompute\results\pops\HI-II-14_sampled\population_generation_43.json
77dfd343f9b8e1ace106a02751fc090f,43,4,424,0.05367,m2,1,"n: i for i, n in enumerate(nodelist)",,evolve_experiment\evolution\real\HI-II-14_sampled_post_with_precompute\results\pops\HI-II-14_sampled\population_generation_43.json
f3672b5a78e30391f7121ecc69d95db2,43,5,425,0.05385,m2,1,"n: i for i, n in enumerate(nodelist)",,evolve_experiment\evolution\real\HI-II-14_sampled_post_with_precompute\results\pops\HI-II-14_sampled\population_generation_43.json
a42bb64dafb0e44ef5a68bdbff593a3d,43,6,426,0.05388,m1,1,"n: i for i, n in enumerate(nodelist)",,evolve_experiment\evolution\real\HI-II-14_sampled_post_with_precompute\results\pops\HI-II-14_sampled\population_generation_43.json
98307bef6ed41257352e80f070203a71,43,7,427,0.05389,m2,1,"n: i for i, n in enumerate(nodelist)",,evolve_experiment\evolution\real\HI-II-14_sampled_post_with_precompute\results\pops\HI-II-14_sampled\population_generation_43.json
bc1e890da5b651b491d7b91cfd38d157,43,8,428,0.05395,t2,1,"n: i for i, n in enumerate(nodelist)",,evolve_experiment\evolution\real\HI-II-14_sampled_post_with_precompute\results\pops\HI-II-14_sampled\population_generation_43.json
33e46a3b676e5f6ee8e3b46e6da02a7a,43,9,429,0.05401,m1,1,"n: i for i, n in enumerate(nodelist)",,evolve_experiment\evolution\real\HI-II-14_sampled_post_with_precompute\results\pops\HI-II-14_sampled\population_generation_43.json
8ead0f7ec9da4c66672f341420b0323b,43,10,430,0.0542,m2,1,"n: i for i, n in enumerate(nodelist)",,evolve_experiment\evolution\real\HI-II-14_sampled_post_with_precompute\results\pops\HI-II-14_sampled\population_generation_43.json
ecd7c52e44f1cbe8cf416ce87c076ad7,44,1,431,0.0533,m2,1,"n: i for i, n in enumerate(nodelist)",,evolve_experiment\evolution\real\HI-II-14_sampled_post_with_precompute\results\pops\HI-II-14_sampled\population_generation_44.json
174ce3aa3a639d6c77c27c510fcf01f8,44,2,432,0.05357,m2,1,"n: i for i, n in enumerate(nodelist)",,evolve_experiment\evolution\real\HI-II-14_sampled_post_with_precompute\results\pops\HI-II-14_sampled\population_generation_44.json
37c5b2f2de2f6d6aab267ab2c8dae9cf,44,3,433,0.05363,m2,1,"n: i for i, n in enumerate(nodelist)",,evolve_experiment\evolution\real\HI-II-14_sampled_post_with_precompute\results\pops\HI-II-14_sampled\population_generation_44.json
77dfd343f9b8e1ace106a02751fc090f,44,4,434,0.05367,m2,1,"n: i for i, n in enumerate(nodelist)",,evolve_experiment\evolution\real\HI-II-14_sampled_post_with_precompute\results\pops\HI-II-14_sampled\population_generation_44.json
f3672b5a78e30391f7121ecc69d95db2,44,5,435,0.05385,m2,1,"n: i for i, n in enumerate(nodelist)",,evolve_experiment\evolution\real\HI-II-14_sampled_post_with_precompute\results\pops\HI-II-14_sampled\population_generation_44.json
a42bb64dafb0e44ef5a68bdbff593a3d,44,6,436,0.05388,m1,1,"n: i for i, n in enumerate(nodelist)",,evolve_experiment\evolution\real\HI-II-14_sampled_post_with_precompute\results\pops\HI-II-14_sampled\population_generation_44.json
98307bef6ed41257352e80f070203a71,44,7,437,0.05389,m2,1,"n: i for i, n in enumerate(nodelist)",,evolve_experiment\evolution\real\HI-II-14_sampled_post_with_precompute\results\pops\HI-II-14_sampled\population_generation_44.json
bc1e890da5b651b491d7b91cfd38d157,44,8,438,0.05395,t2,1,"n: i for i, n in enumerate(nodelist)",,evolve_experiment\evolution\real\HI-II-14_sampled_post_with_precompute\results\pops\HI-II-14_sampled\population_generation_44.json
33e46a3b676e5f6ee8e3b46e6da02a7a,44,9,439,0.05401,m1,1,"n: i for i, n in enumerate(nodelist)",,evolve_experiment\evolution\real\HI-II-14_sampled_post_with_precompute\results\pops\HI-II-14_sampled\population_generation_44.json
8ead0f7ec9da4c66672f341420b0323b,44,10,440,0.0542,m2,1,"n: i for i, n in enumerate(nodelist)",,evolve_experiment\evolution\real\HI-II-14_sampled_post_with_precompute\results\pops\HI-II-14_sampled\population_generation_44.json
ecd7c52e44f1cbe8cf416ce87c076ad7,45,1,441,0.0533,m2,1,"n: i for i, n in enumerate(nodelist)",,evolve_experiment\evolution\real\HI-II-14_sampled_post_with_precompute\results\pops\HI-II-14_sampled\population_generation_45.json
174ce3aa3a639d6c77c27c510fcf01f8,45,2,442,0.05357,m2,1,"n: i for i, n in enumerate(nodelist)",,evolve_experiment\evolution\real\HI-II-14_sampled_post_with_precompute\results\pops\HI-II-14_sampled\population_generation_45.json
37c5b2f2de2f6d6aab267ab2c8dae9cf,45,3,443,0.05363,m2,1,"n: i for i, n in enumerate(nodelist)",,evolve_experiment\evolution\real\HI-II-14_sampled_post_with_precompute\results\pops\HI-II-14_sampled\population_generation_45.json
77dfd343f9b8e1ace106a02751fc090f,45,4,444,0.05367,m2,1,"n: i for i, n in enumerate(nodelist)",,evolve_experiment\evolution\real\HI-II-14_sampled_post_with_precompute\results\pops\HI-II-14_sampled\population_generation_45.json
f3672b5a78e30391f7121ecc69d95db2,45,5,445,0.05385,m2,1,"n: i for i, n in enumerate(nodelist)",,evolve_experiment\evolution\real\HI-II-14_sampled_post_with_precompute\results\pops\HI-II-14_sampled\population_generation_45.json
a42bb64dafb0e44ef5a68bdbff593a3d,45,6,446,0.05388,m1,1,"n: i for i, n in enumerate(nodelist)",,evolve_experiment\evolution\real\HI-II-14_sampled_post_with_precompute\results\pops\HI-II-14_sampled\population_generation_45.json
98307bef6ed41257352e80f070203a71,45,7,447,0.05389,m2,1,"n: i for i, n in enumerate(nodelist)",,evolve_experiment\evolution\real\HI-II-14_sampled_post_with_precompute\results\pops\HI-II-14_sampled\population_generation_45.json
bc1e890da5b651b491d7b91cfd38d157,45,8,448,0.05395,t2,1,"n: i for i, n in enumerate(nodelist)",,evolve_experiment\evolution\real\HI-II-14_sampled_post_with_precompute\results\pops\HI-II-14_sampled\population_generation_45.json
33e46a3b676e5f6ee8e3b46e6da02a7a,45,9,449,0.05401,m1,1,"n: i for i, n in enumerate(nodelist)",,evolve_experiment\evolution\real\HI-II-14_sampled_post_with_precompute\results\pops\HI-II-14_sampled\population_generation_45.json
8ead0f7ec9da4c66672f341420b0323b,45,10,450,0.0542,m2,1,"n: i for i, n in enumerate(nodelist)",,evolve_experiment\evolution\real\HI-II-14_sampled_post_with_precompute\results\pops\HI-II-14_sampled\population_generation_45.json
a93e91e7142e0a2791ff8d062f9d1be4,46,1,451,0.05312,m2,1,"n: i for i, n in enumerate(nodelist)",,evolve_experiment\evolution\real\HI-II-14_sampled_post_with_precompute\results\pops\HI-II-14_sampled\population_generation_46.json
ecd7c52e44f1cbe8cf416ce87c076ad7,46,2,452,0.0533,m2,1,"n: i for i, n in enumerate(nodelist)",,evolve_experiment\evolution\real\HI-II-14_sampled_post_with_precompute\results\pops\HI-II-14_sampled\population_generation_46.json
174ce3aa3a639d6c77c27c510fcf01f8,46,3,453,0.05357,m2,1,"n: i for i, n in enumerate(nodelist)",,evolve_experiment\evolution\real\HI-II-14_sampled_post_with_precompute\results\pops\HI-II-14_sampled\population_generation_46.json
37c5b2f2de2f6d6aab267ab2c8dae9cf,46,4,454,0.05363,m2,1,"n: i for i, n in enumerate(nodelist)",,evolve_experiment\evolution\real\HI-II-14_sampled_post_with_precompute\results\pops\HI-II-14_sampled\population_generation_46.json
77dfd343f9b8e1ace106a02751fc090f,46,5,455,0.05367,m2,1,"n: i for i, n in enumerate(nodelist)",,evolve_experiment\evolution\real\HI-II-14_sampled_post_with_precompute\results\pops\HI-II-14_sampled\population_generation_46.json
f3672b5a78e30391f7121ecc69d95db2,46,6,456,0.05385,m2,1,"n: i for i, n in enumerate(nodelist)",,evolve_experiment\evolution\real\HI-II-14_sampled_post_with_precompute\results\pops\HI-II-14_sampled\population_generation_46.json
a42bb64dafb0e44ef5a68bdbff593a3d,46,7,457,0.05388,m1,1,"n: i for i, n in enumerate(nodelist)",,evolve_experiment\evolution\real\HI-II-14_sampled_post_with_precompute\results\pops\HI-II-14_sampled\population_generation_46.json
98307bef6ed41257352e80f070203a71,46,8,458,0.05389,m2,1,"n: i for i, n in enumerate(nodelist)",,evolve_experiment\evolution\real\HI-II-14_sampled_post_with_precompute\results\pops\HI-II-14_sampled\population_generation_46.json
bc1e890da5b651b491d7b91cfd38d157,46,9,459,0.05395,t2,1,"n: i for i, n in enumerate(nodelist)",,evolve_experiment\evolution\real\HI-II-14_sampled_post_with_precompute\results\pops\HI-II-14_sampled\population_generation_46.json
33e46a3b676e5f6ee8e3b46e6da02a7a,46,10,460,0.05401,m1,1,"n: i for i, n in enumerate(nodelist)",,evolve_experiment\evolution\real\HI-II-14_sampled_post_with_precompute\results\pops\HI-II-14_sampled\population_generation_46.json
a93e91e7142e0a2791ff8d062f9d1be4,47,1,461,0.05312,m2,1,"n: i for i, n in enumerate(nodelist)",,evolve_experiment\evolution\real\HI-II-14_sampled_post_with_precompute\results\pops\HI-II-14_sampled\population_generation_47.json
ecd7c52e44f1cbe8cf416ce87c076ad7,47,2,462,0.0533,m2,1,"n: i for i, n in enumerate(nodelist)",,evolve_experiment\evolution\real\HI-II-14_sampled_post_with_precompute\results\pops\HI-II-14_sampled\population_generation_47.json
174ce3aa3a639d6c77c27c510fcf01f8,47,3,463,0.05357,m2,1,"n: i for i, n in enumerate(nodelist)",,evolve_experiment\evolution\real\HI-II-14_sampled_post_with_precompute\results\pops\HI-II-14_sampled\population_generation_47.json
37c5b2f2de2f6d6aab267ab2c8dae9cf,47,4,464,0.05363,m2,1,"n: i for i, n in enumerate(nodelist)",,evolve_experiment\evolution\real\HI-II-14_sampled_post_with_precompute\results\pops\HI-II-14_sampled\population_generation_47.json
77dfd343f9b8e1ace106a02751fc090f,47,5,465,0.05367,m2,1,"n: i for i, n in enumerate(nodelist)",,evolve_experiment\evolution\real\HI-II-14_sampled_post_with_precompute\results\pops\HI-II-14_sampled\population_generation_47.json
f3672b5a78e30391f7121ecc69d95db2,47,6,466,0.05385,m2,1,"n: i for i, n in enumerate(nodelist)",,evolve_experiment\evolution\real\HI-II-14_sampled_post_with_precompute\results\pops\HI-II-14_sampled\population_generation_47.json
a42bb64dafb0e44ef5a68bdbff593a3d,47,7,467,0.05388,m1,1,"n: i for i, n in enumerate(nodelist)",,evolve_experiment\evolution\real\HI-II-14_sampled_post_with_precompute\results\pops\HI-II-14_sampled\population_generation_47.json
98307bef6ed41257352e80f070203a71,47,8,468,0.05389,m2,1,"n: i for i, n in enumerate(nodelist)",,evolve_experiment\evolution\real\HI-II-14_sampled_post_with_precompute\results\pops\HI-II-14_sampled\population_generation_47.json
bc1e890da5b651b491d7b91cfd38d157,47,9,469,0.05395,t2,1,"n: i for i, n in enumerate(nodelist)",,evolve_experiment\evolution\real\HI-II-14_sampled_post_with_precompute\results\pops\HI-II-14_sampled\population_generation_47.json
33e46a3b676e5f6ee8e3b46e6da02a7a,47,10,470,0.05401,m1,1,"n: i for i, n in enumerate(nodelist)",,evolve_experiment\evolution\real\HI-II-14_sampled_post_with_precompute\results\pops\HI-II-14_sampled\population_generation_47.json
a93e91e7142e0a2791ff8d062f9d1be4,48,1,471,0.05312,m2,1,"n: i for i, n in enumerate(nodelist)",,evolve_experiment\evolution\real\HI-II-14_sampled_post_with_precompute\results\pops\HI-II-14_sampled\population_generation_48.json
ecd7c52e44f1cbe8cf416ce87c076ad7,48,2,472,0.0533,m2,1,"n: i for i, n in enumerate(nodelist)",,evolve_experiment\evolution\real\HI-II-14_sampled_post_with_precompute\results\pops\HI-II-14_sampled\population_generation_48.json
174ce3aa3a639d6c77c27c510fcf01f8,48,3,473,0.05357,m2,1,"n: i for i, n in enumerate(nodelist)",,evolve_experiment\evolution\real\HI-II-14_sampled_post_with_precompute\results\pops\HI-II-14_sampled\population_generation_48.json
07fd14b1844bd38df0421202c37785e3,48,4,474,0.05359,t2,1,"n: i for i, n in enumerate(nodelist)",,evolve_experiment\evolution\real\HI-II-14_sampled_post_with_precompute\results\pops\HI-II-14_sampled\population_generation_48.json
37c5b2f2de2f6d6aab267ab2c8dae9cf,48,5,475,0.05363,m2,1,"n: i for i, n in enumerate(nodelist)",,evolve_experiment\evolution\real\HI-II-14_sampled_post_with_precompute\results\pops\HI-II-14_sampled\population_generation_48.json
77dfd343f9b8e1ace106a02751fc090f,48,6,476,0.05367,m2,1,"n: i for i, n in enumerate(nodelist)",,evolve_experiment\evolution\real\HI-II-14_sampled_post_with_precompute\results\pops\HI-II-14_sampled\population_generation_48.json
8433712446a6cea93cf93adb4380babf,48,7,477,0.05383,e2,22,"n: i for i, n in enumerate(nodelist)",,evolve_experiment\evolution\real\HI-II-14_sampled_post_with_precompute\results\pops\HI-II-14_sampled\population_generation_48.json
f3672b5a78e30391f7121ecc69d95db2,48,8,478,0.05385,m2,1,"n: i for i, n in enumerate(nodelist)",,evolve_experiment\evolution\real\HI-II-14_sampled_post_with_precompute\results\pops\HI-II-14_sampled\population_generation_48.json
a42bb64dafb0e44ef5a68bdbff593a3d,48,9,479,0.05388,m1,1,"n: i for i, n in enumerate(nodelist)",,evolve_experiment\evolution\real\HI-II-14_sampled_post_with_precompute\results\pops\HI-II-14_sampled\population_generation_48.json
98307bef6ed41257352e80f070203a71,48,10,480,0.05389,m2,1,"n: i for i, n in enumerate(nodelist)",,evolve_experiment\evolution\real\HI-II-14_sampled_post_with_precompute\results\pops\HI-II-14_sampled\population_generation_48.json
a93e91e7142e0a2791ff8d062f9d1be4,49,1,481,0.05312,m2,1,"n: i for i, n in enumerate(nodelist)",,evolve_experiment\evolution\real\HI-II-14_sampled_post_with_precompute\results\pops\HI-II-14_sampled\population_generation_49.json
ecd7c52e44f1cbe8cf416ce87c076ad7,49,2,482,0.0533,m2,1,"n: i for i, n in enumerate(nodelist)",,evolve_experiment\evolution\real\HI-II-14_sampled_post_with_precompute\results\pops\HI-II-14_sampled\population_generation_49.json
174ce3aa3a639d6c77c27c510fcf01f8,49,3,483,0.05357,m2,1,"n: i for i, n in enumerate(nodelist)",,evolve_experiment\evolution\real\HI-II-14_sampled_post_with_precompute\results\pops\HI-II-14_sampled\population_generation_49.json
07fd14b1844bd38df0421202c37785e3,49,4,484,0.05359,t2,1,"n: i for i, n in enumerate(nodelist)",,evolve_experiment\evolution\real\HI-II-14_sampled_post_with_precompute\results\pops\HI-II-14_sampled\population_generation_49.json
37c5b2f2de2f6d6aab267ab2c8dae9cf,49,5,485,0.05363,m2,1,"n: i for i, n in enumerate(nodelist)",,evolve_experiment\evolution\real\HI-II-14_sampled_post_with_precompute\results\pops\HI-II-14_sampled\population_generation_49.json
77dfd343f9b8e1ace106a02751fc090f,49,6,486,0.05367,m2,1,"n: i for i, n in enumerate(nodelist)",,evolve_experiment\evolution\real\HI-II-14_sampled_post_with_precompute\results\pops\HI-II-14_sampled\population_generation_49.json
203c610e1e256add287fb4341bf26249,49,7,487,0.05381,m1,1,"n: i for i, n in enumerate(nodelist)",,evolve_experiment\evolution\real\HI-II-14_sampled_post_with_precompute\results\pops\HI-II-14_sampled\population_generation_49.json
8433712446a6cea93cf93adb4380babf,49,8,488,0.05383,e2,22,"n: i for i, n in enumerate(nodelist)",,evolve_experiment\evolution\real\HI-II-14_sampled_post_with_precompute\results\pops\HI-II-14_sampled\population_generation_49.json
f3672b5a78e30391f7121ecc69d95db2,49,9,489,0.05385,m2,1,"n: i for i, n in enumerate(nodelist)",,evolve_experiment\evolution\real\HI-II-14_sampled_post_with_precompute\results\pops\HI-II-14_sampled\population_generation_49.json
a42bb64dafb0e44ef5a68bdbff593a3d,49,10,490,0.05388,m1,1,"n: i for i, n in enumerate(nodelist)",,evolve_experiment\evolution\real\HI-II-14_sampled_post_with_precompute\results\pops\HI-II-14_sampled\population_generation_49.json
a93e91e7142e0a2791ff8d062f9d1be4,50,1,491,0.05312,m2,1,"n: i for i, n in enumerate(nodelist)",,evolve_experiment\evolution\real\HI-II-14_sampled_post_with_precompute\results\pops\HI-II-14_sampled\population_generation_50.json
d41b51983b06280f25be66a5ad2aea93,50,2,492,0.05323,e2,37,"n: i for i, n in enumerate(nodelist)",,evolve_experiment\evolution\real\HI-II-14_sampled_post_with_precompute\results\pops\HI-II-14_sampled\population_generation_50.json
ecd7c52e44f1cbe8cf416ce87c076ad7,50,3,493,0.0533,m2,1,"n: i for i, n in enumerate(nodelist)",,evolve_experiment\evolution\real\HI-II-14_sampled_post_with_precompute\results\pops\HI-II-14_sampled\population_generation_50.json
174ce3aa3a639d6c77c27c510fcf01f8,50,4,494,0.05357,m2,1,"n: i for i, n in enumerate(nodelist)",,evolve_experiment\evolution\real\HI-II-14_sampled_post_with_precompute\results\pops\HI-II-14_sampled\population_generation_50.json
07fd14b1844bd38df0421202c37785e3,50,5,495,0.05359,t2,1,"n: i for i, n in enumerate(nodelist)",,evolve_experiment\evolution\real\HI-II-14_sampled_post_with_precompute\results\pops\HI-II-14_sampled\population_generation_50.json
37c5b2f2de2f6d6aab267ab2c8dae9cf,50,6,496,0.05363,m2,1,"n: i for i, n in enumerate(nodelist)",,evolve_experiment\evolution\real\HI-II-14_sampled_post_with_precompute\results\pops\HI-II-14_sampled\population_generation_50.json
77dfd343f9b8e1ace106a02751fc090f,50,7,497,0.05367,m2,1,"n: i for i, n in enumerate(nodelist)",,evolve_experiment\evolution\real\HI-II-14_sampled_post_with_precompute\results\pops\HI-II-14_sampled\population_generation_50.json
203c610e1e256add287fb4341bf26249,50,8,498,0.05381,m1,1,"n: i for i, n in enumerate(nodelist)",,evolve_experiment\evolution\real\HI-II-14_sampled_post_with_precompute\results\pops\HI-II-14_sampled\population_generation_50.json
8433712446a6cea93cf93adb4380babf,50,9,499,0.05383,e2,22,"n: i for i, n in enumerate(nodelist)",,evolve_experiment\evolution\real\HI-II-14_sampled_post_with_precompute\results\pops\HI-II-14_sampled\population_generation_50.json
f3672b5a78e30391f7121ecc69d95db2,50,10,500,0.05385,m2,1,"n: i for i, n in enumerate(nodelist)",,evolve_experiment\evolution\real\HI-II-14_sampled_post_with_precompute\results\pops\HI-II-14_sampled\population_generation_50.json
0cb85d970f33c9b51741b1f409bd3bbc,51,1,501,0.05293,m2,1,"n: i for i, n in enumerate(nodelist)",,evolve_experiment\evolution\real\HI-II-14_sampled_post_with_precompute\results\pops\HI-II-14_sampled\population_generation_51.json
a93e91e7142e0a2791ff8d062f9d1be4,51,2,502,0.05312,m2,1,"n: i for i, n in enumerate(nodelist)",,evolve_experiment\evolution\real\HI-II-14_sampled_post_with_precompute\results\pops\HI-II-14_sampled\population_generation_51.json
d41b51983b06280f25be66a5ad2aea93,51,3,503,0.05323,e2,37,"n: i for i, n in enumerate(nodelist)",,evolve_experiment\evolution\real\HI-II-14_sampled_post_with_precompute\results\pops\HI-II-14_sampled\population_generation_51.json
ecd7c52e44f1cbe8cf416ce87c076ad7,51,4,504,0.0533,m2,1,"n: i for i, n in enumerate(nodelist)",,evolve_experiment\evolution\real\HI-II-14_sampled_post_with_precompute\results\pops\HI-II-14_sampled\population_generation_51.json
174ce3aa3a639d6c77c27c510fcf01f8,51,5,505,0.05357,m2,1,"n: i for i, n in enumerate(nodelist)",,evolve_experiment\evolution\real\HI-II-14_sampled_post_with_precompute\results\pops\HI-II-14_sampled\population_generation_51.json
07fd14b1844bd38df0421202c37785e3,51,6,506,0.05359,t2,1,"n: i for i, n in enumerate(nodelist)",,evolve_experiment\evolution\real\HI-II-14_sampled_post_with_precompute\results\pops\HI-II-14_sampled\population_generation_51.json
37c5b2f2de2f6d6aab267ab2c8dae9cf,51,7,507,0.05363,m2,1,"n: i for i, n in enumerate(nodelist)",,evolve_experiment\evolution\real\HI-II-14_sampled_post_with_precompute\results\pops\HI-II-14_sampled\population_generation_51.json
77dfd343f9b8e1ace106a02751fc090f,51,8,508,0.05367,m2,1,"n: i for i, n in enumerate(nodelist)",,evolve_experiment\evolution\real\HI-II-14_sampled_post_with_precompute\results\pops\HI-II-14_sampled\population_generation_51.json
203c610e1e256add287fb4341bf26249,51,9,509,0.05381,m1,1,"n: i for i, n in enumerate(nodelist)",,evolve_experiment\evolution\real\HI-II-14_sampled_post_with_precompute\results\pops\HI-II-14_sampled\population_generation_51.json
8433712446a6cea93cf93adb4380babf,51,10,510,0.05383,e2,22,"n: i for i, n in enumerate(nodelist)",,evolve_experiment\evolution\real\HI-II-14_sampled_post_with_precompute\results\pops\HI-II-14_sampled\population_generation_51.json
