0 1
0 2
0 3
0 4
0 5
0 6
0 7
0 8
1 7
1 12
1 13
1 14
1 15
1 16
1 17
1 18
1 19
1 20
1 21
1 22
1 23
1 24
1 25
1 26
1 27
1 28
1 29
1 30
1 31
1 32
1 33
1 34
1 35
1 36
1 37
1 38
1 39
1 40
1 41
1 42
1 43
1 44
1 45
1 46
1 47
1 48
1 49
1 50
1 51
1 52
1 53
1 54
1 55
1 56
1 57
1 58
1 59
1 60
1 61
1 62
1 63
1 64
1 65
1 66
1 67
1 68
1 69
1 70
1 71
2 7
2 77
2 78
2 79
2 80
2 81
2 82
2 26
2 33
2 83
2 84
2 36
2 40
2 41
2 42
2 85
2 86
2 51
2 52
2 87
2 88
2 57
2 58
2 60
2 89
2 90
2 91
2 92
2 93
2 94
2 95
2 96
2 97
2 63
2 98
2 99
2 100
2 64
2235 34
2235 118
2235 1935
2235 2445
2235 2240
2235 2726
2236 34
2236 49
2236 118
2236 139
2236 440
2236 725
2236 797
2236 849
2236 903
2236 928
2236 1015
2236 1016
2236 1066
2236 1086
2236 1453
2236 1592
2236 1715
2236 1744
2236 1769
2236 1895
2236 1897
2236 1911
2236 2167
2236 2231
2236 2552
2236 2888
2236 2393
2236 2238
2237 34
2237 49
2237 118
2237 440
2237 683
2237 831
2237 837
2237 1125
2237 1229
2237 1761
2237 1870
2237 1911
2237 1996
2237 2122
2237 2231
2237 2232
2237 2599
2237 2685
2237 2415
2237 2238
2238 34
2238 49
2238 118
2238 440
2238 628
2238 684
2238 743
2238 1086
2238 1269
2238 1715
2238 1911
2238 1996
2238 2122
2238 2231
2238 2445
2238 2415
3 7
3 111
3 10
3 12
3 112
3 113
3 14
3 114
3 106
3 15
3 115
3 116
3 107
3 103
3 108
3 16
3 17
3 19
3 79
3 22
3 117
3 25
3 72
3 118
3 119
3 120
3 26
3 27
3 121
3 28
3 122
3 32
3 123
3 34
3 124
3 110
3 125
3 126
3 127
3 84
3 128
3 129
3 130
3 39
3 131
3 132
3 133
3 40
3 134
3 135
3 44
3 136
3 137
3 138
3 139
3 45
3 140
3 46
3 47
3 141
3 142
3 49
3 52
3 53
3 54
3 143
3 57
3 144
3 145
4 5
4 7
4 12
4 156
4 77
4 78
4 113
4 157
4 158
4 14
4 106
4 15
4 115
4 153
4 103
4 16
4 17
4 19
4 22
4 80
4 159
4 160
4 72
4 161
4 119
4 120
4 121
4 162
4 30
4 163
4 32
4 33
4 34
4 164
4 165
4 166
4 167
4 35
4 154
4 168
4 125
4 169
4 170
4 127
4 84
4 128
4 36
4 130
4 37
4 38
4 131
4 171
4 40
4 172
4 42
4 109
4 173
4 44
4 139
4 85
4 174
4 175
4 46
4 47
4 176
4 48
4 52
4 177
4 55
4 56
4 57
4 58
4 178
4 179
4 59
4 60
4 180
4 181
4 182
4 61
4 183
5 6
5 7
5 10
5 12
5 112
5 101
5 184
5 156
5 77
5 113
5 185
5 13
5 186
5 152
5 14
5 187
5 106
5 116
5 107
5 188
5 153
5 102
5 74
5 189
5 190
5 191
5 103
5 192
5 193
5 194
5 195
5 196
5 197
5 198
5 199
5 200
5 201
5 202
5 203
5 204
5 205
5 25
5 146
5 206
5 207
5 208
5 209
5 210
5 123
5 211
5 212
5 213
5 214
5 215
5 104
5 127
5 216
5 217
5 218
5 219
5 220
5 221
5 222
5 223
5 224
5 225
5 226
5 227
5 228
5 229
5 230
5 231
5 232
5 233
5 234
5 138
6 7
6 235
6 10
6 12
6 112
6 101
6 184
6 156
6 77
6 78
6 113
6 236
6 185
6 13
6 186
6 73
6 157
6 158
6 152
6 237
6 14
6 114
6 238
6 187
6 106
6 15
6 115
6 116
6 239
6 107
6 188
6 153
6 102
6 240
6 74
6 189
6 190
6 241
6 242
6 191
6 103
6 243
6 244
6 108
6 245
6 16
6 192
6 17
6 246
6 193
6 18
6 19
6 247
6 248
6 249
6 20
6 194
6 195
6 250
6 251
6 196
6 197
6 252
6 253
6 198
7 235
7 10
7 12
7 112
7 101
7 184
7 156
7 77
7 78
7 113
7 185
7 13
7 186
7 73
7 157
7 152
7 237
7 14
7 238
7 187
7 106
7 15
7 115
7 116
7 107
7 188
7 153
7 102
7 240
7 74
7 189
7 190
7 241
7 242
7 191
7 103
7 243
7 108
7 16
7 192
7 17
7 246
7 193
7 18
7 247
7 248
7 249
7 20
7 194
7 195
7 250
7 196
7 197
7 252
7 254
7 257
7 258
7 259
7 260
7 261
7 262
7 263
7 264
7 265
7 266
7 267
7 268
7 117
7 201
7 269
7 202
7 270
7 271
7 159
7 272
7 205
7 273
7 274
7 25
7 275
7 276
7 146
7 277
7 278
7 161
7 279
7 206
7 280
7 281
7 208
7 282
7 283
7 284
7 285
7 286
7 287
7 288
7 289
7 290
7 291
7 292
7 122
7 163
7 210
7 293
7 294
7 295
7 123
7 211
7 212
7 296
7 213
7 297
7 214
7 110
7 298
7 299
7 300
7 215
7 301
7 302
7 303
7 104
7 304
7 305
7 84
7 306
7 307
7 308
7 309
7 310
7 311
7 312
7 313
7 314
7 315
7 131
7 316
7 317
7 133
7 318
7 319
7 221
7 320
7 223
7 321
7 224
7 135
7 322
7 323
7 226
7 227
7 324
7 325
7 326
7 327
7 137
7 328
7 329
7 330
7 331
7 332
7 228
7 333
7 334
7 335
7 336
7 148
7 229
7 337
7 338
7 339
7 340
7 341
7 342
7 343
7 344
7 230
7 345
7 231
7 346
7 347
7 348
7 349
7 256
2239 34
2239 118
2239 128
2239 800
2239 1269
2239 1478
8 116
8 80
8 36
8 41
8 85
8 88
8 57
8 89
8 95
8 96
8 97
9 235
9 10
9 112
9 184
9 113
9 73
9 157
9 158
9 187
9 115
9 116
9 153
9 74
9 191
9 245
9 248
9 249
9 20
9 195
9 250
9 200
9 262
9 22
9 264
9 350
9 351
9 352
9 270
9 271
9 80
9 159
9 72
9 276
9 353
9 161
9 206
9 208
9 284
9 289
9 290
9 354
9 355
9 356
9 357
9 358
9 359
9 294
9 211
9 360
9 296
9 361
9 165
9 166
9 110
9 362
9 363
9 11
9 364
9 365
9 154
9 300
9 125
9 301
9 302
9 366
9 127
9 367
9 368
9 369
9 84
9 370
9 371
9 307
9 372
9 373
9 374
9 375
9 376
9 133
9 377
9 40
9 378
9 322
9 225
9 379
9 333
9 335
9 256
9 380
9 381
9 382
9 383
9 384
9 385
9 386
9 387
9 388
9 389
9 390
9 391
9 392
9 393
9 394
9 395
9 396
9 397
9 398
9 399
9 400
9 401
9 402
9 76
9 403
9 404
9 405
9 406
10 111
10 235
10 12
10 112
10 77
10 78
10 113
10 13
10 73
10 152
10 14
10 106
10 15
10 116
10 239
10 107
10 188
10 153
10 102
10 240
10 74
10 242
10 243
10 108
10 16
10 192
10 17
10 193
10 18
10 19
10 247
10 248
10 194
10 195
10 196
10 197
10 252
10 257
10 258
10 407
10 259
10 408
10 79
10 260
10 199
10 409
10 21
10 261
10 22
10 263
10 266
10 410
10 411
10 412
10 413
10 414
10 415
10 416
10 417
10 418
10 271
10 205
10 419
10 273
10 420
10 25
10 72
10 81
10 421
10 276
10 146
10 277
10 422
10 423
10 424
10 425
10 426
10 206
10 427
10 428
10 207
10 429
10 430
10 431
10 432
10 433
10 283
10 284
10 285
10 434
10 435
10 288
10 289
10 436
10 437
10 354
10 438
10 439
10 291
10 440
10 441
10 442
10 355
10 29
10 30
10 356
10 443
10 444
10 122
10 445
10 293
10 446
10 32
10 447
10 123
10 448
10 449
10 211
10 34
10 213
10 297
10 214
10 450
10 110
10 451
10 298
10 255
10 11
10 452
10 453
10 454
10 215
10 455
10 456
10 302
10 75
10 104
10 83
10 457
10 458
10 459
10 460
10 311
10 39
10 461
10 312
10 462
10 463
10 464
10 131
10 465
10 133
10 318
10 466
10 467
10 468
10 40
10 469
10 470
10 378
10 321
10 135
10 226
10 326
10 228
10 229
10 340
10 341
10 233
10 380
10 381
10 471
10 472
10 473
10 474
10 475
10 476
10 49
10 477
10 478
10 479
10 480
10 481
10 482
10 483
10 484
10 485
10 486
10 487
10 488
10 76
10 489
10 490
10 491
10 492
11 12
11 112
11 113
11 73
11 157
11 158
11 152
11 14
11 115
11 16
11 193
11 19
11 195
11 408
11 22
11 160
11 72
11 146
11 206
11 285
11 493
11 439
11 359
11 297
11 164
11 214
11 450
11 452
11 154
11 453
11 302
11 75
11 83
11 494
11 495
11 496
11 497
11 308
11 38
11 147
11 498
11 220
11 225
11 499
11 500
11 381
11 501
11 502
11 76
11 490
11 503
11 504
12 235
12 112
12 101
12 156
12 113
12 13
12 73
12 157
12 152
12 14
12 15
12 115
12 116
12 107
12 240
12 243
12 245
12 16
12 193
12 249
12 194
12 195
12 250
12 196
12 505
12 258
12 408
12 260
12 199
12 21
12 22
12 506
12 267
12 268
12 269
12 352
12 507
12 81
12 421
12 276
12 508
12 422
12 423
12 424
12 206
12 280
12 119
12 509
12 431
12 208
12 432
12 283
12 284
12 285
12 288
12 289
12 436
12 510
12 437
12 493
12 511
12 512
12 439
12 291
12 441
12 355
12 513
12 514
12 515
12 516
12 445
12 293
12 446
12 32
12 447
12 517
12 123
12 518
12 34
12 519
12 297
12 164
12 214
12 451
12 520
12 298
12 167
12 35
12 154
12 454
12 303
12 105
12 521
12 83
12 522
12 216
12 523
12 524
12 497
12 307
12 525
12 526
12 527
12 528
12 529
12 310
12 38
12 313
12 530
12 314
12 315
12 132
12 133
12 466
12 171
12 319
12 531
12 532
12 468
12 498
12 40
12 533
12 378
12 135
12 534
12 535
12 499
12 536
12 537
12 500
12 326
12 538
12 137
12 539
12 340
12 540
12 541
12 232
12 381
12 472
12 542
12 543
12 544
12 474
12 545
12 546
12 547
12 548
12 549
12 550
12 551
12 54
12 552
12 553
12 554
12 555
12 556
12 557
12 181
12 486
12 558
12 559
12 560
12 561
12 562
12 563
12 503
12 504
12 564
13 235
13 112
13 101
13 156
13 77
13 78
13 113
13 185
13 186
13 14
13 238
13 187
13 106
13 15
13 116
13 188
13 153
13 102
13 190
13 191
13 103
13 192
13 248
13 249
13 20
13 250
13 197
13 505
13 199
13 261
13 565
13 566
13 201
13 418
13 270
13 271
13 159
13 205
13 25
13 276
13 146
13 289
13 441
13 212
13 213
13 361
13 165
13 363
13 154
13 455
13 456
13 302
13 84
13 307
13 567
13 376
13 221
13 43
13 223
13 321
13 568
13 228
13 333
13 340
13 230
13 569
13 570
13 545
13 571
13 572
14 235
14 112
14 101
14 113
14 73
14 157
14 158
14 152
14 237
14 106
14 15
14 115
14 116
14 240
14 241
14 243
14 244
14 245
14 16
14 193
14 247
14 249
14 195
14 196
14 197
14 253
14 254
14 258
14 408
14 79
14 260
14 199
14 21
14 200
14 262
14 22
14 573
14 266
14 267
14 574
14 268
14 117
14 201
14 269
14 575
14 576
14 577
14 578
14 351
14 416
14 417
14 352
14 579
14 270
14 271
14 80
14 159
14 580
14 160
14 272
14 419
14 581
14 72
14 582
14 81
14 583
14 584
14 421
14 276
14 353
14 585
14 146
14 508
14 118
14 425
14 586
14 426
14 161
14 206
14 207
14 280
14 587
14 281
14 588
14 119
14 509
14 589
14 120
14 431
14 590
14 208
14 282
14 433
14 591
14 283
14 592
14 284
14 285
14 434
14 286
14 121
14 289
14 436
14 593
14 290
14 594
14 437
14 595
14 596
14 597
14 511
14 598
14 438
14 439
14 599
14 441
14 600
14 513
14 601
14 602
14 122
14 445
14 357
14 603
14 32
14 294
14 604
14 517
14 605
14 606
14 607
14 123
14 608
14 609
14 212
14 296
14 519
14 297
14 124
14 610
14 165
14 166
14 214
14 450
14 362
14 611
14 612
14 520
14 255
14 363
14 613
14 364
14 614
14 167
14 35
14 154
14 168
14 299
14 615
14 453
14 454
14 616
14 617
14 618
14 619
14 620
14 621
14 216
14 622
14 623
14 624
14 625
14 626
14 523
14 524
14 305
14 627
14 628
14 629
14 630
14 631
14 306
14 526
14 632
14 633
14 634
14 635
14 310
14 311
14 636
14 313
14 637
14 314
14 567
14 315
14 638
14 132
14 639
14 171
14 319
14 640
14 641
14 172
14 378
14 642
14 534
14 536
14 537
14 326
14 643
14 644
14 645
14 646
14 137
14 539
14 335
14 231
14 348
14 256
14 647
14 648
14 649
14 650
14 381
14 651
14 652
14 653
14 654
14 655
14 656
14 657
14 658
14 659
14 660
14 661
14 662
14 663
14 664
14 665
14 666
14 667
14 668
14 669
14 670
14 671
14 384
14 672
14 49
14 673
14 674
14 675
14 676
14 390
14 677
14 678
14 679
14 680
14 681
14 682
14 557
14 181
14 683
14 684
14 685
14 558
14 686
14 398
14 687
14 688
14 689
14 690
14 691
14 692
14 489
14 693
14 694
14 695
14 696
15 112
15 101
15 184
15 156
15 77
15 113
15 186
15 73
15 157
15 238
15 106
15 115
15 116
15 107
15 153
15 102
15 240
15 189
15 191
15 103
15 243
15 244
15 245
15 16
15 192
15 17
15 193
15 19
15 247
15 20
15 195
15 196
15 197
15 253
15 254
15 258
15 259
15 408
15 260
15 199
15 21
15 22
15 573
15 267
15 413
15 697
15 269
15 414
15 415
15 575
15 698
15 352
15 579
15 271
15 80
15 203
15 204
15 205
15 419
15 581
15 273
15 420
15 507
15 25
15 699
15 81
15 353
15 585
15 508
15 700
15 278
15 429
15 430
15 701
15 119
15 509
15 208
15 282
15 702
15 283
15 592
15 703
15 284
15 285
15 435
15 288
15 289
15 704
15 436
15 290
15 705
15 437
15 706
15 598
15 438
15 512
15 707
15 291
15 708
15 709
15 355
15 710
15 513
15 711
15 712
15 713
15 714
15 122
15 715
15 716
15 717
15 446
15 359
15 718
15 719
15 720
15 294
15 721
15 447
15 722
15 295
15 448
15 449
15 723
15 724
15 296
15 213
15 165
15 110
15 362
15 611
15 520
15 614
15 154
15 725
15 300
15 215
15 301
15 302
15 169
15 127
15 618
15 521
15 726
15 620
15 367
15 727
15 622
15 624
15 728
15 729
15 368
15 84
15 730
15 731
15 306
15 371
15 732
15 733
15 307
15 633
15 634
15 527
15 635
15 734
15 528
15 460
15 735
15 736
15 737
15 310
15 311
15 461
15 738
15 739
15 740
15 741
15 742
15 567
15 743
15 318
15 744
15 221
15 641
15 40
15 41
15 320
15 745
15 43
15 223
15 746
15 323
15 227
15 324
15 326
15 137
15 337
15 230
15 747
15 234
15 748
15 749
15 750
15 751
15 752
15 472
15 753
15 754
15 755
15 756
15 474
15 47
15 757
15 758
15 759
15 760
15 761
15 762
15 49
15 763
15 764
15 387
15 765
15 766
15 767
15 768
15 54
15 769
15 770
15 771
15 486
15 572
15 772
15 558
15 559
15 773
15 774
15 398
15 775
15 776
15 777
15 687
16 111
16 235
16 112
16 101
16 113
16 236
16 73
16 157
16 152
16 237
16 114
16 116
16 240
16 243
16 244
16 245
16 17
16 193
16 18
16 19
16 247
16 194
16 195
16 253
16 778
16 254
16 505
16 257
16 258
16 407
16 259
16 408
16 79
16 199
16 409
16 21
16 261
16 262
16 22
16 264
16 265
16 24
16 266
16 779
16 267
16 268
16 412
16 780
16 117
16 697
16 781
16 269
16 414
16 415
16 575
16 577
16 351
16 782
16 698
16 416
16 417
16 579
16 270
16 271
16 80
16 159
16 204
16 272
16 581
16 507
16 25
16 783
16 72
16 81
16 584
16 784
16 276
16 785
16 585
16 786
16 508
16 118
16 700
16 425
16 787
16 788
16 161
16 427
16 207
16 429
16 280
16 701
16 509
16 789
16 26
16 431
16 590
16 208
16 282
16 702
16 432
16 433
16 591
16 283
16 592
16 27
16 790
16 703
16 284
16 285
16 791
16 434
16 792
16 435
16 121
16 288
16 289
16 704
16 793
16 794
16 436
16 593
16 795
16 28
16 796
16 797
16 290
16 705
16 594
16 510
16 437
16 595
16 493
16 798
16 799
16 596
16 597
16 706
16 511
16 800
16 801
16 802
16 803
16 804
16 598
16 805
16 438
16 806
16 807
16 439
16 808
16 707
16 809
16 810
16 291
16 440
16 811
16 812
16 599
16 813
16 814
16 441
16 815
16 816
16 817
16 818
16 708
16 709
16 819
16 820
16 821
16 822
16 823
16 442
16 824
16 825
16 355
16 710
16 826
16 29
16 600
16 513
16 827
16 828
16 829
16 830
16 831
16 832
16 833
16 834
16 30
16 356
16 835
16 836
16 514
16 837
16 838
16 839
16 713
16 840
16 841
16 842
16 292
16 714
16 843
16 844
16 845
16 846
16 847
16 848
16 849
16 850
16 209
16 444
16 122
16 851
16 852
16 853
16 163
16 210
16 854
16 855
16 516
16 715
16 856
16 445
16 716
16 357
16 857
16 358
16 858
16 717
16 859
16 860
16 861
16 293
16 446
16 862
16 359
16 863
16 864
16 865
16 603
16 718
16 32
16 866
16 867
16 868
16 294
16 447
16 869
16 870
16 871
16 604
16 722
16 517
16 872
16 605
16 295
16 873
16 607
16 874
16 123
16 875
16 448
16 449
16 876
16 877
16 878
16 879
16 518
16 880
16 211
16 881
16 882
16 883
16 34
16 723
16 884
16 724
16 296
16 610
16 214
16 450
16 451
16 885
16 886
16 520
16 887
16 298
16 613
16 888
16 452
16 365
16 154
16 889
16 725
16 299
16 453
16 454
16 301
16 616
16 456
16 302
16 75
16 890
16 127
16 891
16 521
16 892
16 726
16 620
16 621
16 893
16 367
16 894
16 727
16 895
16 304
16 896
16 897
16 495
16 898
16 899
16 900
16 901
16 368
16 524
16 902
16 903
16 904
16 905
16 628
16 84
16 906
16 907
16 730
16 908
16 909
16 910
16 458
16 911
16 459
16 912
16 733
16 497
16 913
16 914
16 632
16 915
16 916
16 529
16 917
16 918
16 919
16 460
16 309
16 736
16 920
16 921
16 922
16 923
16 924
16 925
16 926
16 130
16 927
16 310
16 928
16 217
16 37
16 38
16 929
16 39
16 461
16 930
16 931
16 313
16 738
16 462
16 739
16 740
16 373
16 530
16 741
16 932
16 933
16 934
16 637
16 935
16 463
16 936
16 937
16 742
16 938
16 939
16 315
16 464
16 940
16 375
16 941
16 942
16 943
16 944
16 131
16 945
16 132
16 317
16 946
16 947
16 948
16 133
16 318
16 639
16 466
16 171
16 467
16 319
16 531
16 468
16 949
16 950
16 951
16 952
16 953
16 954
16 955
16 956
16 957
16 958
16 959
16 960
16 40
16 961
16 962
16 963
16 964
16 965
16 41
16 966
16 967
16 968
16 969
16 470
16 320
16 378
16 970
16 971
16 972
16 642
16 973
16 974
16 975
16 326
16 538
16 137
16 336
16 339
16 340
16 344
16 540
16 649
16 976
16 977
16 978
16 541
16 234
16 381
16 979
16 980
16 981
16 651
16 471
16 982
16 983
16 984
16 662
16 985
16 986
16 987
16 988
16 989
16 990
16 474
16 991
16 992
16 993
16 757
16 994
16 995
16 546
16 758
16 996
16 997
16 384
16 998
16 999
16 759
16 1000
16 1001
16 1002
16 1003
16 1004
16 1005
16 1006
16 547
16 1007
16 1008
16 1009
16 1010
16 760
16 1011
16 1012
16 1013
16 1014
16 1015
16 1016
16 49
16 673
16 1017
16 1018
16 1019
16 1020
16 1021
16 478
16 1022
16 1023
16 480
16 1024
16 1025
16 1026
16 1027
16 1028
16 1029
16 1030
16 1031
16 1032
16 1033
16 1034
16 1035
16 1036
16 1037
16 676
16 1038
16 766
16 767
16 390
16 1039
16 770
16 1040
16 1041
16 552
16 1042
16 1043
16 1044
16 1045
16 682
16 1046
16 1047
16 1048
16 1049
16 1050
16 1051
16 1052
16 1053
16 1054
16 1055
16 1056
16 1057
16 772
16 558
16 1058
16 1059
16 1060
16 1061
16 1062
16 1063
16 1064
16 1065
16 1066
16 1067
16 1068
16 1069
16 1070
16 1071
16 1072
16 397
16 775
16 776
16 777
16 688
16 1073
16 1074
16 1075
16 1076
16 1077
16 1078
16 1079
16 1080
16 1081
16 1082
16 1083
16 1084
16 489
16 1085
16 1086
16 1087
16 1088
16 1089
16 403
16 1090
16 1091
16 1092
16 1093
16 404
16 1094
16 1095
16 1096
16 1097
16 1098
16 1099
16 1100
17 111
17 235
17 112
17 101
17 184
17 77
17 238
17 106
17 239
17 191
17 18
17 247
17 20
17 196
17 197
17 252
17 253
17 257
17 258
17 259
17 21
17 261
17 1101
17 24
17 1102
17 268
17 412
17 413
17 697
17 414
17 415
17 782
17 698
17 579
17 204
17 581
17 273
17 420
17 507
17 1103
17 1104
17 1105
17 699
17 1106
17 785
17 585
17 508
17 422
17 423
17 118
17 1107
17 700
17 278
17 787
17 788
17 161
17 429
17 1108
17 430
17 1109
17 701
17 1110
17 26
17 282
17 1111
17 702
17 1112
17 27
17 790
17 703
17 286
17 121
17 1113
17 1114
17 704
17 28
17 511
17 1115
17 801
17 1116
17 1117
17 807
17 439
17 809
17 810
17 811
17 1118
17 1119
17 709
17 1120
17 1121
17 825
17 355
17 710
17 1122
17 29
17 1123
17 828
17 831
17 1124
17 711
17 30
17 1125
17 712
17 1126
17 836
17 842
17 1127
17 292
17 1128
17 847
17 1129
17 1130
17 850
17 209
17 31
17 122
17 851
17 1131
17 445
17 857
17 358
17 859
17 861
17 446
17 1132
17 718
17 1133
17 32
17 1134
17 1135
17 1136
17 1137
17 867
17 1138
17 1139
17 1140
17 1141
17 722
17 1142
17 607
17 1143
17 1144
17 1145
17 1146
17 1147
17 1148
17 110
17 885
17 888
17 299
17 215
17 1149
17 1150
17 1151
17 1152
17 1153
17 1154
17 170
17 1155
17 1156
17 1157
17 1158
17 1159
17 622
17 624
17 1160
17 1161
17 1162
17 1163
17 128
17 1164
17 458
17 1165
17 459
17 1166
17 1167
17 918
17 309
17 920
17 1168
17 1169
17 1170
17 1171
17 1172
17 1173
17 1174
17 1175
17 922
17 737
17 1176
17 1177
17 36
17 924
17 1178
17 1179
17 1180
17 937
17 940
17 941
17 318
17 1181
17 1182
17 1183
17 172
17 320
17 348
17 1184
17 1185
17 1186
17 1187
17 980
17 750
17 751
17 1188
17 752
17 471
17 472
17 1189
17 1190
17 1191
17 1192
17 1193
17 1194
17 1195
17 1196
17 1197
17 1198
17 1199
17 1200
17 754
17 1201
17 987
17 1202
17 1203
17 1204
17 1205
17 988
17 473
17 755
17 1206
17 1207
17 1208
17 1209
17 1210
17 1211
17 1212
17 1213
17 1214
17 1215
17 1216
17 1217
17 1218
17 1219
17 1220
17 1221
17 1222
17 86
17 1223
17 1224
17 1225
17 1226
17 756
17 668
17 1227
17 990
17 1228
17 1229
17 1230
17 669
17 1231
17 1232
17 1233
17 1234
17 1235
17 1236
17 1237
17 1238
17 1239
17 1240
17 1241
17 1242
17 1243
17 1244
17 1245
17 1246
17 1247
17 1248
17 1249
17 1250
17 1251
17 1252
17 1253
17 1254
17 47
17 1255
17 1256
17 1257
17 760
17 1258
17 1259
17 1260
17 1261
17 1262
17 1263
17 1264
17 1265
17 1266
17 1267
17 1268
17 1269
17 1270
17 1271
17 1272
17 1273
17 1274
17 1275
17 1015
17 1276
17 1277
17 1278
17 1279
17 1280
17 1281
17 1282
17 1283
17 1284
17 1285
17 1286
17 1287
17 1288
17 1289
17 1290
17 1291
17 1292
17 49
17 1293
17 1294
17 1295
17 1296
17 1297
17 1298
17 1299
17 1300
17 1301
17 763
17 1302
17 1303
17 1304
17 1305
17 1306
17 1307
17 764
17 1308
17 1309
17 50
17 1310
17 1311
17 1312
17 1313
17 1314
17 1315
17 51
17 1316
17 1317
17 1318
17 1319
17 1320
17 1321
17 1322
17 673
17 1323
17 1324
17 1325
17 1326
17 1017
17 1327
17 1328
17 1329
17 1330
17 1331
17 1332
17 1333
17 1334
17 1018
17 1019
17 1335
17 1336
17 1337
17 1338
17 1339
17 1340
17 1341
17 1342
17 1343
17 1344
17 1345
17 1346
17 1020
17 1347
17 1021
17 1348
17 1349
17 1350
17 1351
17 1352
17 1353
17 1354
17 478
17 1355
17 1356
17 1357
17 1358
17 1359
17 1360
17 1361
17 1362
17 1363
17 1364
17 1365
17 1366
17 1367
17 1368
17 1369
17 1370
17 1371
17 1372
17 1373
17 479
17 1374
17 1022
17 1375
17 1376
17 1377
17 1378
17 1379
17 1380
17 1381
17 52
17 1382
17 1383
17 1384
17 1385
17 1386
17 1387
17 1388
17 1389
17 1390
17 1391
17 1392
17 1393
17 1394
17 1395
17 1396
17 1397
17 1398
17 387
17 1399
17 1400
17 1023
17 1401
17 480
17 1024
17 501
18 112
18 108
18 245
18 20
18 252
18 258
18 259
18 199
18 261
18 263
18 1102
18 412
18 697
18 414
18 698
18 579
18 273
18 699
18 276
18 700
18 429
18 701
18 431
18 1111
18 702
18 592
18 286
18 288
18 799
18 439
18 809
18 291
18 441
18 355
18 711
18 850
18 861
18 293
18 718
18 123
18 878
18 724
18 127
18 893
18 367
18 732
18 1402
18 129
18 1403
18 925
18 130
18 310
18 375
18 131
18 467
18 1404
18 966
18 469
18 470
18 320
18 1405
18 1406
18 379
18 234
18 748
18 381
18 1186
18 1187
18 1407
18 980
18 1207
18 1408
18 1409
18 1410
18 1411
18 1412
18 141
18 1413
18 1001
18 1414
18 385
18 1415
18 1416
18 1417
18 1418
18 1419
18 1032
18 177
18 1420
18 1421
18 1422
18 482
18 1423
18 1424
18 1425
18 1426
18 1427
18 1428
18 1429
18 1430
18 767
18 1431
18 1432
18 1433
18 1434
19 112
19 156
19 113
19 186
19 115
19 245
19 193
19 258
19 79
19 22
19 266
19 267
19 268
19 270
19 507
19 72
19 425
19 206
19 284
19 791
19 287
19 289
19 28
19 441
19 162
19 709
19 1120
19 840
19 841
19 163
19 862
19 1133
19 123
19 448
19 211
19 1147
19 296
19 450
19 886
19 299
19 453
19 301
19 75
19 367
19 732
19 311
19 131
19 133
19 466
19 147
19 1435
19 220
19 1436
19 469
19 42
19 381
19 174
19 45
19 175
19 474
19 992
19 1437
19 1438
19 1255
19 1439
19 1440
19 1441
19 502
19 1442
19 1443
19 1444
19 772
19 1445
19 1073
19 1446
19 1074
19 401
19 1082
19 1447
19 1448
19 1449
19 1450
19 1451
20 156
20 78
20 73
20 157
20 114
20 187
20 248
20 79
20 22
20 80
20 159
20 272
20 25
20 26
20 162
20 849
20 31
20 863
20 718
20 32
20 33
20 110
20 154
20 889
20 125
20 127
20 1452
20 1453
20 84
20 1168
20 130
20 313
20 132
20 40
20 42
20 1454
20 43
20 135
20 44
20 1455
20 666
20 1217
20 86
20 45
20 47
20 994
20 1277
20 49
20 1306
20 53
20 54
20 1456
20 1457
20 1458
20 1459
20 1446
20 1460
20 1461
20 94
20 1462
20 1097
20 1463
20 67
20 1464
21 111
21 235
21 112
21 101
21 236
21 73
21 115
21 244
21 247
21 195
21 253
21 778
21 254
21 257
21 258
21 199
21 262
21 22
21 266
21 779
21 1102
21 412
21 117
21 413
21 697
21 414
21 415
21 575
21 577
21 578
21 579
21 272
21 581
21 420
21 507
21 1105
21 81
21 584
21 1465
21 1106
21 785
21 585
21 1466
21 508
21 118
21 425
21 788
21 161
21 1467
21 428
21 429
21 280
21 701
21 588
21 789
21 26
21 208
21 282
21 702
21 432
21 1468
21 283
21 790
21 703
21 284
21 791
21 1469
21 434
21 286
21 435
21 121
21 288
21 704
21 793
21 794
21 436
21 593
21 795
21 28
21 796
21 797
21 290
21 705
21 594
21 1470
21 510
21 437
21 595
21 493
21 798
21 799
21 596
21 1471
21 597
21 706
21 511
21 800
21 1115
21 354
21 801
21 1116
21 1472
21 802
21 803
21 804
21 1117
21 598
21 805
21 438
21 806
21 512
21 1473
21 807
21 439
21 1474
21 808
21 707
21 1475
21 809
21 810
21 1476
21 291
21 440
21 811
21 1477
21 1478
21 812
21 599
21 813
21 814
21 441
21 815
21 1479
21 1118
21 162
21 816
21 817
21 1119
21 818
21 708
21 709
21 819
21 820
21 1480
21 821
21 822
21 823
21 1120
21 1121
21 442
21 824
21 825
21 355
21 710
21 826
21 1122
21 29
21 1123
21 600
21 513
21 827
21 828
21 1481
21 829
21 1482
21 1483
21 830
21 831
21 832
21 1484
21 1124
21 833
21 711
21 834
21 30
21 601
21 1125
21 356
21 712
21 1126
21 835
21 836
21 514
21 837
21 838
21 1485
21 839
21 515
21 713
21 1486
21 1487
21 840
21 841
21 842
21 1127
21 292
21 714
21 1488
21 1489
21 443
21 1128
21 843
21 1490
21 844
21 845
21 1491
21 846
21 847
21 1492
21 848
21 1493
21 1494
21 1129
21 1130
21 849
21 1495
21 1496
21 850
21 602
21 209
21 1497
21 31
21 444
21 122
21 851
21 1131
21 1498
21 852
21 853
21 1499
21 163
21 1500
21 210
21 854
21 855
21 516
21 715
21 856
21 445
21 716
21 357
21 857
21 358
21 858
21 717
21 1501
21 859
21 1502
21 860
21 861
21 293
21 446
21 862
21 1132
21 1503
21 359
21 1504
21 863
21 1505
21 864
21 1506
21 1507
21 1508
21 1509
21 865
21 1510
21 603
21 1511
21 1512
21 1513
21 718
21 1514
21 1133
21 719
21 1515
21 32
21 1134
21 1135
21 1136
21 1516
21 1137
21 1517
21 1518
21 866
21 1519
21 867
21 1520
21 868
21 1521
21 720
21 1522
21 1523
21 294
21 721
21 447
21 869
21 1524
21 1525
21 870
21 1138
21 1139
21 1140
21 1141
21 871
21 604
21 722
21 517
21 872
21 1526
21 1527
21 605
21 295
21 1528
21 606
21 873
21 1142
21 607
21 1143
21 1529
21 1530
21 874
21 123
21 875
21 448
21 449
21 876
21 877
21 1144
21 1531
21 1532
21 878
21 879
21 518
21 880
21 1533
21 1534
21 1535
21 33
21 211
21 608
21 609
21 1536
21 1537
21 1145
21 881
21 882
21 1146
21 883
21 1147
21 34
21 1148
21 723
21 1538
21 1539
22 111
22 112
22 101
22 113
22 73
22 157
22 115
22 116
22 240
22 74
22 241
22 191
22 245
22 247
22 195
22 778
22 505
22 257
22 258
22 407
22 408
22 79
22 199
22 200
22 262
22 573
22 264
22 24
22 266
22 506
22 410
22 411
22 779
22 268
22 412
22 117
22 697
22 781
22 269
22 575
22 577
22 578
22 351
22 416
22 352
22 579
22 270
22 159
22 580
22 419
22 581
22 507
22 72
22 1105
22 583
22 584
22 784
22 276
22 785
22 585
22 786
22 1466
22 508
22 424
22 425
22 787
22 426
22 161
22 1467
22 1540
22 279
22 206
22 427
22 428
22 207
22 280
22 281
22 1541
22 701
22 588
22 509
22 789
22 431
22 208
22 432
22 433
22 591
22 1468
22 283
22 592
22 790
22 703
22 284
22 434
22 435
22 121
22 288
22 1542
22 1543
22 1113
22 704
22 793
22 794
22 436
22 593
22 795
22 28
22 797
22 290
22 705
22 594
22 1470
22 510
22 437
22 595
22 493
22 799
22 596
22 597
22 706
22 511
22 354
22 801
22 1472
22 802
22 803
22 804
22 598
22 806
22 807
22 439
22 810
22 291
22 811
22 1478
22 599
22 441
22 815
22 1479
22 1118
22 708
22 709
22 819
22 820
22 821
22 822
22 823
22 355
22 710
22 826
22 1122
22 29
22 1123
22 600
22 513
22 1481
22 829
22 834
22 30
22 601
22 836
22 515
22 713
22 1127
22 714
22 1488
22 1489
22 443
22 1490
22 847
22 1492
22 1494
22 849
22 602
22 209
22 122
22 851
22 1498
22 852
22 853
22 1499
22 1500
22 210
22 854
22 516
22 445
22 716
22 357
22 857
22 358
22 717
22 860
22 446
22 862
22 1503
22 359
22 863
22 1505
22 864
22 1507
22 1510
22 603
22 1511
22 1512
22 719
22 1515
22 32
22 866
22 1519
22 868
22 720
22 1522
22 1524
22 871
22 604
22 722
22 517
22 1527
22 605
22 295
22 1529
22 123
22 875
22 449
22 876
22 877
22 1531
22 879
22 518
22 1535
22 1145
22 883
22 34
22 723
22 1544
22 297
22 610
22 450
22 1545
22 110
22 451
22 885
22 1546
22 613
22 888
22 364
22 299
22 454
22 301
22 126
22 616
22 456
22 302
22 1547
22 127
22 618
22 1548
22 620
22 1549
22 522
22 1550
22 1551
22 216
22 895
22 304
22 495
22 902
22 903
22 1161
22 1552
22 627
22 1553
22 1554
22 1555
22 1556
22 1557
22 908
22 630
22 306
22 370
22 1558
22 371
22 913
22 307
22 1559
22 914
22 1560
22 1561
22 1562
22 529
22 460
22 310
22 1563
22 372
22 39
22 1180
22 1564
22 1565
22 931
22 462
22 739
22 1566
22 1567
22 530
22 935
22 463
22 936
22 742
22 939
22 315
22 1568
22 940
22 375
22 941
22 1569
22 131
22 638
22 132
22 1570
22 639
22 319
22 531
22 147
22 950
22 952
22 957
22 40
22 962
22 1571
22 963
22 964
22 469
22 968
22 470
22 321
22 109
22 1572
22 973
22 44
22 1573
22 535
22 499
22 1574
22 1575
22 1576
22 1577
22 326
22 1578
22 646
22 538
22 339
22 341
22 1579
22 1580
22 1581
22 648
22 976
22 977
22 1582
22 1583
22 541
22 232
22 233
22 1584
22 1585
22 1586
22 1587
22 984
22 657
22 662
22 663
22 1588
22 1589
22 1590
22 382
22 986
22 1197
22 1591
22 1243
22 174
22 570
22 1592
22 1593
22 1594
22 383
22 1409
22 757
22 1595
22 545
22 1596
22 758
22 996
22 384
22 998
22 1597
22 1598
22 1599
22 1600
22 1601
22 1602
22 759
22 1000
22 1002
22 1003
22 1603
22 1004
22 1005
22 1604
22 1006
22 547
22 1605
22 1606
22 1607
22 1608
22 1008
22 1609
22 1610
22 1258
22 1611
22 1612
22 1285
22 1293
22 477
22 1295
22 673
22 1334
22 1350
22 478
22 1364
22 479
22 1022
22 1375
22 1384
22 1399
22 480
22 1613
22 1614
22 1027
22 1615
22 765
22 675
22 1616
22 1035
22 1036
22 483
22 484
22 1617
22 676
22 1038
22 1618
22 766
22 1619
22 767
22 1620
22 1621
22 1622
22 1623
22 1624
22 1625
22 1626
22 1627
22 1628
22 390
22 391
22 1629
22 1630
22 1039
22 1631
22 1632
22 770
22 1633
22 771
22 1040
22 1634
22 1635
22 1636
22 1637
22 1638
22 1639
22 1042
22 1640
22 554
22 1641
22 1642
22 1643
22 1444
22 1644
22 1645
22 1646
22 1647
22 1648
22 1043
22 1649
22 1650
22 1651
22 394
22 1044
22 1652
22 1653
22 1654
22 555
22 1655
22 1656
22 1657
22 1047
22 1658
22 1659
22 1660
22 1048
22 1661
22 1662
22 1663
22 1458
22 1664
22 1665
22 1666
22 1667
22 487
22 1668
22 1669
22 1670
22 558
22 1671
22 1061
22 1064
22 1672
22 1673
22 1674
22 1675
22 1072
22 1676
22 1677
22 1678
22 1679
22 1680
22 1681
22 561
22 1682
22 1683
22 689
22 690
22 1684
22 1685
22 1686
22 1434
22 1687
22 1688
22 1074
22 1075
22 1689
22 1690
22 1691
22 1076
22 691
22 1692
22 692
22 401
22 1077
22 1693
22 1694
22 1695
22 1696
22 1078
22 1697
22 1698
22 1699
22 1700
22 1701
22 1460
22 563
22 1702
22 1703
22 1704
22 1705
22 1706
22 1707
22 1708
22 1709
22 1710
22 1711
22 1712
22 1713
22 402
22 1079
22 1714
22 1715
22 1716
22 1717
22 1718
22 1719
22 1720
22 1080
22 1721
22 1081
23 101
23 24
24 111
24 112
24 101
24 114
24 247
24 196
24 259
24 268
24 117
24 414
24 1722
24 579
24 1723
24 581
24 273
24 72
24 1105
24 81
24 276
24 585
24 700
24 787
24 1541
24 1108
24 789
24 26
24 432
24 1468
24 27
24 434
24 121
24 793
24 28
24 796
24 797
24 290
24 437
24 511
24 800
24 801
24 802
24 804
24 805
24 806
24 807
24 439
24 1474
24 291
24 440
24 813
24 162
24 819
24 820
24 826
24 29
24 600
24 1481
24 1482
24 1483
24 830
24 711
24 30
24 839
24 1127
24 1489
24 1490
24 209
24 31
24 851
24 854
24 445
24 862
24 864
24 1512
24 868
24 604
24 295
24 879
24 1535
24 883
24 723
24 624
24 459
24 1167
24 460
24 1564
24 739
24 932
24 933
24 1724
24 934
24 935
24 742
24 464
24 1725
24 1726
24 466
24 1727
24 954
24 1183
24 964
24 1728
24 971
24 1405
24 44
24 1575
24 1455
24 338
24 139
24 1729
24 1730
24 986
24 1731
24 1199
24 1732
24 1215
24 1733
24 1734
24 1226
24 1228
24 1229
24 1232
24 1237
24 1244
24 1735
24 47
24 998
24 142
24 1602
24 1005
24 1736
24 1737
24 1009
24 1258
24 1261
24 1268
24 1015
24 1281
24 1016
24 1286
24 1288
24 1309
24 50
24 1318
24 1019
24 478
24 1363
24 1369
24 480
24 1024
24 1030
24 1031
24 1738
24 769
24 1739
24 1740
24 1741
24 1742
24 1743
24 1744
24 1745
24 1746
24 1747
24 1748
24 1749
24 1750
24 143
24 1751
24 1752
24 1753
24 1754
24 1660
24 1049
24 1755
24 1756
24 1757
24 1758
24 1759
24 1050
24 1760
24 1761
24 1762
24 1763
24 1764
24 1765
24 1457
24 1662
24 1766
24 1767
24 1768
24 1769
24 1770
24 1771
24 1772
24 1663
24 1458
24 1773
24 1774
24 1775
24 1776
24 1777
24 1778
24 1664
24 1665
24 1051
24 1052
24 1053
24 1779
24 1780
24 1781
24 1782
24 1666
24 1783
24 1667
24 1784
24 1785
24 487
24 1786
24 1787
24 1054
24 1788
24 1789
24 1790
24 1791
24 1792
24 1793
24 1794
24 1795
24 1796
24 1668
24 1797
24 1669
24 1798
24 1799
24 1800
24 1801
24 1802
24 1803
24 1804
24 1805
24 1806
24 1807
24 1055
24 1808
24 1809
24 1056
24 1670
24 1810
24 1811
24 1812
24 1813
24 488
24 1814
24 1815
24 1816
25 112
25 101
25 78
25 238
25 116
25 190
25 243
25 248
25 196
25 197
25 413
25 352
25 579
25 271
25 203
25 204
25 205
25 699
25 585
25 1107
25 1468
25 283
25 705
25 355
25 712
25 1487
25 122
25 715
25 1517
25 604
25 1526
25 34
25 213
25 110
25 611
25 520
25 614
25 154
25 300
25 215
25 521
25 627
25 628
25 84
25 1817
25 733
25 307
25 527
25 917
25 918
25 738
25 742
25 1818
25 220
25 744
25 953
25 960
25 221
25 642
25 745
25 43
25 223
25 321
25 1575
25 746
25 137
25 337
25 230
25 348
25 234
25 748
25 651
25 1730
25 752
25 472
25 666
25 755
25 1733
25 761
25 1015
25 1819
25 1285
25 764
25 387
25 1746
25 1786
25 1788
25 572
25 398
25 687
25 1820
25 1821
25 1822
25 1823
25 688
26 111
26 112
26 101
26 73
26 239
26 191
26 247
26 248
26 196
26 197
26 253
26 257
26 258
26 407
26 259
26 79
26 199
26 261
26 1101
26 264
26 265
26 266
26 779
26 1102
26 268
26 117
26 413
26 697
26 414
26 415
26 698
26 579
26 1723
26 581
26 273
26 420
26 783
26 1103
26 1104
26 1105
26 699
26 81
26 1106
26 785
26 585
26 277
26 508
26 422
26 423
26 118
26 1107
26 700
26 788
26 161
26 1824
26 429
26 430
26 701
26 789
26 1110
26 282
26 1111
26 702
26 432
26 1112
26 27
26 790
26 703
26 791
26 434
26 286
26 435
26 121
26 288
26 1825
26 1542
26 1114
26 704
26 436
26 593
26 795
26 28
26 797
26 594
26 595
26 596
26 706
26 511
26 801
26 1116
26 802
26 803
26 804
26 1117
26 805
26 806
26 807
26 439
26 809
26 810
26 1476
26 291
26 440
26 811
26 1478
26 813
26 441
26 709
26 820
26 821
26 822
26 1120
26 1121
26 355
26 710
26 826
26 1122
26 29
26 1123
26 600
26 513
26 827
26 828
26 1481
26 829
26 1483
26 831
26 711
26 712
26 1126
26 835
26 836
26 713
26 841
26 1127
26 443
26 1128
26 845
26 848
26 1130
26 850
26 209
26 122
26 851
26 1499
26 163
26 854
26 445
26 857
26 858
26 717
26 859
26 293
26 1132
26 1512
26 718
26 1514
26 1133
26 719
26 32
26 1134
26 1135
26 866
26 867
26 1521
26 447
26 869
26 1524
26 870
26 1138
26 1140
26 1141
26 722
26 517
26 872
26 873
26 1142
26 1143
26 123
26 448
26 1144
26 878
26 1147
26 34
26 1148
26 723
26 1826
26 888
26 299
26 170
26 1157
26 726
26 1827
26 1159
26 624
26 304
26 729
26 1160
26 1828
26 903
26 1829
26 1830
26 628
26 1163
26 1164
26 1831
26 458
26 1832
26 459
26 1833
26 1166
26 1167
26 1834
26 1835
26 460
26 736
26 1170
26 1171
26 1173
26 1174
26 1175
26 922
26 1176
26 36
26 1178
26 1179
26 461
26 930
26 313
26 1836
26 1837
26 1838
26 1724
26 934
26 935
26 1839
26 937
26 938
26 567
26 941
26 376
26 945
26 1725
26 132
26 316
26 1840
26 1726
26 318
26 466
26 950
26 1182
26 951
26 1841
26 958
26 960
26 1183
26 40
26 965
26 1728
26 42
26 326
26 338
26 348
26 1185
26 751
26 1729
26 1730
26 1188
26 752
26 471
26 472
26 1190
26 1192
26 1195
26 1196
26 1197
26 1731
26 1199
26 1200
26 754
26 1201
26 1732
26 1842
26 987
26 1202
26 1203
26 1205
26 473
26 755
26 1591
26 1843
26 1844
26 1206
26 1208
26 1209
26 1210
26 1211
26 1213
26 1845
26 1214
26 1215
26 1216
26 1219
26 1733
26 1221
26 86
26 1223
26 1224
26 1225
26 1226
26 756
26 668
26 1227
26 1846
26 990
26 1228
26 1229
26 669
26 1231
26 1232
26 1847
26 1234
26 1235
26 1237
26 1238
26 1848
26 1239
26 1240
26 1242
26 1243
26 1244
26 1245
26 1247
26 1248
26 1249
26 1250
26 1251
26 1735
26 1253
26 1254
26 1592
26 1849
26 1437
26 1850
26 1002
26 1607
26 1255
26 1851
26 1256
26 1852
26 1853
26 1854
26 476
26 1259
26 1260
26 1261
26 1262
26 1263
26 1855
26 1014
26 1265
26 1267
26 1269
26 1856
26 1270
26 1271
26 1272
26 1857
26 1858
26 761
26 1015
26 1276
26 1859
26 386
26 1277
26 549
26 1860
26 1281
26 1282
26 1016
26 1283
26 1284
26 1861
26 1862
26 1863
26 1286
26 1287
26 1288
26 1864
26 762
26 1291
26 49
26 477
26 1295
26 764
26 1311
26 1312
26 51
26 1323
26 1325
26 1333
26 1334
26 1337
26 1346
26 1347
26 1349
26 1350
26 1354
26 1370
26 1371
26 1381
26 52
26 1390
26 1392
26 1393
26 1394
26 1398
26 387
26 1400
26 1024
26 501
26 1439
26 770
26 1865
26 1866
26 1741
26 1042
26 393
26 1744
26 1867
26 1868
26 1747
26 1748
26 1869
26 1046
26 1660
26 1050
26 1761
26 1767
26 1769
26 1059
26 1870
26 1871
26 395
26 1060
26 1872
26 1671
26 1873
26 1874
26 1875
26 1876
26 1877
26 1878
26 1879
26 1880
26 1881
26 1882
26 1459
26 1061
26 1883
26 1884
26 1885
26 1886
26 1887
26 1888
26 1889
26 1890
26 1891
26 1062
26 1892
26 1893
26 1894
26 1895
26 1896
26 1063
26 1897
27 111
27 235
27 101
27 191
27 196
27 259
27 1102
27 413
27 269
27 414
27 415
27 1723
27 581
27 273
27 420
27 785
27 118
27 1107
27 700
27 788
27 161
27 587
27 281
27 1108
27 430
27 283
27 121
27 1116
27 802
27 804
27 807
27 812
27 709
27 820
27 711
27 1127
27 31
27 122
27 1506
27 1513
27 607
27 1535
27 883
27 302
27 127
27 1552
27 459
27 1167
27 308
27 1836
27 934
27 1898
27 938
27 942
27 947
27 950
27 220
27 1183
27 222
27 41
27 971
27 44
27 1575
27 139
27 1899
27 1729
27 1730
27 752
27 1900
27 1211
27 1215
27 1219
27 1226
27 1228
27 1231
27 1232
27 1237
27 1244
27 47
27 1901
27 142
27 1602
27 1260
27 1268
27 1015
27 1859
27 1286
27 1288
27 1299
27 1309
27 50
27 1318
27 1350
27 1353
27 478
27 1363
27 1367
27 1369
27 1022
27 1393
27 1396
27 387
27 1902
27 1031
27 1738
27 769
27 1903
27 1739
27 1904
27 1740
27 1742
27 1743
27 1905
27 1745
27 1746
27 1747
27 1906
27 1907
27 1908
27 1749
27 1750
27 143
27 1751
27 1752
27 1909
27 1910
27 1753
27 87
27 1754
27 1757
27 1050
27 1760
27 1761
27 1762
27 1763
27 1662
27 1766
27 1767
27 1770
27 1771
27 1663
27 1458
27 1773
27 1778
27 1665
27 1051
27 1053
27 1779
27 1780
27 1781
27 1783
27 1786
27 1787
27 1788
27 1791
27 1792
27 1793
27 1795
27 1668
27 1669
27 1798
27 1799
27 1800
27 1803
27 1805
27 1807
27 1808
27 1810
27 1811
27 488
27 1815
27 1911
27 1896
27 1682
27 1912
27 1913
27 1914
27 62
27 1915
27 1916
27 1683
27 1917
27 1918
27 1919
27 1920
27 1921
27 1922
27 1923
27 1924
27 1925
27 1926
27 1927
27 1928
27 1929
27 1930
27 1931
27 1690
27 692
27 1706
27 1932
27 1933
27 1934
27 1935
27 1095
27 1936
27 1937
27 1938
27 1939
27 1940
27 1941
27 1942
27 1943
27 1944
27 1945
27 1946
27 1947
27 1948
27 1949
27 1950
27 1951
27 1952
27 1953
27 1954
27 1955
27 1956
27 1957
27 1958
27 1959
27 1960
27 1961
27 1962
27 1963
27 1964
27 1965
27 1966
27 1967
27 1968
27 1969
27 1970
27 1971
27 1972
27 1973
27 1974
27 1975
27 1976
27 1977
27 1978
27 1979
27 1980
27 1981
27 1982
27 1983
27 1984
27 1985
27 1986
27 1987
27 1988
27 1989
27 1990
27 1991
28 111
28 112
28 73
28 157
28 114
28 240
28 247
28 195
28 251
28 778
28 505
28 258
28 199
28 262
28 264
28 267
28 268
28 412
28 780
28 117
28 414
28 577
28 579
28 581
28 507
28 72
28 81
28 276
28 785
28 1466
28 422
28 424
28 118
28 426
28 161
28 701
28 509
28 789
28 432
28 1112
28 790
28 284
28 434
28 792
28 1992
28 121
28 1542
28 704
28 793
28 794
28 436
28 795
28 796
28 797
28 705
28 510
28 437
28 595
28 493
28 799
28 706
28 511
28 801
28 1472
28 802
28 803
28 804
28 806
28 439
28 1474
28 808
28 707
28 1475
28 810
28 291
28 440
28 811
28 812
28 814
28 441
28 1118
28 817
28 819
28 820
28 1480
28 821
28 822
28 823
28 442
28 355
28 710
28 826
28 1122
28 29
28 1123
28 1481
28 1483
28 1484
28 833
28 834
28 30
28 356
28 839
28 713
28 1486
28 841
28 842
28 1127
28 714
28 443
28 1490
28 846
28 1492
28 1129
28 209
28 851
28 1499
28 854
28 856
28 445
28 857
28 1501
28 859
28 860
28 293
28 862
28 359
28 863
28 864
28 1511
28 718
28 32
28 1136
28 866
28 867
28 868
28 1521
28 1524
28 870
28 517
28 1527
28 605
28 1529
28 1530
28 123
28 875
28 449
28 876
28 877
28 1531
28 878
28 879
28 518
28 1148
28 723
28 1546
28 888
28 154
28 454
28 302
28 1993
28 1548
28 620
28 1994
28 1995
28 893
28 367
28 1996
28 624
28 1997
28 907
28 1164
28 1817
28 732
28 913
28 632
28 633
28 460
28 1998
28 1999
28 1563
28 372
28 39
28 2000
28 461
28 1565
28 931
28 462
28 932
28 933
28 935
28 1839
28 1898
28 936
28 938
28 464
28 940
28 941
28 131
28 132
28 1570
28 133
28 639
28 319
28 147
28 220
28 951
28 954
28 956
28 957
28 2001
28 961
28 963
28 469
28 967
28 378
28 972
28 44
28 2002
28 2003
28 1573
28 1455
28 746
28 137
28 335
28 339
28 648
28 749
28 1588
28 986
28 1196
28 1731
28 1591
28 1844
28 1229
28 1735
28 1901
28 1409
28 1596
28 998
28 1597
28 1598
28 999
28 1002
28 1005
28 1605
28 1010
28 760
28 1264
28 1274
28 1016
28 2004
28 1334
28 1021
28 1376
28 480
28 1025
28 675
28 484
28 1617
28 676
28 1628
28 2005
28 770
28 2006
28 2007
28 1639
28 552
28 1042
28 1640
28 1744
28 1645
28 1647
28 1043
28 1656
28 2008
28 1049
28 1457
28 1769
28 1663
28 1664
28 1809
28 1056
28 1670
28 1813
28 1814
28 683
28 684
28 1058
28 1870
28 1671
28 1875
28 1881
28 1882
28 1892
28 1896
28 1063
28 1068
28 2009
28 2010
28 1072
28 2011
28 689
28 1074
28 1075
28 1689
28 1691
28 1693
28 1700
28 1701
28 1719
28 1721
28 1081
28 2012
28 2013
28 2014
28 2015
28 2016
28 489
28 2017
28 1087
28 1088
28 1448
28 2018
28 2019
28 2020
28 2021
28 2022
28 2023
28 2024
29 111
29 112
29 114
29 74
29 245
29 778
29 258
29 79
29 199
29 265
29 267
29 352
29 579
29 581
29 507
29 1105
29 81
29 1466
29 422
29 118
29 700
29 787
29 1467
29 428
29 280
29 430
29 432
29 591
29 790
29 434
29 121
29 288
29 704
29 793
29 436
29 795
29 796
29 797
29 290
29 510
29 437
29 493
29 706
29 511
29 801
29 1116
29 1472
29 802
29 803
29 804
29 598
29 806
29 807
29 439
29 1474
29 808
29 707
29 810
29 1476
29 291
29 440
29 812
29 814
29 441
29 162
29 819
29 820
29 821
29 1121
29 442
29 826
29 1123
29 828
29 1481
29 1483
29 831
29 833
29 834
29 30
29 601
29 712
29 1486
29 840
29 842
29 1127
29 714
29 1489
29 443
29 1128
29 843
29 1490
29 1494
29 1129
29 1130
29 209
29 31
29 851
29 1499
29 1500
29 210
29 854
29 445
29 857
29 862
29 1132
29 863
29 864
29 866
29 1519
29 868
29 1524
29 870
29 1141
29 1527
29 1142
29 1143
29 878
29 879
29 518
29 880
29 1535
29 609
29 1537
29 883
29 34
29 723
29 360
29 164
29 888
29 365
29 302
29 366
29 495
29 900
29 1160
29 628
29 458
29 459
29 1166
29 2025
29 914
29 1167
29 460
29 1169
29 36
29 1180
29 739
29 932
29 1838
29 934
29 935
29 463
29 938
29 464
29 940
29 132
29 466
29 950
29 1727
29 954
29 957
29 2001
29 960
29 961
29 1728
29 534
29 1576
29 328
29 336
29 2026
29 1730
29 2027
29 985
29 1731
29 754
29 1203
29 988
29 1844
29 1215
29 1219
29 1228
29 1229
29 1233
29 1237
29 1242
29 1243
29 1245
29 1250
29 993
29 995
29 998
29 999
29 142
29 1009
29 1258
29 1260
29 1261
29 1265
29 1275
29 1015
29 1859
29 1281
29 1282
29 2004
29 1293
29 1294
29 1330
29 1331
29 1333
29 1019
29 1021
29 1360
29 1364
29 1376
29 1388
29 1392
29 480
29 1024
29 1613
29 2028
29 675
29 1031
29 1033
29 1035
29 1617
29 2029
29 2007
29 1634
29 1042
29 1744
29 1642
29 1747
29 1748
29 1653
29 178
29 180
29 1049
29 1756
29 1760
29 1767
29 1769
29 1770
29 1053
29 1779
29 1782
29 487
29 1054
29 1798
29 1802
29 1809
29 1056
29 683
29 684
29 2030
29 1911
29 1870
29 1875
29 1886
29 1892
29 1896
29 1064
29 1068
29 1675
29 2031
29 2032
29 1074
29 1699
29 2033
29 2013
29 2014
29 2034
29 2035
29 2016
29 2036
29 2037
29 1935
29 2017
29 1088
29 2038
29 1100
29 1448
29 2039
29 2019
29 2040
29 2023
29 2024
29 1951
29 2041
29 2042
29 2043
29 1960
29 2044
29 1961
29 2045
29 2046
30 111
30 112
30 73
30 114
30 245
30 258
30 779
30 117
30 414
30 581
30 273
30 507
30 783
30 1105
30 81
30 118
30 787
30 788
30 426
30 1467
30 428
30 280
30 1541
30 789
30 432
30 591
30 790
30 703
30 434
30 121
30 288
30 704
30 793
30 795
30 796
30 290
30 437
30 1115
30 801
30 1116
30 1472
30 802
30 803
30 804
30 1117
30 598
30 805
30 438
30 806
30 807
30 439
30 1474
30 808
30 707
30 810
30 1476
30 291
30 440
30 1477
30 814
30 441
30 819
30 820
30 821
30 823
30 442
30 826
30 600
30 828
30 1481
30 1483
30 831
30 1124
30 712
30 839
30 1486
30 842
30 1127
30 714
30 443
30 1128
30 1490
30 1494
30 1129
30 849
30 209
30 851
30 1500
30 210
30 854
30 856
30 445
30 1501
30 859
30 1502
30 863
30 864
30 1512
30 1514
30 866
30 1519
30 1524
30 870
30 1141
30 1530
30 449
30 883
30 723
30 451
30 885
30 888
30 365
30 302
30 304
30 900
30 458
30 459
30 1166
30 914
30 308
30 460
30 921
30 1177
30 36
30 310
30 37
30 932
30 934
30 1898
30 938
30 132
30 2047
30 1726
30 466
30 2048
30 220
30 957
30 959
30 1728
30 2049
30 44
30 1577
30 537
30 336
30 2050
30 1730
30 2027
30 985
30 986
30 1842
30 756
30 1233
30 1235
30 1237
30 1239
30 1240
30 1250
30 995
30 999
30 1851
30 1256
30 1009
30 1609
30 1258
30 1611
30 1275
30 1015
30 1278
30 1282
30 2004
30 1294
30 1019
30 1364
30 1375
30 1376
30 1388
30 1392
30 480
30 1024
30 1613
30 2028
30 675
30 2051
30 1033
30 1035
30 483
30 2052
30 1042
30 1744
30 1747
30 178
30 1660
30 1049
30 1760
30 1761
30 1763
30 1457
30 1662
30 1767
30 1769
30 1664
30 1053
30 1782
30 487
30 1797
30 1801
30 1809
30 1056
30 1815
30 1911
30 1870
30 1875
30 1886
30 1892
30 1896
30 1064
30 1068
30 1675
30 1072
30 2053
30 1680
30 2031
30 1916
30 1931
30 1074
30 1699
30 2033
30 2013
30 2014
30 2054
30 2016
30 2055
30 1100
30 2039
30 2056
30 2040
30 2023
30 2024
30 2057
30 1965
30 2058
31 191
31 245
31 779
31 1723
31 160
31 275
31 582
31 118
31 427
31 1108
31 807
31 1490
31 1497
31 1506
31 1535
31 452
31 615
31 126
31 170
31 897
31 220
31 41
31 971
31 44
31 1578
31 337
31 139
31 981
31 1729
31 1730
31 985
31 1226
31 1244
31 47
31 1901
31 994
31 2059
31 142
31 1602
31 1736
31 1266
31 1268
31 1269
31 1015
31 1286
31 1299
31 763
31 1309
31 50
31 1318
31 1019
31 1350
31 478
31 1363
31 1364
31 1367
31 1368
31 1369
31 1375
31 1376
31 1377
31 1396
31 387
31 1902
31 1738
31 2060
31 770
31 1904
31 1740
31 1742
31 1743
31 1905
31 1745
31 1747
31 1907
31 55
31 2061
31 1749
31 1750
31 143
31 1752
31 2062
31 1760
31 1761
31 1662
31 1766
31 1767
31 1768
31 1663
31 1458
31 1773
31 1776
31 1051
31 1053
31 1779
31 1781
31 1782
31 1666
31 1783
31 1787
31 1788
31 1791
31 1792
31 1796
31 1668
31 1798
31 1799
31 1806
31 1808
31 1810
31 1815
31 685
31 1057
31 2063
31 2064
31 2065
31 1912
31 2066
31 2067
31 1914
31 62
31 2068
31 1918
31 2069
31 1921
31 1923
31 1924
31 2070
31 1925
31 1926
31 1928
31 1929
31 2071
31 2072
31 2073
31 1931
31 1690
31 1706
31 490
31 2074
31 2075
31 1933
31 2076
31 1934
31 2019
31 1939
31 2077
31 2078
31 1942
31 2079
31 1945
31 1949
31 2080
31 2081
31 2082
31 1955
31 1958
31 1959
31 1961
31 2083
31 1963
31 1964
31 1965
31 2084
31 1967
31 2085
31 1970
31 1971
31 2086
31 2087
31 1972
31 2088
31 2089
31 2090
31 2091
31 1976
31 1980
31 1983
31 2092
31 2093
31 2094
31 2095
31 1991
31 2096
32 111
32 112
32 113
32 115
32 239
32 240
32 245
32 247
32 196
32 258
32 407
32 79
32 199
32 261
32 266
32 1102
32 268
32 780
32 697
32 781
32 414
32 415
32 202
32 698
32 1722
32 579
32 80
32 2097
32 581
32 273
32 1104
32 1105
32 699
32 276
32 1106
32 785
32 422
32 423
32 118
32 1107
32 700
32 787
32 161
32 207
32 429
32 281
32 1541
32 430
32 701
32 509
32 2098
32 282
32 1111
32 591
32 592
32 790
32 284
32 791
32 792
32 287
32 288
32 1114
32 436
32 797
32 799
32 511
32 809
32 810
32 440
32 1477
32 441
32 1119
32 709
32 823
32 1121
32 824
32 825
32 355
32 710
32 1122
32 827
32 829
32 831
32 832
32 833
32 711
32 514
32 837
32 713
32 840
32 841
32 842
32 292
32 845
32 1491
32 847
32 849
32 850
32 444
32 122
32 1499
32 163
32 210
32 855
32 516
32 358
32 858
32 717
32 1501
32 859
32 860
32 861
32 293
32 446
32 1503
32 865
32 603
32 718
32 1514
32 1133
32 870
32 604
32 605
32 607
32 123
32 875
32 448
32 878
32 33
32 1146
32 34
32 1148
32 450
32 451
32 613
32 888
32 614
32 154
32 889
32 725
32 299
32 302
32 1547
32 890
32 127
32 617
32 891
32 618
32 1993
32 1548
32 521
32 726
32 1549
32 1995
32 621
32 893
32 367
32 2099
32 1827
32 2100
32 894
32 727
32 895
32 2101
32 624
32 304
32 2102
32 1997
32 897
32 898
32 899
32 2103
32 728
32 625
32 1453
32 2104
32 368
32 903
32 904
32 1829
32 2105
32 905
32 2106
32 369
32 628
32 84
32 2107
32 906
32 907
32 2108
32 1163
32 128
32 908
32 2109
32 1164
32 909
32 2110
32 1831
32 910
32 2111
32 458
32 1165
32 911
32 912
32 2112
32 732
32 1402
32 2113
32 1559
32 2114
32 914
32 2115
32 632
32 635
32 2116
32 1560
32 1562
32 2117
32 1167
32 2118
32 917
32 460
32 129
32 1168
32 1170
32 737
32 1178
32 311
32 39
32 1180
32 461
32 930
32 1565
32 462
32 739
32 2119
32 1837
32 463
32 131
32 1725
32 316
32 948
32 133
32 466
32 1181
32 531
32 147
32 220
32 952
32 957
32 958
32 640
32 40
32 961
32 470
32 42
32 378
32 224
32 322
32 975
32 137
32 541
32 234
32 1185
32 748
32 1186
32 979
32 665
32 1842
32 1207
32 1213
32 1219
32 1733
32 756
32 668
32 1229
32 1230
32 1232
32 1847
32 1248
32 1251
32 1735
32 45
32 140
32 1408
32 757
32 1437
32 2120
32 995
32 1850
32 1438
32 1412
32 141
32 1004
32 1006
32 2121
32 1608
32 1008
32 1255
32 1851
32 2122
32 1257
32 2123
32 1610
32 2124
32 760
32 2125
32 2126
32 1012
32 1013
32 1269
32 1856
32 761
32 1015
32 386
32 1277
32 1417
32 49
32 1329
32 1343
32 52
32 1383
32 1384
32 1394
32 1400
32 1025
32 1614
32 2127
32 2128
32 2129
32 1439
32 2130
32 1426
32 1034
32 1036
32 1430
32 767
32 2131
32 1431
32 551
32 1441
32 1442
32 2132
32 2133
32 1744
32 1444
32 1652
32 1750
32 2134
32 2135
32 182
32 2136
32 1814
32 772
32 1058
32 2137
32 1059
32 1881
32 1882
32 2138
32 2139
32 1067
32 2140
32 2141
32 2142
32 2143
32 2144
32 2145
32 2146
32 2147
32 1678
32 2148
32 2149
32 775
32 776
32 687
32 2150
32 1073
32 2012
32 490
32 1447
32 2151
32 1449
32 2152
32 1463
32 2153
32 2154
32 2155
32 2156
32 1450
32 2157
32 2158
32 2159
32 2160
32 2161
33 236
33 73
33 254
33 409
33 266
33 268
33 697
33 414
33 415
33 577
33 417
33 1722
33 352
33 80
33 2097
33 160
33 1104
33 785
33 508
33 118
33 787
33 788
33 161
33 1540
33 2098
33 282
33 432
33 790
33 284
33 1469
33 792
33 288
33 593
33 795
33 290
33 1471
33 597
33 706
33 511
33 804
33 1117
33 805
33 512
33 807
33 809
33 1476
33 1478
33 1118
33 816
33 817
33 1119
33 818
33 823
33 824
33 513
33 827
33 831
33 832
33 1484
33 833
33 1125
33 356
33 514
33 837
33 515
33 841
33 292
33 843
33 846
33 849
33 1495
33 1496
33 444
33 855
33 858
33 859
33 860
33 1507
33 1509
33 865
33 718
33 1133
33 720
33 869
33 1525
33 870
33 871
33 604
33 722
33 1526
33 607
33 1143
33 123
33 875
33 876
33 1531
33 211
33 881
33 1147
33 34
33 884
33 1826
33 611
33 612
33 364
33 889
33 725
33 299
33 454
33 215
33 302
33 1547
33 890
33 127
33 617
33 891
33 521
33 1995
33 621
33 893
33 367
33 2099
33 1827
33 522
33 2100
33 894
33 727
33 1996
33 2101
33 622
33 624
33 304
33 2162
33 2163
33 1997
33 2103
33 729
33 2164
33 2165
33 1453
33 368
33 1828
33 903
33 2166
33 2105
33 627
33 2106
33 369
33 628
33 84
33 2107
33 906
33 128
33 908
33 2109
33 1164
33 909
33 2110
33 910
33 2167
33 911
33 912
33 2112
33 732
33 1402
33 525
33 2168
33 526
33 632
33 635
33 2116
33 1560
33 2169
33 918
33 919
33 2170
33 2171
33 735
33 736
33 1168
33 921
33 737
33 923
33 130
33 1178
33 1998
33 1837
33 933
33 743
33 638
33 1725
33 949
33 220
33 952
33 953
33 955
33 958
33 1183
33 40
33 965
33 2172
33 533
33 470
33 378
33 642
33 974
33 173
33 137
33 568
33 343
33 977
33 1583
33 541
33 232
33 1585
33 2173
33 666
33 1731
33 1243
33 1254
33 2174
33 1008
33 2175
33 1737
33 475
33 2123
33 760
33 1011
33 1012
33 2176
33 1854
33 1264
33 761
33 1015
33 549
33 49
33 1310
33 1018
33 1384
33 387
33 1025
33 2127
33 2130
33 1426
33 1036
33 767
33 1744
33 556
33 683
33 684
33 685
33 2177
33 2178
33 772
33 1884
33 2139
33 2179
33 1071
33 2011
33 2180
33 775
33 776
33 777
33 687
33 2181
33 2182
33 2183
33 2184
33 2185
33 1695
33 1079
33 1714
33 1081
33 1082
33 2186
33 2187
33 2188
33 2189
33 2190
33 2191
33 1083
33 2192
33 2193
33 2194
33 1084
33 2195
33 2196
33 2197
33 2198
33 2199
33 2200
33 2201
33 2012
33 694
33 2202
33 2017
33 2203
33 1091
33 1096
33 1449
33 1463
33 2204
33 2205
33 2206
33 2207
33 2208
33 2209
33 2210
33 2211
33 2212
33 1451
33 2213
33 2214
33 2158
33 2215
33 2216
33 2217
33 2218
34 111
34 112
34 157
34 114
34 74
34 243
34 244
34 193
34 257
34 566
34 267
34 117
34 413
34 80
34 419
34 581
34 507
34 783
34 72
34 1105
34 785
34 422
34 118
34 425
34 161
34 1541
34 701
34 509
34 282
34 432
34 1468
34 790
34 434
34 792
34 288
34 704
34 796
34 797
34 290
34 596
34 706
34 511
34 800
34 438
34 806
34 807
34 439
34 291
34 440
34 1478
34 708
34 819
34 820
34 824
34 600
34 513
34 827
34 828
34 829
34 831
34 832
34 833
34 836
34 514
34 292
34 1488
34 844
34 849
34 209
34 1498
34 852
34 853
34 1499
34 163
34 516
34 716
34 717
34 860
34 865
34 719
34 866
34 1519
34 1521
34 1525
34 870
34 871
34 604
34 448
34 878
34 1536
34 883
34 1148
34 451
34 889
34 725
34 456
34 1547
34 127
34 1158
34 1548
34 521
34 1994
34 1995
34 893
34 727
34 1996
34 624
34 304
34 1997
34 897
34 625
34 2165
34 1453
34 368
34 903
34 2105
34 627
34 1162
34 905
34 2219
34 628
34 1553
34 84
34 2107
34 2108
34 128
34 908
34 2109
34 2111
34 2167
34 306
34 913
34 2113
34 2220
34 2168
34 2025
34 1559
34 2221
34 2116
34 2169
34 460
34 735
34 1170
34 737
34 310
34 928
34 1998
34 2000
34 462
34 739
34 373
34 934
34 935
34 742
34 938
34 939
34 743
34 464
34 1725
34 132
34 466
34 171
34 220
34 952
34 954
34 958
34 960
34 40
34 961
34 963
34 964
34 470
34 378
34 974
34 137
34 1585
34 1586
34 1589
34 1842
34 987
34 1591
34 1843
34 1844
34 1215
34 1733
34 1229
34 1237
34 1592
34 757
34 2222
34 996
34 998
34 142
34 1000
34 1003
34 1006
34 2122
34 1266
34 1281
34 49
34 673
34 1019
34 1020
34 1347
34 1021
34 1364
34 1376
34 1381
34 52
34 1024
34 501
34 2223
34 2224
34 1421
34 1622
34 485
34 770
34 771
34 552
34 1744
34 1642
34 1746
34 1656
34 1754
34 1660
34 1770
34 1664
34 1779
34 1784
34 1669
34 1801
34 1055
34 1809
34 1056
34 1814
34 683
34 684
34 2225
34 1062
34 1895
34 1063
34 1897
34 1066
34 2138
34 1067
34 1673
34 2142
34 2144
34 2010
34 2226
34 2227
34 1680
34 2228
34 2229
34 1074
34 1075
34 691
34 1694
34 1078
34 1702
34 1707
34 1714
34 2186
34 2195
34 2013
34 76
34 489
34 1086
34 1935
34 2230
34 1090
34 1091
34 1092
34 1095
34 1448
34 2204
34 2039
34 2154
34 2231
34 2232
34 2233
34 2234
34 2155
34 2205
34 2240
34 2241
34 2206
35 112
35 113
35 73
35 158
35 152
35 237
35 115
35 116
35 241
35 195
35 254
35 408
35 260
35 575
35 576
35 417
35 159
35 580
35 160
35 272
35 2242
35 72
35 585
35 508
35 120
35 211
35 608
35 609
35 165
35 166
35 611
35 167
35 168
35 890
35 83
35 622
35 523
35 218
35 639
35 171
35 533
35 173
35 499
35 326
35 342
35 256
35 1583
35 233
35 657
35 658
35 571
35 1412
35 2175
35 1902
35 674
35 552
35 681
35 2243
35 181
35 558
35 560
35 693
36 258
36 259
36 1102
36 413
36 697
36 414
36 698
36 581
36 420
36 1103
36 1105
36 785
36 118
36 700
36 429
36 1110
36 702
36 1112
36 703
36 593
36 801
36 1116
36 810
36 821
36 710
36 1122
36 1123
36 828
36 711
36 712
36 1126
36 835
36 1127
36 864
36 1135
36 867
36 1138
36 872
36 1142
36 888
36 1159
36 128
36 1831
36 459
36 1166
36 1167
36 1170
36 1174
36 1176
36 937
36 1726
36 1183
36 1728
36 330
36 348
36 1185
36 471
36 1192
36 1194
36 1196
36 1197
36 1199
36 1200
36 754
36 1201
36 989
36 2244
36 1733
36 1734
36 2245
36 86
36 1846
36 669
36 2246
36 1234
36 1848
36 1247
36 1253
36 2247
36 1261
36 1267
36 1278
36 1288
36 1289
36 1292
36 49
36 1295
36 1311
36 1313
36 51
36 1330
36 1331
36 1344
36 1345
36 1346
36 1352
36 1355
36 1356
36 1357
36 1360
36 1361
36 1371
36 1382
36 1385
36 1386
36 1387
36 1394
36 1398
36 1869
36 2008
36 178
36 2248
36 1871
36 1873
36 1876
36 1878
36 1879
36 1880
36 1883
36 1885
36 1888
36 2249
36 2250
36 2034
36 2251
36 2015
36 2054
36 2252
36 2253
36 2254
36 2255
36 2256
36 2257
36 2258
36 2259
36 2260
36 2261
36 2262
36 2263
36 2264
36 2265
36 2266
36 2267
36 492
36 2268
36 2269
36 2211
36 2023
36 2270
36 2271
36 2272
36 2273
36 2274
36 2043
36 2044
36 2046
36 2275
36 2276
36 2277
36 2278
36 2279
36 2280
36 2281
36 2282
36 2283
36 2284
36 2285
36 2286
36 2287
36 2288
36 2289
36 2290
36 2291
36 2292
36 2293
36 2294
36 2295
36 2296
36 2297
36 2298
36 2299
36 2300
36 2301
36 2302
36 2303
36 2304
36 2305
36 2306
36 2307
36 2308
36 2309
36 2310
36 2311
36 2312
36 2313
36 2314
36 2315
36 2316
36 2317
36 2318
36 2319
36 2320
36 2321
36 2322
36 2323
36 2324
36 2325
36 2326
36 2327
36 2328
36 2329
36 2330
36 2331
36 2332
36 2333
36 2334
36 2335
36 2336
36 2337
36 2338
36 2339
36 2340
36 2341
36 2342
36 2343
36 2344
36 2345
36 2346
36 2347
36 2348
36 2349
36 2350
36 2351
36 2352
36 2353
37 112
37 114
37 72
37 806
37 1476
37 441
37 854
37 445
37 932
37 933
37 1042
37 1061
37 2016
37 1094
37 2354
38 235
38 112
38 157
38 408
38 260
38 200
38 202
38 2097
38 508
38 206
38 119
38 513
38 515
38 444
38 360
38 297
38 164
38 611
38 298
38 614
38 167
38 154
38 302
38 303
38 620
38 83
38 896
38 523
38 84
38 733
38 497
38 525
38 527
38 311
38 219
38 376
38 171
38 224
38 534
38 322
38 746
38 227
38 500
38 327
38 137
38 328
38 539
38 334
38 335
38 342
38 231
38 569
38 544
38 991
38 992
38 546
38 768
38 550
38 551
38 54
38 1040
38 553
38 2355
38 557
38 2356
38 775
38 687
38 561
38 503
38 504
39 112
39 157
39 116
39 239
39 240
39 243
39 108
39 245
39 778
39 505
39 258
39 79
39 261
39 268
39 269
39 202
39 270
39 2097
39 583
39 276
39 425
39 787
39 701
39 509
39 592
39 284
39 791
39 1470
39 510
39 437
39 493
39 439
39 815
39 818
39 355
39 1122
39 444
39 163
39 1500
39 210
39 854
39 855
39 715
39 358
39 858
39 293
39 1503
39 603
39 1519
39 517
39 605
39 123
39 1534
39 1544
39 884
39 297
39 361
39 450
39 110
39 451
39 886
39 299
39 454
39 301
39 616
39 521
39 1549
39 893
39 367
39 304
39 2106
39 1557
39 908
39 306
39 732
39 1402
39 460
39 129
39 1403
39 130
39 310
39 1565
39 530
39 1837
39 637
39 463
39 315
39 940
39 375
39 376
39 131
39 316
39 133
39 639
39 466
39 467
39 319
39 377
39 532
39 147
39 220
39 959
39 1436
39 966
39 2357
39 469
39 42
39 2002
39 2003
39 1573
39 535
39 1406
39 2358
39 499
39 1574
39 2359
39 1576
39 538
39 231
39 977
39 541
39 138
39 981
39 984
39 1243
39 1408
39 383
39 2360
39 757
39 1438
39 997
39 1598
39 141
39 1413
39 1000
39 1001
39 1414
39 1003
39 1604
39 547
39 1008
39 1851
39 1610
39 760
39 1285
39 1316
39 1365
39 2361
39 2362
39 482
39 2130
39 2363
39 2364
39 1034
39 1427
39 1617
39 676
39 1038
39 389
39 767
39 1620
39 2131
39 1624
39 1628
39 390
39 1632
39 770
39 771
39 1647
39 1650
39 1655
39 1656
39 1667
39 772
39 1058
39 1072
39 1678
39 2150
39 2185
39 1684
39 1074
39 1078
39 1460
39 563
39 2193
39 491
39 2230
39 403
39 1447
39 1096
39 1449
39 2365
39 2366
39 2367
39 2368
39 2369
39 2370
40 112
40 157
40 114
40 243
40 245
40 195
40 79
40 2371
40 202
40 270
40 80
40 2097
40 507
40 72
40 785
40 206
40 207
40 281
40 430
40 701
40 509
40 431
40 208
40 592
40 284
40 792
40 288
40 1114
40 290
40 438
40 809
40 440
40 1477
40 1478
40 813
40 709
40 355
40 513
40 827
40 833
40 712
40 713
40 1127
40 292
40 1130
40 849
40 850
40 122
40 163
40 716
40 358
40 717
40 859
40 446
40 862
40 865
40 1525
40 877
40 878
40 879
40 1534
40 211
40 1536
40 883
40 451
40 611
40 613
40 365
40 154
40 889
40 725
40 1547
40 127
40 892
40 726
40 1995
40 893
40 367
40 2099
40 1159
40 727
40 2101
40 624
40 304
40 1997
40 1452
40 897
40 625
40 1453
40 904
40 2372
40 1162
40 905
40 2219
40 2106
40 628
40 908
40 1817
40 458
40 732
40 1402
40 497
40 2113
40 2114
40 632
40 635
40 2116
40 1562
40 919
40 310
40 311
40 928
40 373
40 937
40 742
40 375
40 1570
40 133
40 531
40 468
40 220
40 952
40 2001
40 958
40 961
40 962
40 470
40 378
40 224
40 974
40 2373
40 1573
40 322
40 746
40 137
40 336
40 344
40 231
40 541
40 979
40 981
40 2374
40 544
40 1229
40 570
40 2375
40 1592
40 383
40 757
40 2120
40 995
40 1602
40 759
40 1006
40 49
40 1343
40 1350
40 52
40 1388
40 1398
40 1613
40 1025
40 1026
40 1614
40 1028
40 2376
40 2130
40 1033
40 1036
40 767
40 390
40 2377
40 1039
40 2378
40 770
40 1633
40 1744
40 1644
40 1648
40 1045
40 486
40 1059
40 1883
40 1895
40 1065
40 1066
40 2139
40 2140
40 2142
40 2143
40 2145
40 2011
40 2180
40 1678
40 2148
40 2149
40 775
40 776
40 777
40 687
40 1696
40 402
40 1714
40 2379
40 2380
40 2381
40 1090
40 2382
40 2383
40 2207
40 2156
40 2211
40 2384
40 2385
41 112
41 2242
41 1468
41 434
41 806
41 439
41 291
41 1498
41 1506
41 1535
41 736
41 2386
41 44
41 139
41 1226
41 1244
41 47
41 1901
41 1015
41 1299
41 50
41 1318
41 1353
41 478
41 1363
41 1367
41 1368
41 1369
41 1396
41 1904
41 1743
41 554
41 1905
41 1745
41 1907
41 1908
41 55
41 1750
41 143
41 1753
41 2062
41 1662
41 1768
41 1458
41 1773
41 1776
41 1779
41 487
41 1795
41 1796
41 1668
41 1799
41 1805
41 1810
41 1811
41 687
41 1682
41 1912
41 2067
41 1914
41 62
41 2387
41 2068
41 1924
41 1925
41 2072
41 2073
41 1706
41 2388
41 2074
41 2076
41 2389
41 1939
41 2078
41 2211
41 2079
41 1955
41 1958
41 1961
41 1963
41 1964
41 1966
41 1967
41 2085
41 2088
41 2090
41 2091
41 1979
41 2390
41 1983
41 2092
41 2094
41 1991
42 112
42 156
42 191
42 243
42 245
42 193
42 199
42 414
42 415
42 575
42 274
42 425
42 206
42 430
42 208
42 287
42 1543
42 799
42 162
42 709
42 355
42 837
42 840
42 841
42 444
42 122
42 163
42 855
42 858
42 446
42 1514
42 123
42 448
42 360
42 450
42 886
42 299
42 616
42 618
42 893
42 2099
42 304
42 2163
42 1829
42 2112
42 633
42 130
42 310
42 1837
42 463
42 131
42 133
42 319
42 377
42 1435
42 2391
42 1183
42 2392
42 2359
42 330
42 349
42 138
42 2393
42 982
42 45
42 140
42 175
42 474
42 46
42 1849
42 1850
42 1438
42 997
42 1413
42 1414
42 1607
42 2121
42 1008
42 48
42 2175
42 1851
42 475
42 1257
42 2123
42 2394
42 760
42 1856
42 761
42 762
42 387
42 1400
42 1401
42 1026
42 1032
42 481
42 2362
42 1439
42 2130
42 2395
42 1034
42 2131
42 552
42 1441
42 502
42 1444
42 1650
42 55
42 182
42 1894
42 1673
42 1073
42 1446
42 2228
42 401
42 2396
42 1448
42 1449
42 2397
42 2398
42 2153
42 2399
42 2400
42 1464
42 2368
42 2401
43 102
43 191
43 248
43 197
43 201
43 205
43 1468
43 705
43 210
43 715
43 611
43 154
43 302
43 627
43 84
43 1817
43 306
43 733
43 307
43 960
43 221
43 223
43 321
43 323
43 227
43 324
43 325
43 500
43 2402
43 327
43 2403
43 328
43 568
43 331
43 228
43 334
43 342
43 230
43 977
43 569
43 753
43 991
43 761
43 1629
43 1630
43 2404
43 2405
43 572
43 777
43 687
43 1822
43 2406
44 111
44 191
44 268
44 780
44 1722
44 1723
44 276
44 787
44 1108
44 701
44 283
44 284
44 792
44 793
44 794
44 796
44 797
44 290
44 437
44 800
44 802
44 804
44 1479
44 709
44 819
44 1480
44 821
44 823
44 1482
44 711
44 839
44 1499
44 854
44 860
44 1505
44 864
44 1506
44 603
44 1512
44 1513
44 1519
44 607
44 123
44 879
44 880
44 1535
44 883
44 364
44 302
44 127
44 521
44 84
44 2220
44 1180
44 741
44 1836
44 932
44 933
44 937
44 466
44 531
44 2048
44 1727
44 951
44 952
44 953
44 954
44 957
44 958
44 964
44 971
44 1405
44 1575
44 1455
44 2407
44 1584
44 139
44 651
44 1729
44 1730
44 1900
44 1732
44 1591
44 1226
44 1237
44 1244
44 1735
44 47
44 1901
44 998
44 142
44 1602
44 1003
44 1005
44 1606
44 1736
44 1737
44 1010
44 1258
44 1268
44 1015
44 1016
44 1286
44 1309
44 50
44 1318
44 1353
44 478
44 1363
44 1364
44 1367
44 1368
44 1022
44 1376
44 1393
44 1902
44 675
44 1031
44 483
44 390
44 1738
44 769
44 1903
44 1739
44 2408
44 1041
44 1639
44 1741
44 1743
44 1443
44 1640
44 554
44 1744
44 1645
44 1043
44 1745
44 1746
44 1747
44 1906
44 1907
44 55
44 1750
44 143
44 1751
44 1910
44 1753
44 2062
44 1754
44 1048
44 1755
44 1756
44 1757
44 1758
44 1759
44 1050
44 1760
44 1761
44 1762
44 1763
44 1764
44 1457
44 1662
44 1766
44 1767
44 1769
44 1770
44 1772
44 1458
44 1773
44 1774
44 1776
44 1778
44 1665
44 1051
44 1052
44 1053
44 1779
44 1781
44 1782
44 1666
44 1783
44 1667
44 1784
44 1786
44 1787
44 1054
44 1788
44 1790
44 1791
44 1792
44 1793
44 1794
44 1795
44 1796
44 1668
44 1669
44 1798
44 1800
44 1806
44 1808
44 1056
44 1810
44 1811
44 1812
44 1813
44 1815
44 683
44 685
44 2409
44 2410
44 1870
44 1676
44 2053
44 688
44 2411
44 1682
44 2065
44 2067
44 1913
44 1683
44 1919
44 1920
44 2070
44 2412
44 2073
44 1931
44 689
44 690
44 1075
44 1690
44 1691
44 1694
44 1706
44 1709
44 1720
44 2388
44 2193
44 1932
44 2075
44 2413
44 2414
44 1935
44 2017
44 1087
44 2389
44 2415
44 406
44 1937
44 2416
44 2417
44 1938
44 1939
44 2418
44 2078
44 1941
44 1942
44 2419
44 2420
44 1943
44 1947
44 1948
44 2421
44 2422
44 2423
44 1954
44 1957
44 1960
44 1962
44 1963
44 2424
44 1966
44 2425
44 2085
44 1970
44 1971
44 1972
44 2426
44 2088
44 2427
44 1973
44 2089
44 2091
44 1976
45 274
45 425
45 206
45 427
45 162
45 841
45 123
45 450
45 299
45 461
45 463
45 131
45 1435
45 469
45 330
45 347
45 349
45 541
45 138
45 381
45 174
45 46
45 1437
45 1438
45 1001
45 1008
45 2394
45 1856
45 387
45 1400
45 1441
45 1443
45 2032
45 2428
45 1689
45 401
45 1447
45 1449
45 2153
45 1464
45 2368
45 1450
45 2429
45 2274
46 200
46 350
46 202
46 206
46 799
46 162
46 855
46 450
46 725
46 299
46 893
46 2117
46 463
46 638
46 1435
46 469
46 2392
46 224
46 322
46 174
46 474
46 1849
46 2120
46 1850
46 1413
46 1607
46 1608
46 1008
46 48
46 475
46 1610
46 387
46 53
46 1432
46 1441
46 1444
46 55
46 2428
46 402
46 1449
46 2397
46 2153
46 2399
46 1464
46 2368
46 1450
47 77
47 191
47 245
47 197
47 202
47 582
47 206
47 427
47 587
47 1108
47 121
47 1506
47 1535
47 615
47 631
47 311
47 1898
47 220
47 336
47 139
47 981
47 1585
47 1226
47 1244
47 1901
47 142
47 1602
47 1015
47 1286
47 1299
47 1309
47 50
47 1318
47 1350
47 1353
47 478
47 1363
47 1368
47 1369
47 1375
47 1376
47 1396
47 1904
47 1742
47 1743
47 1905
47 1745
47 1750
47 143
47 1752
47 1050
47 1662
47 1766
47 1768
47 1458
47 1053
47 1779
47 1781
47 1792
47 1796
47 1798
47 1799
47 1805
47 1806
47 1810
47 1811
47 395
47 2064
47 1912
47 2066
47 1914
47 62
47 1915
47 1916
47 2387
47 2068
47 1917
47 1918
47 1919
47 1921
47 1923
47 1924
47 1925
47 1926
47 1928
47 2430
47 2071
47 2072
47 490
47 2074
47 1933
47 2076
47 1936
47 2206
47 1939
47 2077
47 1942
47 2079
47 1952
47 1955
47 1958
47 1961
47 2431
47 2432
47 1963
47 1964
47 2084
47 1966
47 1967
47 2425
47 1968
47 2085
47 1970
47 2426
47 2088
47 2427
47 2090
47 1976
47 1977
47 1979
47 1983
47 2092
47 2093
47 2094
47 2433
47 2095
47 1991
48 193
48 266
48 415
48 575
48 274
48 425
48 1541
48 287
48 1543
48 799
48 600
48 122
48 163
48 1514
48 123
48 448
48 214
48 450
48 299
48 455
48 524
48 2112
48 633
48 129
48 463
48 131
48 1435
48 2391
48 959
48 2357
48 2392
48 349
48 138
48 982
48 1193
48 140
48 175
48 474
48 1849
48 1850
48 1438
48 1001
48 1607
48 385
48 1008
48 2175
48 1851
48 475
48 2123
48 2394
48 1856
48 1401
48 2130
48 2395
48 2434
48 1444
48 1650
48 182
48 1446
48 2228
48 2428
48 694
48 2396
48 1449
48 2397
48 2398
48 2153
48 2399
48 2400
48 2368
48 2401
48 1451
49 111
49 106
49 239
49 247
49 258
49 414
49 698
49 352
49 271
49 581
49 273
49 507
49 1103
49 785
49 1107
49 426
49 429
49 509
49 431
49 703
49 434
49 792
49 290
49 594
49 511
49 1116
49 802
49 806
49 810
49 440
49 1478
49 709
49 819
49 825
49 710
49 1122
49 828
49 831
49 833
49 711
49 712
49 836
49 838
49 849
49 850
49 122
49 1131
49 163
49 516
49 860
49 1507
49 718
49 1525
49 878
49 883
49 1148
49 364
49 889
49 616
49 1547
49 1995
49 1996
49 624
49 304
49 1997
49 729
49 625
49 904
49 1162
49 628
49 2107
49 2435
49 908
49 1164
49 459
49 1833
49 2025
49 2116
49 1835
49 460
49 309
49 1172
49 1998
49 373
49 741
49 934
49 940
49 1818
49 1725
49 132
49 946
49 318
49 466
49 220
49 958
49 961
49 470
49 378
49 137
49 1186
49 471
49 656
49 1844
49 1208
49 1213
49 756
49 1229
49 1230
49 1735
49 2120
49 1737
49 2122
49 1259
49 1274
49 1015
49 1285
49 1292
49 1315
49 1329
49 1372
49 1382
49 1390
49 2127
49 2224
49 2436
49 1036
49 2437
49 2438
49 1039
49 1633
49 1744
49 2439
49 2134
49 2440
49 1769
49 1786
49 1814
49 683
49 684
49 1911
49 2137
49 1870
49 395
49 1881
49 1897
49 1065
49 1674
49 1071
49 2149
49 775
49 776
49 687
49 1074
49 2195
49 2012
49 2441
49 2036
49 1086
49 2017
49 1088
49 2442
49 2415
49 2151
49 1463
49 2231
49 2232
49 2234
49 2240
49 2156
49 2443
49 2444
49 2445
49 2446
49 2447
49 2448
49 2449
49 2450
49 2451
49 2452
49 2453
49 2454
49 2455
49 2456
49 2457
49 2458
49 2459
49 2460
49 2461
49 2462
49 2463
49 2464
49 2465
49 2466
49 2269
49 2210
49 2467
49 2468
49 2469
49 2470
49 2471
49 2472
49 2211
50 114
50 197
50 582
50 1466
50 1108
50 121
50 806
50 1506
50 1535
50 302
50 1559
50 2221
50 2386
50 1836
50 971
50 134
50 323
50 324
50 1578
50 139
50 1226
50 1244
50 1901
50 142
50 1736
50 1261
50 1268
50 1015
50 1280
50 1299
50 763
50 1309
50 1318
50 1350
50 1351
50 1353
50 478
50 1363
50 1367
50 1368
50 1369
50 1377
50 1396
50 387
50 2223
50 2473
50 1904
50 1740
50 1743
50 1905
50 1745
50 1746
50 1747
50 1907
50 1908
50 55
50 1750
50 143
50 1751
50 1752
50 1753
50 2062
50 1760
50 1662
50 1766
50 1768
50 1770
50 1458
50 1773
50 1665
50 1051
50 1053
50 1779
50 1666
50 1791
50 1792
50 1794
50 1795
50 1796
50 1668
50 1798
50 1799
50 1800
50 1803
50 1804
50 1805
50 1806
50 1807
50 1808
50 1810
50 1811
50 1812
50 488
50 685
50 2409
50 2410
50 687
50 2411
50 2064
50 1682
50 1912
50 2066
50 2067
50 1914
50 62
50 2387
50 2068
50 1683
50 1917
50 1918
50 1919
50 1920
50 1923
50 1924
50 2070
50 1925
50 1926
50 1927
50 1928
50 2430
50 2071
50 2072
50 2073
50 1931
50 1689
50 1690
50 2388
50 490
50 1932
50 2074
50 2075
50 1933
50 2076
50 2474
50 2475
50 1936
50 1939
50 2077
50 2078
50 1942
50 2476
50 2079
50 1945
50 1946
50 2421
50 1951
50 1955
50 1958
50 1959
50 1960
50 1961
50 2045
50 2083
50 1963
50 1964
50 2477
50 2084
50 1966
50 1967
50 2085
50 1970
50 2086
50 1972
50 2088
50 2427
50 2478
50 2090
50 2091
50 1977
50 1978
50 1979
50 2479
50 1980
50 2480
50 2390
50 1983
50 2092
50 2093
50 2481
50 2094
50 1987
50 1989
50 2433
50 2095
51 1102
51 273
51 420
51 700
51 1112
51 709
51 711
51 122
51 1514
51 1134
51 1135
51 1139
51 128
51 459
51 308
51 1183
51 1185
51 750
51 1189
51 1192
51 1198
51 754
51 1213
51 1217
51 2244
51 86
51 1225
51 1234
51 1235
51 2247
51 1272
51 1288
51 1366
51 1379
51 1394
51 2482
51 2483
51 1866
51 2439
51 2484
51 2326
52 80
52 581
52 161
52 790
52 810
52 1478
52 824
52 833
52 514
52 849
52 1495
52 870
52 2166
52 1163
52 128
52 1164
52 2386
52 739
52 989
52 1213
52 1592
52 1379
52 1382
52 1764
52 1059
52 2143
52 2145
52 2147
52 2148
52 2485
52 2275
52 2161
52 2277
52 2278
52 2486
53 239
53 244
53 258
53 829
53 2112
53 129
53 130
53 929
53 1569
53 176
53 1410
53 141
53 1413
53 1257
53 387
53 1419
53 177
53 2487
53 1422
53 2488
53 2489
53 1424
53 2490
53 766
53 2491
53 2492
53 2493
53 2494
53 1659
53 1075
53 1689
53 2495
53 2496
53 2497
53 2233
53 2498
54 73
54 116
54 102
54 240
54 74
54 260
54 200
54 565
54 352
54 146
54 207
54 281
54 591
54 510
54 493
54 513
54 360
54 297
54 110
54 255
54 452
54 125
54 105
54 2099
54 1553
54 2499
54 306
54 733
54 497
54 525
54 528
54 639
54 466
54 319
54 377
54 498
54 533
54 320
54 2500
54 135
54 535
54 1574
54 536
54 746
54 2501
54 137
54 329
54 228
54 334
54 233
54 543
54 2502
54 544
54 991
54 383
54 671
54 757
54 2059
54 546
54 387
54 2503
54 2130
54 2504
54 391
54 2505
54 2506
54 1456
54 682
54 2356
54 2507
54 2508
54 560
54 561
54 400
54 2379
54 503
54 491
54 94
54 504
54 2381
54 2509
54 2365
54 2510
55 1723
55 1108
55 711
55 837
55 1535
55 882
55 1549
55 463
55 1435
55 220
55 2357
55 338
55 1729
55 1226
55 1237
55 1244
55 1849
55 142
55 1607
55 1608
55 1008
55 2175
55 475
55 2394
55 1268
55 1271
55 1015
55 1286
55 1365
55 1368
55 1377
55 387
55 1903
55 502
55 1740
55 1442
55 2061
55 1752
55 1753
55 57
55 1755
55 1757
55 1758
55 1761
55 1767
55 1768
55 1772
55 1774
55 1776
55 1782
55 1789
55 1797
55 1798
55 1802
55 1806
55 1815
55 1874
55 774
55 1073
55 2428
55 1912
55 2066
55 2387
55 2068
55 1926
55 1932
55 2511
55 2074
55 2075
55 2413
55 2512
55 2513
55 2514
55 2515
55 2076
55 1934
55 2516
55 2474
55 1447
55 2396
55 2398
55 2400
55 1939
55 2077
55 2401
55 2209
55 2429
55 2477
55 2517
55 2084
56 114
56 410
56 1466
56 1992
56 121
56 1476
56 445
56 1515
56 1559
56 308
56 1567
56 1898
56 1569
56 2049
56 134
56 669
56 1599
56 1014
56 1394
56 480
56 1030
56 2223
56 2376
56 2518
56 392
56 1048
56 2519
56 1701
56 2035
56 1461
56 1094
56 2354
56 2056
56 2520
56 2521
56 2046
56 2285
57 308
57 1849
58 586
58 2522
58 731
58 646
58 1579
58 2523
58 1580
58 650
58 1000
58 1626
58 394
58 1883
58 1712
58 2038
58 2524
58 2525
58 2526
58 2527
60 1545
61 266
61 791
61 299
61 1438
61 1450
62 191
62 1108
62 1506
62 1535
62 170
62 324
62 1578
62 139
62 1226
62 1244
62 142
62 1015
62 1299
62 1309
62 1318
62 1363
62 1368
62 1369
62 1738
62 1904
62 1743
62 1905
62 1745
62 1750
62 143
62 1909
62 2062
62 1768
62 1458
62 1773
62 1666
62 1787
62 1796
62 1798
62 1799
62 1805
62 1807
62 2409
62 2064
62 1682
62 1912
62 1914
62 1915
62 1916
62 2387
62 1683
62 1917
62 1918
62 2069
62 1921
62 1923
62 1924
62 1925
62 1926
62 1928
62 1929
62 2072
62 1931
62 1932
62 2074
62 2075
62 1933
62 2076
62 2474
62 1936
62 1938
62 1939
62 2077
62 1940
62 2528
62 1942
62 1945
62 1946
62 1950
62 1952
62 2423
62 1955
62 1957
62 1958
62 1959
62 1961
62 2045
62 1963
62 1964
62 2477
62 2517
62 2084
62 1966
62 1967
62 1968
62 2085
62 1970
62 1974
62 1977
62 1979
62 1981
62 2480
62 2390
62 1983
62 2092
62 1984
62 2481
62 2094
62 1986
62 1987
62 1988
62 1989
62 2095
62 1990
63 806
65 2120
67 308
67 2275
68 163
68 85
69 777
71 1515
71 1525
71 2529
71 2070
71 1686
71 2530
71 2531
72 235
72 112
72 101
72 113
72 158
72 114
72 115
72 189
72 245
72 193
72 195
72 254
72 79
72 199
72 264
72 266
72 117
72 414
72 415
72 416
72 270
72 159
72 507
72 1105
72 81
72 421
72 700
72 787
72 161
72 206
72 427
72 207
72 280
72 587
72 701
72 789
72 431
72 433
72 591
72 592
72 790
72 285
72 792
72 121
72 436
72 795
72 595
72 806
72 807
72 439
72 810
72 441
72 821
72 826
72 828
72 443
72 844
72 849
72 854
72 445
72 358
72 446
72 359
72 603
72 1512
72 294
72 871
72 123
72 877
72 1532
72 880
72 1534
72 723
72 360
72 212
72 296
72 165
72 450
72 362
72 451
72 885
72 1546
72 886
72 887
72 363
72 888
72 365
72 725
72 125
72 453
72 127
72 1995
72 893
72 895
72 2101
72 897
72 495
72 903
72 305
72 628
72 913
72 307
72 529
72 311
72 928
72 2386
72 462
72 935
72 937
72 940
72 941
72 131
72 132
72 1726
72 133
72 377
72 468
72 950
72 962
72 2049
72 2003
72 322
72 225
72 975
72 336
72 339
72 344
72 348
72 256
72 978
72 541
72 381
72 981
72 982
72 983
72 1586
72 1588
72 1589
72 985
72 1196
72 988
72 992
72 995
72 1412
72 1602
72 759
72 1002
72 1004
72 1608
72 548
72 1392
72 387
72 480
72 501
72 1026
72 1028
72 2532
72 2376
72 2224
72 1616
72 1035
72 1618
72 767
72 390
72 1039
72 1456
72 2133
72 1642
72 1045
72 181
72 1048
72 1785
72 1059
72 1459
72 1064
72 1066
72 1068
72 1673
72 1070
72 2144
72 1675
72 1678
72 400
72 1074
72 1077
72 1080
72 2475
72 2380
2849 122
2849 1185
2849 1225
2849 2961
73 112
73 184
73 156
73 113
73 236
73 157
73 158
73 152
73 237
73 114
73 238
73 115
73 116
73 240
73 74
73 192
73 247
73 248
73 195
73 196
73 197
73 253
73 407
73 259
73 408
73 199
73 414
73 415
73 698
73 417
73 352
73 271
73 80
73 2097
73 204
73 160
73 81
73 584
73 585
73 146
73 508
73 280
73 587
73 1541
73 430
73 509
73 590
73 208
73 282
73 283
73 285
73 792
73 121
73 289
73 704
73 436
73 290
73 493
73 706
73 511
73 803
73 806
73 512
73 815
73 818
73 513
73 356
73 514
73 515
73 714
73 843
73 849
73 163
73 715
73 859
73 1503
73 1509
73 603
73 294
73 873
73 607
73 1143
73 123
73 448
73 878
73 608
73 609
73 361
73 165
73 110
73 612
73 364
73 452
73 614
73 168
73 215
73 126
73 75
73 105
73 890
73 83
73 622
73 304
73 729
73 2533
73 305
73 2106
73 84
73 730
73 631
73 497
73 525
73 526
73 2114
73 632
73 634
73 635
73 528
73 529
73 921
73 1172
73 1837
73 937
73 567
73 315
73 940
73 131
73 317
73 466
73 949
73 498
73 2172
73 533
73 2500
73 642
73 173
73 135
73 499
73 537
73 136
73 137
73 568
73 540
73 647
73 977
73 1583
73 651
73 2534
73 472
73 1588
73 665
73 666
73 753
73 757
73 761
73 549
73 764
73 1399
73 1036
73 390
73 1630
73 392
73 1456
73 2535
73 556
73 2405
73 1046
73 685
73 772
73 558
73 686
73 2536
73 775
73 776
73 561
73 562
73 1705
73 76
73 503
73 2406
73 694
73 2202
73 2509
73 1099
73 1463
73 2365
73 695
74 111
74 112
74 116
74 153
74 102
74 193
74 195
74 261
74 200
74 411
74 779
74 267
74 202
74 581
74 146
74 277
74 432
74 121
74 439
74 291
74 820
74 600
74 828
74 852
74 853
74 1499
74 716
74 359
74 866
74 1519
74 104
74 1158
74 307
74 2025
74 460
74 310
74 935
74 464
74 954
74 224
74 135
74 228
74 230
74 233
74 543
74 1585
74 1591
74 758
74 1000
74 1019
74 1024
74 501
74 2537
74 2224
74 2504
74 485
74 771
74 1656
74 1770
74 1809
74 1814
74 2010
74 560
74 1694
74 76
74 1448
74 2538
75 112
75 113
75 114
75 238
75 240
75 193
75 247
75 195
75 79
75 199
75 2371
75 266
75 269
75 417
75 160
75 420
75 81
75 1106
75 700
75 428
75 587
75 430
75 701
75 590
75 706
75 1120
75 355
75 122
75 1143
75 123
75 448
75 449
75 1147
75 297
75 214
75 612
75 364
75 452
75 299
75 215
75 302
75 1898
75 1435
75 173
75 329
75 2026
75 984
75 1191
75 1219
75 1252
75 994
75 1008
75 1255
75 1852
75 1610
75 1854
75 1277
75 1285
75 1329
75 1343
75 1399
75 1400
75 1032
75 1439
75 2539
75 1456
75 1040
75 1705
75 76
75 1461
76 195
76 579
76 581
76 118
76 796
76 820
76 822
76 860
76 2540
76 1591
76 1024
76 485
76 1781
76 1809
77 111
77 112
77 78
77 113
77 187
77 106
77 116
77 107
77 153
77 102
77 103
77 192
77 197
77 259
77 200
77 273
77 700
77 278
77 206
77 430
77 289
77 438
77 709
77 122
77 445
77 213
77 110
77 364
77 167
77 154
77 300
77 457
77 84
77 733
77 308
77 318
77 320
77 534
77 227
77 137
77 328
77 568
77 229
77 348
77 256
77 139
77 472
77 569
77 986
77 755
77 1210
77 480
77 769
77 572
77 1879
77 777
77 687
77 1936
78 235
78 101
78 113
78 186
78 157
78 187
78 106
78 116
78 188
78 153
78 102
78 103
78 243
78 192
78 193
78 248
78 249
78 250
78 196
78 252
78 198
78 573
78 566
78 205
78 206
78 1113
78 600
78 361
78 215
78 2099
78 457
78 305
78 567
78 376
78 498
78 220
78 221
78 320
78 325
78 136
78 568
78 335
78 229
78 340
78 345
78 346
78 348
78 232
78 1407
78 658
78 1210
78 2541
78 545
78 1437
78 2542
78 571
78 2120
78 2543
78 2222
78 2059
78 2544
78 1411
79 112
79 101
79 113
79 114
79 240
79 243
79 245
79 193
79 195
79 408
79 260
79 199
79 409
79 264
79 266
79 267
79 117
79 80
79 2097
79 581
79 507
79 81
79 276
79 425
79 788
79 161
79 206
79 789
79 431
79 592
79 791
79 121
79 436
79 796
79 801
79 806
79 439
79 441
79 162
79 826
79 600
79 840
79 1489
79 844
79 444
79 163
79 854
79 860
79 446
79 1503
79 863
79 868
79 123
79 448
79 877
79 214
79 450
79 1545
79 451
79 299
79 453
79 455
79 617
79 891
79 734
79 529
79 460
79 929
79 461
79 1837
79 935
79 463
79 1898
79 131
79 316
79 962
79 2357
79 470
79 975
79 339
79 344
79 648
79 541
79 380
79 1191
79 985
79 474
79 995
79 1438
79 999
79 1001
79 1414
79 2121
79 1608
79 1008
79 1737
79 475
79 548
79 1819
79 673
79 1030
79 2545
79 484
79 766
79 1631
79 2005
79 1040
79 2546
79 502
79 1443
79 1444
79 1049
79 1764
79 1064
79 2139
79 1068
79 2547
79 1069
79 1675
79 396
79 2032
79 2185
79 1460
79 1705
79 2193
79 2014
79 2203
79 2548
79 2549
80 112
80 101
80 158
80 188
80 240
80 245
80 247
80 195
80 251
80 258
80 408
80 262
80 264
80 266
80 574
80 117
80 781
80 202
80 417
80 1722
80 352
80 579
80 270
80 271
80 2097
80 159
80 203
80 204
80 160
80 419
80 1465
80 353
80 785
80 424
80 118
80 278
80 161
80 206
80 207
80 281
80 119
80 509
80 789
80 590
80 2098
80 208
80 282
80 702
80 591
80 592
80 790
80 284
80 792
80 287
80 288
80 795
80 594
80 437
80 595
80 493
80 1115
80 354
80 802
80 438
80 806
80 808
80 809
80 1477
80 1478
80 355
80 827
80 829
80 833
80 356
80 514
80 839
80 515
80 713
80 841
80 292
80 847
80 1492
80 849
80 1495
80 444
80 1500
80 210
80 857
80 358
80 858
80 717
80 859
80 860
80 863
80 1507
80 865
80 1511
80 1512
80 718
80 1133
80 294
80 447
80 869
80 1525
80 870
80 871
80 604
80 722
80 605
80 123
80 875
80 1531
80 878
80 879
80 1534
80 211
80 1536
80 1146
80 360
80 212
80 165
80 110
80 886
80 611
80 364
80 614
80 365
80 154
80 889
80 725
80 125
80 1547
80 890
80 127
80 617
80 891
80 618
80 1993
80 521
80 892
80 726
80 620
80 1994
80 1549
80 1995
80 621
80 893
80 367
80 1827
80 522
80 727
80 216
80 895
80 2101
80 624
80 304
80 2102
80 1997
80 1452
80 897
80 898
80 899
80 728
80 625
80 1453
80 2104
80 1160
80 368
80 903
80 904
80 2533
80 1161
80 496
80 1552
80 2105
80 627
80 905
80 2219
80 1830
80 2106
80 369
80 628
80 84
80 1554
80 2499
80 1557
80 2107
80 906
80 907
80 2550
80 2108
80 908
80 2109
80 1164
80 909
80 910
80 1817
80 2111
80 458
80 370
80 1833
80 912
80 2112
80 732
80 1402
80 2113
80 2168
80 2551
80 526
80 2114
80 632
80 633
80 915
80 916
80 527
80 635
80 734
80 2116
80 2552
80 2117
80 529
80 1835
80 1168
80 921
80 1178
80 311
80 928
80 217
80 218
80 929
80 2386
80 931
80 373
80 530
80 936
80 937
80 742
80 940
80 945
80 1725
80 948
80 639
80 466
80 2553
80 319
80 531
80 147
80 1727
80 2554
80 952
80 953
80 956
80 957
80 2001
80 958
80 640
80 1571
80 967
80 968
80 470
80 378
80 224
80 974
80 2373
80 1573
80 322
80 225
80 975
80 1576
80 746
80 137
80 329
80 335
80 343
80 648
80 1582
80 232
80 234
80 380
80 748
80 381
80 979
80 2027
80 1585
80 1587
80 666
80 667
80 1842
80 2555
80 2556
80 570
80 140
80 2557
80 2375
80 1592
80 991
80 1593
80 1594
80 992
80 383
80 1409
80 757
80 2558
80 1437
80 1604
80 1006
80 1605
80 2559
80 2121
80 1008
80 760
80 1011
80 672
80 761
80 1417
80 1287
80 1017
80 1384
80 387
80 1902
80 1025
80 2560
80 1614
80 2127
80 1028
80 388
80 1031
80 2376
80 2561
80 2130
80 2364
80 2562
80 1426
80 1036
80 1037
80 767
80 1431
80 1624
80 2504
80 2029
80 1627
80 390
80 2060
80 2378
80 2563
80 1631
80 2005
80 770
80 2564
80 1633
80 1456
80 678
80 1040
80 1432
80 1041
80 2546
80 2565
80 1637
80 1638
80 552
80 2132
80 1744
80 1641
80 1644
80 1649
80 1650
80 1654
80 1047
80 2566
80 2136
80 1764
80 683
80 2137
80 1059
80 1870
80 1065
80 2567
80 1672
80 2568
80 2139
80 2508
80 2569
80 2570
80 2140
80 2547
80 2571
80 2009
80 1070
80 2572
80 2142
80 2573
80 773
80 2574
80 2575
80 1071
80 2576
80 2011
80 1676
80 2577
80 396
80 2578
80 2579
80 2580
80 2148
80 2149
80 2581
80 775
80 776
80 777
80 687
80 2229
80 1685
80 1075
80 1691
80 401
80 1695
80 1701
80 1460
80 1718
80 1720
80 1721
80 1081
80 2186
80 1083
80 2012
80 490
80 2380
80 504
80 2381
80 1462
80 403
80 2582
80 1090
80 2583
80 404
80 1096
80 2365
80 2366
80 2233
80 2155
80 2416
80 2207
80 696
80 2584
80 2445
80 2420
80 2022
80 2585
80 2586
80 2587
80 2384
80 2158
80 2588
81 112
81 101
81 156
81 236
81 115
81 240
81 243
81 245
81 193
81 247
81 195
81 253
81 254
81 258
81 407
81 199
81 262
81 266
81 267
81 268
81 697
81 269
81 581
81 783
81 276
81 585
81 277
81 508
81 425
81 788
81 701
81 789
81 208
81 282
81 702
81 283
81 790
81 434
81 435
81 288
81 704
81 436
81 797
81 290
81 594
81 437
81 799
81 511
81 803
81 805
81 807
81 439
81 808
81 810
81 1476
81 291
81 811
81 813
81 817
81 820
81 355
81 1481
81 713
81 1487
81 1490
81 852
81 1500
81 210
81 854
81 856
81 445
81 717
81 293
81 863
81 721
81 447
81 1524
81 517
81 123
81 448
81 1534
81 211
81 1147
81 296
81 886
81 302
81 728
81 900
81 1163
81 308
81 929
81 461
81 1565
81 740
81 373
81 463
81 132
81 1727
81 1571
81 381
81 985
81 1003
81 1744
81 558
82 101
82 308
83 112
83 157
83 152
83 116
83 245
83 193
83 254
83 408
83 260
83 202
83 352
83 160
83 421
83 146
83 206
83 281
83 1541
83 119
83 431
83 282
83 591
83 515
83 858
83 519
83 213
83 164
83 611
83 614
83 167
83 154
83 890
83 618
83 522
83 622
83 523
83 629
83 630
83 631
83 371
83 2117
83 468
83 498
83 533
83 224
83 173
83 534
83 322
83 225
83 499
83 500
83 643
83 645
83 332
83 343
83 231
83 649
83 1583
83 747
83 654
83 542
83 655
83 664
83 2589
83 2120
83 1902
83 550
83 181
83 486
83 559
83 2013
83 2590
84 112
84 158
84 238
84 106
84 107
84 191
84 243
84 245
84 248
84 251
84 196
84 197
84 253
84 2591
84 259
84 697
84 269
84 414
84 417
84 1722
84 352
84 579
84 271
84 2097
84 203
84 160
84 205
84 420
84 275
84 582
84 784
84 1106
84 585
84 508
84 118
84 278
84 788
84 161
84 280
84 119
84 509
84 590
84 2098
84 208
84 282
84 1468
84 283
84 790
84 703
84 284
84 1469
84 792
84 1114
84 795
84 290
84 705
84 706
84 438
84 512
84 809
84 1478
84 823
84 600
84 827
84 831
84 833
84 514
84 837
84 838
84 515
84 1487
84 849
84 1495
84 1496
84 855
84 717
84 859
84 860
84 1505
84 865
84 1513
84 1517
84 1523
84 1525
84 871
84 604
84 1526
84 878
84 608
84 1536
84 1146
84 296
84 519
84 124
84 610
84 110
84 611
84 364
84 614
84 167
84 154
84 168
84 889
84 725
84 299
84 300
84 215
84 126
84 2522
84 302
84 1547
84 127
84 617
84 891
84 1993
84 521
84 620
84 1994
84 1995
84 621
84 2099
84 2100
84 494
84 727
84 216
84 895
84 2101
84 622
84 2592
84 2593
84 624
84 2162
84 2102
84 2163
84 1997
84 1452
84 2103
84 729
84 625
84 1453
84 2104
84 1160
84 368
84 524
84 902
84 2594
84 2533
84 496
84 1829
84 2105
84 627
84 1162
84 2106
84 628
84 1554
84 629
84 2499
84 2550
84 731
84 909
84 2110
84 1817
84 2595
84 911
84 912
84 733
84 307
84 2168
84 2025
84 1559
84 2551
84 526
84 2114
84 632
84 633
84 916
84 634
84 2221
84 635
84 2116
84 2596
84 1560
84 308
84 735
84 736
84 1170
84 737
84 928
84 1998
84 1999
84 313
84 738
84 740
84 741
84 567
84 375
84 317
84 318
84 466
84 319
84 744
84 953
84 958
84 221
84 641
84 961
84 965
84 2392
84 533
84 378
84 970
84 2500
84 642
84 745
84 223
84 173
84 975
84 746
84 1577
84 326
84 2597
84 1578
84 136
84 646
84 137
84 333
84 337
84 342
84 343
84 230
84 1579
84 2523
84 540
84 647
84 2598
84 2026
84 2599
84 649
84 650
84 1184
84 2600
84 1583
84 232
84 139
84 750
84 981
84 651
84 569
84 2601
84 753
84 1733
84 1244
84 1254
84 474
84 991
84 993
84 2602
84 757
84 2222
84 2059
84 1737
84 760
84 1012
84 1013
84 1266
84 1269
84 761
84 1015
84 386
84 1819
84 1285
84 762
84 764
84 1318
84 1018
84 1342
84 1397
84 387
84 1024
84 1902
84 1025
84 2603
84 2537
84 1036
84 1038
84 1619
84 768
84 2029
84 390
84 1629
84 2378
84 1865
84 2132
84 394
84 1746
84 2061
84 555
84 556
84 682
84 2604
84 557
84 2566
84 1760
84 1776
84 1781
84 1786
84 1796
84 1813
84 1815
84 1816
84 572
84 684
84 685
84 1057
84 2605
84 2225
84 558
84 2568
84 2139
84 2179
84 773
84 2144
84 1071
84 2011
84 2180
84 2579
84 397
84 2053
84 398
84 775
84 776
84 777
84 687
84 1820
84 1821
84 1822
84 1823
84 688
84 2606
84 2065
84 1913
84 1914
84 1925
84 2184
84 2607
84 1688
84 1695
84 1712
84 1713
84 2012
84 1085
84 2074
84 2413
84 503
84 2382
84 2608
84 1092
84 2609
84 2610
84 2416
84 2207
84 2417
84 2208
84 2210
84 2212
84 2611
84 2419
84 2612
84 2213
84 1949
84 2613
84 2614
84 2615
84 2616
84 2617
84 2618
84 2214
84 2157
84 2422
84 2158
84 2619
85 153
85 418
85 2242
85 1454
85 148
85 982
85 2620
85 1883
85 149
86 191
86 258
86 259
86 1102
86 413
86 414
86 420
86 1106
86 785
86 118
86 1107
86 700
86 429
86 1112
86 122
86 1134
86 1135
86 1139
86 1149
86 2621
86 1151
86 1153
86 1154
86 2622
86 1155
86 128
86 1170
86 1174
86 1176
86 1185
86 750
86 752
86 1189
86 1191
86 1198
86 1200
86 1201
86 1204
86 1213
86 1217
86 2244
86 1220
86 1222
86 1225
86 1231
86 1233
86 1234
86 1235
86 1236
86 1241
86 1253
86 1272
86 1296
86 1297
86 1300
86 1301
86 1307
86 1308
86 1314
86 1319
86 1321
86 1322
86 1324
86 1327
86 1332
86 1335
86 1336
86 1340
86 1341
86 1348
86 1362
86 1366
86 1373
86 1379
86 1382
86 1394
86 1395
86 2483
86 1869
87 308
87 1771
87 2623
87 2275
88 2120
89 308
89 330
89 2120
89 2008
89 1883
90 106
90 179
90 492
91 1723
91 774
91 1912
92 323
92 324
92 334
92 150
94 2120
94 1883
94 149
95 330
96 1458
96 1883
98 308
99 308
100 308
100 330
100 2120
101 235
101 112
101 184
101 113
101 186
101 158
101 237
101 187
101 106
101 115
101 239
101 153
101 102
101 190
101 241
101 191
101 243
101 245
101 192
101 193
101 247
101 195
101 250
101 196
101 197
101 252
101 253
101 778
101 254
101 505
101 257
101 258
101 407
101 2591
101 259
101 408
101 260
101 199
101 409
101 261
101 200
101 262
101 2371
101 565
101 573
101 263
101 1101
101 264
101 265
101 350
101 266
101 506
101 410
101 411
101 779
101 566
101 267
101 1102
101 574
101 268
101 412
101 780
101 117
101 413
101 697
101 781
101 201
101 269
101 414
101 415
101 575
101 202
101 576
101 577
101 578
101 351
101 782
101 698
101 416
101 417
101 1722
101 352
101 579
101 418
101 270
101 271
101 2097
101 159
101 580
101 203
101 204
101 1723
101 160
101 272
101 205
101 419
101 581
101 273
101 274
101 2242
101 420
101 507
101 275
101 783
101 582
101 1103
101 1104
101 1105
101 699
101 583
101 584
101 421
101 2624
101 1465
101 784
101 276
101 353
101 1106
101 785
101 2625
101 585
101 786
101 146
101 1466
101 277
101 508
101 422
101 423
101 424
101 118
101 1107
101 700
101 425
101 586
101 278
101 787
101 788
101 426
101 161
101 1467
101 1540
101 2626
101 2627
101 279
101 206
101 1824
101 427
101 428
101 207
101 429
101 2628
101 280
101 587
101 281
101 1541
101 1108
101 430
101 1109
101 701
101 588
101 119
101 509
101 789
101 1110
101 589
101 120
101 431
101 590
101 2098
101 208
101 282
101 1111
101 702
101 432
101 433
101 591
101 1112
101 1468
101 283
101 592
101 790
101 703
101 284
101 285
101 791
101 1469
101 434
101 792
101 286
101 435
101 1992
101 121
101 2629
101 287
101 288
101 1825
101 1542
101 289
101 1543
101 1113
101 1114
102 113
102 157
102 187
102 106
102 116
102 107
102 188
102 153
102 240
102 103
102 192
102 248
102 200
102 262
102 565
102 350
102 202
102 580
102 203
102 276
102 146
102 278
102 206
102 590
102 208
102 510
102 595
102 297
102 110
102 614
102 167
102 125
102 105
102 618
102 727
102 305
102 1553
102 733
102 307
102 1403
102 376
102 639
102 319
102 532
102 320
102 2500
102 224
102 135
102 535
102 2630
102 1406
102 536
102 226
102 227
102 331
102 228
102 334
102 230
102 543
102 569
102 2631
102 570
102 2222
102 1037
102 1618
102 2504
102 768
102 391
102 677
102 2505
102 1442
102 1656
102 1674
102 398
102 490
102 693
102 2230
102 2381
102 2632
103 113
103 158
103 187
103 116
103 188
103 153
103 240
103 192
103 193
103 200
103 262
103 565
103 350
103 269
103 202
103 576
103 203
103 146
103 595
103 296
103 213
103 110
103 618
103 729
103 305
103 1553
103 733
103 307
103 532
103 320
103 224
103 135
103 535
103 2630
103 322
103 226
103 643
103 2633
103 328
103 228
103 229
103 340
103 347
103 348
103 349
103 542
103 2374
103 2502
103 2634
103 2631
103 2222
103 1007
103 2489
103 2635
103 389
103 1621
103 2504
103 768
103 2636
103 2029
103 2637
103 677
103 2508
103 1674
103 775
103 490
103 491
103 2509
103 2638
103 1964
2242 112
2242 117
2242 120
2242 146
2242 153
2242 159
2242 187
2242 195
2242 237
2242 272
2242 377
2242 418
2242 542
2242 639
2242 982
2242 1454
2242 1553
2242 2625
2242 2529
2242 2893
2242 2620
2242 2634
2242 2640
2242 2837
104 116
104 153
104 248
104 276
104 213
104 639
104 1454
104 135
104 228
104 233
104 2374
104 1621
104 486
104 2507
104 2508
2850 122
2850 471
2243 120
2243 160
2243 237
2243 269
2243 272
2243 354
2243 357
2243 361
2243 364
2243 408
2243 417
2243 537
2243 564
2243 623
2243 629
2243 631
2243 646
2243 652
2243 653
2243 662
2243 670
2243 686
2243 727
2243 1081
2243 1817
2243 1998
2243 2896
2243 2634
2243 2885
2243 2834
2243 2898
105 115
105 116
105 191
105 243
105 2591
105 262
105 573
105 350
105 268
105 351
105 276
105 510
105 595
105 493
105 799
105 600
105 513
105 515
105 603
105 1545
105 125
105 305
105 1553
105 307
105 525
105 528
105 1563
105 1565
105 1568
105 219
105 1569
105 376
105 377
105 532
105 224
105 135
105 1405
105 2002
105 535
105 2630
105 499
105 500
105 2639
105 542
105 2502
105 2634
105 658
105 382
105 2640
105 758
105 1621
105 1624
105 2636
105 2029
105 1628
105 390
105 550
105 2641
105 561
105 2229
105 562
105 691
105 563
105 2642
106 112
106 184
106 113
106 157
106 152
106 237
106 187
106 107
106 153
106 190
106 191
106 192
106 248
106 249
106 195
106 250
106 196
106 197
106 259
106 200
106 413
106 201
106 414
106 575
106 202
106 352
106 203
106 204
106 205
106 146
106 278
106 161
106 206
106 2628
106 1541
106 119
106 702
106 591
106 213
106 611
106 614
106 154
106 300
106 126
106 127
106 618
106 628
106 2117
106 311
106 316
106 318
106 466
106 224
106 226
106 326
106 327
106 568
106 332
106 381
106 750
106 2503
106 683
106 684
106 685
107 116
107 188
107 153
107 192
107 197
107 565
107 269
107 278
107 295
107 213
107 164
107 110
107 611
107 364
107 308
107 318
107 224
107 322
107 323
107 324
107 537
107 500
107 326
107 750
107 677
107 685
108 112
108 187
108 239
108 153
108 248
108 252
108 258
108 261
108 1102
108 697
108 203
108 204
108 276
108 277
108 508
108 702
108 284
108 791
108 799
108 355
108 850
108 861
108 718
108 1544
108 300
108 367
108 907
108 308
108 918
108 2170
108 129
108 1403
108 926
108 310
108 1180
108 312
108 1837
108 467
108 966
108 469
108 470
108 320
108 1405
108 1406
108 2359
108 379
108 330
108 234
108 2643
108 748
108 1187
108 979
108 980
108 1207
108 1408
108 176
108 1409
108 1411
108 997
108 141
108 1415
108 1863
108 387
108 1419
108 2487
108 2362
108 1420
108 1421
108 482
108 2130
108 2489
108 2644
108 2645
108 2646
108 1430
108 2647
108 2578
108 2648
109 187
109 510
109 218
109 372
109 2027
109 2640
109 2120
109 2649
109 389
109 1621
109 2650
109 2008
109 1080
110 113
110 238
110 116
110 239
110 242
110 243
110 192
110 247
110 195
110 251
110 197
110 259
110 782
110 271
110 203
110 205
110 508
110 278
110 279
110 208
110 792
110 289
110 718
110 295
110 213
110 165
110 362
110 611
110 520
110 363
110 154
110 215
110 302
110 367
110 306
110 732
110 733
110 635
110 1169
110 741
110 316
110 319
110 949
110 221
110 469
110 320
110 746
110 323
110 226
110 227
110 324
110 137
110 568
110 331
110 334
110 230
110 647
110 234
110 138
110 748
110 979
110 383
110 2174
110 2651
110 546
110 763
110 1025
110 2635
110 768
110 1629
110 1666
110 572
110 558
110 2180
110 398
110 775
110 777
110 2652
110 1462
110 1093
110 2271
2991 2972
2991 2973
2991 2990
111 112
111 114
111 258
111 259
111 265
111 411
111 779
111 267
111 413
111 698
111 1723
111 273
111 420
111 507
111 783
111 1103
111 1105
111 699
111 1106
111 785
111 422
111 1107
111 700
111 787
111 1824
111 429
111 430
111 432
111 703
111 284
111 434
111 793
111 794
111 797
111 511
111 801
111 1116
111 802
111 803
111 804
111 806
111 807
111 439
111 1474
111 291
111 440
111 814
111 441
111 709
111 820
111 823
111 1120
111 1121
111 442
111 355
111 710
111 1122
111 828
111 1481
111 1482
111 831
111 711
111 712
111 1126
111 835
111 1127
111 443
111 209
111 122
111 851
111 1499
111 854
111 445
111 862
111 1134
111 1135
111 866
111 1142
111 1143
111 874
111 123
111 449
111 1144
111 878
111 880
111 883
111 451
111 888
111 1158
111 624
111 729
111 1163
111 458
111 459
111 1166
111 460
111 1170
111 1179
111 310
111 1180
111 739
111 1836
111 934
111 935
111 937
111 742
111 938
111 464
111 941
111 132
111 947
111 1726
111 318
111 466
111 220
111 951
111 2554
111 954
111 1841
111 957
111 958
111 960
111 1183
111 1728
111 470
111 326
111 341
111 348
111 1584
111 751
111 471
111 472
111 1195
111 1196
111 1197
111 1731
111 1732
111 1842
111 987
111 1203
111 473
111 755
111 1591
111 1844
111 1208
111 1212
111 1219
111 1223
111 668
111 1227
111 1228
111 1229
111 669
111 1237
111 1254
111 2558
111 1255
111 1261
111 1014
111 1271
111 1858
111 1274
111 1276
111 1860
111 1281
111 762
111 1333
111 1019
111 1338
111 1347
111 1021
111 1354
111 1359
111 1364
111 1376
111 1392
111 1398
111 480
111 1024
111 501
111 2603
111 1031
111 1439
111 1865
111 2006
111 1042
111 554
111 1744
111 1748
111 1753
111 1660
111 1049
111 2248
111 1761
111 1767
111 1769
111 1770
111 1053
111 1807
111 1809
111 1056
111 1814
111 1870
111 1060
111 1872
111 1885
111 1892
111 1896
111 687
111 2227
111 2031
111 1919
111 1691
111 1077
111 1703
111 2013
111 2034
111 2251
111 2054
111 2017
111 1087
111 2268
111 2389
111 1088
112 235
112 156
112 113
112 236
112 186
112 157
112 152
112 114
112 115
112 116
112 239
112 240
112 189
112 241
112 243
112 244
112 245
112 193
112 247
112 195
112 197
112 252
112 253
112 198
112 778
112 254
112 505
112 257
112 258
112 407
112 259
112 408
112 199
112 409
112 261
112 200
112 262
112 263
112 264
112 265
112 266
112 779
112 267
112 1102
112 268
112 412
112 117
112 413
112 697
112 269
112 414
112 415
112 575
112 202
112 576
112 577
112 578
112 782
112 698
112 1722
112 579
112 159
112 419
112 581
112 274
112 507
112 275
112 783
112 584
112 276
112 785
112 585
112 146
112 277
112 508
112 118
112 700
112 425
112 788
112 426
112 161
112 206
112 429
112 280
112 587
112 281
112 701
112 588
112 789
112 120
112 431
112 208
112 282
112 702
112 432
112 591
112 1468
112 283
112 592
112 790
112 703
112 284
112 285
112 791
112 1469
112 434
112 286
112 435
112 1992
112 121
112 2629
112 287
112 288
112 289
112 1543
112 704
112 793
112 436
112 593
112 795
112 796
112 797
112 290
112 705
112 594
112 510
112 437
112 595
112 493
112 799
112 596
112 1471
112 597
112 706
112 511
112 801
112 802
112 803
112 598
112 805
112 438
112 806
112 512
112 1473
112 807
112 439
112 808
112 707
112 809
112 810
112 1476
112 291
112 811
112 812
112 599
112 813
112 814
112 441
112 815
112 817
112 708
112 709
112 819
112 823
112 442
112 824
112 825
112 355
112 710
112 826
112 1123
112 600
112 513
112 828
112 1481
112 1483
112 832
112 833
112 711
112 601
112 356
112 712
112 836
112 514
112 837
112 839
112 713
112 840
112 841
112 842
112 1127
112 292
112 1489
112 1128
112 1490
112 844
112 845
112 847
112 1492
112 848
112 850
112 602
112 209
112 444
112 122
112 851
112 853
112 163
112 1500
112 210
112 854
112 855
112 516
112 856
112 445
112 716
112 357
112 358
112 717
112 1501
112 859
112 860
112 861
112 293
112 446
112 862
112 1503
112 359
112 1504
112 863
112 1505
112 603
112 1511
112 1513
112 718
112 719
112 866
112 867
112 868
112 1521
112 720
112 294
112 721
112 447
112 869
112 870
112 1138
112 1141
112 604
112 722
112 517
112 872
112 873
112 874
112 123
112 448
112 449
112 1531
112 878
112 879
112 518
112 880
112 1534
112 211
112 608
112 1145
112 883
112 723
112 1544
112 297
112 124
112 164
112 165
112 214
112 450
112 451
112 886
112 613
112 299
112 453
112 454
112 301
112 616
112 302
112 726
112 893
112 1159
112 2101
112 624
112 896
112 2163
112 900
112 2165
112 523
112 524
112 369
112 2653
112 1163
112 908
112 1831
112 459
112 1402
112 497
112 307
112 1559
112 914
112 529
112 460
112 309
112 736
112 921
112 923
112 926
112 130
112 927
112 310
112 217
112 218
112 636
112 1998
112 1999
112 1563
112 929
112 2386
112 372
112 1180
112 2000
112 1564
112 461
112 930
112 1565
112 931
112 312
112 313
112 738
112 462
112 739
112 1566
112 1567
112 740
112 373
112 374
112 530
112 2119
112 741
112 1836
112 1837
112 932
112 933
112 1838
112 1724
112 934
112 637
112 935
112 463
112 1839
112 1898
112 936
112 937
112 314
112 742
112 938
112 939
112 567
112 315
112 743
112 464
112 1568
112 940
112 375
112 941
112 942
112 943
112 219
112 1569
112 944
112 376
112 131
112 638
112 1818
112 945
112 1725
112 132
112 2047
112 316
112 317
112 1570
112 1840
112 946
112 465
112 947
112 1726
112 948
112 133
112 318
112 639
112 466
112 171
112 467
112 2553
112 319
112 377
112 1181
112 531
112 532
112 2048
112 468
112 949
112 147
112 950
112 1727
112 1435
112 1182
112 498
112 220
112 951
112 744
112 2554
112 952
112 953
112 954
112 2654
112 1841
112 955
112 956
112 957
112 2001
112 2391
112 958
112 640
112 959
112 960
112 1183
112 221
112 641
112 1404
112 961
112 962
112 1571
112 963
112 964
112 965
112 1436
112 222
112 966
112 2172
112 2357
112 469
112 967
112 968
112 2392
112 172
112 533
112 969
112 1728
112 470
112 320
112 378
112 970
112 971
112 972
113 184
113 156
113 157
113 158
113 152
113 237
113 114
113 238
113 187
113 188
113 153
113 191
113 245
113 193
113 248
113 195
113 197
113 198
113 254
113 258
113 408
113 260
113 199
113 261
113 266
113 412
113 780
113 117
113 201
113 417
113 159
113 580
113 272
113 353
113 146
113 508
113 422
113 423
113 424
113 426
113 280
113 701
113 119
113 120
113 431
113 208
113 432
113 285
113 121
113 287
113 1825
113 1542
113 289
113 1543
113 704
113 436
113 290
113 1471
113 803
113 806
113 441
113 513
113 833
113 835
113 443
113 163
113 516
113 715
113 294
113 517
113 295
113 123
113 211
113 360
113 212
113 724
113 296
113 519
113 213
113 297
113 124
113 610
113 164
113 361
113 165
113 166
113 214
113 450
113 1545
113 362
113 451
113 885
113 1546
113 886
113 611
113 612
113 520
113 887
113 298
113 255
113 363
113 613
113 888
113 364
113 452
113 614
113 365
113 167
113 154
113 168
113 889
113 725
113 299
113 300
113 125
113 615
113 453
113 454
113 215
113 301
113 126
113 2522
113 616
113 455
113 456
113 302
113 169
113 303
113 366
114 158
114 244
114 195
114 198
114 505
114 257
114 258
114 266
114 410
114 411
114 779
114 268
114 159
114 274
114 507
114 783
114 276
114 1466
114 426
114 2627
114 587
114 789
114 590
114 432
114 284
114 434
114 1992
114 121
114 793
114 797
114 437
114 798
114 596
114 706
114 511
114 803
114 804
114 806
114 807
114 439
114 810
114 440
114 811
114 441
114 819
114 823
114 1122
114 513
114 837
114 1489
114 443
114 209
114 163
114 854
114 863
114 1512
114 1521
114 1524
114 1527
114 605
114 123
114 879
114 880
114 1534
114 1148
114 165
114 214
114 1545
114 451
114 298
114 303
114 366
114 127
114 892
114 908
114 1559
114 1561
114 460
114 1175
114 310
114 217
114 1999
114 929
114 2386
114 739
114 530
114 1898
114 940
114 1569
114 132
114 1570
114 639
114 220
114 951
114 2001
114 961
114 964
114 222
114 967
114 969
114 1728
114 2655
114 2049
114 2003
114 1573
114 2656
114 341
114 1900
114 984
114 2657
114 1588
114 2658
114 2659
114 1196
114 1229
114 1237
114 994
114 2541
114 1437
114 759
114 1006
114 547
114 2660
114 1261
114 1273
114 1274
114 1280
114 1860
114 387
114 480
114 2532
114 2028
114 1030
114 2223
114 2376
114 2661
114 1032
114 1439
114 2518
114 2473
114 392
114 2408
114 2005
114 1041
114 1635
114 2546
114 2662
114 552
114 1433
114 554
114 1744
114 1043
114 1910
114 2248
114 2519
114 1766
114 1769
114 1056
114 683
114 395
114 1673
114 2009
114 2572
114 1072
114 2032
114 1075
114 1701
114 1705
114 1719
114 2016
114 1461
114 1087
114 2497
114 2663
114 2383
114 2549
114 2020
114 1942
114 2520
114 2275
114 2083
114 2664
115 156
115 185
115 186
115 158
115 152
115 116
115 239
115 189
115 190
115 243
115 244
115 193
115 194
115 195
115 198
115 254
115 260
115 262
115 263
115 269
115 202
115 352
115 579
115 160
115 276
115 146
115 425
115 787
115 161
115 206
115 281
115 208
115 282
115 283
115 790
115 285
115 288
115 436
115 510
115 493
115 354
115 513
115 713
115 1500
115 210
115 715
115 717
115 293
115 719
115 721
115 211
115 360
115 296
115 165
115 451
115 1546
115 298
115 255
115 614
115 167
115 154
115 302
115 890
115 127
115 1159
115 727
115 2101
115 622
115 728
115 900
115 631
115 914
115 2115
115 527
115 308
115 218
115 372
115 1565
115 374
115 741
115 219
115 133
115 171
115 2553
115 319
115 532
115 744
115 641
115 533
115 536
115 2501
115 537
115 644
115 348
115 256
115 647
115 381
115 2534
115 657
115 753
115 992
115 571
115 1438
115 548
115 1610
115 1285
115 676
115 770
115 679
115 181
115 2011
115 560
115 1085
115 490
116 157
116 237
116 153
116 240
116 191
116 192
116 254
116 505
116 258
116 260
116 261
116 200
116 262
116 565
116 350
116 268
116 202
116 577
116 578
116 351
116 417
116 352
116 270
116 271
116 160
116 272
116 584
116 276
116 277
116 508
116 206
116 207
116 2628
116 789
116 120
116 590
116 283
116 510
116 595
116 493
116 799
116 210
116 357
116 358
116 1503
116 1511
116 605
116 1532
116 519
116 297
116 166
116 255
116 452
116 167
116 168
116 889
116 125
116 454
116 618
116 895
116 622
116 623
116 457
116 2104
116 305
116 1553
116 631
116 306
116 370
116 371
116 307
116 1562
116 1563
116 1565
116 376
116 639
116 171
116 319
116 377
116 532
116 1436
116 966
116 2172
116 2357
116 469
116 2500
116 321
116 224
116 135
116 2002
116 2665
116 534
116 535
116 2630
116 322
116 2358
116 1574
116 536
116 1576
116 2407
116 746
116 2501
116 226
116 227
116 537
116 2597
116 2402
116 327
116 329
116 331
116 228
116 229
116 342
116 348
116 647
116 233
116 2534
116 542
116 543
116 569
116 1586
116 2502
116 984
116 658
116 2631
116 666
116 1590
116 382
116 2556
116 570
116 670
116 991
116 671
116 2360
116 2666
116 757
116 1412
116 1000
116 1604
116 547
116 1365
116 387
116 2364
116 1038
116 389
116 1618
116 1621
116 1622
116 1624
116 2504
116 2636
116 2029
116 1628
116 2637
116 390
116 391
116 1629
116 1630
116 550
116 677
116 2505
116 2641
116 1652
116 679
116 1656
116 2405
116 772
116 1058
116 1674
116 560
116 2150
116 399
116 562
116 1460
116 693
116 491
116 2230
116 2632
116 2509
116 404
116 2365
116 695
116 2366
116 1937
116 2667
116 2510
117 237
117 241
117 244
117 193
117 247
117 195
117 253
117 198
117 778
117 254
117 257
117 258
117 407
117 2591
117 199
117 264
117 265
117 266
117 267
117 268
117 413
117 269
117 575
117 577
117 416
117 579
117 272
117 581
117 274
117 507
117 783
117 276
117 2625
117 1466
117 423
117 788
117 426
117 161
117 428
117 281
117 701
117 588
117 789
117 589
117 120
117 208
117 591
117 592
117 790
117 703
117 1469
117 434
117 286
117 121
117 1542
117 793
117 795
117 796
117 797
117 290
117 705
117 510
117 437
117 493
117 798
117 596
117 511
117 800
117 354
117 801
117 802
117 803
117 598
117 438
117 806
117 1473
117 807
117 439
117 707
117 810
117 291
117 441
117 1118
117 820
117 821
117 826
117 600
117 1483
117 833
117 711
117 835
117 836
117 714
117 1488
117 1489
117 443
117 1128
117 1490
117 847
117 849
117 602
117 852
117 853
117 854
117 856
117 445
117 857
117 860
117 862
117 359
117 863
117 1511
117 1512
117 1133
117 1515
117 294
117 604
117 876
117 1531
117 879
117 518
117 211
117 124
117 165
117 1545
117 451
117 613
117 301
117 303
117 127
117 521
117 1996
117 1453
117 1161
117 458
117 2167
117 459
117 1402
117 913
117 1167
117 529
117 217
117 218
117 636
117 929
117 2386
117 372
117 1564
117 462
117 1836
117 1898
117 936
117 937
117 314
117 1568
117 940
117 1569
117 945
117 947
117 1726
117 950
117 956
117 640
117 1571
117 963
117 964
117 969
117 1728
117 2655
117 1573
117 535
117 346
117 648
117 541
117 381
117 1899
117 1588
117 665
117 988
117 1228
117 669
117 2557
117 1595
117 2558
117 1596
117 996
117 998
117 1600
117 1004
117 1604
117 1606
117 1009
117 1610
117 1611
117 1282
117 1017
117 1020
117 1376
117 1388
117 1393
117 480
117 2532
117 1030
117 2051
117 1624
117 1627
117 2408
117 2005
117 770
117 1633
117 1865
117 1040
117 1432
117 1636
117 1644
117 1661
117 1767
117 1061
117 1692
117 692
117 1705
117 402
117 1715
117 1716
117 2033
117 2014
117 2015
117 2668
117 2018
117 406
118 245
118 246
118 247
118 196
118 258
118 259
118 261
118 264
118 266
118 411
118 1102
118 412
118 413
118 697
118 414
118 415
118 698
118 1722
118 352
118 579
118 418
118 581
118 273
118 1104
118 1105
118 1106
118 785
118 423
118 1107
118 700
118 788
118 161
118 429
118 430
118 119
118 509
118 1110
118 208
118 282
118 1111
118 702
118 1112
118 790
118 703
118 434
118 792
118 286
118 288
118 1114
118 593
118 795
118 796
118 797
118 290
118 596
118 597
118 511
118 800
118 801
118 806
118 807
118 439
118 808
118 809
118 810
118 291
118 440
118 1478
118 817
118 822
118 824
118 710
118 826
118 827
118 828
118 830
118 831
118 832
118 1124
118 833
118 711
118 1125
118 712
118 1126
118 836
118 514
118 837
118 838
118 1485
118 839
118 292
118 714
118 1488
118 1128
118 1490
118 846
118 847
118 1492
118 849
118 1495
118 1497
118 1499
118 357
118 717
118 860
118 1132
118 1503
118 718
118 1134
118 1135
118 867
118 870
118 1138
118 1139
118 604
118 873
118 1142
118 607
118 875
118 448
118 1531
118 1146
118 883
118 1148
118 884
118 451
118 520
118 364
118 614
118 1547
118 127
118 891
118 619
118 1993
118 1548
118 726
118 620
118 1994
118 1995
118 621
118 893
118 1159
118 1996
118 2101
118 2592
118 624
118 304
118 896
118 2102
118 897
118 2103
118 625
118 2164
118 1453
118 2104
118 1160
118 368
118 2594
118 903
118 904
118 627
118 1162
118 1830
118 2106
118 2653
118 628
118 2107
118 906
118 907
118 2108
118 1163
118 2435
118 128
118 2109
118 1164
118 909
118 2110
118 1831
118 910
118 2595
118 2111
118 1165
118 2167
118 913
118 2669
118 2670
118 2220
118 2168
118 2551
118 633
118 915
118 634
118 2671
118 2116
118 2596
118 2672
118 1834
118 1835
118 2169
118 2673
118 735
118 736
118 1168
118 1171
118 737
118 1176
118 2674
118 1178
118 1179
118 2675
118 461
118 742
118 1818
118 1725
118 465
118 1727
118 952
118 961
118 379
118 338
118 343
118 2599
118 1584
118 1185
118 2050
118 1186
118 1899
118 1586
118 985
118 1200
118 1842
118 988
118 1844
118 1213
118 1217
118 2676
118 1225
118 990
118 1242
118 1248
118 1249
118 1735
118 2557
118 384
118 1003
118 1006
118 2122
118 1415
118 1010
118 2124
118 2125
118 2126
118 1011
118 1012
118 2677
118 1416
118 1269
118 1274
118 1015
118 386
118 1280
118 1292
118 1302
118 1304
118 1310
118 1336
118 1348
118 1359
118 1372
118 1375
118 1379
118 1381
118 1382
118 1384
118 1024
118 1025
118 2678
118 2436
118 1033
118 2679
118 2680
118 2681
118 2437
118 2482
118 2483
118 2438
118 1430
118 1627
118 2377
118 770
118 1636
118 2133
118 1744
118 1652
118 1751
118 2439
118 2134
118 2682
118 2683
118 1046
118 2440
118 1658
118 1760
118 1761
118 1775
118 1777
118 1778
118 1784
118 1786
118 1797
118 683
118 684
118 2684
118 2030
118 2685
118 1911
118 772
118 2137
118 1870
118 1881
118 1882
118 1884
118 1887
118 1897
118 2536
118 2567
118 2138
118 2686
118 2569
118 2571
118 2572
118 2573
118 773
118 2144
118 2226
118 2574
118 2063
118 2687
118 2147
118 2149
118 2688
118 1679
118 1680
118 2183
118 2652
118 2607
118 690
118 1688
118 1689
118 1695
118 1697
118 1698
118 1704
118 1715
118 1717
118 2186
118 2689
118 2201
118 2035
118 2441
118 1086
118 1092
118 1098
118 1099
118 1463
118 2366
118 2154
118 2231
118 2232
118 2233
118 2234
118 2205
118 2240
118 2241
118 2056
118 696
118 2690
118 2208
118 2691
118 2692
118 2485
118 2443
118 2444
118 2445
118 2446
118 2447
118 2448
118 2449
118 2450
118 2451
118 2454
118 2455
118 2456
118 2457
118 2458
118 2459
118 2461
118 2462
118 2463
118 2464
118 2465
118 2466
118 2269
118 2467
118 2469
118 2470
118 2471
118 2472
118 2611
118 2693
118 2694
118 2695
118 2696
118 2697
118 2614
118 2615
118 2616
118 2617
118 2698
118 2081
118 2664
118 2699
118 2700
118 2701
118 2702
118 2703
118 2704
118 2705
118 2706
118 2707
118 2708
118 2277
118 2486
118 2588
118 2216
118 2217
118 2218
118 2709
118 2710
118 2711
118 2712
118 2713
118 2714
118 2087
118 2715
118 2716
118 2717
118 2718
118 2719
118 2720
118 2721
118 2722
118 2723
118 2724
118 2725
118 2726
118 2727
118 2728
118 2729
118 2730
118 2731
118 2732
118 2733
118 2734
118 2735
118 2736
118 2737
118 2738
118 2739
118 2740
118 2741
118 2742
118 2743
118 2744
118 2745
118 2746
118 2747
118 2096
118 2748
118 2749
118 2750
118 2751
118 2752
118 2753
118 2754
118 2755
118 2756
118 2757
118 2758
118 2759
118 2760
118 2761
118 2762
118 2763
118 2764
118 2765
118 2766
118 2767
118 2768
118 2769
118 2770
118 2771
118 2772
118 2773
118 2774
118 2775
118 2776
118 2777
118 2778
118 2779
118 2780
118 2781
118 2782
118 2783
118 2784
118 2785
118 2786
118 2787
118 2788
118 2789
118 2790
118 2791
118 2792
118 2793
118 2794
118 2795
118 2796
118 2797
118 2798
118 2799
118 2800
118 2801
118 2802
118 2803
118 2804
118 2805
118 2806
118 2807
118 2808
118 2809
118 2810
118 2811
118 2812
118 2813
118 2814
118 2815
118 2816
118 2484
118 2817
118 2818
118 2819
118 2820
118 2821
118 2822
118 2823
118 2824
118 2825
118 2826
118 2827
118 2828
118 2829
119 157
119 158
119 249
119 250
119 254
119 408
119 566
119 268
119 201
119 202
119 1722
119 352
119 579
119 2097
119 203
119 276
119 278
119 161
119 206
119 281
119 509
119 208
119 282
119 702
119 591
119 595
119 809
119 443
119 859
119 718
119 294
119 124
119 610
119 164
119 611
119 364
119 614
119 154
119 168
119 890
119 127
119 618
119 726
119 620
119 367
119 727
119 216
119 896
119 625
119 2533
119 732
119 1402
119 733
119 525
119 526
119 2114
119 633
119 635
119 567
119 1570
119 952
119 956
119 641
119 1576
119 746
119 227
119 1577
119 500
119 343
119 747
119 234
119 665
119 544
119 2375
119 1592
119 545
119 1429
119 2504
119 550
119 551
119 2060
119 2378
119 1631
119 678
119 2508
119 2572
119 561
119 503
119 2022
120 157
120 152
120 196
120 253
120 254
120 259
120 260
120 269
120 576
120 351
120 417
120 271
120 160
120 584
120 421
120 353
120 2628
120 589
120 590
120 285
120 289
120 122
120 606
120 608
120 519
120 297
120 124
120 166
120 362
120 255
120 363
120 167
120 168
120 494
120 622
120 623
120 457
120 2593
120 729
120 523
120 631
120 371
120 634
120 318
120 639
120 171
120 220
120 2392
120 173
120 534
120 227
120 537
120 326
120 644
120 646
120 328
120 568
120 256
120 1579
120 2830
120 647
120 650
120 652
120 653
120 752
120 654
120 2534
120 655
120 656
120 657
120 2831
120 2634
120 658
120 660
120 661
120 662
120 663
120 2832
120 667
120 2640
120 670
120 997
120 387
120 2503
120 679
120 680
120 681
120 2833
120 2834
120 2613
121 235
121 244
121 195
121 197
121 252
121 253
121 198
121 778
121 254
121 505
121 257
121 258
121 407
121 408
121 199
121 573
121 264
121 265
121 266
121 506
121 410
121 779
121 267
121 268
121 780
121 697
121 781
121 414
121 575
121 579
121 271
121 159
121 580
121 419
121 581
121 274
121 783
121 1105
121 699
121 276
121 353
121 2625
121 585
121 1466
121 425
121 426
121 1467
121 1540
121 2626
121 280
121 587
121 1541
121 1108
121 701
121 588
121 509
121 789
121 431
121 590
121 208
121 283
121 592
121 790
121 286
121 1992
121 2629
121 1825
121 704
121 793
121 795
121 796
121 797
121 290
121 594
121 437
121 595
121 798
121 596
121 511
121 800
121 1115
121 354
121 1472
121 802
121 804
121 598
121 806
121 1473
121 807
121 439
121 1474
121 808
121 810
121 1476
121 291
121 812
121 441
121 162
121 708
121 820
121 821
121 822
121 823
121 442
121 710
121 826
121 1122
121 1123
121 600
121 513
121 827
121 1481
121 832
121 836
121 1485
121 1127
121 714
121 1489
121 1490
121 1492
121 1494
121 849
121 602
121 851
121 1499
121 163
121 856
121 445
121 857
121 860
121 862
121 863
121 1505
121 1506
121 1508
121 1512
121 1515
121 1137
121 867
121 868
121 1521
121 720
121 1522
121 294
121 1524
121 1138
121 1142
121 1529
121 1144
121 879
121 1534
121 1535
121 360
121 165
121 1545
121 451
121 885
121 1546
121 886
121 613
121 299
121 615
121 453
121 303
121 366
121 1547
121 1548
121 1997
121 900
121 729
121 1161
121 1557
121 2550
121 458
121 913
121 2220
121 1559
121 2221
121 1561
121 2118
121 460
121 922
121 310
121 217
121 636
121 1999
121 2386
121 372
121 738
121 1566
121 1567
121 1837
121 934
121 1839
121 1898
121 936
121 314
121 567
121 743
121 1569
121 132
121 1570
121 947
121 639
121 950
121 1182
121 640
121 1571
121 222
121 2172
121 969
121 1728
121 971
121 972
121 2655
121 2500
121 2049
121 2002
121 2003
121 1573
121 2656
121 336
121 540
121 648
121 380
121 1584
121 381
121 651
121 1729
121 1586
121 984
121 1191
121 2657
121 1588
121 2658
121 2835
121 2659
121 1193
121 544
121 986
121 1199
121 1842
121 1591
121 1219
121 1734
121 669
121 2836
121 994
121 2541
121 2222
121 1597
121 1599
121 142
121 1004
121 1605
121 1606
121 1737
121 2122
121 1852
121 1009
121 1010
121 1610
121 476
121 1260
121 1261
121 1856
121 1282
121 1368
121 1383
121 1388
121 1023
121 480
121 2532
121 2028
121 1030
121 2223
121 765
121 2837
121 2603
121 2537
121 675
121 2376
121 2661
121 2051
121 2838
121 2518
121 484
121 389
121 1620
121 2473
121 392
121 485
121 2408
121 1631
121 2005
121 1456
121 1865
121 1432
121 1041
121 1634
121 1635
121 2662
121 552
121 1433
121 1644
121 1645
121 1646
121 1647
121 1043
121 1746
121 1654
121 2135
121 182
121 1660
121 1048
121 1661
121 2248
121 2519
121 1760
121 1763
121 1662
121 1458
121 1052
121 1784
121 2839
121 772
121 1058
121 1061
121 1063
121 1064
121 1066
121 1069
121 2009
121 2010
121 2575
121 1675
121 1072
121 1679
121 1681
121 2032
121 561
121 2228
121 2065
121 2185
121 1685
121 1690
121 1691
121 691
121 1692
121 692
121 401
121 1698
121 1699
121 1700
121 1701
121 402
121 1719
121 1720
121 2035
121 2055
121 1461
121 2414
121 2538
121 2663
121 2152
121 406
121 695
121 2840
121 2549
121 2056
121 2040
121 2841
121 2842
121 2020
121 2021
121 2022
121 2520
121 2585
121 2476
121 1944
121 2695
121 2586
122 239
122 191
122 245
122 247
122 248
122 197
122 257
122 258
122 259
122 199
122 261
122 1101
122 506
122 268
122 413
122 269
122 415
122 698
122 418
122 273
122 420
122 1103
122 1105
122 699
122 1106
122 785
122 508
122 423
122 1107
122 700
122 787
122 2627
122 1824
122 427
122 429
122 430
122 1109
122 701
122 590
122 1112
122 703
122 284
122 285
122 288
122 1114
122 704
122 797
122 290
122 511
122 801
122 1116
122 802
122 807
122 439
122 809
122 709
122 823
122 1120
122 1121
122 825
122 355
122 710
122 1122
122 513
122 828
122 711
122 712
122 1126
122 835
122 837
122 840
122 841
122 842
122 1130
122 850
122 209
122 444
122 851
122 1131
122 163
122 855
122 445
122 358
122 858
122 717
122 859
122 1508
122 718
122 1514
122 1134
122 1135
122 1139
122 1140
122 1141
122 517
122 1526
122 605
122 873
122 1142
122 1143
122 123
122 875
122 448
122 1144
122 878
122 1535
122 1145
122 1147
122 450
122 886
122 299
122 302
122 893
122 367
122 2099
122 1159
122 727
122 622
122 624
122 1828
122 1829
122 628
122 1163
122 908
122 1164
122 458
122 1832
122 459
122 919
122 460
122 1169
122 1170
122 1175
122 1179
122 310
122 1180
122 313
122 739
122 1566
122 1837
122 1838
122 935
122 937
122 940
122 375
122 941
122 131
122 638
122 1840
122 947
122 1726
122 133
122 318
122 466
122 147
122 1435
122 220
122 957
122 2391
122 958
122 1183
122 965
122 2172
122 172
122 470
122 378
122 1454
122 534
122 537
122 326
122 137
122 568
122 230
122 1185
122 1186
122 1407
122 980
122 751
122 1188
122 752
122 471
122 472
122 1189
122 1192
122 1195
122 1197
122 1198
122 1731
122 1732
122 1842
122 987
122 2843
122 1203
122 1205
122 473
122 755
122 1206
122 1207
122 1208
122 1209
122 1210
122 1212
122 1213
122 1845
122 1216
122 1219
122 1223
122 756
122 668
122 1227
122 990
122 1229
122 1230
122 1232
122 1237
122 1238
122 1239
122 1245
122 2844
122 1248
122 1254
122 1437
122 1850
122 1255
122 1851
122 475
122 1256
122 1852
122 1853
122 2123
122 2247
122 1854
122 476
122 1259
122 1260
122 1261
122 1856
122 1611
122 1271
122 1857
122 1858
122 761
122 1273
122 1274
122 1275
122 1276
122 1277
122 1860
122 1283
122 1285
122 762
122 1293
122 1294
122 1302
122 764
122 1314
122 1315
122 1316
122 1329
122 1333
122 1337
122 1343
122 1347
122 1378
122 1381
122 1388
122 1389
122 1392
122 1393
122 1398
122 387
122 1399
122 1400
122 765
122 1032
122 1439
122 1034
122 2845
122 2131
122 769
122 1040
122 1866
122 1042
122 1443
122 393
122 1869
122 1046
122 1809
122 2846
122 558
122 1871
122 395
122 1881
122 1889
122 1890
122 1891
122 1062
122 1894
122 687
122 2847
122 2389
122 2442
122 2848
122 2415
122 2203
123 156
123 157
123 239
123 240
123 191
123 243
123 244
123 245
123 193
123 247
123 248
123 195
123 252
123 778
123 257
123 258
123 408
123 199
123 265
123 268
123 415
123 202
123 698
123 416
123 2097
123 274
123 507
123 783
123 584
123 276
123 353
123 785
123 1107
123 700
123 425
123 787
123 788
123 206
123 430
123 701
123 789
123 431
123 590
123 208
123 592
123 284
123 791
123 434
123 286
123 435
123 288
123 289
123 436
123 797
123 799
123 706
123 511
123 354
123 801
123 807
123 439
123 291
123 441
123 815
123 1118
123 817
123 818
123 709
123 1120
123 824
123 355
123 1125
123 356
123 836
123 514
123 837
123 841
123 292
123 714
123 843
123 849
123 444
123 851
123 163
123 855
123 715
123 445
123 358
123 858
123 861
123 293
123 446
123 862
123 1503
123 718
123 1514
123 517
123 1526
123 605
123 874
123 875
123 448
123 880
123 1535
123 882
123 1147
123 724
123 296
123 214
123 450
123 451
123 885
123 886
123 887
123 613
123 725
123 299
123 301
123 616
123 455
123 302
123 127
123 893
123 367
123 727
123 304
123 628
123 1163
123 908
123 911
123 459
123 732
123 1402
123 913
123 460
123 1170
123 130
123 310
123 311
123 461
123 1565
123 1566
123 373
123 530
123 1837
123 932
123 463
123 939
123 941
123 131
123 638
123 133
123 466
123 319
123 949
123 147
123 950
123 1435
123 1182
123 220
123 957
123 2391
123 958
123 1183
123 1436
123 222
123 966
123 469
123 969
123 470
123 320
123 378
123 642
123 2049
123 224
123 322
123 499
123 2359
123 137
123 541
123 234
123 138
123 381
123 1219
123 1248
123 174
123 175
123 1408
123 2174
123 757
123 1437
123 1850
123 1438
123 141
123 1413
123 1001
123 1414
123 1603
123 1006
123 547
123 2121
123 1608
123 1008
123 1255
123 1851
123 1737
123 475
123 2122
123 2123
123 1610
123 760
123 1854
123 1264
123 1856
123 761
123 1400
123 1032
123 1439
123 1034
123 1036
123 676
123 1038
123 766
123 2131
123 551
123 1040
123 1441
123 1042
123 1443
123 1444
123 1773
123 1054
123 772
123 1445
123 1894
123 2144
123 687
123 2032
123 1073
123 2228
123 401
123 1082
123 2203
123 1447
123 2396
123 1098
123 1449
123 2549
123 2368
123 2401
123 1450
123 2209
123 2692
124 195
124 253
124 254
124 408
124 199
124 417
124 160
124 272
124 589
124 590
124 596
124 597
124 511
124 601
124 608
124 610
124 164
124 611
124 167
124 615
124 523
124 629
124 630
124 631
124 315
124 975
124 537
124 2402
124 646
124 343
124 647
124 648
124 981
124 653
124 654
124 657
124 660
124 662
124 667
124 384
124 691
124 696
125 157
125 158
125 187
125 240
125 191
125 195
125 200
125 262
125 350
125 577
125 351
125 270
125 271
125 159
125 584
125 276
125 353
125 206
125 207
125 1541
125 590
125 592
125 510
125 595
125 493
125 294
125 722
125 605
125 1532
125 297
125 361
125 165
125 364
125 365
125 889
125 618
125 727
125 895
125 496
125 1552
125 1553
125 370
125 733
125 307
125 2115
125 218
125 372
125 1565
125 315
125 376
125 377
125 952
125 640
125 2500
125 135
125 2665
125 535
125 2630
125 322
125 499
125 1574
125 536
125 2359
125 1576
125 2501
125 328
125 329
125 335
125 231
125 348
125 349
125 977
125 982
125 542
125 543
125 2374
125 984
125 2631
125 382
125 383
125 757
125 1000
125 1604
125 674
125 676
125 2649
125 389
125 1622
125 1623
125 1625
125 2504
125 2029
125 1628
125 2637
125 391
125 2505
125 2506
125 1644
125 1650
125 394
125 1656
125 1657
125 1883
125 2507
125 2508
125 1674
125 397
125 560
125 2150
125 399
125 2652
125 400
125 562
125 1684
125 1078
125 1079
125 1081
125 693
125 2380
125 503
125 491
125 504
125 2230
125 2381
125 2632
125 2509
125 1096
125 2365
126 158
126 241
126 245
126 246
126 2591
126 200
126 262
126 565
126 1102
126 413
126 201
126 269
126 577
126 578
126 270
126 271
126 160
126 584
126 421
126 786
126 146
126 425
126 586
126 279
126 207
126 2628
126 280
126 281
126 1541
126 289
126 1113
126 1470
126 595
126 1478
126 600
126 1498
126 357
126 358
126 1510
126 294
126 604
126 606
126 873
126 884
126 360
126 519
126 610
126 1546
126 614
126 453
126 2522
126 616
126 619
126 1548
126 1550
126 2592
126 2162
126 2102
126 900
126 729
126 626
126 1160
126 368
126 2594
126 2372
126 1553
126 1554
126 629
126 2499
126 1557
126 731
126 306
126 371
126 634
126 2596
126 1563
126 1564
126 315
126 1454
126 973
126 535
126 325
126 1577
126 537
126 500
126 2597
126 2402
126 2633
126 327
126 2403
126 645
126 646
126 332
126 334
126 349
126 1579
126 2523
126 1580
126 2830
126 1581
126 648
126 2598
126 2026
126 2599
126 2639
126 650
126 976
126 2600
126 977
126 1582
126 652
126 654
126 982
126 2851
126 1585
126 1586
126 1587
126 661
126 662
126 663
126 382
126 993
126 2602
126 2543
126 2059
126 996
126 997
126 1601
126 1000
126 1342
126 1613
126 1614
126 2361
126 1615
126 2852
126 674
126 1029
126 1626
126 2637
126 390
126 1629
126 1630
126 677
126 1865
126 1646
126 1648
126 1867
126 1649
126 394
126 2535
126 1657
126 2853
126 2854
126 1046
126 557
126 772
126 2536
126 2606
126 1682
126 1708
126 1709
126 1711
126 1712
126 1713
126 2406
126 694
126 2608
126 2038
126 1099
126 2642
126 2548
126 2609
126 2855
126 2856
126 2857
126 2524
126 2611
126 1942
126 2858
126 2859
126 2695
126 2833
126 2613
126 2615
126 2422
126 2619
126 2860
126 2861
126 2862
126 2863
126 2525
126 2864
126 2713
126 2865
126 2866
126 2867
126 1965
126 2526
126 2527
126 2714
127 245
127 247
127 195
127 258
127 200
127 2371
127 264
127 350
127 266
127 574
127 268
127 780
127 781
127 202
127 1722
127 352
127 579
127 270
127 2097
127 203
127 204
127 581
127 507
127 783
127 1104
127 421
127 2624
127 784
127 276
127 1106
127 161
127 2626
127 206
127 427
127 207
127 2628
127 281
127 701
127 509
127 789
127 431
127 208
127 282
127 591
127 592
127 790
127 284
127 792
127 286
127 287
127 1114
127 795
127 796
127 510
127 437
127 595
127 493
127 798
127 354
127 512
127 809
127 810
127 1478
127 1479
127 827
127 833
127 356
127 514
127 515
127 713
127 841
127 714
127 844
127 845
127 847
127 1494
127 849
127 1495
127 850
127 209
127 1500
127 210
127 516
127 717
127 860
127 861
127 293
127 1503
127 359
127 863
127 865
127 603
127 1511
127 718
127 1133
127 294
127 721
127 447
127 1525
127 870
127 871
127 604
127 722
127 605
127 875
127 448
127 878
127 879
127 608
127 1536
127 1146
127 360
127 212
127 165
127 451
127 885
127 1546
127 611
127 887
127 298
127 613
127 614
127 365
127 154
127 889
127 725
127 302
127 1547
127 890
127 617
127 891
127 618
127 619
127 1993
127 521
127 892
127 726
127 620
127 1994
127 1549
127 1995
127 621
127 893
127 367
127 1827
127 522
127 494
127 727
127 216
127 895
127 2101
127 2592
127 624
127 2162
127 2102
127 1997
127 1452
127 897
127 495
127 898
127 899
127 2103
127 728
127 901
127 625
127 626
127 1453
127 2104
127 368
127 902
127 903
127 904
127 2372
127 496
127 305
127 1552
127 2105
127 905
127 2219
127 1830
127 369
127 1554
127 2499
127 1556
127 1557
127 2107
127 906
127 907
127 2550
127 2108
127 908
127 2109
127 1164
127 909
127 1831
127 910
127 2595
127 2868
127 2111
127 1165
127 911
127 306
127 1558
127 1833
127 912
127 2112
127 732
127 1402
127 1166
127 2113
127 2168
127 2551
127 2114
127 914
127 632
127 633
127 915
127 916
127 635
127 734
127 2116
127 2552
127 2117
127 2672
127 529
127 1835
127 2171
127 737
127 1178
127 311
127 928
127 217
127 1563
127 929
127 2386
127 372
127 1565
127 373
127 374
127 530
127 2119
127 1837
127 1898
127 936
127 742
127 131
127 2553
127 1181
127 531
127 1435
127 952
127 956
127 957
127 2001
127 958
127 640
127 641
127 961
127 962
127 470
127 378
127 224
127 974
127 2373
127 2002
127 1573
127 535
127 2630
127 322
127 975
127 746
127 137
127 332
127 335
127 336
127 343
127 344
127 231
127 348
127 349
127 649
127 1582
127 978
127 541
127 234
127 380
127 748
127 381
127 979
127 980
127 2393
127 981
127 2027
127 982
127 2374
127 983
127 985
127 667
127 986
127 1731
127 1842
127 1203
127 2555
127 2556
127 570
127 140
127 2557
127 2375
127 474
127 1592
127 991
127 2836
127 1593
127 1594
127 992
127 383
127 993
127 2602
127 2869
127 2666
127 2651
127 1409
127 757
127 2870
127 995
127 996
127 1602
127 759
127 1004
127 1604
127 1006
127 1605
127 2559
127 1008
127 1610
127 1011
127 672
127 761
127 1015
127 1282
127 1287
127 1310
127 1325
127 1017
127 1350
127 1367
127 1383
127 1384
127 1023
127 1613
127 1025
127 1026
127 2560
127 1614
127 2127
127 1027
127 2128
127 388
127 674
127 2561
127 2130
127 1426
127 1036
127 2681
127 676
127 1430
127 2649
127 2871
127 1431
127 1623
127 1624
127 2504
127 2029
127 390
127 2060
127 2377
127 2378
127 2005
127 770
127 678
127 1432
127 1041
127 2546
127 2565
127 1637
127 2132
127 1641
127 1644
127 1867
127 1651
127 1654
127 1045
127 2566
127 2135
127 1048
127 1813
127 2872
127 2225
127 1058
127 1895
127 559
127 1064
127 1065
127 1066
127 2567
127 1672
127 2568
127 2138
127 2139
127 2508
127 2569
127 1673
127 2141
127 1070
127 2142
127 773
127 2063
127 1674
127 2575
127 2576
127 2011
127 1676
127 2577
127 396
127 2578
127 2146
127 2579
127 1677
127 2149
127 397
127 775
127 776
127 2873
127 1693
127 1699
127 1707
127 1080
127 1721
127 1083
127 2012
127 2379
127 1085
127 2475
127 504
127 2381
127 1462
127 1090
127 2583
127 1092
127 2383
127 2204
127 2233
127 2155
127 2416
127 2207
127 696
127 2208
127 2584
127 2420
127 2586
127 2024
127 2587
127 2157
127 2215
128 258
128 1102
128 273
128 420
128 1106
128 1107
128 282
128 1112
128 290
128 800
128 809
128 1478
128 710
128 831
128 839
128 865
128 1139
128 873
128 1531
128 884
128 624
128 1162
128 628
128 2435
128 1164
128 459
128 915
128 1835
128 2169
128 2673
128 2675
128 1584
128 1185
128 750
128 1205
128 1213
128 1217
128 1225
128 2246
128 1241
128 1249
128 1253
128 2124
128 1416
128 1292
128 1304
128 1336
128 1348
128 1366
128 1372
128 1379
128 1382
128 1394
128 387
128 2436
128 2680
128 2437
128 2482
128 2438
128 2439
128 2134
128 1046
128 2440
128 683
128 1911
128 772
128 1881
128 1882
128 2141
128 2147
128 1463
128 2154
128 2205
128 2485
128 2446
128 2447
128 2449
128 2450
128 2456
128 2457
128 2459
128 2460
128 2463
128 2466
128 2269
128 2469
128 2471
128 2472
128 2211
128 2860
128 2701
128 2486
128 2216
128 2711
128 2712
128 2721
128 2728
128 2729
128 2731
128 2735
128 2740
128 2741
128 2744
128 2745
128 2747
128 2754
128 2760
128 2763
128 2788
128 2798
128 2808
128 2811
128 2815
128 2484
128 2826
128 2828
128 2829
128 2874
129 239
129 252
129 258
129 261
129 412
129 697
129 782
129 698
129 203
129 277
129 278
129 1541
129 702
129 799
129 809
129 292
129 861
129 718
129 1544
129 724
129 365
129 618
129 1549
129 895
129 1556
129 907
129 2112
129 732
129 918
129 919
129 2170
129 309
129 1168
129 1169
129 1172
129 923
129 1403
129 2875
129 2674
129 925
129 926
129 130
129 1178
129 927
129 310
129 312
129 463
129 1818
129 467
129 640
129 966
129 469
129 320
129 1406
129 379
129 347
129 349
129 1582
129 234
129 748
129 1186
129 1187
129 1407
129 979
129 980
129 658
129 1207
129 2556
129 570
129 1408
129 2876
129 2666
129 176
129 1410
129 2059
129 1411
129 141
129 1413
129 1001
129 1414
129 385
129 1415
129 1257
129 1417
129 1279
129 1863
129 1285
129 1316
129 1326
129 1389
129 1418
129 1419
129 177
129 2487
129 2362
129 1420
129 2838
129 2545
129 1422
129 482
129 2488
129 2489
129 2644
129 2635
129 2363
129 1423
129 1424
129 1425
129 2562
129 2395
129 1426
129 2434
129 2490
129 2681
129 1427
129 1428
129 2645
129 1429
129 2877
129 389
129 767
129 1620
129 2491
129 2492
129 2878
129 1431
129 1643
129 2493
129 2494
129 2136
129 2578
129 1434
129 1462
129 1093
129 2879
129 2880
129 2365
129 2204
129 2648
129 2667
129 2367
129 2369
129 2370
129 2462
129 2498
130 239
130 252
130 258
130 261
130 266
130 1102
130 412
130 697
130 414
130 415
130 698
130 273
130 699
130 277
130 788
130 206
130 429
130 432
130 790
130 809
130 162
130 824
130 825
130 355
130 292
130 850
130 163
130 861
130 293
130 724
130 725
130 456
130 1152
130 304
130 2165
130 2112
130 919
130 2170
130 2171
130 735
130 736
130 920
130 921
130 923
130 1403
130 2875
130 925
130 310
130 312
130 463
130 467
130 468
130 1404
130 966
130 320
130 224
130 1406
130 2359
130 336
130 349
130 1583
130 234
130 138
130 748
130 381
130 1186
130 1187
130 1407
130 979
130 980
130 2634
130 1207
130 1225
130 756
130 1408
130 2876
130 176
130 1410
130 2542
130 1411
130 997
130 141
130 1413
130 1001
130 1414
130 1851
130 1416
130 1417
130 1279
130 1863
130 1285
130 1316
130 1326
130 1389
130 387
130 2361
130 765
130 177
130 2487
130 2362
130 2129
130 1420
130 1421
130 2838
130 2545
130 1422
130 482
130 2488
130 2489
130 2644
130 2635
130 2363
130 1423
130 1424
130 1425
130 2562
130 2881
130 1426
130 2434
130 2882
130 2490
130 2681
130 1427
130 2883
130 1428
130 2645
130 2877
130 2647
130 767
130 1620
130 2491
130 1440
130 2492
130 2878
130 1431
130 2493
130 2494
130 2136
130 1674
130 1434
130 2186
130 2188
130 2189
130 2191
130 1083
130 2196
130 2199
130 2200
130 2880
130 2204
130 2648
130 2367
130 2370
130 2213
130 2498
131 235
131 156
131 243
131 245
131 193
131 247
131 257
131 258
131 199
131 266
131 274
131 507
131 785
131 700
131 425
131 161
131 284
131 791
131 288
131 436
131 809
131 441
131 162
131 709
131 1120
131 355
131 831
131 837
131 840
131 841
131 444
131 163
131 858
131 293
131 862
131 1503
131 603
131 1133
131 448
131 1147
131 214
131 450
131 886
131 520
131 255
131 299
131 616
131 1549
131 893
131 367
131 1551
131 2550
131 908
131 912
131 2112
131 460
131 1170
131 1175
131 372
131 461
131 1837
131 463
131 942
131 376
131 316
131 133
131 466
131 147
131 1435
131 1182
131 469
131 968
131 378
131 972
131 233
131 138
131 1219
131 2556
131 174
131 1438
131 1413
131 1414
131 2121
131 1008
131 1255
131 760
131 1264
131 1856
131 761
131 1329
131 387
131 1025
131 2130
131 1034
131 1035
131 676
131 1430
131 1627
131 1040
131 1441
131 502
131 1443
131 1444
131 2884
131 772
131 2580
131 2228
131 1687
131 1074
131 1689
131 1082
131 1447
131 2396
131 1449
131 2040
131 1450
131 2209
131 2885
131 2886
131 2697
132 193
132 195
132 250
132 778
132 505
132 408
132 2371
132 264
132 265
132 779
132 267
132 159
132 419
132 274
132 507
132 783
132 785
132 426
132 2627
132 428
132 701
132 509
132 789
132 431
132 208
132 432
132 283
132 284
132 434
132 286
132 1825
132 436
132 797
132 493
132 596
132 511
132 800
132 354
132 801
132 802
132 803
132 806
132 439
132 810
132 291
132 819
132 823
132 442
132 828
132 831
132 833
132 356
132 835
132 836
132 714
132 1489
132 849
132 209
132 851
132 854
132 445
132 860
132 293
132 446
132 862
132 864
132 1511
132 1512
132 1521
132 1527
132 605
132 449
132 1531
132 878
132 518
132 211
132 214
132 451
132 298
132 888
132 301
132 302
132 366
132 1996
132 1161
132 459
132 913
132 2025
132 1559
132 632
132 2552
132 1561
132 1835
132 460
132 217
132 218
132 2386
132 462
132 373
132 1836
132 935
132 937
132 464
132 940
132 945
132 947
132 531
132 220
132 956
132 964
132 2049
132 1573
132 2630
132 225
132 538
132 137
132 2657
132 1588
132 988
132 990
132 1595
132 2120
132 673
132 1388
132 1392
132 1393
132 480
132 2532
132 388
132 1624
132 2473
132 2408
132 1039
132 1632
132 1633
132 1865
132 771
132 1041
132 1634
132 1042
132 1043
132 1910
132 1801
132 2142
132 777
132 1075
132 692
132 1702
132 1088
132 2415
132 2230
132 2382
132 2668
132 2612
133 235
133 156
133 157
133 243
133 245
133 193
133 195
133 252
133 257
133 258
133 199
133 265
133 268
133 415
133 274
133 276
133 425
133 206
133 283
133 284
133 354
133 807
133 439
133 291
133 709
133 355
133 513
133 837
133 515
133 444
133 163
133 718
133 448
133 878
133 450
133 451
133 886
133 299
133 453
133 455
133 893
133 367
133 1829
133 908
133 732
133 1402
133 528
133 529
133 310
133 218
133 463
133 937
133 939
133 147
133 220
133 1436
133 2357
133 469
133 378
133 224
133 347
133 348
133 380
133 1584
133 381
133 1248
133 2556
133 174
133 2360
133 1438
133 1414
133 2121
133 1608
133 1851
133 1737
133 1610
133 1264
133 761
133 1293
133 1032
133 1439
133 2130
133 676
133 1441
133 502
133 1443
133 1444
133 772
133 2032
133 401
133 490
133 1447
133 2396
133 1450
134 276
134 1466
134 587
134 1992
134 810
134 857
134 1559
134 1172
134 1567
134 1898
134 969
134 971
134 2656
134 1588
134 669
134 1014
134 480
134 2223
134 2661
134 2662
134 2519
134 1461
134 1094
134 2663
134 2020
134 2520
134 2046
134 2887
135 157
135 152
135 187
135 153
135 240
135 192
135 193
135 505
135 261
135 200
135 565
135 352
135 271
135 276
135 353
135 146
135 508
135 1470
135 510
135 493
135 513
135 1519
135 605
135 297
135 164
135 255
135 364
135 452
135 167
135 2104
135 1553
135 2499
135 631
135 306
135 370
135 733
135 526
135 528
135 1565
135 376
135 639
135 466
135 171
135 319
135 377
135 532
135 2500
135 1454
135 224
135 2002
135 535
135 2630
135 2358
135 499
135 1574
135 536
135 2501
135 227
135 500
135 137
135 539
135 329
135 331
135 228
135 334
135 229
135 342
135 231
135 233
135 982
135 543
135 569
135 2502
135 984
135 2831
135 658
135 2631
135 666
135 2556
135 570
135 991
135 383
135 671
135 2360
135 2666
135 757
135 2503
135 2130
135 1617
135 389
135 1618
135 1621
135 2636
135 1628
135 391
135 550
135 677
135 551
135 2505
135 2506
135 1456
135 2405
135 682
135 1058
135 1883
135 2507
135 2508
135 398
135 560
135 399
135 400
135 562
135 1684
135 1689
135 401
135 563
135 693
135 491
135 149
135 504
135 2230
135 2381
135 2632
135 2509
135 2365
135 695
135 2510
135 1450
136 192
136 193
136 200
136 269
136 202
136 160
136 275
136 146
136 586
136 285
136 289
136 290
136 294
136 606
136 873
136 1532
136 361
136 611
136 364
136 2592
136 457
136 2593
136 2102
136 2372
136 1553
136 631
136 306
136 733
136 916
136 634
136 319
136 2391
136 173
136 535
136 2630
136 536
136 325
136 537
136 500
136 326
136 2597
136 2402
136 2633
136 2403
136 1578
136 644
136 646
136 137
136 539
136 332
136 334
136 337
136 1579
136 2523
136 2830
136 540
136 2639
136 650
136 977
136 982
136 569
136 2831
136 753
136 991
136 2602
136 384
136 1819
136 1285
136 1329
136 387
136 2503
136 1621
136 768
136 1630
136 677
136 2505
136 1867
136 555
136 2355
136 2535
136 2853
136 2854
136 1046
136 557
136 1766
136 2409
136 2606
136 1711
136 2406
136 2038
136 1099
136 2856
136 2417
136 2859
136 2619
136 2860
136 2862
136 2863
136 2525
136 2864
136 2713
137 157
137 152
137 240
137 245
137 192
137 195
137 251
137 258
137 259
137 780
137 269
137 414
137 417
137 271
137 203
137 160
137 273
137 420
137 784
137 785
137 508
137 422
137 788
137 280
137 430
137 1109
137 509
137 590
137 208
137 283
137 284
137 285
137 792
137 288
137 1114
137 797
137 290
137 705
137 437
137 354
137 1478
137 709
137 355
137 710
137 513
137 827
137 833
137 356
137 514
137 515
137 292
137 849
137 850
137 854
137 855
137 358
137 717
137 860
137 1503
137 865
137 1525
137 722
137 1526
137 605
137 607
137 878
137 1533
137 609
137 1536
137 519
137 297
137 164
137 362
137 611
137 520
137 364
137 154
137 889
137 725
137 1547
137 521
137 892
137 726
137 620
137 1995
137 893
137 367
137 2099
137 1159
137 2100
137 894
137 727
137 216
137 2101
137 622
137 624
137 304
137 1997
137 1452
137 728
137 1453
137 524
137 902
137 2106
137 628
137 2499
137 2435
137 908
137 909
137 631
137 911
137 306
137 912
137 733
137 497
137 525
137 2113
137 526
137 916
137 634
137 460
137 309
137 928
137 1998
137 738
137 466
137 319
137 220
137 744
137 952
137 958
137 470
137 320
137 378
137 173
137 322
137 536
137 746
137 500
137 326
137 328
137 540
137 647
137 649
137 651
137 1229
137 1254
137 991
137 383
137 757
137 1006
137 760
137 1025
137 2128
137 2130
137 1036
137 767
137 768
137 2405
137 557
137 2566
137 2356
137 1662
137 1057
137 558
137 1058
137 2140
137 2011
137 2180
137 2579
137 2053
137 398
137 775
137 776
137 777
137 687
137 1820
137 1079
137 1714
137 1081
137 2186
137 2195
137 2012
137 1085
137 2380
137 503
137 2202
137 2415
137 1089
137 1090
137 2382
137 2151
137 2608
137 1092
137 695
137 2155
137 2416
137 2417
137 2466
138 193
138 195
138 258
138 261
138 573
138 274
138 425
138 709
138 1121
138 444
138 163
138 858
138 861
138 1514
138 448
138 214
138 450
138 299
138 455
138 1552
138 908
138 1817
138 634
138 1169
138 1175
138 310
138 1837
138 637
138 463
138 1435
138 2391
138 959
138 1436
138 2357
138 320
138 379
138 349
138 748
138 1186
138 140
138 175
138 1849
138 757
138 1437
138 2059
138 1438
138 141
138 1413
138 1001
138 1008
138 2175
138 2123
138 1856
138 387
138 1401
138 2362
138 2518
138 2130
138 2395
138 1426
138 483
138 2131
138 1431
138 1441
138 1444
138 1650
138 182
138 1445
138 559
138 2228
138 2396
138 1449
138 2397
138 2549
138 2398
138 2367
138 2368
138 2401
138 2209
138 2370
139 249
139 197
139 1541
139 806
139 714
139 1506
139 364
139 302
139 2167
139 945
139 2888
139 2393
139 1899
139 2889
139 1226
139 1244
139 2120
139 1015
139 1016
139 1299
139 1309
139 1318
139 1353
139 478
139 1363
139 1368
139 1369
139 1393
139 1396
139 2223
139 1865
139 1636
139 1743
139 1905
139 143
139 1779
139 1785
139 1796
139 1811
139 685
139 396
139 1682
139 1914
139 2068
139 1683
139 1918
139 1924
139 1706
139 1715
139 2055
139 2668
139 406
139 695
139 2399
139 2079
139 2080
139 1955
139 1961
139 1963
139 1964
139 1966
139 2088
139 2091
139 2390
139 1983
139 2092
139 1991
140 245
140 781
140 579
140 270
140 161
140 206
140 207
140 281
140 591
140 791
140 595
140 163
140 861
140 718
140 450
140 886
140 725
140 299
140 1549
140 908
140 637
140 147
140 2357
140 469
140 224
140 231
140 381
140 175
140 995
140 1438
140 1008
140 2123
140 1610
140 1856
140 1400
140 1401
140 2562
140 2395
140 1037
140 2131
140 502
140 182
140 401
140 1449
140 2398
141 239
141 252
141 778
141 258
141 1102
141 412
141 414
141 415
141 698
141 699
141 277
141 791
141 809
141 825
141 355
141 292
141 850
141 358
141 861
141 1514
141 301
141 1402
141 1168
141 1169
141 1403
141 2674
141 925
141 310
141 312
141 463
141 946
141 466
141 467
141 1404
141 966
141 320
141 1406
141 379
141 234
141 748
141 1186
141 1407
141 979
141 980
141 1207
141 1210
141 756
141 1408
141 176
141 1410
141 997
141 1413
141 1414
141 1607
141 1008
141 1851
141 1415
141 1257
141 1863
141 1285
141 1316
141 1326
141 2361
141 1418
141 1419
141 177
141 2487
141 2362
141 2129
141 1420
141 1421
141 2545
141 1422
141 482
141 2488
141 2489
141 2644
141 2635
141 1424
141 1425
141 2881
141 2434
141 1034
141 2882
141 2490
141 1427
141 2883
141 1428
141 2645
141 2646
141 2647
141 767
141 1620
141 2491
141 1440
141 2492
141 2890
141 2878
141 2891
141 1624
141 2494
141 2136
141 1073
141 1684
141 2397
141 2369
141 2370
142 191
142 778
142 1723
142 507
142 1108
142 790
142 434
142 704
142 796
142 511
142 803
142 806
142 439
142 1474
142 291
142 440
142 820
142 821
142 826
142 827
142 711
142 854
142 445
142 857
142 862
142 1535
142 883
142 932
142 934
142 951
142 744
142 957
142 971
142 1575
142 647
142 1729
142 1900
142 987
142 1226
142 1244
142 2557
142 384
142 999
142 1602
142 1736
142 1010
142 1258
142 1268
142 1015
142 1282
142 1286
142 2004
142 1299
142 1309
142 1318
142 1333
142 1350
142 1353
142 478
142 1363
142 1367
142 1368
142 1369
142 1022
142 1396
142 501
142 483
142 1738
142 769
142 1903
142 1739
142 1865
142 1904
142 1740
142 1742
142 1743
142 1744
142 1043
142 1745
142 1746
142 1747
142 1907
142 1750
142 143
142 1751
142 1752
142 1754
142 1048
142 1756
142 1050
142 1761
142 1762
142 1662
142 1766
142 1767
142 1770
142 1772
142 1663
142 1458
142 1773
142 1778
142 1665
142 1051
142 1053
142 1779
142 1781
142 1667
142 487
142 1786
142 1787
142 1788
142 1790
142 1791
142 1792
142 1794
142 1795
142 1796
142 1668
142 1669
142 1798
142 1799
142 1800
142 1803
142 1804
142 1805
142 1806
142 1807
142 1808
142 1809
142 1811
142 1812
142 1813
142 488
142 1061
142 1680
142 2411
142 1682
142 2067
142 1919
142 1924
142 1929
142 2073
142 1074
142 1690
142 1702
142 1706
142 1932
142 2075
142 2414
142 1937
142 2206
142 2207
142 1939
142 1942
142 1947
142 1956
142 1958
142 1961
142 2083
142 1963
142 1970
142 1972
142 2089
142 2090
142 2091
142 1976
142 1977
142 1978
142 2479
143 191
143 582
143 1108
143 711
143 712
143 1506
143 318
143 971
143 1578
143 1729
143 1730
143 1208
143 1226
143 1244
143 1901
143 1602
143 1736
143 1268
143 1015
143 1286
143 1299
143 1309
143 1318
143 1353
143 478
143 1363
143 1367
143 1368
143 1369
143 1396
143 1397
143 1738
143 1903
143 1904
143 1743
143 1905
143 1745
143 1749
143 1750
143 1751
143 1909
143 1910
143 1753
143 1761
143 1662
143 1766
143 1767
143 1768
143 1772
143 1458
143 1051
143 1053
143 1779
143 1780
143 487
143 1787
143 1788
143 1792
143 1793
143 1795
143 1669
143 1798
143 1799
143 1800
143 1802
143 1803
143 1805
143 1808
143 1810
143 1811
143 488
143 683
143 684
143 2409
143 2411
143 2064
143 1912
143 1914
143 1915
143 1916
143 1683
143 1917
143 1918
143 1919
143 1920
143 2069
143 1921
143 1922
143 1923
143 1924
143 1925
143 1927
143 1928
143 2430
143 1929
143 2071
143 2073
143 1931
143 1932
143 1933
143 1934
143 1936
143 1938
143 1940
143 2078
143 2458
143 1942
143 1944
143 1945
143 1946
143 1947
143 1948
143 1949
143 1950
143 1951
143 1952
143 1953
143 2423
143 2082
143 1954
143 1955
143 1956
143 1957
143 1958
143 1959
143 1960
143 1961
143 2083
143 1962
143 1963
143 1964
143 1966
143 1967
143 2425
143 1968
143 2085
143 1969
143 1970
143 1972
143 2088
143 2427
143 2089
143 1974
143 2090
143 1975
143 2091
143 1976
143 1977
143 1978
143 1979
143 2479
143 1980
143 1981
143 2390
143 1983
143 1984
143 2481
143 2892
143 2094
143 1985
143 1986
143 1987
143 1988
143 1989
143 2433
143 2095
143 1990
143 1991
2245 413
2245 700
2245 989
2245 1199
2245 1733
2245 1734
2246 413
2246 429
2246 581
2246 1102
2246 1185
2246 1218
2246 1234
2246 1394
2246 1846
2246 2484
2247 414
2247 415
2247 430
2247 1175
2247 1183
2247 1514
2248 480
2248 581
2248 779
2248 1105
2248 1127
2248 1261
2248 2046
2248 2519
2249 581
144 586
144 1711
144 2856
144 2857
144 2526
2251 581
2251 1235
2251 1885
2251 2255
2251 2256
2251 2314
2252 581
2252 821
2252 864
2252 2015
2252 2253
2252 2258
145 1592
145 1028
2254 581
2254 2046
146 235
146 152
146 237
146 153
146 240
146 241
146 191
146 246
146 193
146 247
146 248
146 199
146 200
146 262
146 573
146 350
146 202
146 351
146 418
146 272
146 205
146 419
146 583
146 584
146 353
146 2625
146 786
146 1466
146 586
146 206
146 2628
146 280
146 281
146 1541
146 588
146 282
146 433
146 591
146 285
146 435
146 289
146 1113
146 493
146 600
146 516
146 1510
146 294
146 296
146 610
146 361
146 255
146 614
146 619
146 524
146 1553
146 731
146 307
146 634
146 2117
146 310
146 313
146 171
146 498
146 2500
146 1454
146 173
146 499
146 329
146 332
146 1579
146 2523
146 1581
146 648
146 2598
146 2026
146 2639
146 650
146 977
146 1582
146 1583
146 232
146 381
146 2027
146 982
146 2529
146 2893
146 542
146 543
146 2851
146 983
146 2620
146 2502
146 1900
146 544
146 2640
146 2870
146 1438
146 1399
146 765
146 2837
146 1616
146 484
146 2636
146 2029
146 390
146 2505
146 2506
146 1442
146 1867
146 394
146 2535
146 557
146 181
146 1660
146 560
146 2150
146 2185
146 1709
146 1711
146 1712
146 2642
146 2548
146 2609
146 2840
146 2855
146 2856
146 2857
2256 581
2256 1885
2256 2255
2256 2314
2256 2347
2256 2348
148 152
148 419
148 973
147 156
147 191
147 408
147 199
147 200
147 266
147 414
147 415
147 575
147 202
147 580
147 700
147 425
147 206
147 430
147 284
147 1543
147 436
147 799
147 709
147 823
147 837
147 855
147 859
147 293
147 359
147 718
147 448
147 1544
147 450
147 886
147 367
147 2099
147 895
147 1837
147 463
147 466
147 469
147 224
147 232
147 381
147 175
147 474
147 1437
147 1438
147 1607
147 1737
147 475
147 1853
147 1257
147 2123
147 1610
147 2394
147 1259
147 1264
147 761
147 1400
147 2364
147 676
147 552
147 1441
147 502
147 1442
147 182
147 1065
147 2185
147 1434
147 1447
147 1449
147 2894
2259 581
2259 857
2259 1179
2259 1234
2259 1242
2259 1247
2259 1261
2259 1263
2259 1271
2260 581
2260 872
2260 1234
2261 581
2261 1105
2262 581
2262 2258
2263 581
2263 1105
2264 581
2264 1105
2264 1142
2265 581
2265 2266
2265 2267
152 235
152 156
152 157
152 158
152 237
152 153
152 243
152 193
152 249
152 195
152 250
152 254
152 408
152 199
152 262
152 269
152 160
152 419
152 276
152 280
152 431
152 354
152 513
152 210
152 297
152 164
152 886
152 363
152 154
152 2101
152 622
152 371
152 497
152 525
152 634
152 527
152 171
152 319
152 532
152 498
152 744
152 1571
152 973
152 225
152 500
152 539
152 334
152 2598
152 1583
152 381
152 654
152 982
152 542
152 543
152 660
152 753
152 551
152 2356
152 2606
152 504
152 564
153 184
153 156
153 186
153 158
153 187
153 239
153 190
153 191
153 192
153 246
153 248
153 194
153 197
153 252
153 258
153 261
153 263
153 201
153 202
153 351
153 418
153 580
153 205
153 276
153 2625
153 788
153 206
153 601
153 602
153 210
153 213
153 302
153 1553
153 306
153 1403
153 219
153 316
153 221
153 1454
153 226
153 327
153 329
153 332
153 342
153 344
153 230
153 648
153 2598
153 2639
153 978
153 232
153 233
153 751
153 2027
153 982
153 2529
153 2893
153 542
153 543
153 569
153 2374
153 2851
153 983
153 2620
153 1585
153 1190
153 1586
153 2502
153 2173
153 1900
154 157
154 247
154 194
154 195
154 250
154 251
154 197
154 408
154 269
154 352
154 271
154 2097
154 203
154 784
154 276
154 509
154 208
154 284
154 792
154 514
154 443
154 849
154 717
154 718
154 294
154 605
154 1536
154 164
154 611
154 363
154 725
154 300
154 215
154 302
154 620
154 367
154 727
154 216
154 2101
154 896
154 2533
154 908
154 732
154 1402
154 733
154 497
154 2114
154 632
154 635
154 308
154 928
154 742
154 220
154 952
154 956
154 221
154 2392
154 470
154 378
154 746
154 539
154 329
154 335
154 230
154 543
154 569
154 2374
154 757
154 1006
154 387
154 1025
154 2128
154 1036
154 1430
154 2504
154 550
154 551
154 2378
154 553
154 1657
154 2405
154 557
154 685
154 558
154 2508
154 398
154 775
154 776
154 561
154 1085
154 2380
154 503
154 504
154 2381
154 2583
154 2400
2269 183
2269 628
2269 683
2269 785
2269 1015
2269 1213
2269 1229
2269 1286
2269 1292
2269 1379
2269 1382
2269 1738
2269 1778
2269 1788
2269 1911
2269 2134
2269 2439
2269 2452
2269 2453
2269 2442
2269 2450
2269 2467
2269 2468
2269 2941
2269 2740
2269 2905
2269 2978
2269 2979
2269 2763
2269 2965
2269 2966
156 235
156 236
156 185
156 186
156 157
156 187
156 189
156 190
156 244
156 245
156 193
156 194
156 252
156 198
156 263
156 266
156 575
156 270
156 203
156 353
156 700
156 425
156 206
156 281
156 287
156 288
156 1543
156 291
156 713
156 845
156 163
156 1500
156 210
156 293
156 719
156 721
156 211
156 360
156 213
156 450
156 451
156 885
156 299
156 455
156 456
156 620
156 1827
156 1159
156 901
156 2115
156 527
156 1565
156 374
156 2119
156 1837
156 219
156 1818
156 2553
156 532
156 956
156 2391
156 641
156 470
156 343
156 231
156 348
156 381
156 749
156 2374
156 174
156 175
156 2222
156 1438
156 1285
156 1456
156 552
156 502
156 1442
156 1660
156 395
156 1459
156 559
156 2428
156 490
156 2153
156 1450
157 151
157 235
157 158
157 237
157 240
157 189
157 243
157 245
157 249
157 195
157 250
157 253
157 778
157 254
157 505
157 258
157 408
157 200
157 262
157 565
157 269
157 202
157 270
157 580
157 160
157 276
157 206
157 701
157 590
157 208
157 282
157 283
157 284
157 435
157 436
157 510
157 437
157 493
157 512
157 815
157 826
157 513
157 515
157 358
157 862
157 1511
157 723
157 297
157 164
157 166
157 611
157 255
157 299
157 616
157 622
157 730
157 371
157 497
157 525
157 526
157 527
157 463
157 567
157 639
157 467
157 319
157 498
157 220
157 744
157 172
157 378
157 2500
157 642
157 224
157 322
157 1576
157 2895
157 325
157 500
157 2403
157 1578
157 335
157 343
157 256
157 542
157 984
157 657
157 658
157 2631
157 544
157 753
157 383
157 546
157 997
157 384
157 1003
157 1007
157 760
157 549
157 387
157 2649
157 768
157 2636
157 2637
157 391
157 550
157 677
157 551
157 553
157 1646
157 1654
157 679
157 680
157 775
157 1686
157 1714
157 503
157 504
158 237
158 241
158 193
158 195
158 250
158 197
158 253
158 260
158 576
158 578
158 352
158 271
158 159
158 203
158 204
158 272
158 275
158 276
158 353
158 2625
158 585
158 508
158 206
158 587
158 509
158 431
158 590
158 208
158 282
158 283
158 290
158 1478
158 162
158 356
158 714
158 357
158 1509
158 603
158 1522
158 294
158 604
158 722
158 873
158 1531
158 1532
158 211
158 360
158 212
158 296
158 519
158 610
158 164
158 165
158 362
158 363
158 364
158 614
158 365
158 168
158 615
158 301
158 890
158 618
158 619
158 521
158 892
158 1994
158 2101
158 2592
158 1160
158 1553
158 1817
158 1402
158 733
158 307
158 526
158 634
158 308
158 1172
158 218
158 1999
158 2386
158 738
158 374
158 1898
158 567
158 376
158 468
158 2655
158 2500
158 225
158 1576
158 2501
158 537
158 333
158 335
158 348
158 256
158 647
158 650
158 381
158 1899
158 651
158 2631
158 665
158 666
158 2174
158 2120
158 1412
158 384
158 1854
158 1384
158 1393
158 387
158 388
158 2223
158 2603
158 1429
158 2649
158 389
158 392
158 1631
158 1456
158 1433
158 502
158 1443
158 1644
158 1867
158 2683
158 1046
158 557
158 181
158 2519
158 685
158 1057
158 772
158 686
158 559
158 2536
158 2508
158 397
158 398
158 2150
158 1821
158 400
158 2873
158 1079
158 1081
158 693
158 491
158 2509
158 1099
158 406
158 2399
158 2611
158 2896
159 235
159 184
159 237
159 191
159 248
159 195
159 200
159 262
159 575
159 352
159 270
159 160
159 276
159 1466
159 426
159 206
159 280
159 587
159 289
159 294
159 295
159 1532
159 211
159 212
159 296
159 165
159 166
159 363
159 365
159 366
159 374
159 1898
159 964
159 2655
159 2501
159 328
159 333
159 381
159 982
159 670
159 1412
159 384
159 1608
159 2649
159 389
159 1621
159 392
159 1456
159 1433
159 486
159 686
159 400
159 694
160 235
160 238
160 245
160 248
160 250
160 196
160 253
160 254
160 408
160 260
160 200
160 565
160 574
160 781
160 201
160 269
160 576
160 577
160 578
160 351
160 417
160 580
160 272
160 419
160 582
160 583
160 584
160 421
160 276
160 508
160 586
160 279
160 206
160 2628
160 281
160 1541
160 589
160 590
160 2098
160 208
160 282
160 704
160 806
160 818
160 513
160 356
160 514
160 515
160 715
160 357
160 859
160 604
160 606
160 873
160 608
160 609
160 519
160 164
160 166
160 612
160 255
160 364
160 452
160 614
160 167
160 168
160 215
160 1547
160 890
160 494
160 216
160 622
160 623
160 457
160 2593
160 729
160 626
160 523
160 2104
160 524
160 1554
160 629
160 2499
160 630
160 631
160 1817
160 306
160 370
160 371
160 307
160 525
160 526
160 632
160 634
160 528
160 529
160 921
160 1180
160 313
160 530
160 315
160 940
160 639
160 171
160 377
160 641
160 222
160 2172
160 2392
160 533
160 2500
160 642
160 973
160 173
160 2665
160 534
160 1573
160 1574
160 975
160 227
160 537
160 326
160 643
160 2597
160 327
160 2403
160 1578
160 644
160 646
160 568
160 329
160 331
160 334
160 348
160 256
160 1579
160 647
160 977
160 1583
160 232
160 981
160 652
160 653
160 654
160 2534
160 569
160 655
160 2897
160 656
160 657
160 2831
160 2634
160 658
160 659
160 660
160 661
160 662
160 663
160 2832
160 1191
160 664
160 2589
160 665
160 666
160 1590
160 667
160 2556
160 2640
160 670
160 991
160 1901
160 671
160 994
160 997
160 761
160 764
160 387
160 1614
160 1036
160 1630
160 550
160 552
160 1643
160 1444
160 2404
160 1745
160 679
160 555
160 2355
160 556
160 680
160 681
160 2405
160 1046
160 181
160 1811
160 685
160 558
160 686
160 2573
160 398
160 775
160 776
160 687
160 560
160 562
160 1929
160 1434
160 1076
160 1078
160 1705
160 490
160 693
160 503
160 2406
160 694
160 2202
160 564
160 1099
160 1463
160 695
160 2642
160 2855
160 2400
160 2590
160 2667
160 2510
160 2209
160 2896
160 2833
160 2834
160 2898
160 2613
160 2899
160 2088
160 2433
161 237
161 242
161 245
161 246
161 247
161 195
161 253
161 258
161 200
161 262
161 264
161 350
161 574
161 268
161 780
161 781
161 414
161 575
161 202
161 577
161 351
161 1722
161 352
161 579
161 270
161 2097
161 204
161 419
161 581
161 507
161 1104
161 276
161 785
161 786
161 1466
161 424
161 1107
161 788
161 206
161 427
161 207
161 2628
161 281
161 1541
161 509
161 431
161 208
161 282
161 433
161 591
161 283
161 592
161 790
161 791
161 792
161 288
161 1114
161 793
161 436
161 593
161 795
161 290
161 594
161 510
161 437
161 595
161 798
161 597
161 354
161 803
161 512
161 807
161 439
161 809
161 810
161 440
161 811
161 1477
161 1478
161 814
161 441
161 710
161 826
161 827
161 1481
161 831
161 833
161 712
161 835
161 514
161 713
161 1127
161 714
161 845
161 847
161 1492
161 1130
161 849
161 1495
161 1496
161 1498
161 852
161 1499
161 210
161 854
161 516
161 445
161 857
161 358
161 717
161 859
161 860
161 861
161 293
161 863
161 1507
161 865
161 1511
161 1512
161 718
161 1133
161 294
161 447
161 1525
161 870
161 871
161 604
161 722
161 875
161 448
161 877
161 878
161 879
161 1534
161 1535
161 211
161 608
161 1536
161 1146
161 360
161 166
161 451
161 885
161 1546
161 886
161 611
161 887
161 613
161 888
161 614
161 365
161 889
161 725
161 615
161 1547
161 890
161 617
161 891
161 618
161 1993
161 1548
161 726
161 620
161 1994
161 1549
161 1995
161 621
161 893
161 367
161 1827
161 894
161 1550
161 1551
161 494
161 727
161 216
161 895
161 2101
161 624
161 304
161 896
161 2162
161 2102
161 2163
161 1997
161 1452
161 897
161 495
161 898
161 899
161 2103
161 728
161 900
161 901
161 729
161 625
161 1453
161 2104
161 1160
161 368
161 524
161 903
161 904
161 2372
161 496
161 1552
161 2105
161 627
161 1162
161 905
161 2219
161 1830
161 2106
161 369
161 628
161 1554
161 1556
161 1557
161 2107
161 906
161 2550
161 2108
161 908
161 2109
161 909
161 910
161 2595
161 2111
161 458
161 1165
161 2167
161 1558
161 459
161 1833
161 912
161 2112
161 1402
161 2113
161 2220
161 2168
161 2025
161 1559
161 2551
161 2114
161 914
161 632
161 633
161 915
161 916
161 527
161 2221
161 635
161 734
161 2116
161 2596
161 1562
161 2117
161 1167
161 2118
161 529
161 1835
161 2169
161 737
161 1178
161 311
161 928
161 217
161 2675
161 1563
161 929
161 2386
161 372
161 374
161 2119
161 934
161 936
161 937
161 742
161 945
161 1725
161 1570
161 948
161 639
161 2553
161 2048
161 949
161 950
161 1435
161 952
161 956
161 957
161 2001
161 640
161 961
161 967
161 968
161 470
161 378
161 1572
161 973
161 224
161 974
161 2373
161 1573
161 535
161 2630
161 322
161 975
161 336
161 339
161 344
161 231
161 349
161 976
161 747
161 978
161 541
161 748
161 381
161 981
161 751
161 651
161 2027
161 983
161 1585
161 985
161 1842
161 987
161 1202
161 1203
161 1844
161 1215
161 1219
161 990
161 1228
161 1735
161 2555
161 2556
161 570
161 2557
161 2375
161 474
161 1592
161 991
161 1593
161 1594
161 993
161 2869
161 2666
161 2651
161 2870
161 2558
161 995
161 996
161 1602
161 1004
161 1006
161 1605
161 1608
161 1008
161 1610
161 1261
161 1269
161 1857
161 1015
161 386
161 1417
161 1287
161 673
161 1325
161 1326
161 1017
161 1350
161 1383
161 387
161 1023
161 1613
161 1025
161 1026
161 2560
161 1614
161 2127
161 1027
161 1028
161 2128
161 1029
161 2376
161 2561
161 2051
161 1035
161 2871
161 1627
161 2060
161 2378
161 2005
161 770
161 2564
161 678
161 1432
161 1041
161 2565
161 2133
161 1744
161 1641
161 1644
161 1648
161 1649
161 1044
161 1906
161 1654
161 1045
161 1047
161 2135
161 1764
161 1786
161 2872
161 2225
161 1059
161 1897
161 1064
161 1065
161 1066
161 2567
161 1672
161 2568
161 2138
161 2139
161 2686
161 1067
161 1068
161 2508
161 2569
161 2570
161 2140
161 2179
161 2547
161 1673
161 2571
161 2141
161 1069
161 2009
161 1070
161 2572
161 2142
161 2143
161 2573
161 773
161 2144
161 2010
161 2226
161 2574
161 2063
161 1674
161 2575
161 1071
161 1675
161 2145
161 2576
161 1072
161 2011
161 1676
161 2577
161 2180
161 396
161 2578
161 2146
161 2579
161 2687
161 1677
161 2147
161 1678
161 2580
161 2148
161 2149
161 2581
161 397
161 2688
161 1679
161 2900
161 2053
162 235
162 407
162 200
162 266
162 697
162 415
162 202
162 579
162 204
162 1465
162 788
162 432
162 703
162 791
162 1543
162 796
162 797
162 290
162 597
162 706
162 511
162 598
162 512
162 812
162 599
162 816
162 817
162 1119
162 818
162 824
162 829
162 832
162 356
162 514
162 837
162 840
162 292
162 843
162 1491
162 848
162 602
162 855
162 358
162 858
162 859
162 293
162 1509
162 1515
162 1518
162 1520
162 1523
162 870
162 448
162 1531
162 881
162 882
162 1544
162 884
162 1826
162 886
162 364
162 725
162 299
162 894
162 304
162 1161
162 1829
162 2116
162 1560
162 308
162 919
162 2171
162 2673
162 735
162 736
162 920
162 1172
162 2386
162 738
162 1567
162 638
162 316
162 949
162 1435
162 1841
162 955
162 2392
162 642
162 224
162 322
162 232
162 651
162 1193
162 1733
162 174
162 2174
162 2651
162 2541
162 1850
162 1413
162 1610
162 1013
162 1854
162 761
162 1819
162 673
162 1018
162 1365
162 2603
162 2562
162 483
162 1619
162 1620
162 551
162 2662
162 1441
162 1741
162 1747
162 2135
162 1660
162 2839
162 772
162 1445
162 1062
162 2181
162 2182
162 1079
162 1082
162 2388
162 2190
162 2194
162 490
162 1447
162 2398
162 2153
162 2204
162 1464
162 1450
162 2212
162 1451
162 2616
162 2158
162 2429
162 2901
162 2274
163 243
163 245
163 193
163 254
163 257
163 258
163 407
163 199
163 266
163 414
163 575
163 202
163 418
163 783
163 699
163 276
163 1466
163 508
163 700
163 425
163 788
163 206
163 587
163 432
163 791
163 435
163 287
163 289
163 593
163 799
163 511
163 709
163 1121
163 355
163 1482
163 831
163 832
163 837
163 1491
163 848
163 444
163 855
163 858
163 859
163 1514
163 873
163 448
163 296
163 214
163 450
163 725
163 299
163 1549
163 893
163 367
163 625
163 628
163 908
163 1402
163 634
163 1169
163 1175
163 310
163 461
163 930
163 1837
163 637
163 463
163 1898
163 949
163 2391
163 959
163 1436
163 2357
163 469
163 2392
163 378
163 322
163 2902
163 381
163 1588
163 1193
163 1206
163 1847
163 1251
163 174
163 175
163 2360
163 757
163 1437
163 995
163 1850
163 1438
163 1607
163 385
163 1008
163 2122
163 1257
163 548
163 1610
163 1259
163 1856
163 1271
163 1277
163 1316
163 1400
163 1025
163 1439
163 2518
163 2395
163 1034
163 676
163 2131
163 1431
163 2662
163 552
163 502
163 1444
163 182
163 772
163 2396
163 1449
163 2152
163 2549
163 2398
163 2209
163 2272
163 2833
164 243
164 195
164 253
164 254
164 408
164 578
164 276
164 206
164 431
164 590
164 282
164 439
164 1531
164 519
164 297
164 610
164 165
164 167
164 620
164 1551
164 2104
164 1554
164 629
164 1555
164 630
164 497
164 171
164 2392
164 971
164 224
164 322
164 746
164 500
164 327
164 645
164 328
164 539
164 331
164 342
164 649
164 747
164 2393
164 1899
164 542
164 569
164 2831
164 662
164 2832
164 544
164 545
164 1006
164 2637
164 550
164 553
164 2405
164 682
164 2356
164 1768
164 1773
164 2032
164 503
164 504
165 237
165 243
165 248
165 195
165 200
165 350
165 352
165 270
165 276
165 278
165 206
165 587
165 208
165 289
165 294
165 295
165 211
165 212
165 296
165 362
165 363
165 365
165 217
165 218
165 374
165 1898
165 314
165 171
165 2655
165 225
165 335
165 256
165 381
165 384
165 387
165 389
165 2032
165 2509
166 237
166 245
166 253
166 781
166 269
166 576
166 351
166 417
166 270
166 584
166 585
166 279
166 2628
166 281
166 1541
166 589
166 590
166 591
166 608
166 364
166 167
166 168
166 302
166 890
166 631
166 313
166 642
166 227
166 537
166 643
166 644
166 568
166 330
166 652
166 653
166 655
166 2897
166 656
166 657
166 658
166 659
166 660
166 661
166 664
166 2589
166 670
166 679
166 680
166 681
166 2405
166 558
166 562
166 2590
167 184
167 243
167 195
167 197
167 408
167 260
167 565
167 781
167 417
167 271
167 580
167 272
167 508
167 206
167 1541
167 589
167 434
167 513
167 608
167 297
167 362
167 255
167 363
167 168
167 523
167 1817
167 371
167 733
167 171
167 532
167 534
167 537
167 327
167 644
167 646
167 328
167 342
167 647
167 381
167 652
167 653
167 654
167 542
167 569
167 657
167 2634
167 658
167 662
167 670
167 1277
167 1318
167 1037
167 768
167 390
167 1630
167 552
167 679
167 680
167 2405
167 682
167 686
167 398
167 776
167 687
167 2411
167 1922
167 693
167 694
167 564
167 2896
168 196
168 197
168 253
168 260
168 269
168 576
168 417
168 1722
168 352
168 579
168 585
168 508
168 788
168 1541
168 589
168 590
168 706
168 1509
168 294
168 722
168 607
168 608
168 609
168 519
168 364
168 614
168 622
168 523
168 631
168 733
168 567
168 171
168 641
168 2392
168 642
168 537
168 326
168 2402
168 2633
168 644
168 342
168 653
168 654
168 2534
168 656
168 657
168 658
168 665
168 666
168 753
168 1243
168 670
168 2059
168 1393
168 1739
168 679
168 680
168 681
168 2405
168 558
168 686
168 1884
168 687
168 693
168 1091
168 2510
168 1939
168 2834
168 2613
169 278
169 792
169 714
169 294
169 614
169 527
169 2596
169 323
169 324
169 665
169 1013
169 1393
169 387
169 394
169 774
169 2159
2284 1311
2284 1728
2284 2282
2284 2283
170 191
170 414
170 415
170 700
170 1108
170 1514
170 2903
170 1154
170 1851
170 763
170 1306
170 1883
170 2071
171 243
171 193
171 248
171 195
171 505
171 408
171 260
171 269
171 417
171 419
171 508
171 206
171 280
171 208
171 285
171 439
171 291
171 448
171 519
171 214
171 362
171 886
171 255
171 363
171 364
171 622
171 729
171 631
171 533
171 536
171 2501
171 537
171 326
171 2403
171 644
171 568
171 647
171 1583
171 233
171 381
171 657
171 670
171 384
171 548
171 1369
171 679
171 555
171 681
171 181
171 2507
171 398
171 687
171 560
171 399
171 562
171 1078
171 693
171 564
171 2510
171 2896
2287 870
2287 1234
2287 2277
2287 2278
2287 2286
2287 2571
2287 2288
2287 2951
2287 2952
2287 2289
2287 2290
2287 2954
2288 870
2288 2277
2288 2286
2288 2571
2288 2951
2288 2289
2288 2290
2288 2953
2288 2954
2288 2320
2289 870
2289 2277
2289 2286
2289 2951
2289 2952
2289 2290
2289 2953
2289 2954
2289 2320
172 1106
172 785
172 291
172 712
172 842
172 852
172 1177
172 310
172 1208
172 1274
172 1283
172 1315
172 1338
172 1782
172 2013
173 235
173 238
173 248
173 417
173 352
173 584
173 276
173 280
173 285
173 289
173 290
173 510
173 806
173 1478
173 818
173 823
173 514
173 859
173 1523
173 873
173 213
173 361
173 612
173 364
173 452
173 614
173 215
173 622
173 2163
173 1553
173 497
173 526
173 634
173 921
173 2172
173 533
173 2500
173 642
173 1573
173 535
173 499
173 2402
173 644
173 568
173 329
173 540
173 1583
173 232
173 982
173 666
173 1901
173 994
173 1608
173 761
173 673
173 387
173 1036
173 1456
173 555
173 2535
173 556
173 682
173 1046
173 1801
173 685
173 398
173 775
173 776
173 777
173 560
173 1434
173 1076
173 401
173 2013
173 503
173 694
173 2202
173 1099
173 1463
173 695
173 2904
173 2860
174 575
174 507
174 206
174 862
174 1133
174 299
174 1435
174 469
174 175
174 474
174 1608
174 1441
174 1074
174 1082
174 1449
174 2153
175 575
175 206
175 1541
175 1543
175 816
175 355
175 837
175 858
175 881
175 450
175 886
175 299
175 908
175 461
175 637
175 2391
175 2357
175 469
175 343
175 995
175 1856
175 1401
175 490
175 1449
175 2398
175 2894
176 239
176 242
176 252
176 258
176 412
176 202
176 698
176 204
176 419
176 277
176 206
176 1541
176 791
176 809
176 355
176 292
176 850
176 724
176 725
176 917
176 919
176 1403
176 2875
176 925
176 310
176 312
176 1818
176 467
176 1404
176 469
176 224
176 1406
176 322
176 347
176 349
176 234
176 381
176 1187
176 1407
176 979
176 980
176 1207
176 1408
176 992
176 1410
176 1411
176 761
176 1863
176 1316
176 387
176 2361
176 1419
176 177
176 2362
176 1420
176 1421
176 2838
176 1422
176 482
176 2488
176 2130
176 2489
176 2644
176 2635
176 2363
176 2364
176 1423
176 1424
176 1425
176 2562
176 2881
176 2434
176 2882
176 2490
176 1427
176 2883
176 2645
176 2877
176 2647
176 767
176 2491
176 1440
176 2492
176 2890
176 2878
176 2891
176 2369
176 2498
177 239
177 258
177 412
177 698
177 277
177 278
177 1110
177 702
177 809
177 825
177 601
177 861
177 293
177 724
177 1549
177 895
177 2112
177 2875
177 2674
177 925
177 926
177 1178
177 310
177 312
177 463
177 1404
177 234
177 1186
177 1407
177 979
177 2634
177 2876
177 1410
177 2870
177 385
177 1415
177 1257
177 1279
177 1863
177 1316
177 1418
177 1419
177 2487
177 2362
177 1420
177 1421
177 2838
177 482
177 2488
177 2489
177 2644
177 2635
177 2363
177 1423
177 1424
177 1425
177 1426
177 2434
177 2490
177 2883
177 2491
177 2492
177 2878
177 1431
177 2493
177 2494
177 2880
177 2667
2296 1235
2300 178
178 581
178 1127
178 222
178 180
178 1680
178 2031
178 2034
178 2035
178 2037
178 2042
178 2275
178 2285
2303 2304
179 581
179 308
179 1380
2305 2306
2305 2307
2305 2308
2305 2309
2306 2307
2306 2308
2306 2309
2306 2334
2306 2982
2306 2983
2306 2984
2306 2985
2306 2986
2306 2987
2307 2308
2307 2309
2308 2309
2308 2334
2308 2982
2308 2983
2308 2984
2308 2985
2308 2986
2308 2987
180 821
180 2058
181 193
181 195
181 260
181 202
181 274
181 214
181 224
181 322
181 256
181 399
181 562
181 693
182 266
182 425
182 432
182 1543
182 799
182 816
182 858
182 450
182 725
182 299
182 1549
182 625
182 908
182 1175
182 930
182 466
182 2391
182 959
182 2357
182 2902
182 1588
182 1193
182 1437
182 1438
182 1001
182 1607
182 385
182 1008
182 2175
182 1257
182 548
182 1856
182 2518
182 2562
182 2395
182 2131
182 1431
182 502
182 1443
182 1444
182 1650
182 1445
182 2396
182 1449
182 2152
182 2398
182 2401
182 2213
2312 2311
2314 1885
2314 2255
2314 2323
2314 2347
2314 2348
2317 1831
2320 2277
2320 2290
183 1015
183 1286
183 1738
183 2134
183 2905
184 238
184 187
184 190
184 192
184 196
184 197
184 253
184 259
184 263
184 350
184 201
184 269
184 414
184 415
184 202
184 698
184 1722
184 352
184 579
184 581
184 585
184 278
184 279
184 206
184 2628
184 1541
184 1108
184 430
184 702
184 861
184 2522
184 622
184 457
184 731
184 733
184 226
184 227
184 379
184 327
184 332
184 649
184 542
184 543
184 383
184 1606
184 1286
184 1369
184 674
184 2489
184 1738
184 2060
184 769
184 1903
184 1739
185 236
185 186
185 189
185 194
185 263
185 291
185 713
185 1500
185 210
185 293
185 719
185 219
185 744
185 381
185 749
185 1285
186 236
186 189
186 261
186 263
186 203
186 288
186 291
186 713
186 1500
186 210
186 293
186 719
186 721
186 456
186 744
186 500
186 381
186 749
186 1440
186 553
187 191
187 248
187 261
187 202
187 279
187 1527
187 297
187 623
187 305
187 376
187 377
187 1572
187 973
187 226
187 341
187 542
187 2897
187 661
187 1590
187 1239
187 551
187 2132
187 2650
188 238
188 248
188 283
188 289
188 820
188 211
188 213
188 891
188 1402
188 218
188 946
188 347
188 232
188 1430
188 691
189 236
189 190
189 194
189 197
189 200
189 263
189 202
189 276
189 510
189 713
189 1500
189 210
189 717
189 293
189 721
189 451
189 527
189 1565
189 219
189 2553
189 532
189 744
189 641
189 1576
189 381
189 753
189 1085
190 192
190 196
190 197
190 201
190 202
190 203
190 614
190 1817
190 326
190 327
191 248
191 195
191 197
191 259
191 200
191 262
191 350
191 266
191 410
191 414
191 415
191 351
191 352
191 418
191 205
191 1104
191 276
191 700
191 206
191 587
191 1108
191 430
191 702
191 1112
191 793
191 510
191 596
191 807
191 709
191 835
191 1514
191 1515
191 1142
191 1532
191 1147
191 299
191 2903
191 1149
191 2906
191 2907
191 1151
191 1152
191 2908
191 1153
191 1154
191 2622
191 1155
191 1157
191 618
191 521
191 2100
191 2103
191 2164
191 305
191 1553
191 1402
191 307
191 2115
191 311
191 218
191 1563
191 372
191 1898
191 376
191 1570
191 377
191 1183
191 1571
191 1454
191 1405
191 1575
191 323
191 228
191 335
191 343
191 347
191 232
191 750
191 1729
191 1730
191 2027
191 2529
191 543
191 1585
191 984
191 2634
191 661
191 382
191 1211
191 1219
191 1226
191 1244
191 2640
191 2836
191 1593
191 1901
191 1849
191 2870
191 2558
191 758
191 1602
191 1000
191 1008
191 1255
191 1851
191 1737
191 475
191 1852
191 1853
191 2123
191 1854
191 1260
191 1268
191 1856
191 1015
191 1286
191 762
191 1299
191 1301
191 763
191 1306
191 1309
191 1319
191 1320
191 1350
191 478
191 1363
191 1367
191 1368
191 1369
191 1380
191 1396
191 1613
191 674
191 765
191 2537
191 1439
191 389
191 1621
191 1623
191 2636
191 2029
191 391
191 1738
191 2060
191 1903
191 2473
191 392
191 1040
191 1441
191 502
191 1904
191 1740
191 1742
191 1743
191 2650
191 554
191 1644
191 1648
191 1905
191 1745
191 1906
191 1750
191 2062
191 1659
191 1050
191 1760
191 1761
191 1662
191 1766
191 1768
191 1458
191 1777
191 1778
191 1053
191 1781
191 1782
191 1666
191 1788
191 1793
191 1796
191 1798
191 1799
191 1802
191 1804
191 1810
191 1815
191 685
191 2409
191 2685
191 1072
191 397
191 774
191 399
191 2652
191 2065
191 1912
191 2066
191 2067
191 1913
191 1914
191 1915
191 1916
191 2387
191 2068
191 1683
191 1917
191 1918
191 1919
191 1920
191 400
191 2069
191 1921
191 1922
191 2229
191 1923
191 1924
191 562
191 2070
191 1925
191 1926
191 2184
191 2607
191 1927
191 2873
191 1928
191 2430
191 1929
191 2185
191 2071
191 2412
191 2072
191 1930
191 2073
191 1931
192 197
192 201
192 269
192 278
192 279
192 2628
192 702
192 292
192 294
192 213
192 300
192 457
192 304
192 729
192 629
192 309
192 318
192 320
192 321
192 1572
192 536
192 323
192 226
192 227
192 324
192 2895
192 325
192 1577
192 537
192 500
192 379
192 326
192 643
192 2597
192 2402
192 2633
192 327
192 2403
192 1578
192 644
192 645
192 646
192 538
192 328
192 539
192 568
193 240
193 243
193 245
193 247
193 248
193 195
193 407
193 199
193 573
193 266
193 267
193 269
193 274
193 508
193 425
193 280
193 208
193 285
193 286
193 289
193 799
193 354
193 439
193 291
193 441
193 600
193 513
193 831
193 444
193 855
193 858
193 1521
193 294
193 448
193 449
193 296
193 297
193 361
193 214
193 886
193 255
193 299
193 453
193 455
193 456
193 1158
193 626
193 310
193 461
193 930
193 373
193 463
193 939
193 567
193 376
193 954
193 644
193 229
193 340
193 341
193 256
193 1207
193 1438
193 1008
193 1856
193 502
193 1642
193 679
193 2909
193 772
193 558
193 686
193 1058
193 1445
194 263
194 509
194 431
194 284
194 288
194 713
194 210
194 293
194 446
194 719
194 213
194 2101
194 2115
194 219
194 744
194 381
194 749
194 753
194 474
194 1285
194 1085
195 235
195 237
195 240
195 241
195 243
195 245
195 247
195 198
195 254
195 258
195 407
195 2591
195 408
195 260
195 199
195 409
195 200
195 262
195 2371
195 573
195 264
195 266
195 267
195 268
195 575
195 576
195 416
195 417
195 352
195 270
195 272
195 419
195 274
195 507
195 276
195 353
195 1466
195 277
195 508
195 425
195 278
195 426
195 1467
195 1540
195 2626
195 2627
195 206
195 207
195 280
195 587
195 588
195 509
195 789
195 431
195 208
195 282
195 702
195 433
195 591
195 283
195 592
195 284
195 285
195 434
195 286
195 1992
195 287
195 1825
195 1542
195 289
195 1543
195 1113
195 704
195 436
195 510
195 437
195 493
195 1471
195 354
195 803
195 806
195 807
195 439
195 291
195 599
195 441
195 819
195 600
195 513
195 832
195 833
195 356
195 835
195 714
195 443
195 1490
195 849
195 209
195 516
195 445
195 446
195 359
195 863
195 294
195 1524
195 517
195 448
195 1532
195 518
195 211
195 608
195 724
195 296
195 297
195 610
195 214
195 450
195 1545
195 451
195 885
195 1546
195 887
195 298
195 255
195 613
195 888
195 452
195 365
195 300
195 453
195 303
195 366
195 727
195 524
195 2540
195 369
195 907
195 631
195 458
195 1402
195 632
195 460
195 311
195 217
195 218
195 373
195 1837
195 463
195 1898
195 314
195 567
195 376
195 945
195 377
195 468
195 498
195 640
195 962
195 222
195 470
195 2655
195 322
195 225
195 499
195 746
195 335
195 344
195 231
195 256
195 648
195 541
195 380
195 544
195 987
195 1242
195 1412
195 758
195 759
195 1604
195 1606
195 1610
195 1392
195 388
195 674
195 2376
195 1036
195 389
195 1621
195 1623
195 392
195 1865
195 678
195 1040
195 1433
195 1441
195 502
195 1056
195 1875
195 2032
195 400
195 401
195 1705
195 403
195 2509
196 235
196 197
196 253
196 254
196 258
196 259
196 566
196 413
196 201
196 269
196 414
196 415
196 698
196 272
196 205
196 581
196 273
196 420
196 1104
196 699
196 585
196 700
196 429
196 430
196 1109
196 1110
196 589
196 282
196 1112
196 703
196 711
196 1126
196 1130
196 1143
196 1148
196 622
196 623
196 729
196 368
196 631
196 371
196 1170
196 1171
196 1179
196 642
196 975
196 537
196 326
196 750
196 981
196 751
196 651
196 1729
196 1730
196 1188
196 652
196 653
196 752
196 654
196 471
196 2534
196 472
196 1189
197 238
197 248
197 253
197 254
197 259
197 1102
197 697
197 201
197 414
197 415
197 698
197 579
197 271
197 203
197 205
197 1104
197 585
197 700
197 278
197 788
197 509
197 702
197 283
197 703
197 284
197 289
197 796
197 706
197 511
197 512
197 815
197 709
197 514
197 717
197 604
197 722
197 1142
197 213
197 362
197 611
197 364
197 614
197 300
197 215
197 302
197 1157
197 1993
197 2101
197 622
197 624
197 304
197 1160
197 368
197 2594
197 307
197 735
197 736
197 922
197 737
197 318
197 949
197 744
197 221
197 641
197 320
197 971
197 2500
197 642
197 223
197 321
197 226
197 326
197 568
197 230
197 748
197 750
197 751
197 472
197 753
197 755
197 1210
197 1243
197 1867
197 685
197 1884
197 2579
197 397
197 776
198 249
198 1466
198 1541
198 285
198 354
198 298
198 303
198 1898
198 314
198 567
198 2835
198 2659
198 2661
198 1456
199 236
199 238
199 240
199 243
199 245
199 247
199 252
199 254
199 258
199 407
199 408
199 260
199 409
199 262
199 266
199 410
199 267
199 268
199 412
199 697
199 269
199 578
199 782
199 416
199 579
199 270
199 580
199 585
199 1466
199 425
199 788
199 206
199 428
199 207
199 280
199 701
199 433
199 591
199 1112
199 283
199 790
199 284
199 285
199 434
199 286
199 288
199 289
199 1543
199 704
199 793
199 436
199 593
199 796
199 797
199 705
199 510
199 437
199 493
199 799
199 596
199 1471
199 706
199 801
199 803
199 598
199 438
199 806
199 807
199 439
199 291
199 440
199 814
199 441
199 708
199 820
199 1480
199 355
199 1123
199 600
199 1481
199 832
199 833
199 601
199 356
199 713
199 842
199 1489
199 1494
199 602
199 853
199 357
199 717
199 293
199 359
199 863
199 1505
199 603
199 1513
199 867
199 868
199 720
199 721
199 447
199 870
199 517
199 607
199 877
199 878
199 518
199 880
199 1533
199 211
199 883
199 724
199 296
199 213
199 297
199 361
199 214
199 450
199 886
199 452
199 299
199 301
199 616
199 455
199 456
199 1548
199 893
199 2163
199 2596
199 460
199 309
199 2674
199 926
199 927
199 462
199 936
199 315
199 940
199 638
199 317
199 377
199 2554
199 955
199 2001
199 959
199 970
199 385
199 1040
199 1444
199 2884
199 1049
199 1670
199 1068
200 245
200 262
200 565
200 350
200 269
200 202
200 270
200 276
200 786
200 426
200 206
200 207
200 281
200 799
200 293
200 863
200 721
200 605
200 1532
200 897
200 495
200 898
200 307
200 2117
200 311
200 372
200 1565
200 1569
200 532
200 1436
200 469
200 224
200 974
200 2373
200 322
200 537
200 500
200 328
200 231
200 542
200 657
200 2836
200 671
200 1365
200 1613
200 550
200 677
200 551
200 2505
201 263
201 350
201 269
201 577
201 782
201 352
201 270
201 205
201 279
201 207
201 702
201 591
201 602
201 357
201 359
201 451
201 614
201 729
201 629
201 1555
201 631
201 371
201 1559
201 1562
201 315
201 1572
201 226
201 325
201 537
201 326
201 643
201 2597
201 2402
201 2633
201 2403
201 645
201 646
201 332
201 1580
201 1581
201 1187
201 750
201 652
201 1586
201 662
201 663
201 382
201 997
201 1600
201 2361
201 2678
201 2503
201 1615
201 2852
201 674
201 1029
202 237
202 240
202 245
202 261
202 262
202 350
202 575
202 270
202 272
202 276
202 277
202 206
202 207
202 281
202 591
202 799
202 809
202 847
202 850
202 293
202 1510
202 360
202 614
202 725
202 890
202 618
202 1993
202 893
202 216
202 2101
202 899
202 625
202 2372
202 496
202 908
202 2112
202 733
202 632
202 2117
202 1403
202 311
202 929
202 1565
202 374
202 2119
202 637
202 2553
202 532
202 966
202 469
202 224
202 974
202 2373
202 534
202 1573
202 322
202 2358
202 975
202 231
202 977
202 1582
202 747
202 1207
202 1408
202 991
202 2836
202 671
202 2360
202 757
202 1411
202 1863
202 1365
202 2127
202 2376
202 2487
202 1620
202 2131
202 550
202 551
202 2505
202 1641
202 1644
202 486
202 1672
202 2572
202 396
202 775
202 1695
202 2910
203 238
203 242
203 258
203 1102
203 413
203 697
203 414
203 782
203 698
203 204
203 273
203 277
203 278
203 429
203 282
203 702
203 792
203 809
203 355
203 292
203 718
203 213
203 611
203 364
203 614
203 300
203 215
203 521
203 367
203 727
203 732
203 526
203 2170
203 310
203 738
203 741
203 742
203 221
203 966
203 320
203 323
203 337
203 230
203 234
203 748
203 979
203 980
203 1428
203 1429
203 2646
203 572
203 2180
203 775
203 688
204 245
204 252
204 258
204 261
204 413
204 697
204 414
204 698
204 579
204 277
204 508
204 278
204 429
204 281
204 702
204 703
204 809
204 824
204 355
204 710
204 1124
204 356
204 514
204 859
204 718
204 1135
204 1518
204 1520
204 611
204 725
204 1831
204 734
204 2171
204 1172
204 737
204 312
204 221
204 320
204 2643
204 1187
204 979
204 1200
204 1211
204 1863
204 1421
204 1423
204 1428
204 2891
205 248
205 254
205 352
205 579
205 271
205 585
205 278
205 282
205 1468
205 611
205 614
205 215
205 302
205 2594
205 627
205 1817
205 2595
205 221
205 1454
205 642
205 745
205 223
205 321
206 241
206 245
206 254
206 263
206 350
206 574
206 781
206 269
206 575
206 352
206 270
206 2097
206 421
206 276
206 207
206 2628
206 509
206 431
206 282
206 591
206 592
206 285
206 713
206 847
206 849
206 850
206 210
206 293
206 294
206 875
206 448
206 361
206 611
206 614
206 725
206 299
206 890
206 891
206 618
206 1993
206 620
206 1549
206 1995
206 893
206 367
206 522
206 494
206 727
206 216
206 895
206 2101
206 623
206 2593
206 897
206 625
206 2372
206 1552
206 1554
206 1556
206 907
206 910
206 2868
206 2112
206 732
206 1402
206 307
206 632
206 633
206 916
206 635
206 2117
206 1835
206 2875
206 311
206 637
206 467
206 377
206 2357
206 469
206 224
206 974
206 2373
206 1573
206 322
206 975
206 537
206 334
206 231
206 347
206 348
206 349
206 256
206 649
206 748
206 654
206 2027
206 542
206 543
206 655
206 657
206 2634
206 661
206 662
206 544
206 1207
206 2555
206 2556
206 570
206 2557
206 2375
206 2640
206 670
206 474
206 1408
206 1592
206 991
206 2836
206 1593
206 2876
206 1594
206 992
206 383
206 993
206 2602
206 1901
206 2174
206 1849
206 671
206 2360
206 2869
206 2666
206 2651
206 1409
206 1410
206 757
207 240
207 245
207 262
207 565
207 350
207 781
207 269
207 575
207 577
207 416
207 270
207 586
207 426
207 2628
207 281
207 431
207 282
207 433
207 591
207 592
207 285
207 434
207 792
207 595
207 806
207 826
207 358
207 446
207 1503
207 1512
207 605
207 723
207 451
207 614
207 725
207 890
207 618
207 1993
207 1995
207 893
207 216
207 895
207 897
207 495
207 900
207 625
207 905
207 2219
207 629
207 2117
207 529
207 311
207 1565
207 532
207 468
207 1573
207 322
207 975
207 1579
207 1580
207 541
207 381
207 2555
207 474
207 671
207 757
207 1614
207 1027
207 1035
207 1036
207 1037
207 2871
207 2505
207 1910
207 1673
208 238
208 241
208 243
208 245
208 247
208 254
208 575
208 579
208 271
208 2097
208 276
208 508
208 425
208 278
208 280
208 587
208 592
208 284
208 285
208 791
208 704
208 290
208 354
208 807
208 439
208 291
208 513
208 516
208 715
208 445
208 857
208 294
208 878
208 211
208 296
208 519
208 611
208 612
208 520
208 452
208 299
208 215
208 890
208 617
208 891
208 620
208 727
208 624
208 896
208 625
208 1453
208 2533
208 2108
208 1831
208 911
208 1402
208 2114
208 633
208 635
208 734
208 310
208 311
208 217
208 218
208 1898
208 315
208 952
208 956
208 378
208 225
208 228
208 333
208 335
208 231
208 986
208 2559
208 761
208 678
208 555
208 558
208 2508
208 562
208 1081
208 2381
208 2608
208 2022
209 267
209 413
209 698
209 581
209 507
209 1103
209 1105
209 700
209 787
209 429
209 703
209 434
209 797
209 511
209 801
209 1116
209 802
209 804
209 807
209 439
209 291
209 440
209 709
209 820
209 821
209 1120
209 442
209 355
209 710
209 828
209 712
209 1127
209 443
209 850
209 851
209 854
209 446
209 862
209 1134
209 1142
209 878
209 451
209 888
209 302
209 1995
209 1160
209 458
209 459
209 460
209 920
209 1170
209 1838
209 934
209 937
209 938
209 941
209 947
209 1726
209 318
209 957
209 960
209 1183
209 470
209 348
209 471
209 1196
209 1197
209 987
209 1208
209 1212
209 1227
209 1229
209 1237
209 1611
209 1333
209 1019
209 1392
209 1400
209 480
209 1024
209 501
209 1026
209 1031
209 1042
209 1049
209 1769
209 1770
209 1809
209 1056
209 1870
209 1060
209 1892
209 1896
209 1064
210 240
210 245
210 262
210 263
210 269
210 577
210 352
210 421
210 276
210 282
210 591
210 592
210 790
210 288
210 510
210 437
210 493
210 845
210 1500
210 715
210 357
210 358
210 717
210 293
210 359
210 1510
210 1511
210 605
210 213
210 297
210 1993
210 726
210 1827
210 1159
210 494
210 727
210 2101
210 2593
210 728
210 729
210 629
210 1557
210 2115
210 527
210 372
210 1565
210 2119
210 742
210 315
210 940
210 219
210 1569
210 1818
210 319
210 532
210 744
210 1571
210 2002
210 379
210 2403
210 538
210 1581
210 541
210 981
210 984
210 1589
210 753
210 1594
210 757
210 996
210 1000
210 1604
210 676
210 1623
210 1625
210 770
210 1647
210 1655
210 1656
210 1685
211 245
211 258
211 267
211 575
211 2097
211 585
211 278
211 426
211 428
211 702
211 432
211 1469
211 288
211 289
211 436
211 511
211 354
211 598
211 291
211 355
211 600
211 835
211 444
211 1515
211 517
211 1147
211 296
211 611
211 612
211 255
211 456
211 1547
211 617
211 891
211 618
211 897
211 899
211 625
211 1453
211 1402
211 916
211 635
211 217
211 218
211 636
211 313
211 952
211 956
211 321
211 2003
211 225
211 326
211 2633
211 333
211 335
211 340
211 344
211 232
211 380
211 381
211 657
211 2375
211 474
211 992
211 383
211 475
211 1025
211 388
211 481
211 2506
211 678
211 2135
211 559
211 2508
211 2577
211 1462
212 352
212 294
212 604
212 360
212 361
212 619
212 2102
212 627
212 378
212 642
212 228
212 650
212 2559
212 1456
212 1090
213 247
213 248
213 215
213 219
213 318
213 221
213 223
213 328
213 333
213 334
213 335
213 230
214 240
214 243
214 269
214 274
214 425
214 280
214 286
214 354
214 448
214 297
214 361
214 450
214 255
214 299
214 453
214 461
214 373
214 376
214 644
214 229
214 341
214 502
214 679
214 772
214 558
214 686
215 235
215 238
215 417
215 271
215 584
215 715
215 859
215 361
215 612
215 364
215 300
215 622
215 729
215 2106
215 526
215 529
215 221
215 533
215 2500
215 223
215 226
215 568
215 329
215 230
215 540
215 977
215 666
215 761
215 556
215 2405
215 1434
215 1076
215 694
215 2202
215 695
216 245
216 254
216 574
216 781
216 269
216 577
216 352
216 579
216 271
216 2097
216 281
216 509
216 590
216 282
216 591
216 436
216 595
216 291
216 849
216 358
216 860
216 1133
216 294
216 604
216 875
216 360
216 611
216 614
216 725
216 890
216 891
216 618
216 1993
216 620
216 1994
216 727
216 895
216 2101
216 897
216 901
216 625
216 626
216 523
216 2533
216 2372
216 496
216 305
216 1552
216 1553
216 2499
216 731
216 1817
216 306
216 1402
216 733
216 307
216 525
216 2114
216 632
216 527
216 635
216 734
216 928
216 217
216 1999
216 2119
216 640
216 2357
216 224
216 2665
216 542
216 983
216 656
216 2631
216 2375
216 991
216 1593
216 1594
216 383
216 2602
216 2869
216 2666
216 2651
216 757
216 1007
216 1008
216 1287
216 1025
216 1614
216 389
216 2504
216 2636
216 2029
216 2060
216 1631
216 1637
216 1867
216 2547
216 1674
216 2576
216 2180
216 2578
216 775
216 2380
216 491
216 504
216 2381
216 2509
216 1973
217 258
217 783
217 426
217 509
217 789
217 592
217 288
217 354
217 806
217 1473
217 439
217 441
217 823
217 835
217 836
217 1489
217 443
217 1133
217 625
217 496
217 1552
217 1402
217 635
217 734
217 218
217 956
217 964
217 225
217 2657
217 1588
217 480
217 1025
217 678
217 1692
217 402
217 2415
218 237
218 354
218 891
218 897
218 899
218 625
218 1402
218 635
218 952
218 225
218 232
218 381
218 2393
218 383
218 1025
218 388
218 1462
218 406
219 263
219 288
219 1500
219 2115
219 1565
219 753
219 553
220 248
220 285
220 439
220 1506
220 1052
220 1464
221 238
221 248
221 251
221 271
221 585
221 278
221 1468
221 283
221 705
221 355
221 302
221 1160
221 627
221 733
221 642
221 745
221 223
221 228
221 230
221 540
221 651
221 752
221 572
221 398
221 1821
221 688
221 2422
222 235
222 254
222 266
222 1466
222 587
222 299
222 1548
222 1898
222 314
222 2655
222 2049
222 1588
222 2658
222 2835
222 1193
222 994
222 1008
222 2123
222 2223
222 1433
222 1445
223 413
223 699
223 1468
223 355
223 627
223 918
223 744
223 230
223 1786
223 1823
224 262
224 350
224 575
224 276
224 277
224 431
224 614
224 725
224 890
224 1993
224 1549
224 893
224 2101
224 2372
224 305
224 1553
224 910
224 733
224 307
224 632
224 2117
224 311
224 374
224 637
224 469
224 974
224 2373
224 1573
224 322
224 975
224 536
224 228
224 542
224 1207
224 570
224 1408
224 383
224 671
224 1411
224 1863
224 1365
224 2133
224 486
224 2572
224 775
224 776
224 402
224 2153
225 580
225 276
225 438
225 1531
225 296
225 897
225 899
225 625
225 730
225 952
225 1573
225 232
225 381
225 388
2942 629
2942 1651
2942 2379
2942 2601
2942 2910
2942 2918
226 248
226 278
226 321
226 2403
226 568
226 342
227 150
227 278
227 702
227 623
227 457
227 306
227 2392
227 320
227 323
227 324
227 537
227 2597
227 327
227 644
227 331
227 747
227 652
227 657
227 550
227 681
227 2667
227 2209
227 2898
2865 334
2865 394
2865 646
2865 650
2865 677
2865 731
2865 977
2865 1510
2865 1708
2865 1711
2865 2038
2865 2406
2865 2522
2865 2524
2865 2609
2865 2642
2865 2713
2865 2853
2865 2855
2865 2859
2865 2863
228 248
228 262
228 565
228 297
228 611
228 618
228 733
228 307
228 334
228 230
228 570
228 2503
228 2504
228 768
2866 332
2866 334
2866 394
2866 535
2866 677
2866 977
2866 1470
2866 1510
2866 1579
2866 1580
2866 1581
2866 1601
2866 1711
2866 2026
2866 2406
2866 2422
2866 2522
2866 2523
2866 2524
2866 2525
2866 2600
2866 2606
2866 2609
2866 2619
2866 2852
2866 2853
2866 2854
2866 2855
2866 2858
2866 2859
2866 2862
2866 2863
2866 2864
2866 2867
2867 334
2867 394
2867 646
2867 731
2867 977
2867 1470
2867 1510
2867 1579
2867 1580
2867 1581
2867 1711
2867 2406
2867 2522
2867 2523
2867 2524
2867 2543
2867 2609
2867 2713
2867 2856
2867 2858
2867 2859
2867 2862
2867 2863
2867 2864
229 235
229 377
229 256
229 233
229 543
229 658
229 571
229 686
229 1447
229 2510
230 248
230 271
230 1468
230 611
230 620
230 733
230 744
230 321
230 323
230 324
230 328
230 334
230 342
230 381
230 472
230 569
230 2374
230 383
230 2504
230 572
230 398
230 1823
231 237
231 781
231 278
231 2628
231 281
231 592
231 791
231 725
231 620
231 897
231 496
231 2112
231 632
231 311
231 1436
231 469
231 2373
231 348
231 349
231 2555
231 2556
231 2375
231 2666
231 1365
231 1027
231 2130
231 2434
231 2379
232 410
232 418
232 788
232 285
232 1469
232 290
232 817
232 1119
232 823
232 514
232 855
232 359
232 1523
232 1526
232 891
232 894
232 1557
232 909
232 911
232 1402
232 638
232 466
232 1454
232 642
232 982
232 2893
232 761
232 554
232 1434
232 2190
233 565
233 1503
233 359
233 255
233 536
233 2507
233 562
233 2509
2355 269
2355 325
2355 500
2355 537
2355 652
2355 666
2355 729
2355 977
2355 997
2355 1329
2355 1578
2355 1580
2355 1601
2355 1630
2355 2202
2355 2403
2355 2637
2355 2854
2355 2879
2355 2833
2356 260
2356 297
2356 356
2356 398
2356 408
2356 409
2356 411
2356 418
2356 497
2356 500
2356 503
2356 513
2356 546
2356 556
2356 611
2356 746
2356 2909
2356 2507
234 251
234 258
234 1102
234 412
234 414
234 415
234 1722
234 579
234 2097
234 277
234 509
234 702
234 284
234 799
234 809
234 825
234 861
234 718
234 448
234 611
234 891
234 1993
234 893
234 367
234 727
234 625
234 2108
234 732
234 1402
234 635
234 1168
234 1403
234 925
234 1178
234 467
234 320
234 1406
234 748
234 979
234 1408
234 2876
234 1410
234 1411
234 1415
234 1257
234 1417
234 1863
234 1389
234 2488
234 2635
234 1425
234 2881
234 1426
234 2882
234 2490
234 1427
234 1430
234 767
234 2492
234 1431
234 2378
234 2493
234 1434
235 243
235 249
235 250
235 254
235 505
235 257
235 2591
235 408
235 573
235 263
235 266
235 566
235 574
235 576
235 580
235 353
235 586
235 280
235 587
235 283
235 285
235 287
235 288
235 290
235 354
235 806
235 439
235 513
235 602
235 858
235 293
235 1504
235 362
235 298
235 299
235 1554
235 1556
235 312
235 313
235 1898
235 376
235 949
235 498
235 337
235 340
235 256
235 647
235 2598
235 380
235 545
235 571
235 995
235 1850
235 546
235 1438
235 1596
235 1412
235 758
235 996
236 579
236 288
236 290
236 597
236 512
236 812
236 817
236 513
236 713
236 845
236 717
236 293
236 719
236 447
236 1531
236 1159
236 894
236 2101
236 622
236 2165
236 1163
236 744
236 749
236 753
236 2190
237 238
237 243
237 245
237 253
237 408
237 262
237 576
237 351
237 417
237 272
237 276
237 281
237 592
237 439
237 608
237 618
237 731
237 525
237 311
237 648
237 2598
237 541
237 544
237 1412
237 758
237 552
238 248
238 408
238 260
238 417
238 271
238 508
238 278
238 289
238 513
238 714
238 296
238 612
238 622
238 731
238 540
238 572
238 558
239 240
239 247
239 252
239 258
239 261
239 263
239 1102
239 412
239 413
239 414
239 698
239 273
239 420
239 584
239 1106
239 785
239 277
239 700
239 429
239 1109
239 701
239 1111
239 702
239 792
239 436
239 511
239 809
239 815
239 825
239 355
239 710
239 1122
239 711
239 1126
239 292
239 850
239 851
239 1131
239 861
239 1503
239 1508
239 721
239 448
239 1145
239 456
239 1993
239 895
239 1168
239 1169
239 1403
239 2674
239 926
239 1179
239 310
239 1180
239 1566
239 463
239 940
239 946
239 319
239 949
239 1182
239 1404
239 966
239 320
239 379
239 748
239 1186
239 1187
239 1407
239 980
239 473
239 1207
239 1208
239 1210
239 1213
239 1218
239 1229
239 1230
239 1236
239 1237
239 1253
239 1408
239 2666
239 1410
239 2222
239 1411
239 1414
239 385
239 1415
239 1257
239 1260
239 1271
239 1273
239 1417
239 1279
239 1863
239 1285
239 762
239 1293
239 1294
239 1326
239 1378
239 1389
239 1399
239 2361
239 1418
239 1419
239 2487
239 2362
239 2129
239 1420
239 2545
239 1422
239 2644
239 2635
239 1423
239 1424
239 1425
239 1426
239 2882
239 2883
239 1037
239 1428
239 2539
239 2491
239 1440
239 2845
239 2131
239 2492
239 2890
240 245
240 247
240 505
240 258
240 565
240 573
240 268
240 269
240 352
240 584
240 276
240 701
240 590
240 283
240 592
240 284
240 285
240 435
240 510
240 437
240 493
240 439
240 849
240 602
240 1500
240 854
240 516
240 358
240 293
240 1503
240 359
240 863
240 603
240 517
240 605
240 448
240 449
240 1532
240 518
240 297
240 451
240 255
240 889
240 299
240 454
240 301
240 1549
240 367
240 727
240 304
240 1553
240 2499
240 1817
240 306
240 370
240 733
240 460
240 1403
240 1565
240 740
240 373
240 530
240 1837
240 637
240 315
240 940
240 375
240 376
240 639
240 466
240 319
240 377
240 532
240 952
240 1436
240 966
240 469
240 533
240 2500
240 2002
240 1573
240 535
240 2630
240 322
240 2358
240 499
240 1574
240 536
240 2359
240 2501
240 538
240 329
240 331
240 977
240 541
240 981
240 984
240 2631
240 991
240 383
240 671
240 2360
240 757
240 2059
240 1000
240 1604
240 760
240 1399
240 2130
240 2364
240 1617
240 676
240 1038
240 389
240 767
240 1621
240 1624
240 390
240 677
240 2505
240 1632
240 770
240 1456
240 1647
240 1655
240 1656
240 772
240 1058
240 2507
240 2508
240 1072
240 2150
240 400
240 1684
240 1078
240 1460
240 563
240 491
240 2381
240 2632
240 2509
240 1096
240 2365
240 2510
241 243
241 246
241 253
241 254
241 262
241 264
241 575
241 577
241 578
241 584
241 276
241 586
241 426
241 280
241 281
241 282
241 433
241 591
241 435
241 289
241 704
241 290
241 354
241 831
241 1498
241 516
241 716
241 357
241 358
241 1510
241 720
241 871
241 604
241 610
241 614
241 2522
241 619
241 2592
241 1553
241 731
241 2596
241 315
241 332
241 337
241 1579
241 2523
241 1580
241 2830
241 1581
241 540
241 647
241 648
241 2902
241 2598
241 2026
241 2599
241 649
241 2639
241 650
241 976
241 1184
241 2600
241 977
241 1582
241 1583
242 245
242 258
242 261
242 277
242 897
242 495
242 2170
242 1169
242 310
242 946
242 541
242 751
242 1271
242 1277
242 1316
242 2560
242 1027
242 482
242 1428
242 2646
242 2871
242 1440
243 244
243 254
243 258
243 267
243 575
243 508
243 425
243 278
243 280
243 701
243 283
243 285
243 435
243 288
243 290
243 799
243 439
243 291
243 355
243 600
243 513
243 831
243 1500
243 716
243 860
243 293
243 450
243 255
243 299
243 455
243 303
243 2025
243 310
243 461
243 530
243 741
243 935
243 939
243 376
243 747
243 546
243 1000
243 1021
243 1032
243 552
243 502
243 1656
243 1814
243 772
243 558
243 1058
243 1073
244 425
244 708
244 831
244 1519
244 1548
244 893
244 1559
244 1898
244 969
244 541
244 2658
244 552
244 1792
244 1063
245 250
245 253
245 254
245 258
245 261
245 566
245 267
245 412
245 781
245 269
245 414
245 415
245 575
245 416
245 579
245 270
245 507
245 584
245 277
245 508
245 700
245 586
245 788
245 426
245 427
245 281
245 701
245 789
245 431
245 282
245 433
245 591
245 592
245 790
245 284
245 285
245 791
245 792
245 288
245 436
245 593
245 795
245 290
245 594
245 437
245 595
245 798
245 806
245 807
245 439
245 707
245 810
245 291
245 811
245 441
245 709
245 823
245 355
245 826
245 513
245 837
245 713
245 1490
245 849
245 444
245 855
245 445
245 857
245 358
245 858
245 859
245 293
245 1512
245 294
245 869
245 722
245 517
245 605
245 875
245 877
245 878
245 1534
245 608
245 723
245 450
245 451
245 885
245 886
245 887
245 365
245 725
245 299
245 453
245 454
245 890
245 891
245 618
245 1993
245 1995
245 621
245 367
245 727
245 897
245 495
245 898
245 900
245 901
245 729
245 625
245 2104
245 903
245 904
245 2372
245 1161
245 1829
245 905
245 1554
245 2108
245 908
245 909
245 1831
245 910
245 2868
245 1833
245 2112
245 913
245 914
245 632
245 916
245 527
245 2117
245 529
245 1835
245 310
245 311
245 461
245 934
245 937
245 315
245 638
245 945
245 1570
245 2553
245 319
245 468
245 962
245 469
245 470
245 378
245 974
245 2373
245 1573
245 975
245 336
245 339
245 349
245 1579
245 978
245 541
245 380
245 748
245 381
245 981
245 653
245 2027
245 982
245 983
245 1589
245 985
245 1207
245 2557
245 474
245 992
245 993
245 995
245 1438
245 758
245 996
245 1602
245 759
245 1000
245 1604
245 2121
245 1008
245 1851
245 1737
245 1853
245 548
245 761
245 1015
245 1369
245 1400
245 1023
245 1613
245 1025
245 1026
245 2560
245 1614
245 2127
245 1027
245 1028
245 2051
245 1439
245 1034
245 1035
245 1036
245 2871
245 1618
245 2505
245 2565
245 1443
245 1444
245 1044
245 1045
245 1655
245 486
245 1788
245 1810
245 2872
245 772
245 558
245 1065
245 2138
245 1673
245 1070
245 2572
245 1676
245 1677
245 397
245 2032
245 1919
245 1080
245 1721
245 2396
245 1094
246 586
246 280
246 281
246 282
246 831
246 610
246 614
246 2522
246 1553
246 542
246 2620
247 258
247 259
247 266
247 267
247 268
247 412
247 697
247 414
247 698
247 579
247 581
247 273
247 420
247 584
247 1106
247 785
247 508
247 423
247 1107
247 700
247 429
247 280
247 281
247 701
247 1110
247 590
247 432
247 790
247 284
247 285
247 791
247 1114
247 704
247 594
247 798
247 511
247 801
247 803
247 439
247 707
247 809
247 811
247 441
247 815
247 1119
247 709
247 355
247 710
247 1122
247 1123
247 513
247 1483
247 843
247 1130
247 851
247 446
247 862
247 1508
247 1135
247 867
247 1520
247 294
247 1138
247 1139
247 605
247 1529
247 874
247 875
247 448
247 449
247 878
247 1534
247 883
247 450
247 611
247 452
247 456
247 891
247 367
247 625
247 1165
247 1832
247 1833
247 635
247 1171
247 636
247 1180
247 312
247 462
247 739
247 1838
247 940
247 941
247 944
247 948
247 318
247 2048
247 1182
247 957
247 1183
247 1404
247 2172
247 378
247 326
247 1184
247 752
247 472
247 1200
247 1217
247 1219
247 1230
247 1236
247 1593
247 998
247 1854
247 476
247 672
247 1264
247 1819
247 762
247 1293
247 1294
247 1328
247 1329
247 1348
247 1381
247 1399
247 1439
247 484
247 1037
247 2565
247 1660
247 558
247 1886
247 2570
247 1681
247 2847
247 2181
247 2182
248 259
248 414
248 415
248 698
248 418
248 420
248 1104
248 700
248 289
248 709
248 711
248 1514
248 1142
248 1532
248 302
248 1553
248 459
248 637
248 377
248 949
248 498
248 1183
248 533
248 321
248 1573
248 499
248 328
248 1583
248 654
248 2027
248 982
248 2529
248 2893
248 569
248 1900
248 1238
248 383
248 1849
248 2870
248 760
248 762
248 387
248 1400
248 2473
248 2132
248 2650
248 572
248 560
248 2067
249 250
249 505
249 566
249 362
249 298
249 255
249 498
249 325
249 340
249 256
249 380
249 545
249 571
249 2637
250 254
250 505
250 408
250 263
250 566
250 576
250 513
250 361
250 362
250 255
250 523
250 256
250 654
250 984
250 545
250 997
250 2873
251 2097
251 509
251 284
251 717
251 718
251 605
251 611
251 367
251 624
251 733
251 2114
251 635
251 470
251 320
251 378
251 746
251 326
251 333
251 335
251 2374
251 383
251 1006
251 1025
251 2635
251 2504
251 768
251 775
251 2380
251 2583
2868 282
2868 311
2868 349
2868 352
2868 367
2868 474
2868 509
2868 579
2868 595
2868 611
2868 614
2868 620
2868 621
2868 632
2868 718
2868 725
2868 727
2868 781
2868 849
2868 890
2868 910
2868 1008
2868 1549
2868 1833
2868 1993
2868 2112
2868 2372
2357 276
2357 306
2357 319
2357 358
2357 376
2357 383
2357 385
2357 403
2357 469
2357 493
2357 510
2357 535
2357 563
2357 605
2357 644
2357 757
2357 767
2357 858
2357 949
2357 966
2357 970
2357 984
2357 997
2357 1001
2357 1008
2357 1058
2357 1243
2357 1365
2357 1403
2357 1413
2357 1436
2357 1503
2357 1544
2357 1565
2357 1566
2357 1574
2357 1620
2357 1621
2357 2002
2357 2122
2357 2130
2357 2131
2357 2231
2357 2665
2357 2358
2357 2359
2357 2407
2357 2360
2357 2365
2357 2368
2357 2401
2358 270
2358 276
2358 325
2358 380
2358 390
2358 400
2358 451
2358 469
2358 491
2358 493
2358 510
2358 535
2358 538
2358 541
2358 547
2358 563
2358 565
2358 592
2358 605
2358 757
2358 778
2358 883
2358 940
2358 966
2358 991
2358 997
2358 1413
2358 1426
2358 1549
2358 1574
2358 1603
2358 1620
2358 2150
2358 2365
2358 2637
2358 2665
2358 2407
2358 2556
2358 2360
2358 2666
2358 2505
2358 2578
2358 2369
252 254
252 257
252 258
252 261
252 263
252 1102
252 412
252 697
252 698
252 277
252 429
252 439
252 809
252 355
252 861
252 293
252 299
252 1403
252 2875
252 2674
252 925
252 310
252 1818
252 946
252 1404
252 320
252 2656
252 2643
252 1187
252 980
252 1207
252 1210
252 756
252 1408
252 1411
252 1412
252 1414
252 1285
252 2361
252 1421
252 1423
252 1428
252 2493
2359 258
2359 261
2359 276
2359 277
2359 299
2359 301
2359 319
2359 347
2359 467
2359 469
2359 605
2359 966
2359 997
2359 1001
2359 1034
2359 1118
2359 1243
2359 1365
2359 1403
2359 1406
2359 1413
2359 1414
2359 1436
2359 1438
2359 1565
2359 1603
2359 1620
2359 2002
2359 2360
2359 2362
2359 2645
2359 2368
2359 2369
2359 2370
253 254
253 505
253 259
253 408
253 262
253 565
253 269
253 414
253 576
253 577
253 578
253 351
253 698
253 417
253 271
253 272
253 582
253 699
253 583
253 584
253 421
253 585
253 1466
253 587
253 281
253 430
253 589
253 590
253 282
253 436
253 511
253 826
253 608
253 610
253 890
253 622
253 623
253 729
253 368
253 629
253 630
253 631
253 306
253 1898
253 1183
253 2500
253 975
253 537
253 327
253 646
253 1579
253 2523
253 981
253 652
253 653
253 984
253 655
253 2897
253 656
253 657
253 2831
253 2634
253 658
253 659
253 660
253 661
253 662
253 663
253 2631
253 2832
253 1191
253 664
253 2589
253 1192
2869 311
2869 349
2869 389
2869 611
2869 635
2869 727
2869 916
2869 993
2869 1552
2869 1556
2869 1619
2869 2097
2869 2114
2869 2119
2869 2372
2869 2556
2869 2593
2869 2666
254 778
254 505
254 408
254 262
254 410
254 268
254 414
254 575
254 576
254 577
254 578
254 416
254 417
254 579
254 580
254 272
254 582
254 583
254 584
254 421
254 276
254 585
254 508
254 422
254 423
254 424
254 586
254 426
254 280
254 509
254 589
254 431
254 590
254 282
254 433
254 591
254 283
254 435
254 288
254 437
254 511
254 439
254 441
254 600
254 513
254 515
254 516
254 608
254 296
254 519
254 610
254 614
254 299
254 522
254 622
254 729
254 524
254 629
254 730
254 371
254 733
254 307
254 525
254 1559
254 527
254 528
254 922
254 636
254 929
254 374
254 314
254 1569
254 642
254 500
254 645
254 343
254 976
254 747
254 541
254 543
254 2831
254 1193
254 665
254 666
254 544
254 985
254 1590
254 382
254 753
254 667
255 408
255 260
255 565
255 267
255 269
255 417
255 419
255 508
255 425
255 289
255 436
255 291
255 441
255 600
255 293
255 519
255 297
255 362
255 363
255 364
255 456
255 622
255 457
255 729
255 305
255 1553
255 631
255 376
255 377
255 533
255 2003
255 534
255 536
255 537
255 2403
255 644
255 568
255 329
255 256
255 647
255 654
255 542
255 543
255 983
255 984
255 657
255 670
255 545
255 997
255 1007
255 1295
255 2503
255 765
255 677
255 502
255 679
255 555
255 556
255 680
255 681
255 559
255 2507
255 2508
255 560
255 399
255 562
255 1078
255 693
255 564
255 2510
255 2896
256 260
256 566
256 600
256 362
256 453
256 498
256 537
256 328
256 331
256 334
256 340
256 342
256 569
256 658
256 571
256 387
256 1456
256 502
256 1659
256 693
256 2381
256 1447
2360 376
2360 469
2360 510
2360 605
2360 757
2360 966
2360 1058
2360 1243
2360 1365
2360 1403
2360 1436
2360 1574
2360 1620
2360 1628
2360 2130
2360 2150
2360 2365
2360 2501
2360 2632
2360 2370
2870 510
2870 595
2870 809
2870 1178
2870 1257
2870 1563
2870 1570
2870 1604
2870 1644
2870 2002
2870 2027
2870 2650
2870 2873
2361 258
2361 269
2361 277
2361 310
2361 312
2361 315
2361 320
2361 358
2361 629
2361 646
2361 662
2361 809
2361 850
2361 946
2361 966
2361 976
2361 980
2361 997
2361 1001
2361 1186
2361 1210
2361 1285
2361 1389
2361 1403
2361 1407
2361 1408
2361 1424
2361 1425
2361 1427
2361 1600
2361 1655
2361 1678
2361 1863
2361 2487
2361 2362
2361 2681
2361 2498
2362 258
2362 261
2362 277
2362 292
2362 293
2362 299
2362 310
2362 347
2362 349
2362 412
2362 451
2362 463
2362 469
2362 538
2362 698
2362 756
2362 757
2362 946
2362 966
2362 980
2362 997
2362 1001
2362 1034
2362 1169
2362 1186
2362 1207
2362 1279
2362 1285
2362 1326
2362 1407
2362 1408
2362 1410
2362 1413
2362 1414
2362 1418
2362 1419
2362 1422
2362 1423
2362 1427
2362 1565
2362 1620
2362 1674
2362 1818
2362 1851
2362 2050
2362 2131
2362 2177
2362 2407
2362 2674
2362 2487
2362 2545
2362 2488
2362 2363
2362 2882
2362 2645
2362 2878
2362 2369
2362 2370
2362 2498
2363 258
2363 261
2363 292
2363 312
2363 751
2363 925
2363 946
2363 980
2363 1033
2363 1102
2363 1169
2363 1186
2363 1257
2363 1271
2363 1277
2363 1285
2363 1408
2363 1818
2363 2050
2363 2129
2363 2204
2363 2674
2363 2647
2363 2648
2363 2838
2363 2490
2363 2891
257 258
257 264
257 265
257 266
257 697
257 414
257 783
257 789
257 287
257 288
257 493
257 806
257 439
257 809
257 441
257 825
257 355
257 1492
257 857
257 448
257 299
257 1170
257 314
257 567
257 1585
257 668
257 1017
257 2005
258 778
258 505
258 259
258 261
258 263
258 264
258 265
258 266
258 1102
258 268
258 412
258 780
258 413
258 697
258 414
258 415
258 698
258 579
258 2097
258 581
258 273
258 420
258 507
258 1103
258 1104
258 1105
258 699
258 584
258 276
258 1106
258 785
258 277
258 508
258 1107
258 700
258 278
258 787
258 429
258 701
258 509
258 1110
258 431
258 282
258 1111
258 702
258 1112
258 790
258 703
258 284
258 791
258 434
258 792
258 286
258 435
258 288
258 1114
258 704
258 436
258 795
258 797
258 510
258 437
258 493
258 799
258 1471
258 597
258 511
258 801
258 803
258 438
258 1473
258 439
258 809
258 810
258 291
258 440
258 441
258 815
258 709
258 819
258 820
258 823
258 825
258 355
258 710
258 826
258 1122
258 1123
258 513
258 828
258 831
258 832
258 833
258 711
258 601
258 356
258 712
258 1126
258 713
258 292
258 1488
258 443
258 1128
258 1490
258 1494
258 849
258 850
258 602
258 444
258 851
258 1131
258 857
258 358
258 717
258 859
258 861
258 293
258 862
258 1503
258 359
258 718
258 1514
258 866
258 867
258 1521
258 721
258 1138
258 448
258 878
258 880
258 1145
258 883
258 724
258 450
258 451
258 365
258 299
258 454
258 456
258 1152
258 1157
258 1993
258 726
258 893
258 367
258 1159
258 727
258 895
258 624
258 628
258 2108
258 1831
258 459
258 912
258 2112
258 732
258 1402
258 913
258 917
258 918
258 919
258 2170
258 460
258 309
258 1168
258 1169
258 1170
258 1173
258 1174
258 922
258 737
258 1176
258 1403
258 2875
258 2674
258 925
258 926
258 1178
258 1179
258 310
258 1180
258 461
258 1565
258 312
258 462
258 1566
258 1837
258 463
258 937
258 375
258 941
258 1818
258 946
258 639
258 466
258 467
258 468
258 949
258 950
258 1182
258 2654
258 958
258 960
258 1404
258 961
258 966
258 469
258 470
258 320
258 378
258 1405
258 2003
258 1406
258 322
258 2656
258 379
258 1584
258 1185
258 748
258 381
258 2050
258 1186
258 1187
258 1407
258 979
258 980
258 751
258 1188
258 1200
258 754
258 1201
258 987
258 1205
258 473
258 1207
258 1208
258 1210
258 1213
258 1219
258 1224
258 1225
258 756
258 1232
258 1237
258 1242
258 1253
258 474
258 1408
258 992
258 1409
258 1410
258 757
258 1411
258 997
258 1413
258 1001
258 1414
258 1006
258 547
258 385
258 1008
258 2175
258 1415
258 1257
258 1416
258 1263
258 1264
258 1271
258 1272
258 761
258 1273
258 1417
258 1863
258 1285
258 1294
258 1316
258 1329
258 1389
258 1418
258 1419
258 1032
258 2487
258 481
258 2561
258 2129
258 2051
258 1616
258 1420
258 1421
258 2838
258 2545
258 2436
258 1422
258 1439
258 482
258 2488
258 2518
258 2130
258 2489
258 2644
258 2635
258 2364
258 1423
258 1424
258 1033
258 1425
258 2562
258 2881
258 2395
258 1426
258 2434
258 2679
258 1034
258 1035
258 2882
258 1036
258 2490
258 2680
258 2681
258 483
258 484
258 1427
258 2883
258 1037
258 2437
258 1617
258 1428
258 676
258 2482
258 2645
258 2483
258 1038
258 2438
258 1429
258 2646
258 1430
258 2877
258 2647
259 1101
259 1102
259 413
259 414
259 415
259 698
259 581
259 273
259 420
259 1104
259 1105
259 699
259 1106
259 585
259 508
259 423
259 1107
259 700
259 429
259 1108
259 430
259 1109
259 1110
259 1112
259 790
259 709
259 1121
259 710
259 1122
259 711
259 712
259 1126
259 1130
259 1132
259 1134
259 1135
259 1139
259 1143
259 622
259 624
259 729
259 2104
259 459
259 1169
259 1170
259 1171
259 1176
259 313
259 937
259 376
259 318
259 1182
259 1183
259 642
259 534
259 537
259 326
259 750
259 751
259 651
259 1730
259 752
259 471
259 472
259 1192
259 1197
259 1198
259 1200
259 754
259 1201
259 987
259 1205
259 1206
259 1210
259 1211
259 1214
259 1217
259 1222
259 1226
259 756
259 668
259 1233
259 1236
259 1247
259 1253
259 476
259 1268
259 1015
259 1283
259 764
259 1323
259 1350
259 1351
259 1364
259 1370
259 1400
259 2537
259 1903
259 1761
259 2137
260 408
260 409
260 269
260 417
260 271
260 419
260 508
260 285
260 289
260 704
260 436
260 355
260 513
260 714
260 606
260 724
260 296
260 297
260 361
260 364
260 622
260 523
260 524
260 731
260 631
260 497
260 634
260 461
260 315
260 533
260 534
260 537
260 326
260 2402
260 647
260 653
260 665
260 666
260 382
260 546
260 2641
260 679
260 557
260 558
260 503
261 1102
261 412
261 780
261 413
261 697
261 781
261 414
261 415
261 698
261 579
261 581
261 273
261 699
261 276
261 1106
261 785
261 277
261 508
261 429
261 281
261 1110
261 431
261 1111
261 702
261 1112
261 592
261 703
261 286
261 1114
261 809
261 709
261 825
261 355
261 828
261 712
261 292
261 850
261 861
261 718
261 1138
261 1993
261 1549
261 367
261 895
261 2112
261 732
261 917
261 918
261 2170
261 1170
261 1173
261 1174
261 1176
261 1403
261 2875
261 925
261 926
261 1179
261 310
261 312
261 467
261 1404
261 966
261 320
261 1405
261 1406
261 322
261 379
261 346
261 2643
261 748
261 1186
261 1187
261 979
261 1204
261 1207
261 1211
261 756
261 1232
261 1408
261 1409
261 2542
261 1411
261 997
261 385
261 1415
261 1257
261 1272
261 1417
261 1863
261 1418
261 2487
261 1420
261 1421
261 2838
261 1422
261 482
261 1423
261 2562
261 2883
261 2645
261 1429
261 1430
261 2647
261 1440
261 2878
261 1431
261 2891
262 778
262 505
262 565
262 350
262 268
262 575
262 577
262 578
262 351
262 270
262 583
262 584
262 276
262 433
262 591
262 283
262 285
262 704
262 436
262 510
262 437
262 595
262 493
262 799
262 826
262 847
262 1499
262 716
262 357
262 358
262 359
262 1510
262 603
262 1511
262 1532
262 879
262 518
262 891
262 618
262 1550
262 1551
262 727
262 895
262 622
262 1553
262 629
262 1557
262 306
262 371
262 307
262 1563
262 372
262 1565
262 315
262 940
262 1569
262 376
262 377
262 952
262 1571
262 2500
262 1454
262 973
262 974
262 2002
262 535
262 2630
262 322
262 1574
262 537
262 327
262 1581
262 650
262 542
262 543
262 2502
262 984
262 661
262 662
262 2631
262 1590
262 382
262 1593
262 2059
262 1596
262 1412
262 758
262 996
262 997
262 1598
262 1000
262 1604
262 1607
262 1615
262 2649
262 389
262 1621
262 1622
262 1623
262 1624
262 1625
262 2504
262 768
262 1626
262 2636
262 2029
262 1627
262 1628
262 2637
262 390
262 391
262 1629
262 1630
263 505
263 1102
263 412
263 413
263 414
263 698
263 581
263 429
263 1541
263 1110
263 510
263 711
263 1500
263 861
263 293
263 719
263 883
263 2115
263 527
263 927
263 1565
263 312
263 1818
263 1404
263 380
263 1584
263 2643
263 1185
263 748
263 2913
263 381
263 749
263 2050
263 1186
263 1187
263 1407
263 979
263 980
264 265
264 414
264 577
264 783
264 785
264 1466
264 423
264 426
264 281
264 789
264 592
264 286
264 793
264 795
264 510
264 437
264 493
264 596
264 800
264 354
264 806
264 1473
264 807
264 439
264 810
264 831
264 836
264 714
264 1489
264 849
264 445
264 863
264 294
264 1529
264 518
264 1536
264 1148
264 521
264 1996
264 628
264 913
264 633
264 1898
264 940
264 950
264 1571
264 964
264 1573
264 381
264 2557
264 1598
264 1604
264 2122
264 1859
264 2532
264 1627
264 2408
264 1633
264 1865
264 1640
264 2133
264 1043
264 2567
264 2138
264 2569
264 1070
264 2572
264 396
264 2018
264 2693
264 2694
265 697
265 414
265 581
265 783
265 789
265 434
265 596
265 806
265 439
265 809
265 810
265 857
265 1512
265 1531
265 299
265 373
265 314
265 1840
265 990
265 1438
265 1597
265 1323
265 1017
265 2532
265 388
265 1030
265 2408
265 2005
266 778
266 407
266 408
266 1102
266 268
266 697
266 414
266 415
266 575
266 579
266 581
266 783
266 1465
266 276
266 508
266 700
266 425
266 788
266 587
266 430
266 701
266 789
266 282
266 702
266 432
266 790
266 791
266 1469
266 434
266 287
266 288
266 1543
266 1114
266 704
266 436
266 795
266 796
266 290
266 799
266 1471
266 597
266 706
266 511
266 803
266 438
266 1473
266 807
266 1475
266 809
266 810
266 291
266 599
266 441
266 817
266 1119
266 818
266 1120
266 1121
266 824
266 826
266 600
266 513
266 1481
266 829
266 831
266 832
266 833
266 711
266 601
266 1125
266 836
266 514
266 837
266 515
266 840
266 841
266 714
266 1491
266 848
266 1499
266 858
266 293
266 1503
266 359
266 1514
266 1133
266 720
266 1526
266 873
266 1143
266 448
266 1146
266 1147
266 1544
266 884
266 724
266 610
266 613
266 725
266 299
266 894
266 304
266 1829
266 2108
266 908
266 1831
266 458
266 1832
266 2171
266 460
266 1175
266 1180
266 1564
266 461
266 930
266 1837
266 1898
266 638
266 639
266 949
266 950
266 955
266 959
266 1183
266 469
266 970
266 2902
266 1588
266 1193
266 987
266 1228
266 1237
266 1248
266 2174
266 1849
266 1437
266 995
266 1850
266 1438
266 1414
266 385
266 2121
266 1008
266 2175
266 1737
266 475
266 1257
266 1610
266 2394
266 2124
266 2176
266 1854
266 1285
266 388
266 2395
266 502
266 1442
266 1443
266 1654
266 1874
266 559
266 1681
266 2185
266 401
266 2153
266 2204
266 1451
267 407
267 269
267 581
267 783
267 1105
267 425
267 432
267 797
267 598
267 806
267 439
267 291
267 820
267 600
267 831
267 844
267 852
267 716
267 858
267 1515
267 866
267 294
267 605
267 878
267 299
267 453
267 454
267 310
267 462
267 935
267 939
267 941
267 465
267 470
267 321
267 2003
267 340
267 1585
267 1589
267 1599
267 1000
267 1001
267 1004
267 1021
267 2224
267 481
267 1616
267 2838
267 1034
267 771
267 1445
267 1675
268 408
268 780
268 414
268 575
268 577
268 579
268 581
268 420
268 583
268 276
268 1466
268 429
268 587
268 282
268 284
268 791
268 1992
268 2629
268 288
268 510
268 437
268 595
268 493
268 799
268 439
268 811
268 823
268 1122
268 513
268 834
268 515
268 713
268 1130
268 858
268 859
268 293
268 1503
268 359
268 863
268 1510
268 718
268 605
268 875
268 448
268 879
268 518
268 1534
268 1544
268 884
268 624
268 525
268 1174
268 372
268 1567
268 935
268 1898
268 936
268 1570
268 1182
268 952
268 1436
268 966
268 469
268 2003
268 1573
268 1574
268 1575
268 747
268 1210
268 1211
268 2174
268 1409
268 1437
268 2837
268 1623
268 1654
268 1655
268 1058
268 1460
269 778
269 408
269 565
269 415
269 575
269 576
269 577
269 578
269 351
269 698
269 270
269 581
269 507
269 508
269 425
269 279
269 589
269 590
269 591
269 283
269 592
269 285
269 289
269 815
269 709
269 826
269 513
269 357
269 358
269 862
269 359
269 1510
269 1143
269 608
269 297
269 451
269 299
269 454
269 1548
269 1550
269 895
269 2101
269 622
269 729
269 626
269 524
269 1553
269 629
269 1555
269 1557
269 631
269 306
269 370
269 371
269 1559
269 1562
269 372
269 313
269 463
269 315
269 318
269 639
269 319
269 2392
269 1572
269 2895
269 325
269 537
269 500
269 326
269 643
269 2402
269 2633
269 2403
269 1578
269 644
269 646
269 538
269 539
269 568
269 1580
269 1581
269 650
269 976
269 977
269 652
269 1586
269 1587
269 655
269 2897
269 657
269 662
269 1590
269 382
269 753
269 670
269 671
269 2059
269 997
269 1600
269 759
269 1000
269 2503
269 1029
269 1038
269 1619
269 2637
269 391
269 1630
269 1638
269 553
269 2404
269 1646
269 1651
269 394
269 679
269 555
269 1655
269 2535
269 556
269 1656
269 680
269 681
269 1657
269 2853
269 2405
269 2854
270 350
270 781
270 577
270 351
270 416
270 507
270 426
270 2628
270 281
270 431
270 433
270 591
270 592
270 434
270 806
270 358
270 446
270 1503
270 1532
270 608
270 885
270 725
270 890
270 895
270 901
270 729
270 629
270 1557
270 307
270 2117
270 529
270 311
270 1565
270 319
270 966
270 469
270 1573
270 1574
270 328
270 1580
270 541
270 2027
270 984
270 671
270 1026
270 1027
270 1035
270 1036
270 1037
270 2649
270 389
270 2871
270 1618
270 766
270 1619
270 767
270 1620
271 352
271 2097
271 275
271 508
271 278
271 587
271 590
271 283
271 285
271 289
271 290
271 595
271 1532
271 361
271 364
271 452
271 614
271 618
271 619
271 892
271 1994
271 624
271 631
271 1817
271 307
271 526
271 634
271 2118
271 921
271 1999
271 1898
271 567
271 470
271 2655
271 2500
271 650
271 1899
271 653
271 666
271 1412
271 1854
271 389
271 392
271 1631
271 1433
271 1443
271 1644
271 1867
271 1046
271 557
271 2536
271 2139
271 2508
271 398
271 1821
271 1081
271 1099
271 406
271 2399
271 2896
272 408
272 409
272 576
272 352
272 582
272 276
272 786
272 1466
272 589
272 354
272 356
272 608
272 521
272 892
272 523
272 526
272 742
272 639
272 646
272 343
272 647
272 654
272 658
272 986
272 1412
272 1369
272 2060
272 682
2365 389
2365 400
2365 469
2365 491
2365 535
2365 536
2365 542
2365 565
2365 757
2365 940
2365 966
2365 984
2365 1403
2365 1436
2365 1552
2365 1574
2365 1620
2365 2002
2365 2150
2365 2509
2365 2631
2365 2556
2365 2666
2365 2505
2365 2507
2365 2578
2365 2381
273 413
273 414
273 415
273 698
273 579
273 581
273 420
273 1103
273 1104
273 1105
273 699
273 277
273 1107
273 700
273 429
273 430
273 282
273 702
273 809
273 709
273 825
273 710
273 1122
273 711
273 712
273 1130
273 850
273 718
273 1514
273 872
273 1148
273 624
273 459
273 732
273 2170
273 1168
273 1170
273 1171
273 946
273 318
273 965
273 1185
273 1186
273 1407
273 751
273 1730
273 1188
273 471
273 1189
273 987
273 755
273 1208
273 1211
273 1212
273 1213
273 1219
273 1225
273 756
273 668
273 1229
273 1250
273 1411
273 760
273 1268
273 1272
273 1276
273 386
273 1863
273 1285
273 1289
273 1309
273 1333
273 1351
273 1366
273 1389
273 1398
273 1400
273 1904
273 2439
273 1788
273 2839
273 2684
273 2846
274 1466
274 425
274 1543
274 852
274 450
274 299
274 373
274 1435
274 2175
274 475
274 1444
274 1446
274 2228
274 2428
275 701
275 283
275 285
275 290
275 1997
275 2594
275 526
275 313
275 738
275 337
275 651
275 1766
275 685
275 1057
275 2605
275 2409
276 780
276 575
276 578
276 351
276 1466
276 280
276 509
276 283
276 285
276 1992
276 436
276 510
276 437
276 595
276 493
276 799
276 439
276 441
276 822
276 513
276 515
276 859
276 293
276 863
276 718
276 605
276 1531
276 879
276 518
276 450
276 299
276 620
276 1549
276 1553
276 632
276 2221
276 2117
276 1403
276 311
276 1563
276 372
276 1565
276 1838
276 1724
276 376
276 316
276 1570
276 639
276 532
276 1436
276 966
276 469
276 2049
276 974
276 2373
276 1405
276 2002
276 2665
276 2003
276 534
276 1573
276 535
276 2630
276 1406
276 322
276 2656
276 499
276 1574
276 1575
276 975
276 536
276 1455
276 1576
276 2407
276 746
276 2501
2366 306
2366 325
2366 526
2366 529
2366 568
2366 628
2366 635
2366 666
2366 849
2366 1624
2366 1693
2366 2097
2366 2382
2367 467
2367 469
2367 751
2367 891
2367 966
2367 1001
2367 1186
2367 1403
2367 1424
2367 1434
2367 1444
2367 2112
2367 2136
2367 2644
2367 2577
2367 2368
2367 2401
277 1102
277 412
277 413
277 414
277 415
277 698
277 2097
277 419
277 699
277 429
277 1110
277 791
277 436
277 809
277 291
277 355
277 292
277 849
277 850
277 1503
277 718
277 456
277 1552
277 2112
277 917
277 919
277 2170
277 1403
277 925
277 926
277 310
277 312
277 467
277 1404
277 966
277 469
277 320
277 1405
277 1406
277 322
277 379
277 380
277 2643
277 1186
277 1407
277 979
277 1207
277 756
277 1232
277 1408
277 1410
277 1411
277 1413
277 1001
277 475
277 1415
277 1863
277 1316
277 1419
277 2487
277 481
277 1420
277 1421
277 2838
277 2545
277 1422
277 482
277 2488
277 2644
277 1423
277 1424
277 2881
277 2434
277 2882
277 1427
277 2883
277 1429
277 2877
277 2647
277 2491
277 1440
277 2492
277 2890
277 2878
277 2891
277 486
277 2684
278 1102
278 413
278 782
278 352
278 579
278 2097
278 585
278 508
278 279
278 280
278 282
278 702
278 592
278 791
278 718
278 294
278 611
278 364
278 614
278 1993
278 620
278 367
278 2533
278 2105
278 912
278 2112
278 732
278 1402
278 733
278 2114
278 633
278 635
278 734
278 2170
278 1169
278 1174
278 1176
278 925
278 927
278 311
278 741
278 567
278 743
278 949
278 952
278 323
278 324
278 331
278 977
278 748
278 979
278 1190
278 1222
278 1592
278 385
278 1257
278 1417
278 1418
278 2489
278 2635
278 1425
278 1429
278 768
278 678
278 2914
278 557
278 2566
278 1753
278 2135
2873 352
2873 365
2873 507
2873 862
2873 883
2873 1604
2873 1624
2873 1644
2873 2002
2873 2230
279 421
279 702
279 290
279 357
279 358
279 861
279 294
279 2522
279 623
279 1553
279 306
279 976
279 1583
279 542
279 2897
279 1590
279 2489
279 1630
280 2591
280 585
280 786
280 586
280 2626
280 587
280 701
280 509
280 285
280 289
280 290
280 803
280 439
280 820
280 356
280 1496
280 1498
280 716
280 446
280 1510
280 604
280 448
280 296
280 610
280 361
280 886
280 298
280 364
280 452
280 614
280 302
280 2103
280 2594
280 1553
280 633
280 634
280 2596
280 313
280 314
280 375
280 470
280 642
280 745
280 746
280 568
280 337
280 1579
280 2523
280 2830
280 540
280 2026
280 2599
280 2600
280 977
280 1582
280 1583
280 982
280 2529
280 1733
280 2555
280 2059
280 1397
280 501
280 1036
280 390
280 557
280 685
280 2605
280 1879
280 687
280 2388
280 2530
281 781
281 575
281 351
281 579
281 2097
281 584
281 786
281 586
281 2628
281 509
281 431
281 282
281 702
281 591
281 592
281 595
281 799
281 1115
281 1477
281 847
281 849
281 358
281 717
281 863
281 1510
281 1133
281 608
281 1536
281 360
281 451
281 886
281 725
281 890
281 891
281 618
281 1993
281 1549
281 1995
281 897
281 495
281 898
281 899
281 900
281 901
281 729
281 625
281 2372
281 905
281 2219
281 2108
281 909
281 914
281 632
281 635
281 734
281 1562
281 2117
281 311
281 928
281 929
281 372
281 742
281 1569
281 945
281 1570
281 2553
281 956
281 1572
281 974
281 2373
281 1573
281 975
281 1579
281 2523
281 977
281 1582
281 981
281 1842
281 1593
281 2666
281 995
281 1602
281 1004
281 672
281 1015
281 1350
281 1613
281 1025
281 1614
281 2127
281 2376
281 1037
281 1641
281 1644
281 1906
281 1788
281 1810
281 1672
281 1676
281 396
281 2578
281 1919
281 1695
282 1102
282 574
282 780
282 781
282 414
282 415
282 351
282 698
282 417
282 1722
282 352
282 579
282 2097
282 581
282 1103
282 699
282 784
282 1106
282 785
282 700
282 788
282 1540
282 429
282 1541
282 509
282 590
282 702
282 591
282 592
282 790
282 434
282 792
282 288
282 1114
282 795
282 290
282 595
282 706
282 511
282 354
282 809
282 815
282 826
282 827
282 831
282 833
282 356
282 839
282 515
282 713
282 842
282 849
282 1495
282 1496
282 1498
282 1499
282 855
282 445
282 357
282 857
282 717
282 860
282 293
282 1507
282 718
282 294
282 447
282 870
282 604
282 607
282 1143
282 875
282 448
282 1535
282 608
282 609
282 1536
282 1146
282 1148
282 1826
282 519
282 611
282 364
282 614
282 889
282 725
282 299
282 300
282 1547
282 890
282 617
282 891
282 618
282 1158
282 619
282 1993
282 1548
282 521
282 892
282 726
282 620
282 1994
282 1549
282 1995
282 621
282 893
282 367
282 2099
282 1827
282 522
282 1159
282 2100
282 894
282 1550
282 1551
282 494
282 727
282 1996
282 895
282 2101
282 622
282 2592
282 623
282 457
282 2593
282 624
282 304
282 896
282 2162
282 2102
282 2163
282 1997
282 1452
282 897
282 495
282 898
282 899
282 2103
282 728
282 900
282 901
282 729
282 625
282 2164
282 2165
282 626
282 523
282 1453
282 2104
282 1160
282 368
282 524
282 902
282 1828
282 2594
282 903
282 904
282 2166
282 2533
282 2372
282 1161
282 496
282 305
282 1552
282 1829
282 2105
282 627
282 1162
282 905
282 2219
282 2540
282 1830
282 2106
282 369
282 2653
282 628
282 1553
282 1554
282 629
282 1555
282 2499
282 1556
282 1557
282 2107
282 906
282 907
282 2550
282 730
282 2108
282 731
282 1163
282 2435
282 908
282 2109
282 1164
282 909
282 2110
282 630
282 631
282 1831
282 910
282 1817
282 2595
282 2111
282 458
282 1165
282 2167
282 911
282 306
282 370
282 1558
282 1832
282 459
282 371
282 1833
282 912
282 2112
282 732
282 1402
282 733
282 497
282 913
282 1166
282 2669
282 2670
282 307
282 525
282 2113
282 2220
282 2168
282 2025
282 1559
282 2551
282 526
282 2114
282 914
282 2115
282 632
282 633
282 915
282 916
282 634
282 527
282 2221
282 635
282 734
282 2671
282 2116
282 2596
282 1560
282 2552
282 1561
282 1562
282 2117
282 1167
282 2118
282 528
282 2672
282 1834
282 529
282 1835
282 2169
283 1722
283 585
283 508
283 701
283 1468
283 434
283 435
283 1113
283 704
283 436
283 796
283 797
283 290
283 596
283 354
283 806
283 807
283 439
283 810
283 291
283 820
283 823
283 824
283 513
283 831
283 601
283 858
283 860
283 359
283 863
283 1517
283 878
283 616
283 366
283 521
283 2100
283 368
283 524
283 902
283 627
283 628
283 1817
283 306
283 1166
283 634
283 2596
283 461
283 313
283 738
283 740
283 373
283 935
283 1898
283 938
283 375
283 317
283 319
283 950
283 958
283 1571
283 971
283 642
283 337
283 650
283 651
283 662
283 994
283 995
283 1003
283 1819
283 1016
283 1338
283 1022
283 480
283 2127
283 2007
283 1867
283 1051
283 1785
283 685
283 1057
283 2579
283 688
283 691
283 1078
283 1702
283 2475
283 2417
284 409
284 780
284 352
284 2097
284 420
284 584
284 1106
284 785
284 429
284 1109
284 701
284 509
284 789
284 592
284 790
284 434
284 792
284 1114
284 704
284 436
284 797
284 510
284 437
284 595
284 493
284 511
284 801
284 802
284 806
284 439
284 440
284 441
284 709
284 819
284 823
284 824
284 355
284 710
284 1122
284 829
284 834
284 356
284 836
284 713
284 841
284 849
284 850
284 854
284 516
284 358
284 717
284 1501
284 859
284 293
284 1503
284 863
284 1511
284 718
284 605
284 874
284 875
284 878
284 879
284 451
284 886
284 302
284 620
284 1995
284 893
284 367
284 1827
284 727
284 2101
284 624
284 1997
284 625
284 905
284 2106
284 628
284 1557
284 907
284 908
284 306
284 912
284 732
284 1402
284 733
284 2114
284 632
284 635
284 2118
284 460
284 311
284 928
284 2386
284 461
284 1565
284 931
284 462
284 373
284 530
284 742
284 940
284 375
284 466
284 467
284 531
284 2554
284 952
284 956
284 957
284 2001
284 1436
284 966
284 469
284 378
284 2003
284 746
284 335
284 339
284 749
284 981
284 986
284 1210
284 1735
284 2375
284 1409
284 1006
284 760
284 1259
284 1264
284 1283
284 762
284 1293
284 1025
284 2130
284 1036
284 676
284 1430
284 767
284 390
284 2060
284 2378
284 770
284 1042
284 1640
284 2405
284 2136
284 1049
284 1779
284 1056
284 772
284 1058
284 1870
284 1678
284 775
284 2847
284 1079
284 1721
284 1081
284 1082
284 2012
284 2379
284 1085
284 1087
284 2415
284 2381
284 403
284 2582
284 1447
284 1090
284 2382
284 2151
284 1091
284 2396
285 425
285 586
285 426
285 701
285 288
285 289
285 1113
285 436
285 290
285 438
285 439
285 441
285 709
285 355
285 514
285 1491
285 858
285 294
285 871
285 604
285 1142
285 448
285 296
285 297
285 361
285 611
285 520
285 298
285 364
285 302
285 2592
285 2162
285 2540
285 628
285 1553
285 731
285 634
285 2596
285 310
285 311
285 313
285 739
285 935
285 464
285 318
285 466
285 319
285 2391
285 470
285 326
285 2633
285 2403
285 1578
285 1579
285 2523
285 540
285 2902
285 2598
285 2026
285 2639
285 1583
285 381
285 472
285 982
285 761
285 1283
285 1036
285 1038
285 2505
285 2535
285 682
285 1046
285 557
285 1766
285 685
285 2409
285 1673
285 2180
285 2053
285 687
285 489
285 1448
285 2417
286 413
286 697
286 581
286 1466
286 2627
286 1824
286 428
286 789
286 596
286 706
286 511
286 354
286 806
286 711
286 601
286 836
286 855
286 1996
286 458
286 459
286 1167
286 1835
286 1170
286 1179
286 929
286 2386
286 373
286 937
286 345
286 346
286 988
286 473
286 990
286 1228
286 1237
286 1271
286 1334
286 2408
286 1040
286 2909
286 2915
286 2604
286 2440
286 1910
287 415
287 575
287 581
287 700
287 791
287 1469
287 288
287 289
287 1543
287 795
287 799
287 1120
287 832
287 841
287 845
287 718
287 1522
287 448
287 1147
287 299
287 1837
287 1435
287 469
287 341
287 1193
287 1438
287 1607
287 385
287 1608
287 1008
287 2175
287 1442
287 554
287 1073
287 1447
288 697
288 414
288 415
288 577
288 1722
288 579
288 581
288 507
288 785
288 508
288 701
288 702
288 790
288 434
288 435
288 704
288 436
288 593
288 797
288 290
288 493
288 597
288 511
288 438
288 512
288 807
288 439
288 810
288 291
288 441
288 1479
288 1118
288 355
288 1122
288 513
288 831
288 601
288 713
288 845
288 1494
288 1500
288 854
288 858
288 717
288 293
288 603
288 719
288 720
288 721
288 447
288 517
288 448
288 1531
288 878
288 724
288 297
288 450
288 299
288 616
288 726
288 367
288 1827
288 1159
288 894
288 727
288 2101
288 622
288 897
288 728
288 2653
288 1163
288 306
288 2115
288 1562
288 460
288 310
288 1566
288 941
288 316
288 319
288 531
288 744
288 749
288 753
288 669
288 1032
288 1034
288 770
288 1678
288 1074
288 2190
288 2691
289 408
289 1543
289 704
289 436
289 290
289 803
289 296
289 297
289 361
289 450
289 362
289 612
289 298
289 363
289 364
289 452
289 1553
289 916
289 634
289 2596
289 319
289 2402
289 2633
289 1579
289 2523
289 2830
289 2506
289 555
289 557
289 1879
289 2857
2369 379
2369 463
2369 469
2369 799
2369 895
2369 919
2369 966
2369 997
2369 1207
2369 1403
2369 1408
2369 1413
2369 1415
2369 1440
2369 1503
2369 1544
2369 1620
2369 1650
2369 2556
2369 2644
2369 2370
2369 2498
290 778
290 577
290 581
290 507
290 585
290 508
290 788
290 701
290 509
290 432
290 790
290 434
290 435
290 704
290 436
290 593
290 796
290 797
290 705
290 1471
290 706
290 511
290 800
290 801
290 806
290 807
290 439
290 808
290 291
290 1478
290 599
290 441
290 817
290 1121
290 824
290 826
290 513
290 831
290 601
290 356
290 835
290 836
290 514
290 839
290 843
290 1490
290 845
290 1491
290 849
290 1498
290 715
290 716
290 357
290 358
290 859
290 860
290 1510
290 603
290 1513
290 1517
290 720
290 1523
290 294
290 869
290 871
290 604
290 295
290 607
290 876
290 881
290 723
290 1826
290 520
290 364
290 614
290 302
290 521
290 895
290 2592
290 896
290 2162
290 2163
290 368
290 2594
290 627
290 628
290 1553
290 1557
290 731
290 2435
290 1817
290 306
290 634
290 2116
290 2596
290 736
290 921
290 310
290 1564
290 461
290 313
290 738
290 740
290 932
290 933
290 743
290 940
290 375
290 317
290 947
290 318
290 466
290 319
290 953
290 957
290 967
290 968
290 470
290 378
290 971
290 642
290 745
290 538
290 337
290 344
290 1579
290 540
290 2902
290 2598
290 2026
290 2599
290 650
290 976
290 977
290 1583
290 651
290 1729
290 982
290 1733
290 1226
290 1242
290 1003
290 1737
290 761
290 1819
290 2537
290 1033
290 1036
290 1619
290 390
290 1629
290 1630
290 2505
290 1865
290 1741
290 1867
290 1747
290 557
290 1766
290 1778
290 1784
290 685
290 2605
290 2409
290 558
290 2180
290 2053
290 777
290 1822
290 688
290 2183
290 1687
290 1688
290 2388
290 2415
290 2417
290 2530
290 2485
290 2212
290 2022
290 2213
290 2617
290 2618
291 575
291 581
291 507
291 783
291 1105
291 508
291 425
291 426
291 701
291 588
291 789
291 432
291 790
291 703
291 791
291 434
291 704
291 793
291 436
291 797
291 437
291 799
291 511
291 801
291 598
291 806
291 1473
291 439
291 810
291 441
291 708
291 819
291 820
291 1480
291 821
291 442
291 355
291 600
291 513
291 828
291 1481
291 1483
291 831
291 832
291 1124
291 601
291 836
291 1127
291 1490
291 844
291 852
291 853
291 1499
291 854
291 716
291 717
291 862
291 719
291 1515
291 866
291 1519
291 1521
291 871
291 448
291 449
291 878
291 883
291 451
291 1546
291 299
291 456
291 303
291 1158
291 457
291 460
291 1177
291 310
291 1180
291 2000
291 462
291 739
291 935
291 938
291 939
291 464
291 375
291 941
291 944
291 465
291 466
291 319
291 954
291 958
291 963
291 964
291 470
291 321
291 2003
291 340
291 749
291 980
291 2657
291 1589
291 1591
291 1843
291 1844
291 1000
291 1001
291 1019
291 1020
291 1347
291 1021
291 1024
291 2224
291 1032
291 481
291 1616
291 2838
291 1034
291 485
291 771
291 552
291 1642
291 1659
291 1660
291 1770
291 1782
291 1667
291 1669
291 1055
291 1809
291 1670
291 1814
291 1062
291 1063
291 2227
291 1076
291 1694
291 2013
291 489
291 1095
291 2039
292 1102
292 412
292 413
292 697
292 414
292 698
292 2097
292 581
292 1106
292 788
292 430
292 1110
292 790
292 703
292 791
292 809
292 709
292 355
292 831
292 514
292 1130
292 850
292 446
292 718
292 611
292 1547
292 892
292 367
292 2100
292 304
292 2165
292 1164
292 909
292 2114
292 635
292 1835
292 918
292 919
292 2171
292 2673
292 309
292 735
292 736
292 1168
292 921
292 1169
292 737
292 923
292 2674
292 1178
292 946
292 467
292 2643
292 1407
292 2173
292 1207
292 1845
292 1408
292 760
292 1400
292 1026
292 2487
292 1420
292 2436
292 2645
292 2177
292 2137
292 2187
292 2188
292 2189
292 1083
292 2192
292 2196
292 2201
292 1093
292 2204
293 407
293 780
293 579
293 581
293 584
293 2624
293 789
293 790
293 791
293 436
293 1470
293 510
293 439
293 824
293 713
293 848
293 1500
293 717
293 861
293 1503
293 719
293 721
293 447
293 448
293 883
293 296
293 451
293 299
293 1827
293 1159
293 727
293 2101
293 728
293 625
293 1829
293 2108
293 1163
293 1831
293 732
293 2115
293 527
293 460
293 372
293 1565
293 312
293 374
293 2119
293 1837
293 316
293 2553
293 377
293 744
293 1183
293 641
293 966
293 469
293 470
293 348
293 380
293 1584
293 381
293 749
293 986
293 383
293 1412
293 1610
293 1025
293 1034
293 2490
293 2493
293 2909
293 1085
294 417
294 352
294 579
294 2097
294 509
294 591
294 704
294 1470
294 354
294 513
294 858
294 605
294 448
294 360
294 296
294 297
294 611
294 364
294 452
294 614
294 453
294 620
294 625
294 2533
294 496
294 1552
294 2114
294 633
294 634
294 635
294 2386
294 314
294 947
294 952
294 378
294 534
294 746
294 335
294 2026
294 747
294 383
294 998
294 1025
294 2504
294 1456
294 2535
294 558
294 1058
294 2508
294 2572
294 1716
294 2381
294 1462
294 2018
294 2855
295 739
295 320
295 324
296 408
296 417
296 508
296 714
296 516
296 715
296 519
296 297
296 610
296 361
296 450
296 611
296 612
296 520
296 364
296 452
296 365
296 731
296 333
296 747
296 558
296 559
297 417
297 508
297 436
297 513
297 359
297 447
297 362
297 363
297 364
297 452
297 299
297 497
297 315
297 940
297 319
297 498
297 500
297 328
297 544
297 546
297 1618
297 391
297 1655
297 557
297 562
297 693
297 503
297 504
2943 698
2943 1152
2943 1301
2943 1339
2943 1340
2943 1362
2943 1374
2943 1395
2943 2431
2943 2928
2943 2959
298 783
298 1466
298 1992
298 798
298 516
298 303
298 2049
298 2532
298 2223
298 552
298 682
298 1461
298 2663
299 778
299 505
299 1102
299 414
299 415
299 575
299 581
299 507
299 1466
299 700
299 425
299 788
299 430
299 701
299 791
299 1543
299 799
299 706
299 815
299 1118
299 709
299 1121
299 824
299 355
299 600
299 832
299 711
299 514
299 837
299 1491
299 444
299 855
299 358
299 1514
299 517
299 607
299 448
299 450
299 451
299 886
299 615
299 454
299 616
299 302
299 367
299 2099
299 908
299 460
299 1170
299 1175
299 310
299 930
299 1566
299 1837
299 637
299 463
299 941
299 316
299 319
299 949
299 1435
299 959
299 469
299 2392
299 470
299 380
299 1186
299 2658
299 1193
299 1206
299 1228
299 1232
299 1237
299 1248
299 1408
299 1849
299 1850
299 1438
299 1001
299 1414
299 1006
299 547
299 1607
299 1008
299 2175
299 1851
299 1737
299 475
299 2123
299 761
299 1285
299 1400
299 2223
299 1439
299 2518
299 2395
299 1034
299 1427
299 1038
299 2131
299 2662
299 502
299 1443
299 1444
299 1655
299 2683
299 2915
299 1445
299 1874
299 1894
299 776
299 2032
299 401
299 1449
299 2397
299 2152
299 2549
299 2398
299 2399
299 2400
299 1464
299 2368
299 1450
299 2209
299 2370
299 1451
300 782
300 352
300 361
300 611
300 614
300 890
300 741
300 320
300 323
300 324
300 568
300 748
300 979
300 768
301 584
301 1466
301 426
301 806
301 358
301 1511
301 517
301 1818
301 980
301 1595
301 1003
301 1008
301 1285
301 2881
301 2882
301 1427
301 1627
301 2473
301 401
302 418
302 701
302 509
302 434
302 793
302 493
302 439
302 440
302 827
302 711
302 853
302 445
302 861
302 863
302 1511
302 1517
302 871
302 604
302 878
302 1533
302 450
302 452
302 899
302 2220
302 372
302 313
302 934
302 2373
302 337
302 2902
302 1186
302 2631
302 988
302 1208
302 770
302 678
302 1432
302 1640
302 1744
302 1770
302 1458
302 1052
302 1911
302 1060
302 776
302 1681
302 1715
302 2414
302 1935
302 2240
303 1466
303 354
303 815
303 2386
303 314
303 567
303 2049
303 747
303 2835
303 2659
303 2222
303 2376
303 2473
303 552
303 1433
303 1719
303 490
2944 703
2944 1134
2944 1135
2944 1152
2944 1198
2944 1246
2944 1340
2944 1341
2944 1362
2944 1374
2944 1395
2944 2928
2944 2959
304 407
304 697
304 579
304 2097
304 785
304 787
304 788
304 431
304 432
304 790
304 703
304 791
304 792
304 593
304 796
304 597
304 805
304 1478
304 815
304 816
304 818
304 709
304 819
304 823
304 824
304 355
304 513
304 827
304 831
304 833
304 356
304 514
304 515
304 843
304 849
304 1495
304 1496
304 850
304 516
304 358
304 717
304 859
304 860
304 446
304 603
304 719
304 869
304 870
304 604
304 1526
304 448
304 878
304 1536
304 1146
304 1826
304 451
304 611
304 364
304 614
304 725
304 1547
304 890
304 891
304 1993
304 1548
304 1995
304 367
304 2100
304 894
304 727
304 622
304 624
304 2163
304 1997
304 1452
304 2103
304 625
304 2164
304 2165
304 903
304 628
304 906
304 907
304 908
304 909
304 2110
304 2595
304 911
304 2025
304 1559
304 526
304 2114
304 632
304 635
304 2116
304 1560
304 918
304 919
304 2171
304 309
304 735
304 736
304 921
304 737
304 923
304 1178
304 1565
304 1837
304 932
304 466
304 958
304 470
304 378
304 642
304 2373
304 1573
304 322
304 1207
304 1223
304 1735
304 1592
304 760
304 1269
304 1018
304 1026
304 1036
304 390
304 2177
304 2839
304 772
304 2137
304 2139
304 2179
304 2010
304 2579
304 776
304 2182
304 2186
304 2187
304 2188
304 2189
304 2190
304 2191
304 1083
304 2194
304 2195
304 2196
304 2197
304 2198
304 2199
304 2200
304 2201
304 2012
304 2151
304 695
304 2204
304 2213
304 2214
304 2158
305 350
305 590
305 1509
305 607
305 361
305 364
305 2099
305 622
305 496
305 1552
305 1553
305 307
305 567
305 949
305 765
305 769
305 502
305 1443
305 2185
306 778
306 781
306 577
306 351
306 417
306 508
306 701
306 509
306 590
306 510
306 514
306 1499
306 357
306 358
306 1503
306 603
306 605
306 519
306 611
306 364
306 614
306 890
306 618
306 1548
306 1549
306 1550
306 494
306 895
306 623
306 457
306 2593
306 729
306 2533
306 628
306 1555
306 2499
306 1557
306 631
306 370
306 371
306 307
306 2115
306 1562
306 315
306 319
306 533
306 2665
306 1574
306 2895
306 325
306 537
306 2597
306 2403
306 539
306 568
306 331
306 334
306 1581
306 540
306 977
306 1583
306 542
306 569
306 1586
306 1587
306 655
306 2897
306 656
306 657
306 2831
306 659
306 662
306 2832
306 1589
306 666
306 1590
306 991
306 1593
306 383
306 757
306 2059
306 997
306 1600
306 1601
306 1000
306 1603
306 1607
306 1614
306 1615
306 2364
306 1625
306 2029
306 390
306 1629
306 1630
306 1643
306 1444
306 2404
306 1646
306 1649
306 1655
306 688
306 1686
306 1689
306 1078
306 503
306 2202
306 2833
306 2619
307 505
307 565
307 573
307 350
307 578
307 351
307 352
307 584
307 2628
307 1541
307 591
307 1470
307 510
307 493
307 511
307 513
307 515
307 602
307 516
307 357
307 358
307 1515
307 518
307 614
307 618
307 1553
307 1554
307 370
307 371
307 733
307 525
307 1559
307 1563
307 372
307 1565
307 1568
307 376
307 377
307 2500
307 973
307 535
307 2630
307 1574
307 1576
307 537
307 327
307 329
307 331
307 342
307 2639
307 982
307 542
307 543
307 2374
307 1586
307 2502
307 984
307 662
307 666
307 1590
307 382
307 1593
307 2059
307 1000
307 1007
307 1606
307 1384
307 1615
307 389
307 1621
307 1622
307 1625
307 1626
307 2636
307 391
307 1630
307 550
307 677
307 551
307 2060
307 2506
307 2641
307 1643
307 1652
307 2508
307 1674
307 2150
307 399
307 561
307 1684
307 2381
307 2632
307 2642
307 2667
308 149
308 361
308 2911
308 2912
308 2521
308 2623
309 412
309 413
309 697
309 414
309 782
309 429
309 703
309 436
309 439
309 441
309 355
309 1124
309 718
309 724
309 917
309 918
309 919
309 920
309 1172
309 1176
309 2674
309 1177
309 926
309 927
309 310
309 946
309 467
309 1207
309 1209
309 992
309 1338
309 2137
309 1093
310 573
310 1102
310 412
310 697
310 414
310 782
310 698
310 507
310 508
310 425
310 701
310 588
310 1110
310 703
310 435
310 436
310 799
310 439
310 355
310 828
310 831
310 1124
310 602
310 852
310 861
310 446
310 719
310 1519
310 448
310 449
310 883
310 724
310 451
310 455
310 456
310 1158
310 727
310 1169
310 2875
310 2674
310 1177
310 925
310 636
310 312
310 935
310 939
310 946
310 467
310 319
310 1404
310 966
310 320
310 345
310 2643
310 748
310 1186
310 1407
310 980
310 1586
310 1588
310 1207
310 1408
310 1410
310 1411
310 1413
310 1257
310 1863
310 1285
310 1019
310 1338
310 1021
310 1024
310 1418
310 1419
310 1032
310 2129
310 1420
310 1421
310 2838
310 1422
310 2488
310 2635
310 1423
310 1425
310 2434
310 2490
310 1428
310 1429
310 1440
310 1625
310 771
310 2915
310 1669
310 2177
310 2178
310 1058
310 2204
311 781
311 2097
311 507
311 421
311 427
311 2628
311 509
311 431
311 591
311 592
311 791
311 713
311 847
311 446
311 450
311 885
311 725
311 890
311 891
311 618
311 1993
311 1549
311 1995
311 621
311 893
311 367
311 522
311 494
311 727
311 2101
311 897
311 495
311 625
311 2372
311 1556
311 1557
311 910
311 2112
311 632
311 916
311 1562
311 2117
311 1835
311 2553
311 469
311 470
311 974
311 2373
311 1573
311 322
311 975
311 348
311 349
311 649
311 1582
311 541
311 748
311 667
311 2555
311 2556
311 570
311 2375
311 474
311 1592
311 991
311 2836
311 1594
311 383
311 1901
311 2666
311 1409
311 1008
311 1015
311 1350
311 1383
311 1025
311 1036
311 2871
311 1648
311 1750
311 486
311 1065
311 1673
311 2379
312 412
312 355
312 861
312 724
312 1169
312 2674
312 925
312 944
312 946
312 467
312 1404
312 320
312 2643
312 1186
312 1187
312 1407
312 979
312 751
312 1410
312 1411
312 1273
312 1285
312 1419
312 1420
312 1421
312 2545
312 1422
312 482
312 2644
312 1423
312 1424
312 1425
312 2490
312 1428
312 2646
312 2891
312 2493
312 1705
312 2204
312 2648
313 778
313 505
313 417
313 354
313 1121
313 1143
313 609
313 612
313 622
313 738
313 318
313 642
313 326
313 1578
313 337
313 1730
313 2534
313 472
313 2566
313 1057
313 558
313 776
314 419
314 783
314 1466
314 2626
314 587
314 588
314 789
314 431
314 1825
314 798
314 354
314 598
314 439
314 441
314 1494
314 1499
314 862
314 863
314 1524
314 360
314 613
314 615
314 366
314 1548
314 522
314 525
314 1559
314 922
314 2386
314 1567
314 1898
314 567
314 465
314 2656
314 648
314 380
314 1584
314 381
314 1586
314 1588
314 2658
314 2835
314 2659
314 1856
314 480
314 2532
314 2223
314 2376
314 2661
314 2473
314 1456
314 1635
314 1433
314 1646
314 2135
314 1700
314 1461
314 2663
314 2549
314 2021
314 2698
315 505
315 408
315 577
315 417
315 507
315 584
315 590
315 436
315 493
315 599
315 357
315 358
315 359
315 1510
315 720
315 517
315 1527
315 610
315 451
315 1546
315 612
315 452
315 454
315 1550
315 622
315 457
315 729
315 626
315 629
315 1557
315 731
315 371
315 1562
315 529
315 940
315 639
315 319
315 537
315 500
315 2402
315 2633
315 2403
315 645
315 646
315 1579
315 1580
315 1581
315 976
315 977
315 1587
315 2897
315 657
315 662
315 663
315 1590
315 382
315 994
315 2059
315 996
315 997
315 1600
315 1000
315 1001
315 1603
315 1604
315 2503
315 1615
315 2852
315 1038
315 391
315 1630
315 1646
315 1650
315 1651
315 555
315 1655
315 2854
315 1705
315 2038
315 2609
315 2859
316 790
316 845
316 1491
316 848
316 717
316 448
316 1827
316 1163
316 949
316 1438
316 1608
317 581
317 1105
317 1106
317 585
317 701
317 704
317 436
317 796
317 820
317 831
317 601
317 858
317 359
317 616
317 366
317 1452
317 1160
317 627
317 2596
317 461
317 738
317 740
317 1898
317 1266
317 1016
317 1342
317 480
317 2537
317 2007
317 1785
317 685
317 1057
317 691
317 2916
317 2417
317 2618
318 698
318 420
318 699
318 508
318 1107
318 700
318 429
318 430
318 709
318 1121
318 513
318 711
318 712
318 1130
318 1143
318 622
318 729
318 376
318 947
318 1183
318 534
318 537
318 326
318 568
318 750
318 1730
318 752
318 2534
318 472
318 1192
318 1208
318 668
318 1227
318 476
318 1309
318 1351
318 1400
318 2537
318 558
319 778
319 408
319 565
319 507
319 584
319 701
319 590
319 591
319 435
319 436
319 510
319 493
319 511
319 815
319 1118
319 1122
319 516
319 358
319 862
319 1503
319 359
319 866
319 871
319 604
319 1527
319 605
319 877
319 886
319 454
319 893
319 1159
319 2101
319 2592
319 729
319 1553
319 2499
319 1557
319 733
319 460
319 1837
319 463
319 940
319 375
319 639
319 744
319 954
319 964
319 966
319 469
319 2500
319 535
319 499
319 536
319 537
319 500
319 326
319 2633
319 1578
319 568
319 650
319 977
319 1186
319 657
319 753
319 991
319 383
319 2602
319 2174
319 757
319 1598
319 759
319 1000
319 1001
319 1603
319 1005
319 1604
319 1008
319 1285
319 1399
319 1034
319 1036
319 1428
319 676
319 1619
319 767
319 1624
319 1628
319 390
319 1630
319 677
319 1632
319 1743
319 1867
319 1655
319 1656
319 1072
319 1678
319 1074
319 1076
319 1078
319 1460
319 1079
319 2368
319 2370
320 412
320 698
320 429
320 703
320 791
320 809
320 825
320 355
320 513
320 850
320 444
320 861
320 718
320 872
320 724
320 614
320 893
320 367
320 635
320 2170
320 1169
320 1403
320 2875
320 925
320 946
320 467
320 1404
320 966
320 1406
320 323
320 324
320 748
320 1186
320 1407
320 979
320 1207
320 1225
320 756
320 1408
320 2542
320 1411
320 760
320 1277
320 1863
320 1285
320 1316
320 1389
320 2487
320 1420
320 1421
320 1422
320 482
320 2489
320 2644
320 2635
320 1423
320 1424
320 1425
320 2881
320 2434
320 2882
320 2681
320 1430
320 2877
320 767
320 2539
320 2491
320 1440
320 2492
320 2878
320 1643
320 2667
321 408
321 507
321 436
321 862
321 456
321 465
321 2407
321 2895
321 340
321 657
321 1603
321 1663
321 490
321 2038
322 2371
322 350
322 575
322 2097
322 431
322 809
322 355
322 847
322 850
322 446
322 1532
322 451
322 614
322 365
322 725
322 890
322 618
322 1993
322 893
322 495
322 2372
322 905
322 908
322 910
322 2112
322 2114
322 632
322 633
322 635
322 2117
322 919
322 637
322 1435
322 956
322 640
322 974
322 2373
322 1573
322 975
322 536
322 1207
322 570
322 474
322 1408
322 671
322 757
322 1411
322 1863
322 1018
322 1023
322 2871
322 2029
322 486
322 2508
322 2572
322 396
322 775
323 150
323 1108
323 702
323 614
323 324
323 2069
323 1921
324 150
324 702
324 614
324 334
325 505
325 1549
325 729
325 1553
325 629
325 1555
325 2115
325 1572
325 2407
325 2895
325 1577
325 537
325 500
325 643
325 2403
325 1578
325 646
325 538
325 539
325 568
325 977
325 657
325 997
325 1603
325 1426
325 2637
325 1630
325 2505
325 679
326 415
326 576
326 698
326 581
326 420
326 508
326 700
326 430
326 589
326 590
326 709
326 513
326 1143
326 609
326 893
326 622
326 457
326 729
326 631
326 534
326 537
326 500
326 2402
326 2633
326 2403
326 1578
326 539
326 568
326 340
326 750
326 2534
326 472
326 657
326 2503
326 555
326 2579
326 2896
327 578
327 351
327 421
327 611
327 614
327 494
327 623
327 729
327 1553
327 2499
327 537
327 2597
327 644
327 332
327 342
327 747
327 653
327 654
327 542
327 543
327 657
327 2634
327 658
327 660
327 661
327 2640
327 680
327 1712
327 564
327 2667
327 2833
327 2613
327 2525
328 1532
328 611
328 331
328 334
328 342
328 569
328 383
328 2649
328 389
328 768
329 584
329 1113
329 510
329 493
329 361
329 618
329 1553
329 733
329 526
329 377
329 498
329 2172
329 2500
329 1454
329 536
329 2598
329 982
329 542
329 543
329 2851
329 2620
329 2502
329 666
329 991
329 757
329 550
329 2505
329 2506
329 2641
329 1456
329 2405
329 2508
329 560
329 400
329 562
329 2202
330 1097
330 2087
331 702
331 457
331 631
331 536
331 2597
331 342
331 569
331 2831
331 550
331 2405
331 2590
331 2667
332 351
332 352
332 584
332 421
332 591
332 1470
332 1510
332 611
332 614
332 2522
332 620
332 2592
332 2593
332 729
332 1553
332 2499
332 1564
332 2665
332 646
332 334
332 1580
332 1581
332 2598
332 2026
332 2639
332 650
332 977
332 747
332 982
332 542
332 2851
332 2831
332 2602
332 1601
332 1614
332 2852
332 1867
332 394
332 2535
332 2853
332 2854
332 1708
332 2406
332 2608
332 2038
332 2609
332 2855
332 2857
332 2524
332 2861
332 2863
332 2525
332 2864
332 2713
333 2097
333 360
333 519
333 612
333 363
333 620
333 524
333 902
333 952
333 334
333 335
333 381
333 1006
333 1025
333 694
334 150
334 1470
334 715
334 357
334 884
334 519
334 520
334 364
334 614
334 2522
334 623
334 628
334 1553
334 731
334 634
334 535
334 536
334 539
334 335
334 342
334 1580
334 540
334 2598
334 2639
334 982
334 2543
334 1601
334 2503
334 1629
334 394
334 2535
334 572
334 1708
334 2406
334 2038
334 1099
334 2855
334 2619
334 2860
334 2862
334 2863
334 2525
335 352
335 509
335 594
335 611
335 612
335 891
335 618
335 898
335 625
335 633
335 916
335 635
335 734
335 956
335 378
335 542
335 543
335 2556
335 1593
335 2559
335 672
335 674
335 678
335 1641
335 400
335 2380
335 504
2371 428
2371 486
2371 565
2371 596
2371 632
2371 836
2371 994
2371 1065
2371 1573
2371 1592
2371 2372
2372 348
2372 349
2372 421
2372 427
2372 494
2372 509
2372 541
2372 569
2372 570
2372 574
2372 583
2372 591
2372 592
2372 595
2372 605
2372 611
2372 621
2372 632
2372 633
2372 649
2372 667
2372 718
2372 725
2372 727
2372 746
2372 757
2372 781
2372 784
2372 849
2372 875
2372 890
2372 895
2372 898
2372 900
2372 901
2372 916
2372 956
2372 975
2372 991
2372 993
2372 996
2372 1025
2372 1549
2372 1551
2372 1554
2372 1573
2372 1582
2372 1624
2372 1641
2372 1651
2372 1867
2372 2027
2372 2059
2372 2097
2372 2112
2372 2117
2372 2128
2372 2597
2372 2556
2372 2666
2372 2499
2372 2593
2372 2601
2372 2555
2372 2375
2372 2602
2372 2651
2372 2379
336 507
336 787
336 431
336 591
336 592
336 436
336 807
336 707
336 810
336 828
336 1490
336 446
336 871
336 877
336 723
336 451
336 885
336 888
336 365
336 725
336 891
336 1995
336 897
336 900
336 1562
336 529
336 470
336 344
336 978
336 541
336 381
336 981
336 985
336 1196
336 992
336 995
336 1002
336 1006
336 1392
336 501
336 1035
336 1648
336 1045
336 2135
336 1065
2373 348
2373 365
2373 374
2373 383
2373 390
2373 509
2373 514
2373 603
2373 618
2373 624
2373 625
2373 632
2373 639
2373 678
2373 742
2373 789
2373 790
2373 798
2373 811
2373 813
2373 847
2373 849
2373 879
2373 891
2373 897
2373 899
2373 905
2373 910
2373 928
2373 934
2373 945
2373 952
2373 956
2373 974
2373 975
2373 1023
2373 1039
2373 1432
2373 1511
2373 1512
2373 1549
2373 1569
2373 1573
2373 1592
2373 1624
2373 1638
2373 1677
2373 1725
2373 1833
2373 1993
2373 2016
2373 2101
2373 2117
2373 2140
2373 2219
2373 2553
2373 2572
2373 2564
2373 2575
2374 383
2374 618
2374 620
2374 635
2374 746
2374 1025
2374 1552
2374 2029
2374 2097
2374 2114
2374 2504
2374 2508
2374 2380
2374 2381
2374 2583
2375 348
2375 349
2375 352
2375 383
2375 470
2375 509
2375 579
2375 605
2375 611
2375 618
2375 620
2375 625
2375 632
2375 633
2375 635
2375 649
2375 678
2375 727
2375 732
2375 746
2375 757
2375 875
2375 891
2375 975
2375 1025
2375 1041
2375 1402
2375 1409
2375 1462
2375 1552
2375 1994
2375 2060
2375 2097
2375 2114
2375 2379
2376 358
2376 392
2376 419
2376 567
2376 591
2376 625
2376 725
2376 891
2376 1037
2376 2049
2376 2386
2376 2659
2376 2661
2377 727
2377 783
2377 883
2377 1033
2377 2001
2378 367
2378 378
2378 437
2378 579
2378 604
2378 617
2378 618
2378 625
2378 635
2378 713
2378 727
2378 732
2378 746
2378 770
2378 773
2378 777
2378 789
2378 809
2378 833
2378 871
2378 879
2378 889
2378 891
2378 916
2378 952
2378 1006
2378 1025
2378 1036
2378 1452
2378 1453
2378 1511
2378 1530
2378 1552
2378 1592
2378 1594
2378 1605
2378 1637
2378 1638
2378 1685
2378 1718
2378 2097
2378 2108
2378 2114
2378 2157
2378 2208
2378 2386
2378 2563
2378 2566
2378 2582
2378 2585
337 414
337 585
337 430
337 1498
337 1532
337 364
337 1553
337 738
337 651
337 752
337 1015
337 1819
337 2566
337 1788
337 1057
337 2579
337 776
337 1922
337 2475
338 1723
338 581
338 1228
338 1237
338 2061
338 1767
338 1688
338 2513
338 2617
339 507
339 792
339 795
339 796
339 806
339 439
339 441
339 829
339 1489
339 849
339 854
339 445
339 716
339 857
339 446
339 359
339 1510
339 897
339 495
339 898
339 625
339 903
339 2558
339 1049
339 1068
339 1721
340 580
340 353
340 436
340 362
340 456
340 376
340 498
340 2633
340 380
340 545
340 571
340 546
340 475
340 481
340 1616
340 490
341 409
341 410
341 411
341 581
341 1466
341 790
341 793
341 794
341 806
341 819
341 820
341 833
341 1489
341 849
341 1495
341 359
341 1522
341 449
341 521
341 2592
341 1557
341 1606
341 1020
341 1615
341 2603
341 484
341 1639
341 554
341 1659
341 1660
341 1661
341 1461
342 608
342 747
342 542
342 569
342 991
342 679
342 2613
343 575
343 580
343 1543
343 816
343 881
343 942
343 747
343 653
343 2222
343 1599
343 1257
343 2229
344 2097
344 598
344 845
344 603
344 1515
344 885
344 1546
344 725
344 1995
344 1552
344 635
344 636
344 940
344 975
344 648
344 978
344 2027
344 1900
344 1002
344 1616
344 1035
344 486
344 1065
344 1688
344 2203
2379 349
2379 543
2379 570
2379 574
2379 605
2379 632
2379 916
2379 1047
2379 1551
2379 1651
2379 2114
2379 2910
2380 358
2380 383
2380 503
2380 591
2380 611
2380 620
2380 633
2380 635
2380 725
2380 727
2380 757
2380 759
2380 767
2380 775
2380 892
2380 895
2380 907
2380 921
2380 1025
2380 1402
2380 1544
2380 1641
2380 2097
2380 2114
2380 2631
2380 2504
800 356
800 373
800 577
800 624
800 628
800 651
800 714
800 770
800 790
800 796
800 797
800 806
800 807
800 831
800 987
800 1865
800 836
800 839
800 847
800 1492
800 1531
800 964
800 968
800 971
800 1478
800 2532
800 2164
800 1737
800 1778
800 1488
800 884
800 2169
800 1741
800 2133
800 1784
800 2382
800 2732
345 573
345 1540
345 2627
345 801
345 602
345 735
345 636
345 973
345 346
345 765
345 2909
345 2915
345 2604
345 2178
2381 383
2381 491
2381 605
2381 618
2381 620
2381 635
2381 693
2381 746
2381 757
2381 768
2381 940
2381 1025
2381 1402
2381 2060
2381 2097
2381 2533
2381 2508
2381 2504
2381 2499
2382 373
2382 378
2382 628
2382 632
2382 635
2382 727
2382 760
2382 806
2382 849
2382 905
2382 928
2382 1025
2382 1624
2382 1693
2382 1835
2382 2219
2382 2566
2383 640
2383 725
2383 806
2383 857
2383 1000
2383 1078
2383 1287
2383 1588
2383 1605
2383 1625
2383 1995
2383 2005
2383 2032
2383 2657
2383 2546
2383 2576
801 412
801 413
801 414
801 420
801 423
801 429
801 434
801 436
801 439
801 443
801 448
801 454
801 460
801 477
801 479
801 507
801 511
801 579
801 581
801 624
801 698
801 701
801 704
801 710
801 712
801 735
801 762
801 785
801 789
801 793
801 794
801 797
801 1105
801 1106
801 1467
801 1540
801 2627
801 1542
801 1114
801 1116
801 1472
801 804
801 1117
801 806
801 1475
801 820
801 821
801 1122
801 1123
801 828
801 829
801 831
801 1484
801 1124
801 833
801 834
801 842
801 1127
801 1493
801 1130
801 851
801 1131
801 854
801 1501
801 1502
801 863
801 1136
801 1516
801 1137
801 866
801 867
801 1521
801 1138
801 1140
801 1528
801 875
801 1537
801 1145
801 1147
801 1148
801 1538
801 1539
801 1165
801 1180
801 1566
801 1836
801 933
801 935
801 940
801 941
801 944
801 2047
801 1182
801 2654
801 1841
801 964
801 1185
801 986
801 1200
801 1591
801 1245
801 1249
801 1437
801 1009
801 1854
801 1265
801 1266
801 1285
801 1293
801 1303
801 1304
801 1328
801 1329
801 1346
801 1358
801 1378
801 1388
801 1399
801 2845
801 1040
801 2006
801 2007
801 1636
801 1042
801 1640
801 1653
801 2915
801 1809
801 2178
801 1875
801 1881
801 1062
801 2847
801 1686
801 1691
801 1717
801 2940
801 2848
801 2538
801 2927
801 2039
801 2019
801 2946
801 2938
801 2947
801 2948
801 2699
801 2700
801 2949
801 2950
801 2939
802 414
802 434
802 436
802 439
802 440
802 441
802 442
802 443
802 464
802 470
802 541
802 581
802 624
802 669
802 707
802 710
802 770
802 787
802 789
802 793
802 794
802 797
802 1105
802 1116
802 1466
802 1472
802 803
802 804
802 806
802 807
802 1474
802 810
802 1476
802 821
802 828
802 1481
802 1127
802 1128
802 854
802 856
802 1501
802 862
802 1511
802 870
802 1143
802 883
802 888
802 1159
802 1163
802 2220
802 934
802 1898
802 938
802 1183
802 1728
802 2049
802 1197
802 1199
802 1229
802 1240
802 1242
802 1735
802 1003
802 1258
802 1261
802 1611
802 1392
802 1741
802 1744
802 1747
802 1049
802 1756
802 1759
802 1765
802 1774
802 1056
802 1870
802 1060
802 1064
802 1691
802 1698
802 2441
2384 2143
2384 2145
2384 2148
2384 2945
2384 2385
2384 2980
803 354
803 356
803 426
803 434
803 436
803 438
803 439
803 440
803 441
803 442
803 443
803 452
803 459
803 511
803 600
803 601
803 616
803 701
803 704
803 742
803 770
803 791
803 793
803 797
803 1105
803 1466
803 1469
803 1825
803 1543
803 1471
803 1472
803 804
803 806
803 807
803 1480
803 821
803 828
803 1483
803 830
803 833
803 837
803 1127
803 1489
803 1490
803 852
803 853
803 854
803 1505
803 1522
803 1138
803 876
803 880
803 1533
803 934
803 937
803 1726
803 965
803 1261
803 1024
803 1040
803 2006
803 1747
803 1049
803 2839
803 1671
803 1875
803 1892
803 1673
803 2475
803 2414
803 1087
346 1824
346 806
346 836
346 1518
346 1170
346 1179
346 473
346 1228
346 1271
346 2909
346 2915
346 2604
346 1091
346 406
347 1556
347 535
347 2630
347 348
347 349
347 1243
347 2556
347 1365
347 389
804 414
804 437
804 439
804 440
804 441
804 442
804 443
804 464
804 478
804 483
804 484
804 581
804 588
804 669
804 691
804 704
804 710
804 739
804 787
804 789
804 793
804 794
804 796
804 797
804 1105
804 1116
804 1722
804 1472
804 806
804 1474
804 810
804 814
804 821
804 1122
804 828
804 1481
804 834
804 1486
804 1127
804 1128
804 851
804 1499
804 854
804 864
804 1515
804 868
804 1525
804 870
804 878
804 1533
804 1166
804 934
804 938
804 957
804 2027
804 1844
804 1229
804 1242
804 1258
804 1014
804 1611
804 1295
804 1334
804 1392
804 1031
804 1741
804 1042
804 1747
804 1661
804 1049
804 1756
804 1759
804 1458
804 1870
804 1060
804 1671
804 1886
804 1892
804 1064
804 1074
804 1935
804 2017
804 1088
804 2207
804 2156
804 2445
804 2024
804 2215
348 414
348 581
348 1105
348 699
348 784
348 434
348 798
348 439
348 810
348 821
348 828
348 711
348 1127
348 849
348 445
348 1512
348 879
348 888
348 725
348 905
348 2499
348 459
348 1166
348 632
348 928
348 1838
348 934
348 938
348 1569
348 945
348 639
348 349
348 1194
348 1195
348 987
348 668
348 2555
348 2556
348 570
348 1263
348 1858
348 1859
348 1860
348 1290
348 1311
348 1385
348 1023
348 2130
348 1748
348 1060
348 1886
348 1677
348 2016
349 574
349 781
349 2097
349 584
349 509
349 702
349 592
349 595
349 809
349 1549
349 893
349 895
349 1553
349 1556
349 912
349 2112
349 632
349 1168
349 1582
349 541
349 2555
349 2556
349 570
349 2666
349 2651
349 1409
349 996
349 1257
349 1025
349 1418
349 1426
349 1620
349 1431
349 2637
349 1648
349 1650
349 2493
349 2578
349 2397
350 574
350 542
350 799
350 1565
350 1532
350 1553
350 2117
350 2500
350 2636
350 2506
350 2641
351 729
351 537
351 542
351 577
351 578
351 584
351 789
351 591
351 359
351 1511
351 608
351 565
351 781
351 589
351 2098
351 1510
351 890
351 618
351 895
351 623
351 628
351 1553
351 631
351 2500
351 973
351 1574
351 1576
351 2501
351 2639
351 650
351 653
351 654
351 2893
351 2851
351 1586
351 2502
351 984
351 657
351 2634
351 658
351 660
351 661
351 2631
351 2832
351 1590
351 382
351 670
351 1604
351 1037
351 2649
351 389
351 1626
351 2636
351 2029
351 2637
351 391
351 1629
351 769
351 1905
351 1652
352 710
352 624
352 1554
352 2598
352 780
352 575
352 1722
352 579
352 2097
352 509
352 790
352 595
352 515
352 713
352 1500
352 717
352 718
352 875
352 611
352 364
352 614
352 890
352 617
352 891
352 618
352 619
352 1993
352 521
352 892
352 726
352 620
352 367
352 1827
352 727
352 2101
352 2592
352 2102
352 728
352 625
352 523
352 524
352 2533
352 628
352 2499
352 730
352 732
352 1402
352 733
352 526
352 2114
352 632
352 633
352 635
352 734
352 2118
352 952
352 956
352 641
352 642
352 746
352 2026
352 650
352 747
352 651
352 656
352 991
352 1593
352 383
352 2559
352 1025
352 674
352 2130
352 1429
352 2029
352 2060
352 1456
352 678
352 2132
352 1867
352 683
352 685
352 2568
352 2508
352 773
352 1681
352 2606
352 400
352 1085
352 2510
352 2611
353 575
353 1466
353 704
353 601
353 1125
353 1552
353 2392
353 380
353 571
353 1030
353 2563
353 559
354 434
354 806
354 820
354 712
354 1865
354 574
354 2097
354 585
354 1466
354 426
354 789
354 1825
354 704
354 596
354 1489
354 602
354 359
354 611
354 614
354 1554
354 1556
354 2114
354 633
354 635
354 2386
354 373
354 973
354 2598
354 1184
354 747
354 381
354 2835
354 996
354 2532
354 388
354 1745
354 1661
354 777
354 691
354 2485
355 413
355 698
355 507
355 699
355 787
355 703
355 807
355 439
355 441
355 823
355 412
355 2097
355 508
355 788
355 701
355 431
355 590
355 592
355 791
355 435
355 704
355 436
355 705
355 805
355 809
355 817
355 818
355 825
355 710
355 513
355 356
355 1126
355 837
355 843
355 850
355 444
355 358
355 858
355 717
355 859
355 861
355 446
355 718
355 1514
355 447
355 517
355 448
355 878
355 1826
355 724
355 450
355 451
355 616
355 456
355 521
355 367
355 2099
355 894
355 727
355 635
355 917
355 918
355 919
355 2170
355 920
355 1168
355 1169
355 1177
355 924
355 925
355 461
355 530
355 932
355 463
355 939
355 944
355 946
355 466
355 958
355 960
355 1404
355 961
355 966
355 378
355 541
355 748
355 1186
355 979
355 980
355 1207
355 474
355 1408
355 992
355 1850
355 1006
355 1737
355 760
355 1264
355 761
355 1285
355 1400
355 1032
355 1420
355 1421
355 2838
355 2545
355 1422
355 2364
355 1425
355 2881
355 1034
355 2490
355 1440
355 2493
355 1093
356 411
356 787
356 703
356 434
356 793
356 797
356 511
356 439
356 823
356 449
356 878
356 624
356 742
356 466
356 2554
356 957
356 1031
356 1088
356 513
356 409
356 417
356 435
356 437
356 438
356 697
356 1465
356 788
356 701
356 509
356 590
356 790
356 796
356 597
356 805
356 808
356 819
356 824
356 827
356 832
356 839
356 847
356 855
356 859
356 860
356 1522
356 873
356 614
356 521
356 892
356 1994
356 727
356 2164
356 2165
356 2106
356 369
356 628
356 730
356 1402
356 497
356 921
356 461
356 931
356 530
356 375
356 953
356 2001
356 961
356 1437
356 1011
356 1013
356 1025
356 2560
356 390
356 1041
356 1443
356 1043
356 1046
356 2909
356 1813
356 2139
356 1071
356 1083
356 2194
356 1089
357 507
357 1499
357 883
357 729
357 758
357 996
357 436
357 457
357 508
357 510
357 493
357 537
357 538
357 540
357 541
357 542
357 778
357 577
357 578
357 591
357 704
357 595
357 799
357 716
357 1478
357 358
357 1503
357 359
357 1510
357 603
357 1511
357 871
357 604
357 722
357 877
357 879
357 609
357 610
357 614
357 1550
357 895
357 622
357 2592
357 1160
357 1553
357 629
357 1555
357 1557
357 370
357 371
357 1559
357 372
357 1565
357 940
357 1569
357 1571
357 1574
357 2402
357 2633
357 646
357 1579
357 2523
357 1580
357 1581
357 650
357 976
357 977
357 1582
357 1583
357 1586
357 2502
357 1587
357 662
357 1589
357 382
357 2059
357 1598
357 1000
357 1604
357 1607
357 1615
357 1622
357 1623
357 1625
357 1626
357 390
357 391
357 1629
357 1630
357 1638
357 1646
357 1651
357 2535
357 1657
357 2853
357 1046
357 1760
357 1668
357 1911
357 2607
357 1708
357 1711
357 2038
357 2609
357 2524
357 2859
357 2863
357 2864
358 507
358 1103
358 1107
358 511
358 709
358 1499
358 451
358 1180
358 466
358 957
358 1554
358 1556
358 949
358 758
358 996
358 415
358 425
358 435
358 436
358 437
358 454
358 469
358 378
358 508
358 509
358 510
358 493
358 516
358 517
358 518
358 529
358 530
358 535
358 538
358 542
358 778
358 1102
358 577
358 578
358 584
358 701
358 591
358 592
358 595
358 799
358 847
358 716
358 849
358 715
358 1503
358 359
358 1510
358 603
358 1511
358 871
358 722
358 605
358 877
358 879
358 1535
358 1544
358 885
358 725
358 618
358 1548
358 1549
358 621
358 893
358 1550
358 727
358 895
358 625
358 2106
358 1553
358 1555
358 1557
358 908
358 370
358 371
358 1169
358 372
358 1565
358 1837
358 940
358 375
358 639
358 1571
358 966
358 970
358 2500
358 2665
358 1574
358 646
358 1579
358 2523
358 1580
358 1581
358 976
358 1582
358 1186
358 980
358 1587
358 662
358 382
358 1408
358 991
358 1593
358 383
358 757
358 2059
358 1598
358 1413
358 1601
358 759
358 1000
358 1001
358 1004
358 1604
358 1607
358 1008
358 2175
358 1851
358 1415
358 760
358 1277
358 1285
358 1316
358 1329
358 1025
358 1615
358 2364
358 1034
358 1036
358 1037
358 676
358 1619
358 767
358 1431
358 1623
358 1624
358 2636
358 1628
358 390
358 1629
358 1632
358 1638
358 1642
358 1643
358 1444
358 1646
358 1647
358 1651
358 1655
358 2136
358 772
358 1673
358 775
358 1434
358 1079
358 1081
358 2202
358 403
358 404
358 1096
359 779
359 507
359 793
359 794
359 797
359 806
359 439
359 441
359 820
359 449
359 883
359 451
359 554
359 408
359 573
359 580
359 513
359 602
359 1596
359 996
359 407
359 410
359 412
359 436
359 450
359 478
359 510
359 493
359 517
359 537
359 538
359 563
359 778
359 577
359 578
359 579
359 584
359 701
359 591
359 1543
359 704
359 595
359 799
359 1471
359 706
359 810
359 599
359 815
359 708
359 819
359 826
359 601
359 1489
359 1490
359 1503
359 583
359 786
359 1466
359 1541
359 1494
359 1498
359 863
359 1505
359 1510
359 603
359 1511
359 1512
359 1515
359 868
359 720
359 1527
359 606
359 1529
359 877
359 724
359 1545
359 885
359 1546
359 364
359 1548
359 1550
359 1551
359 902
359 1552
359 1553
359 1555
359 1557
359 906
359 371
359 1562
359 372
359 1567
359 936
359 1568
359 940
359 962
359 1571
359 2402
359 1581
359 648
359 976
359 1582
359 1186
359 2893
359 1585
359 1587
359 382
359 998
359 1598
359 1000
359 1002
359 1603
359 1004
359 1604
359 1016
359 1285
359 673
359 1334
359 1399
359 1615
359 765
359 675
359 1037
359 1038
359 1622
359 1623
359 1626
359 771
359 1432
359 2007
359 1638
359 1639
359 1640
359 1444
359 1645
359 1646
359 1647
359 1648
359 1650
359 1656
359 1064
359 1072
359 1678
359 1681
359 689
359 1687
359 691
359 401
359 1078
359 1697
359 1702
360 419
360 509
360 579
360 592
360 1531
360 2386
360 952
360 781
360 2097
360 1470
360 1115
360 611
360 617
360 891
360 1993
360 620
360 1552
360 909
360 632
360 734
360 746
360 2026
360 1593
360 1025
360 1672
360 2855
2385 790
2385 878
2385 2148
2385 2945
2385 2980
361 779
361 376
361 949
361 427
361 381
361 526
361 799
361 921
361 590
361 622
361 364
361 816
361 714
361 843
361 1509
361 607
361 1532
361 1545
361 892
361 1553
361 1817
361 632
361 634
361 982
361 2529
361 2659
361 2505
361 1631
361 1443
361 2535
361 1659
361 398
361 2181
361 400
361 2185
361 1079
361 1081
361 2194
361 2885
362 858
362 508
362 363
362 376
362 949
362 657
362 571
362 995
362 401
363 576
363 647
363 417
363 381
363 508
363 558
363 365
363 686
363 694
364 787
364 432
364 434
364 511
364 831
364 878
364 949
364 647
364 1412
364 417
364 452
364 508
364 509
364 493
364 514
364 520
364 524
364 526
364 529
364 530
364 533
364 537
364 540
364 557
364 558
364 562
364 503
364 788
364 790
364 706
364 859
364 873
364 2163
364 2165
364 1998
364 567
364 955
364 1541
364 590
364 622
364 733
364 1456
364 816
364 818
364 714
364 843
364 715
364 1509
364 606
364 607
364 1532
364 884
364 612
364 619
364 727
364 902
364 2106
364 1553
364 2435
364 631
364 1817
364 632
364 634
364 1576
364 568
364 2902
364 1583
364 651
364 1900
364 666
364 761
364 1819
364 1018
364 1399
364 1025
364 1429
364 1629
364 2505
364 392
364 1631
364 2535
364 2405
364 1046
364 685
364 686
364 398
364 775
364 776
364 400
364 1434
364 1079
364 1081
364 2388
364 2187
364 1083
364 2194
364 2196
364 2406
364 694
364 2202
364 695
364 2885
364 2213
364 2214
364 2860
365 507
365 995
365 427
365 431
365 486
365 491
365 526
365 529
365 541
365 591
365 592
365 707
365 826
365 1490
365 723
365 2553
365 2097
365 1995
365 897
365 625
365 1833
365 1573
365 975
365 981
365 982
365 983
365 666
365 985
365 1045
365 2909
365 2140
365 400
366 460
366 1898
366 546
366 426
366 808
366 810
366 1837
366 1466
366 1115
366 2658
366 1004
366 1610
366 2223
366 1066
366 1716
366 2018
366 2549
366 2917
367 785
367 700
367 511
367 709
367 823
367 831
367 624
367 466
367 1208
367 1255
367 1438
367 444
367 448
367 467
367 469
367 378
367 381
367 474
367 482
367 509
367 782
367 1722
367 579
367 702
367 592
367 1543
367 809
367 840
367 841
367 855
367 717
367 718
367 893
367 908
367 1402
367 1565
367 743
367 952
367 956
367 966
367 2097
367 2098
367 620
367 1827
367 1450
367 2099
367 1437
367 611
367 614
367 725
367 849
367 607
367 890
367 2533
367 2114
367 632
367 635
367 772
367 776
367 1576
367 760
367 1854
367 605
367 633
367 676
367 2132
367 1133
367 891
367 1993
367 1549
367 727
367 895
367 1829
367 907
367 2108
367 1164
367 912
367 2112
367 732
367 734
367 918
367 1403
367 1406
367 746
367 748
367 983
367 2555
367 1408
367 1592
367 2121
367 1008
367 2175
367 1851
367 1264
367 1417
367 1025
367 2130
367 2635
367 1426
367 1427
367 1430
367 767
367 1431
367 2568
367 2577
367 2012
368 511
368 624
368 425
368 514
368 1722
368 579
368 585
368 790
368 1469
368 593
368 795
368 706
368 824
368 600
368 832
368 833
368 855
368 717
368 859
368 604
368 1559
368 2099
368 610
368 611
368 614
368 894
368 849
368 890
368 2592
368 1160
368 1553
368 1867
368 2611
368 617
368 625
368 627
368 628
368 1006
368 750
368 827
368 829
368 838
368 1495
368 1496
368 865
368 1510
368 871
368 1526
368 881
368 1146
368 1547
368 891
368 1993
368 2100
368 2102
368 1452
368 2103
368 1453
368 2104
368 2594
368 2105
368 2108
368 2110
368 912
368 2112
368 745
368 975
368 1579
368 2523
368 2026
368 2599
368 981
368 1243
368 993
368 2602
368 1737
368 1012
368 1013
368 386
368 1819
368 2566
368 1778
368 1784
368 2605
368 2579
368 1823
368 1688
368 1092
368 2207
368 2208
368 2616
368 2617
368 2619
369 823
369 513
369 515
369 790
369 860
369 849
369 727
369 2106
369 921
369 640
369 1593
369 1018
369 1384
369 2560
369 390
369 1083
370 457
370 577
370 952
370 2097
370 757
370 2150
370 623
370 746
370 895
370 1510
370 2593
370 1574
370 2597
370 976
370 2832
370 991
370 1601
370 1004
370 2364
370 2505
370 2506
370 1643
371 698
371 700
371 729
371 415
371 417
371 457
371 537
371 500
371 542
371 578
371 581
371 622
371 2059
371 614
371 390
371 1630
371 1510
371 1550
371 629
371 1557
371 2402
371 2633
371 1580
371 1581
371 2600
371 1587
371 662
371 1638
371 1646
371 1651
372 439
372 441
372 445
372 448
372 510
372 493
372 535
372 542
372 577
372 578
372 701
372 789
372 591
372 592
372 595
372 799
372 1490
372 1503
372 863
372 603
372 1511
372 879
372 1544
372 1563
372 822
372 1510
372 1555
372 734
372 1565
372 374
372 936
372 1568
372 1569
372 640
372 1571
372 974
372 1573
372 1576
372 1587
372 382
372 1598
372 1604
372 1613
372 1025
372 1619
372 1623
372 1631
372 1637
372 1638
372 1640
372 1644
372 1646
372 1043
372 1652
372 1072
372 689
372 690
372 1080
373 783
373 806
373 439
373 789
373 596
373 836
373 1489
373 2386
373 740
373 849
373 1527
373 632
373 1571
373 964
373 757
373 2122
373 2532
373 388
373 2138
374 587
374 1898
374 510
374 713
374 1500
374 721
374 2101
374 1565
374 632
374 2119
374 2655
374 974
374 749
374 392
375 787
375 866
375 878
375 1180
375 435
375 521
375 530
375 540
375 701
375 837
375 1505
375 869
375 722
375 1145
375 921
375 605
375 892
375 1553
375 390
375 1678
375 689
375 2441
375 1089
375 403
375 404
376 425
376 510
376 605
376 1532
376 1565
376 377
376 469
376 2002
376 535
376 2630
376 543
376 2634
376 571
376 2641
376 502
376 400
376 2230
376 2632
376 2642
377 580
377 510
377 535
377 499
377 542
377 543
377 560
377 591
377 799
377 1553
377 2630
377 2634
377 382
377 2640
377 383
377 2174
377 1623
377 2636
377 1628
377 391
377 394
377 2508
377 2150
377 399
377 400
377 1684
377 693
377 2632
378 1106
378 511
378 710
378 831
378 878
378 451
378 624
378 742
378 958
378 470
378 1056
378 1814
378 513
378 858
378 431
378 436
378 448
378 2097
378 509
378 792
378 1114
378 809
378 827
378 833
378 849
378 850
378 717
378 859
378 1507
378 718
378 605
378 1530
378 875
378 1536
378 611
378 889
378 725
378 1547
378 726
378 1995
378 893
378 727
378 2101
378 1997
378 897
378 898
378 625
378 904
378 2106
378 628
378 2107
378 907
378 908
378 912
378 732
378 1402
378 2114
378 632
378 635
378 2118
378 1835
378 928
378 531
378 952
378 1571
378 746
378 981
378 1006
378 760
378 1343
378 1383
378 1025
378 1036
378 1430
378 767
378 1624
378 768
378 1039
378 2405
378 2136
378 1058
378 395
378 2180
378 775
378 776
378 1714
378 2186
378 2012
378 1090
378 2151
378 2583
378 2156
378 2157
378 2160
379 415
379 457
379 467
379 510
379 493
379 1102
379 702
379 799
379 809
379 1503
379 718
379 1565
379 1568
379 1993
379 1549
379 2112
379 1403
379 748
379 1186
379 1408
379 1409
379 1413
379 1607
379 385
379 1415
379 1257
379 1417
379 1863
379 1418
379 1419
379 2487
379 1424
379 1426
379 389
379 1620
379 2491
379 1431
379 2136
379 1434
379 1462
379 403
380 1584
380 1125
380 605
380 875
380 1552
380 2392
380 541
380 757
380 571
380 1438
380 475
380 766
380 2563
380 559
381 439
381 451
381 480
381 416
381 431
381 446
381 2097
381 581
381 1466
381 591
381 592
381 595
381 810
381 865
381 718
381 720
381 887
381 1995
381 621
381 897
381 899
381 907
381 2114
381 632
381 527
381 529
381 2875
381 981
381 2027
381 982
381 983
381 1589
381 1207
381 474
381 1408
381 992
381 548
381 2560
381 1027
381 388
381 481
381 1618
381 1440
381 2135
381 2519
381 1065
381 1673
381 2428
382 511
382 996
382 493
382 542
382 577
382 578
382 799
382 565
382 2500
382 666
382 2636
382 391
382 1553
382 648
382 661
382 1590
382 747
382 1562
382 1574
382 2402
382 2502
382 1510
382 1555
382 2633
382 1580
382 1581
382 1587
382 1615
382 1619
382 1623
382 1625
382 1626
382 2641
382 1444
382 1657
382 399
383 470
383 491
383 509
383 510
383 521
383 542
383 543
383 503
383 713
383 1544
383 2101
383 1402
383 2097
383 784
383 590
383 733
383 1519
383 605
383 611
383 725
383 890
383 618
383 620
383 1549
383 1995
383 727
383 625
383 1552
383 2499
383 910
383 1817
383 2114
383 632
383 633
383 635
383 734
383 974
383 2665
383 1573
383 2407
383 746
383 984
383 2631
383 991
383 2174
383 757
383 1595
383 1000
383 1001
383 1025
383 2130
383 2364
383 1426
383 1036
383 767
383 2504
383 2636
383 1632
383 1644
383 1656
383 2507
383 2508
383 775
383 1462
383 2583
384 862
384 451
384 505
384 1596
384 465
384 538
384 547
384 778
384 826
384 1436
384 565
384 1285
384 757
384 984
384 997
384 1510
384 2665
384 2501
384 976
384 1593
384 1598
384 999
384 1602
384 1001
384 1414
384 1003
384 1614
384 1033
384 389
384 677
384 693
385 469
385 475
385 575
385 799
385 809
385 1544
385 966
385 970
385 570
385 2104
385 1186
385 1414
385 1582
385 1849
385 1413
385 2175
385 1415
385 1418
385 2578
385 2152
385 2401
386 414
386 581
386 790
386 859
386 1148
386 1678
386 2110
387 439
387 1207
387 1318
387 2434
388 439
388 458
388 1197
388 987
388 1354
388 714
388 392
388 2655
388 897
388 899
388 1311
388 1370
388 2532
388 2223
389 1898
389 469
389 491
389 535
389 542
389 547
389 658
389 392
389 2509
389 984
389 2631
389 2649
389 1532
389 1553
389 1403
389 2002
389 2630
389 1574
389 1582
389 2666
389 2651
389 1604
389 1415
389 1621
389 1624
389 2505
389 1637
389 1644
389 2578
389 1973
390 439
390 878
390 624
390 2389
390 417
390 469
390 508
390 510
390 493
390 514
390 515
390 521
390 525
390 530
390 535
390 540
390 542
390 561
390 701
390 789
390 1503
390 603
390 1511
390 966
390 622
390 715
390 609
390 865
390 605
390 618
390 892
390 727
390 1553
390 1574
390 1576
390 1186
390 1605
390 1384
390 2364
390 1629
390 1637
390 685
390 1058
390 2053
390 2150
390 688
390 1687
390 1709
390 2415
390 403
390 404
390 2610
390 2416
390 2207
390 2860
391 542
391 578
391 639
391 2500
391 496
391 1553
391 1574
391 2501
391 2633
391 1581
391 648
391 1586
391 1615
391 1618
391 1623
391 1626
391 1656
391 1047
391 2508
391 2910
391 2918
392 587
392 1898
392 410
392 519
392 526
392 1992
392 2625
392 1466
392 590
392 1545
392 1588
392 1515
392 892
392 2655
392 2657
392 1599
392 2223
392 2837
392 2661
392 2051
392 2649
392 2662
392 1433
392 1048
392 2519
392 2009
392 1719
392 1461
393 420
393 700
393 1120
393 1121
393 1143
393 1183
393 668
393 1227
393 1255
393 476
393 581
393 922
393 1192
393 1232
393 1243
393 396
393 402
394 586
394 519
394 535
394 537
394 578
394 2522
394 731
394 2543
394 2059
394 614
394 977
394 677
394 1553
394 1817
394 982
394 648
394 606
394 629
394 646
394 652
394 662
394 663
394 1000
394 2639
394 2893
394 2851
394 1510
394 1579
394 2523
394 1580
394 1581
394 2600
394 1582
394 1614
394 1013
394 1577
394 1601
394 2609
394 2857
394 2548
394 1626
394 2853
394 2854
394 1708
394 1711
394 1712
394 2038
394 2642
394 2855
394 2856
394 2861
394 2864
395 1229
395 1213
395 1372
395 1382
395 1025
395 2442
395 405
395 2919
395 2920
396 587
396 1898
396 504
396 1545
396 632
396 618
396 2655
396 1644
396 633
396 2572
396 402
396 2018
397 509
397 869
397 722
397 1402
397 2097
397 620
397 2114
397 635
397 974
397 975
397 1025
397 1090
398 513
398 526
398 503
398 567
398 590
398 622
398 651
398 666
398 1057
398 1900
399 417
399 536
399 542
399 562
399 622
399 2500
399 666
399 2636
399 1553
399 400
399 693
399 2507
399 404
399 2510
400 491
400 509
400 493
400 535
400 543
400 1503
400 940
400 1576
400 1631
400 2508
400 1527
400 605
400 2630
400 1621
400 2505
400 2564
400 1656
400 2578
400 1079
400 1081
400 2632
401 444
401 450
401 475
401 584
401 1471
401 502
401 1008
401 2123
401 1856
402 806
402 1473
402 1571
402 1588
402 776
402 2657
402 1585
402 1432
402 1451
402 1488
402 1636
402 1692
2386 411
2386 419
2386 432
2386 439
2386 459
2386 509
2386 511
2386 567
2386 596
2386 625
2386 711
2386 725
2386 734
2386 779
2386 789
2386 795
2386 798
2386 806
2386 836
2386 847
2386 849
2386 878
2386 891
2386 904
2386 929
2386 947
2386 964
2386 998
2386 1039
2386 1066
2386 1119
2386 1161
2386 1412
2386 1453
2386 1465
2386 1466
2386 1473
2386 1489
2386 1512
2386 1527
2386 1588
2386 1635
2386 1641
2386 1716
2386 1825
2386 1993
2386 2005
2386 2018
2386 2049
2386 2051
2386 2079
2386 2097
2386 2113
2386 2116
2386 2143
2386 2656
2386 2835
2386 2659
2386 2532
2386 2661
2386 2408
2386 2612
2387 1015
2387 1108
2387 1226
2387 1309
2387 1368
2387 1458
2387 1723
2387 1740
2387 1761
2387 1768
2387 1796
2387 1798
2387 1815
2387 1912
2387 1923
2387 1926
2387 1932
2387 1939
2387 2061
2387 2066
2387 2072
2387 2074
2387 2076
2387 2077
2387 2084
2387 2092
2387 2094
2387 2511
2387 2413
2387 2515
2387 2516
2387 2477
2387 2481
2388 432
2388 514
2388 540
2388 701
2388 788
2388 824
2388 894
2388 1018
2388 1046
2388 1458
2388 1526
2388 1575
2388 1665
2388 1668
2388 1792
2388 1907
2388 2070
2388 2389
2388 2902
2388 2530
2388 2425
403 469
403 530
403 701
403 799
403 1436
403 966
403 1285
403 632
403 2150
403 605
403 2002
403 1058
403 404
403 1186
403 1607
403 2136
2389 439
2389 446
2389 530
2389 878
2389 1575
2389 1665
2389 1668
2389 1691
2389 1744
2389 1792
2389 1906
2389 2011
2389 2070
2389 2186
2389 2207
2389 2540
2389 2610
2389 2416
2389 2531
824 407
824 434
824 436
824 439
824 448
824 461
824 511
824 512
824 514
824 521
824 597
824 599
824 602
824 613
824 642
824 697
824 701
824 703
824 704
824 725
824 735
824 736
824 737
824 740
824 788
824 790
824 796
824 799
824 807
824 816
824 817
824 818
824 819
824 823
824 1660
824 1465
824 1119
824 832
824 833
824 837
824 841
824 848
824 855
824 859
824 1518
824 1520
824 868
824 1523
824 869
824 870
824 873
824 876
824 1531
824 881
824 882
824 1544
824 1826
824 894
824 1164
824 918
824 2171
824 920
824 1172
824 955
824 2392
824 989
824 1733
824 2541
824 1012
824 1013
824 1819
824 1018
824 1040
824 1741
824 2182
824 1096
824 2398
824 2212
824 1451
824 2158
825 414
825 429
825 698
825 699
825 748
825 756
825 792
825 809
825 1107
825 828
825 878
825 861
825 912
825 2875
825 1186
825 1407
825 979
825 1207
825 1213
825 1408
825 1285
825 1316
825 1389
825 2487
825 2489
825 2877
2945 790
2945 2143
2945 2148
2945 2161
2945 2980
826 414
826 416
826 434
826 436
826 439
826 440
826 441
826 443
826 445
826 451
826 458
826 486
826 505
826 507
826 511
826 529
826 541
826 577
826 581
826 591
826 648
826 673
826 696
826 701
826 704
826 707
826 710
826 778
826 786
826 789
826 790
826 793
826 794
826 795
826 797
826 798
826 806
826 807
826 819
826 820
826 821
826 1474
826 1122
826 828
826 1127
826 851
826 1499
826 854
826 862
826 883
826 1836
826 937
826 2031
826 1077
826 1898
826 996
826 1473
826 1476
826 1467
826 1486
826 1489
826 1490
826 844
826 1494
826 1129
826 856
826 857
826 1503
826 1512
826 868
826 1521
826 1529
826 877
826 885
826 887
826 889
826 929
826 940
826 943
826 962
826 975
826 976
826 984
826 1589
826 1239
826 997
826 998
826 1600
826 999
826 1602
826 1002
826 1004
826 1005
826 1605
826 1010
826 1026
826 1029
826 1033
826 1642
826 1048
826 1663
826 1671
826 1061
826 1064
826 1672
826 1068
826 1069
826 1675
826 1074
826 2035
826 2016
826 2040
404 542
404 1511
404 1686
404 1384
404 2150
404 1627
404 1905
404 1823
404 1687
404 2885
404 2860
2390 1318
2390 1745
2390 1799
2390 1803
2390 1808
2390 1909
2390 1918
2390 1924
2390 1928
2390 1936
2390 1958
2390 1959
2390 1960
2390 1964
2390 1967
2390 1980
2390 1982
2390 1983
2390 1990
828 409
828 413
828 414
828 420
828 426
828 429
828 434
828 439
828 440
828 441
828 442
828 443
828 445
828 459
828 460
828 464
828 480
828 501
828 507
828 511
828 581
828 598
828 624
828 669
828 698
828 700
828 703
828 707
828 710
828 711
828 712
828 751
828 754
828 755
828 756
828 793
828 797
828 806
828 807
828 810
828 811
828 814
828 820
828 821
828 1103
828 1105
828 1116
828 1102
828 1110
828 1114
828 1117
828 1481
828 1483
828 1126
828 835
828 1127
828 1490
828 850
828 851
828 1131
828 854
828 864
828 1134
828 1135
828 866
828 1140
828 1142
828 1144
828 878
828 1148
828 885
828 888
828 1158
828 1160
828 1167
828 1168
828 1170
828 1176
828 1836
828 934
828 935
828 938
828 941
828 1726
828 957
828 958
828 1190
828 1194
828 1195
828 1196
828 1197
828 1200
828 987
828 1203
828 1211
828 1212
828 1218
828 1229
828 1231
828 1233
828 1234
828 1235
828 1237
828 1239
828 1242
828 1247
828 998
828 1597
828 1256
828 1009
828 1261
828 1014
828 1270
828 1278
828 1283
828 1302
828 1313
828 1330
828 1331
828 1019
828 1352
828 1364
828 1375
828 1386
828 1387
828 1390
828 1391
828 1392
828 1024
828 2603
828 1031
828 1744
828 1748
828 1049
828 1053
828 1055
828 1809
828 1870
828 1060
828 1886
828 1892
828 1074
830 434
830 436
830 440
830 683
830 704
830 712
830 726
830 790
830 827
830 1103
830 831
830 1731
830 1842
830 1274
830 1744
830 1870
830 1476
830 833
830 1490
830 856
830 860
830 961
830 1101
830 849
830 1148
830 2016
830 1015
830 1777
830 1778
830 2685
830 1494
830 1525
830 1996
830 1735
830 1315
830 1747
830 1751
830 1789
830 1670
830 1911
830 1671
830 1897
830 2179
830 2819
2240 440
2240 604
2240 628
2240 790
2240 833
2240 1015
2240 1148
2240 1533
2240 1744
2240 1765
2240 1911
2240 1935
2240 1996
2240 2105
2240 2122
2240 2231
2240 2232
2240 2445
2240 2726
406 937
406 454
406 1999
406 567
406 1571
406 614
406 849
406 665
406 1817
406 1899
406 1393
406 1079
406 1081
406 2167
406 2118
406 2393
406 1604
406 1615
406 2139
406 1715
406 2399
2946 1459
2946 2947
2948 821
2949 1009
2950 866
2950 941
2950 1062
2950 2538
833 407
833 409
833 412
833 414
833 434
833 435
833 436
833 438
833 439
833 440
833 441
833 443
833 446
833 451
833 454
833 507
833 514
833 516
833 579
833 596
833 604
833 611
833 614
833 615
833 617
833 621
833 624
833 628
833 635
833 669
833 701
833 704
833 711
833 712
833 717
833 724
833 726
833 727
833 734
833 737
833 775
833 776
833 777
833 789
833 790
833 791
833 792
833 797
833 806
833 807
833 809
833 827
833 831
833 1107
833 1126
833 1127
833 1499
833 854
833 878
833 880
833 958
833 1842
833 1844
833 1744
833 1049
833 1469
833 1471
833 1104
833 1540
833 1541
833 1110
833 1112
833 1478
833 1124
833 834
833 842
833 849
833 1495
833 1496
833 860
833 1505
833 865
833 870
833 871
833 1529
833 1533
833 1536
833 1146
833 1148
833 889
833 1547
833 891
833 1548
833 1994
833 1995
833 893
833 1827
833 1996
833 2592
833 2162
833 2102
833 2163
833 1997
833 1452
833 897
833 899
833 2103
833 1453
833 2104
833 1160
833 903
833 904
833 2166
833 2105
833 1162
833 905
833 2219
833 2107
833 906
833 2550
833 2108
833 2109
833 1831
833 2595
833 2111
833 2167
833 911
833 1558
833 1833
833 912
833 2220
833 2168
833 2025
833 1559
833 2551
833 2114
833 2552
833 1167
833 1178
833 932
833 943
833 1725
833 952
833 2001
833 961
833 1185
833 1202
833 1213
833 1592
833 2923
833 1269
833 1015
833 1025
833 2127
833 2679
833 1036
833 2408
833 1631
833 1040
833 1751
833 2566
833 1765
833 1670
833 1813
833 1911
833 1895
833 1897
833 1067
833 1068
833 2140
833 2179
833 2571
833 2143
833 2145
833 1072
833 2011
833 2180
833 2579
833 2147
833 1687
833 1720
833 2186
833 2012
833 2151
833 2155
833 2208
833 2210
833 2022
833 2699
833 2700
833 2277
833 2278
833 2486
836 413
836 426
836 428
836 434
836 439
836 441
836 449
836 493
836 507
836 511
836 581
836 596
836 601
836 697
836 704
836 706
836 771
836 789
836 790
836 806
836 810
836 878
836 937
836 1223
836 1228
836 1237
836 1865
836 1473
836 1488
836 1489
836 1128
836 849
836 855
836 860
836 868
836 1527
836 1996
836 1835
836 945
836 956
836 964
836 1573
836 986
836 988
836 990
836 2557
836 1592
836 1280
836 2408
836 1039
836 1040
836 2915
836 2440
836 1687
836 1688
2391 444
2391 448
2391 475
2391 548
2391 709
2391 760
2391 837
2391 858
2391 908
2391 995
2391 1008
2391 1121
2391 1175
2391 1444
2391 1449
2391 1543
2391 1650
2391 1849
2391 2175
2391 2396
2391 2399
2392 421
2392 463
2392 475
2392 523
2392 537
2392 577
2392 578
2392 583
2392 607
2392 614
2392 631
2392 642
2392 646
2392 665
2392 681
2392 837
2392 930
2392 1008
2392 1125
2392 1365
2392 1449
2392 1849
2392 2099
2392 2123
2392 2152
2392 2175
2392 2209
2392 2212
2392 2633
2392 2400
2392 2667
2392 2833
2393 945
2393 1016
2393 1351
2393 1715
2393 1899
2393 2167
2393 2399
2393 2668
2393 2888
2393 2889
2394 415
2394 448
2394 450
2394 463
2394 761
2394 772
2394 1073
2394 1442
2394 1446
2394 1514
2394 1610
2394 1837
2394 1849
2394 1850
2394 2112
2394 2121
2394 2175
2394 2368
2394 2428
2394 2399
2394 2395
2394 2397
2394 2398
2394 2400
2395 450
2395 463
2395 639
2395 1008
2395 1073
2395 1175
2395 1446
2395 1449
2395 1849
2395 2112
2395 2123
2395 2131
2395 2175
2395 2399
2395 2434
2395 2397
2395 2398
2395 2400
844 425
844 432
844 434
844 439
844 441
844 442
844 487
844 507
844 581
844 598
844 600
844 708
844 806
844 820
844 831
844 1105
844 1481
844 854
844 1591
844 1844
844 1021
844 1761
844 1814
844 1490
844 852
844 853
844 1519
844 963
844 964
844 1589
844 998
844 1015
844 1642
844 1751
844 1760
844 1778
844 1788
844 1875
844 1066
844 2940
844 1100
2396 425
2396 548
2396 761
2396 858
2396 949
2396 1443
2396 1449
2396 1549
2396 1607
2396 1849
2396 2121
2396 2131
2396 2175
846 461
846 470
846 511
846 706
846 796
846 812
846 823
846 831
846 1469
846 855
846 859
846 1547
846 2692
2397 444
2397 450
2397 463
2397 633
2397 1001
2397 1008
2397 1073
2397 1285
2397 1427
2397 1444
2397 1446
2397 1464
2397 1650
2397 1849
2397 2153
2397 2175
2397 2368
2397 2399
2397 2400
2398 450
2398 475
2398 818
2398 837
2398 859
2398 1008
2398 1413
2398 1449
2398 1451
2398 1523
2398 1620
2398 1826
2398 1849
2398 1856
2398 2112
2398 2131
2398 2175
2398 2399
407 698
407 700
407 787
407 430
407 1120
407 1122
407 1163
407 459
407 2591
407 858
407 949
407 414
407 415
407 579
407 1465
407 788
407 791
407 1469
407 1113
407 597
407 706
407 810
407 1119
407 829
407 832
407 514
407 841
407 848
407 718
407 1520
407 448
407 1146
407 894
407 1567
407 567
407 1232
407 1847
407 1008
407 2537
407 551
407 1443
407 2185
407 2203
407 1447
408 507
408 793
408 794
408 439
408 441
408 862
408 554
408 409
408 575
408 577
408 580
408 1466
408 508
408 426
408 587
408 590
408 2098
408 1543
408 436
408 515
408 714
408 724
408 519
408 610
408 450
408 613
408 890
408 629
408 730
408 731
408 497
408 526
408 528
408 1567
408 530
408 1898
408 943
408 531
408 534
408 537
408 500
408 2402
408 646
408 540
408 747
408 542
408 657
408 662
408 544
408 549
408 1663
408 2229
408 1078
408 503
408 2210
409 411
409 432
409 797
409 807
409 878
409 934
409 742
409 2554
409 410
409 435
409 436
409 819
409 1480
409 1505
409 1522
409 1547
409 521
409 1994
409 2164
409 2165
409 2109
409 911
409 921
409 2222
409 1283
409 478
409 484
409 2909
409 2229
409 1687
410 411
410 779
410 432
410 793
410 794
410 806
410 449
410 554
410 1660
410 506
410 577
410 1466
410 819
410 1489
410 1498
410 1515
410 1557
410 1599
410 1334
410 765
410 484
410 771
410 1639
410 2884
410 1659
410 486
410 1048
411 506
411 779
411 581
411 1466
411 432
411 820
411 1588
411 1359
411 2537
411 484
411 554
411 2909
412 413
412 698
412 1107
412 429
412 703
412 439
412 440
412 831
412 711
412 712
412 1126
412 443
412 880
412 1102
412 780
412 414
412 782
412 1110
412 431
412 702
412 592
412 704
412 795
412 809
412 815
412 1124
412 834
412 601
412 1490
412 1494
412 850
412 857
412 861
412 867
412 724
412 454
412 2875
412 2674
412 925
412 926
412 1178
412 927
412 1818
412 946
412 467
412 2654
412 1404
412 966
412 2643
412 1185
412 748
412 979
412 980
412 1207
412 1213
412 1242
412 1408
412 1410
412 1001
412 1415
412 1263
412 1285
412 1316
412 1389
412 1419
412 2487
412 2129
412 1420
412 1421
412 2545
412 1422
412 482
412 2488
412 1423
412 2679
412 1034
412 2681
412 1037
412 2647
412 2890
412 2493
412 1881
412 2699
413 1101
413 1102
413 697
413 414
413 415
413 698
413 581
413 420
413 1105
413 699
413 1106
413 785
413 508
413 423
413 1107
413 700
413 788
413 429
413 430
413 1110
413 1111
413 702
413 1112
413 703
413 1114
413 705
413 806
413 439
413 809
413 810
413 709
413 1121
413 710
413 1122
413 1123
413 711
413 712
413 1126
413 1127
413 851
413 1134
413 1135
413 1138
413 1139
413 1142
413 607
413 1143
413 1156
413 624
413 459
413 1166
413 1167
413 917
413 918
413 1170
413 1171
413 1173
413 1174
413 923
413 1176
413 925
413 926
413 1179
413 462
413 937
413 1182
413 951
413 1183
413 1185
413 751
413 1188
413 752
413 471
413 1194
413 1195
413 1196
413 1197
413 1198
413 1731
413 1199
413 1200
413 754
413 1201
413 1732
413 1842
413 987
413 2843
413 1202
413 1203
413 1204
413 2921
413 2922
413 1205
413 988
413 473
413 755
413 1591
413 1843
413 1844
413 989
413 1206
413 1207
413 1208
413 1209
413 1210
413 1211
413 1212
413 1213
413 1845
413 1214
413 1215
413 1216
413 1217
413 2244
413 1218
413 1219
413 1220
413 1733
413 1734
413 1221
413 1222
413 1223
413 1224
413 2676
413 1225
413 1226
413 756
413 668
413 1227
413 1846
413 990
413 1228
413 1229
413 1230
413 669
413 1231
413 1232
413 1233
413 1847
413 1234
413 1235
413 1236
413 1237
413 1238
413 1848
413 1239
413 1240
413 1241
413 1242
413 1243
413 1244
413 1245
413 1246
413 2844
413 1247
413 1248
413 1249
413 1250
413 1251
413 1735
413 1252
413 1253
413 1254
414 698
414 420
414 1103
414 1105
414 699
414 1106
414 785
414 422
414 1107
414 700
414 787
414 429
414 430
414 703
414 434
414 797
414 511
414 1116
414 807
414 439
414 820
414 823
414 1120
414 1121
414 710
414 1122
414 831
414 711
414 712
414 1126
414 1127
414 851
414 445
414 1134
414 1135
414 1142
414 1143
414 1144
414 888
414 624
414 729
414 1163
414 458
414 459
414 1166
414 1170
414 1179
414 934
414 937
414 1183
414 751
414 471
414 1196
414 1197
414 987
414 1203
414 1212
414 1219
414 1223
414 668
414 1227
414 1228
414 1229
414 669
414 1237
414 1254
414 1255
414 1261
414 1014
414 1271
414 1858
414 1274
414 1276
414 1860
414 1281
414 762
414 513
414 858
414 1850
414 1101
414 1102
414 697
414 415
414 782
414 579
414 418
414 581
414 1104
414 585
414 423
414 788
414 1109
414 701
414 1110
414 1111
414 702
414 1112
414 790
414 791
414 792
414 1113
414 1114
414 593
414 594
414 596
414 597
414 706
414 809
414 810
414 812
414 599
414 1118
414 822
414 1123
414 827
414 842
414 1128
414 845
414 848
414 1130
414 849
414 1501
414 859
414 1502
414 1132
414 863
414 1512
414 718
414 1514
414 1133
414 1138
414 1139
414 1140
414 604
414 607
414 448
414 609
414 882
414 1147
414 1148
414 723
414 1157
414 1993
414 1159
414 1829
414 2108
414 1164
414 1832
414 1833
414 732
414 1167
414 1834
414 1168
414 1169
414 1171
414 1173
414 1174
414 1175
414 922
414 737
414 923
414 1176
414 2674
414 930
414 462
414 1838
414 1182
414 965
414 971
414 1184
414 1185
414 1729
414 1188
414 752
414 1190
414 1192
414 1194
414 1198
414 1200
414 754
414 1201
414 2843
414 1202
414 1204
414 1206
414 1207
414 1211
414 1213
414 1214
414 1215
414 1216
414 1217
414 1218
414 1220
414 1221
414 1222
414 1224
414 1225
414 756
414 1230
414 1232
414 1233
414 1847
414 1234
414 1236
414 1238
414 1243
414 1245
414 1247
414 1248
414 1253
414 1849
414 1437
414 1607
414 1008
414 1851
414 1737
414 475
414 1256
414 1852
414 1853
414 1257
414 2923
414 760
414 1416
414 476
414 1260
414 1262
414 1263
414 1855
414 1264
414 2924
414 1265
414 1266
414 1267
414 1268
414 1269
414 1856
414 1611
414 1270
414 1272
414 1857
414 1612
414 2925
414 761
414 1273
414 2926
414 1275
414 1015
414 1859
414 1277
414 1278
414 1417
414 1279
414 1280
414 549
414 1282
414 1819
414 1016
414 1283
414 1284
414 1861
414 1862
414 1863
414 1285
414 1286
414 1287
414 1288
414 1289
414 1864
414 1290
414 2004
414 1291
414 1292
414 1293
414 477
415 698
415 420
415 1103
415 699
415 1107
415 700
415 429
415 430
415 703
415 797
415 511
415 807
415 439
415 1120
415 1481
415 711
415 1142
415 1143
415 1163
415 458
415 459
415 460
415 1179
415 937
415 1183
415 751
415 471
415 987
415 1212
415 1219
415 1254
415 1255
415 1850
415 1102
415 697
415 579
415 581
415 1104
415 585
415 788
415 1111
415 702
415 790
415 791
415 1114
415 795
415 594
415 799
415 706
415 809
415 810
415 816
415 827
415 829
415 514
415 837
415 840
415 1128
415 849
415 444
415 855
415 859
415 1503
415 1514
415 1133
415 604
415 607
415 448
415 881
415 882
415 725
415 1547
415 1993
415 521
415 2099
415 2100
415 2103
415 2164
415 1828
415 1161
415 628
415 2108
415 908
415 2110
415 1831
415 1833
415 1167
415 917
415 1168
415 1175
415 2674
415 1838
415 463
415 1185
415 1186
415 979
415 1730
415 1188
415 1189
415 2843
415 1206
415 1207
415 756
415 1232
415 1847
415 1238
415 1243
415 1248
415 1253
415 1437
415 1607
415 2121
415 1608
415 1008
415 2175
415 1851
415 1737
415 475
415 2122
415 1256
415 1415
415 1852
415 1853
415 1257
415 2123
415 1009
415 1609
415 548
415 2660
415 1010
415 1610
415 2124
415 2923
415 760
415 2125
415 2126
415 1011
415 1012
415 1013
415 2677
415 2176
415 1258
415 1854
415 1416
415 476
415 672
415 1259
2399 450
2399 475
2399 490
2399 882
2399 1008
2399 1179
2399 1271
2399 1446
2399 1452
2399 1849
2399 1899
2399 2175
2399 2888
2399 2400
2400 463
2400 475
2400 633
2400 886
2400 1008
2400 1073
2400 1365
2400 1444
2400 1446
2400 1849
2400 2175
416 797
416 806
416 1077
416 417
416 426
416 433
416 591
416 723
416 887
416 495
416 529
416 929
416 1026
416 1029
416 1035
416 1910
416 1673
417 703
417 806
417 729
417 935
417 466
417 576
417 647
417 582
417 584
417 508
417 427
417 589
417 590
417 433
417 818
417 849
417 859
417 873
417 608
417 611
417 612
417 452
417 614
417 890
417 622
417 523
417 2104
417 631
417 526
417 529
417 921
417 2172
417 533
417 2500
417 1573
417 537
417 646
417 568
417 977
417 1583
417 652
417 653
417 654
417 655
417 657
417 658
417 660
417 662
417 663
417 2832
417 666
417 670
417 761
417 764
417 673
417 2503
417 1036
417 1456
417 1444
417 679
417 556
417 2405
417 1046
417 558
417 1434
417 1705
417 693
417 694
417 2202
417 1099
417 695
417 2896
418 1121
418 1208
418 1478
418 514
418 853
418 873
418 628
418 461
418 1454
418 1582
418 2027
418 982
418 2529
418 2893
418 542
418 1206
418 2854
418 1046
418 772
418 2536
418 2507
2401 1001
2401 1186
2401 1285
2401 1401
2401 1424
2401 1426
2401 1427
2401 1446
2401 1464
2401 1549
2401 1607
2401 1643
2401 1863
2401 2175
2401 2368
851 420
851 423
851 429
851 440
851 442
851 443
851 445
851 448
851 461
851 478
851 484
851 511
851 683
851 704
851 709
851 710
851 723
851 739
851 764
851 785
851 793
851 794
851 795
851 796
851 797
851 814
851 819
851 823
851 834
851 1106
851 1107
851 1122
851 1466
851 1467
851 1480
851 1123
851 1490
851 1494
851 1130
851 1131
851 864
851 1136
851 1516
851 1137
851 867
851 1138
851 1140
851 1141
851 1529
851 1530
851 875
851 1533
851 1537
851 1147
851 1161
851 2540
851 1832
851 1175
851 1180
851 940
851 941
851 949
851 1182
851 1841
851 957
851 1229
851 1230
851 1239
851 999
851 1610
851 1854
851 1275
851 1277
851 1285
851 1294
851 1295
851 1315
851 1329
851 1337
851 1022
851 1378
851 1388
851 1392
851 2223
851 1428
851 1042
851 1809
851 1701
851 1087
419 1898
419 2598
419 778
419 725
419 891
419 625
419 1453
419 567
419 1571
419 1586
419 1863
419 2661
419 2224
420 698
420 1101
420 1102
420 581
420 1104
420 1105
420 699
420 1106
420 785
420 423
420 1107
420 700
420 429
420 430
420 1109
420 1110
420 590
420 1111
420 702
420 1112
420 703
420 1113
420 1114
420 594
420 511
420 1116
420 809
420 810
420 1118
420 709
420 822
420 1120
420 1121
420 710
420 1122
420 1123
420 711
420 712
420 1126
420 842
420 1128
420 1130
420 1508
420 1514
420 1134
420 1135
420 1138
420 1139
420 1140
420 1142
420 1143
420 875
420 448
420 1145
420 1148
420 1156
420 893
420 1159
420 624
420 1163
420 1164
420 1165
420 1832
420 459
420 1833
420 1170
420 1171
420 1173
420 1174
420 1175
420 922
420 1176
420 1180
420 937
420 1840
420 1182
420 1183
420 2172
420 1184
420 751
420 651
420 752
420 1190
420 1192
420 1195
420 1197
420 1198
420 1731
420 1200
420 754
420 1201
420 1732
420 987
420 1202
420 1205
420 755
420 1206
420 1208
420 1209
420 1210
420 1211
420 1212
420 1213
420 1214
420 1216
420 1217
420 1219
420 1221
420 1222
420 1226
420 756
420 668
420 1227
420 990
420 1229
420 1230
420 1232
420 1236
420 1238
420 1240
420 1244
420 2844
420 1247
420 1250
420 1253
420 1254
420 1255
420 760
420 2176
420 1416
420 476
420 672
420 1259
420 1260
420 1262
420 1266
420 1856
420 1611
420 1270
420 1271
420 1273
420 1274
420 1275
420 1015
420 1276
420 1277
420 1279
420 1283
420 1285
420 1290
420 762
420 1291
420 1293
420 764
420 1326
420 1329
420 1337
420 1348
420 1366
420 1379
420 1382
420 1397
420 1400
420 1401
420 2537
420 1032
420 2845
420 1903
420 1866
420 1750
420 1894
420 2847
421 729
421 1554
421 565
421 577
421 578
421 583
421 584
421 2628
421 589
421 431
421 592
421 792
421 2522
421 494
421 623
421 2593
421 1553
421 629
421 631
421 916
421 468
421 646
421 649
421 976
421 977
421 1582
421 542
421 2634
421 661
421 662
421 663
421 570
421 997
421 1614
421 486
421 1712
421 2524
422 581
422 423
422 424
422 429
422 432
422 434
422 795
422 439
422 821
422 445
422 863
422 1512
422 878
422 893
422 913
422 1166
422 460
422 932
422 950
422 987
422 1223
422 1855
422 1857
422 1612
422 1042
422 1895
422 1693
422 2058
423 1106
423 785
423 429
423 432
423 806
423 1122
423 1180
423 424
423 701
423 1123
423 1130
423 863
423 1138
423 448
423 1174
423 1176
423 1182
423 1191
423 1236
423 1273
423 1279
423 1303
423 2408
424 432
424 793
424 794
424 1122
424 466
424 1691
424 796
424 915
424 1022
424 1645
424 2009
424 1698
424 1701
425 511
425 820
425 831
425 1499
425 935
425 1660
425 1438
425 996
425 575
425 577
425 584
425 508
425 592
425 799
425 708
425 600
425 852
425 853
425 1503
425 1510
425 1511
425 719
425 722
425 448
425 450
425 2522
425 1548
425 1550
425 2025
425 461
425 463
425 1580
425 1581
425 2600
425 977
425 1601
425 1008
425 2175
425 475
425 1257
425 1639
425 502
425 1646
425 1657
425 1669
425 772
425 558
425 1448
426 779
426 783
426 432
426 434
426 797
426 806
426 439
426 1474
426 441
426 820
426 1127
426 443
426 854
426 449
426 1836
426 947
426 1726
426 480
426 1865
426 2006
426 1042
426 1049
426 1809
426 1892
426 1466
426 2627
426 701
426 789
426 1825
426 1542
426 704
426 796
426 437
426 596
426 1472
426 598
426 1473
426 808
426 707
426 600
426 601
426 1488
426 1489
426 1512
426 868
426 1529
426 1545
426 1996
426 931
426 964
426 978
426 1595
426 998
426 1009
426 1611
426 2532
426 1039
426 771
426 1040
426 1636
426 2604
426 2177
426 1671
426 2053
426 1692
426 692
426 1702
426 1716
426 2018
853 434
853 439
853 441
853 852
853 1499
853 1843
853 1000
427 1824
427 703
427 935
427 466
427 473
427 755
427 428
427 431
427 1147
427 886
427 1828
427 1161
427 975
427 981
427 991
427 1602
427 1015
427 673
427 1350
427 1368
427 1369
427 2030
428 1824
428 432
428 511
428 806
428 439
428 1179
428 473
428 1469
428 596
428 601
428 1488
428 716
428 1503
428 1515
428 1522
428 1147
428 1835
428 964
428 994
428 1854
428 1040
428 2909
428 2687
428 1705
428 2927
429 698
429 1103
429 1105
429 699
429 1106
429 785
429 1107
429 700
429 1101
429 1102
429 697
429 581
429 1104
429 508
429 430
429 1109
429 1110
429 1111
429 702
429 1112
429 703
429 511
429 1115
429 1116
429 807
429 439
429 809
429 810
429 1118
429 710
429 1122
429 1123
429 1124
429 711
429 1125
429 712
429 1126
429 1128
429 1130
429 849
429 850
429 1131
429 861
429 863
429 718
429 1134
429 1135
429 1138
429 1139
429 1140
429 1141
429 1142
429 607
429 1145
429 1148
429 1152
429 1156
429 1157
429 891
429 1159
429 624
429 1160
429 1161
429 1163
429 1164
429 1832
429 459
429 1166
429 1167
429 2118
429 1168
429 1169
429 1170
429 1171
429 1173
429 1174
429 1175
429 922
429 1176
429 2674
429 1179
429 1182
429 1183
429 1184
429 1185
429 1186
429 1187
429 1407
429 751
429 1188
429 752
429 471
429 1195
429 1197
429 1198
429 1200
429 754
429 987
429 2843
429 1202
429 1203
429 1204
429 473
429 755
429 1207
429 1208
429 1209
429 1210
429 1211
429 1212
429 1213
429 1214
429 1216
429 1217
429 1218
429 1219
429 1220
429 1221
429 1222
429 1223
429 1225
429 1226
429 756
429 668
429 1227
429 1228
429 1229
429 1230
429 669
429 1231
429 1232
429 1233
429 1234
429 1236
429 1237
429 1238
429 1240
429 1242
429 1245
429 1246
429 1247
429 1252
429 1408
429 1410
429 1411
429 1255
429 1257
429 1258
429 1259
429 1261
429 1262
429 1265
429 1271
429 1272
429 1857
429 1273
429 1275
429 1015
429 1279
429 1283
429 1285
429 1288
429 1290
429 1291
429 1293
429 1294
429 1295
429 1301
429 764
429 1314
429 1315
429 1322
429 1323
429 1326
429 1329
429 1332
429 1333
429 1337
429 1339
429 1340
429 1343
429 1350
429 1351
429 1358
429 1365
429 1366
429 1372
429 1374
429 1378
429 1381
429 1388
429 1389
429 1397
429 1398
429 1024
429 501
429 2647
429 2439
429 2134
429 2928
429 2682
429 1869
430 698
430 1103
430 1105
430 699
430 1106
430 700
430 1102
430 581
430 1109
430 1110
430 703
430 434
430 439
430 709
430 1120
430 711
430 712
430 444
430 861
430 1514
430 1133
430 1138
430 607
430 448
430 1147
430 1826
430 1163
430 458
430 911
430 459
430 1167
430 1170
430 1171
430 461
430 1838
430 947
430 1183
430 751
430 1729
430 1730
430 1188
430 752
430 471
430 472
430 1192
430 1197
430 987
430 1202
430 1213
430 1845
430 1219
430 1238
430 1241
430 1243
430 1248
430 2121
430 1008
430 1255
430 1737
430 475
430 1852
430 1853
430 2123
430 548
430 2660
430 2124
430 1854
430 1259
430 1268
430 1015
430 1276
430 1819
430 1286
430 1333
430 1351
430 1398
430 1400
430 1032
430 1439
430 2131
430 1441
430 1866
430 502
430 1904
430 1740
2241 628
2241 1897
431 507
431 434
431 445
431 451
431 587
431 995
431 433
431 591
431 592
431 792
431 436
431 595
431 446
431 450
431 885
431 1546
431 725
431 890
431 1995
431 897
431 495
431 2025
431 632
431 2117
431 529
431 919
431 468
431 974
431 1573
431 975
431 541
431 1207
431 474
431 757
431 1602
431 1608
431 1027
431 1035
431 1036
431 2871
431 1045
431 2135
431 486
431 1065
432 779
432 1105
432 579
432 581
432 1465
432 1466
432 788
432 2627
432 588
432 791
432 1469
432 434
432 793
432 593
432 597
432 511
432 806
432 439
432 440
432 599
432 816
432 819
432 820
432 821
432 442
432 600
432 831
432 834
432 712
432 514
432 443
432 843
432 1490
432 1492
432 849
432 445
432 858
432 1509
432 719
432 1518
432 866
432 1519
432 1520
432 607
432 1529
432 449
432 1531
432 1147
432 1545
432 456
432 908
432 2116
432 1560
432 636
432 935
432 2049
432 2902
432 1592
432 1409
432 2558
432 759
432 1000
432 1018
432 1019
432 478
432 480
432 1024
432 2128
432 765
432 2224
432 484
432 2491
432 1634
432 554
432 1747
432 1659
432 1660
432 1661
432 1770
432 1664
432 1053
432 1809
432 2030
432 2872
432 1681
432 2182
432 2588
433 577
433 591
433 723
433 887
433 529
433 541
433 1035
433 1044
433 1910
434 507
434 1105
434 700
434 778
434 697
434 577
434 581
434 585
434 1466
434 1467
434 701
434 592
434 790
434 791
434 1469
434 1543
434 704
434 793
434 436
434 593
434 795
434 796
434 797
434 705
434 510
434 437
434 493
434 596
434 1471
434 511
434 1472
434 598
434 438
434 806
434 1473
434 807
434 439
434 707
434 1475
434 810
434 440
434 812
434 441
434 819
434 820
434 1480
434 821
434 442
434 1123
434 600
434 827
434 1481
434 829
434 1482
434 831
434 832
434 1484
434 834
434 601
434 837
434 1486
434 1127
434 1489
434 443
434 1128
434 1490
434 847
434 849
434 852
434 854
434 445
434 857
434 717
434 859
434 1502
434 446
434 862
434 1503
434 863
434 1505
434 1512
434 868
434 1522
434 604
434 876
434 878
434 518
434 880
434 1533
434 1535
434 1146
434 723
434 613
434 888
434 616
434 495
434 1160
434 904
434 628
434 2167
434 913
434 1166
434 736
434 461
434 932
434 935
434 937
434 464
434 940
434 947
434 1726
434 466
434 1181
434 950
434 1571
434 972
434 1573
434 2027
434 1731
434 987
434 1844
434 1223
434 1229
434 2557
434 995
434 998
434 1855
434 1857
434 1858
434 1274
434 1019
434 1022
434 1392
434 1024
434 1617
434 2408
434 1039
434 1865
434 1042
434 1640
434 1744
434 1647
434 1747
434 1049
434 1756
434 1770
434 2839
434 1060
434 1875
434 1877
434 1061
434 1892
434 1895
434 1673
434 2068
434 1691
434 1714
434 2015
435 797
435 511
435 807
435 441
435 445
435 878
435 1703
435 513
435 778
435 697
435 508
435 788
435 701
435 702
435 436
435 795
435 817
435 832
435 841
435 843
435 1500
435 516
435 861
435 1505
435 865
435 1510
435 603
435 1511
435 517
435 520
435 521
435 930
435 740
435 530
435 932
435 1579
435 1005
435 1022
435 676
435 1458
435 1877
435 1061
435 1687
435 1074
435 1699
435 1709
435 2441
436 507
436 793
436 794
436 797
436 807
436 439
436 440
436 814
436 441
436 712
436 854
436 874
436 878
436 883
436 451
436 460
436 739
436 1049
436 513
436 858
436 780
436 697
436 579
436 786
436 508
436 788
436 701
436 591
436 1112
436 790
436 1543
436 704
436 593
436 510
436 437
436 493
436 706
436 805
436 438
436 821
436 837
436 839
436 840
436 842
436 849
436 717
436 863
436 864
436 603
436 721
436 447
436 869
436 722
436 517
436 607
436 1529
436 877
436 879
436 518
436 724
436 450
436 1546
436 613
436 452
436 889
436 725
436 454
436 616
436 456
436 621
436 893
436 457
436 897
436 903
436 1557
436 906
436 2596
436 917
436 736
436 926
436 461
436 462
436 740
436 530
436 936
436 940
436 942
436 943
436 465
436 955
436 959
436 970
436 541
436 657
436 986
436 1001
436 1002
436 1005
436 481
436 1616
436 1040
436 1444
436 1657
436 1047
436 558
436 1064
436 1067
436 1673
436 1093
436 1097
437 793
437 794
437 797
437 511
437 806
437 439
437 823
437 710
437 1122
437 445
437 878
437 883
437 451
437 460
437 739
437 470
437 1042
437 505
437 587
437 1898
437 1596
437 778
437 577
437 579
437 584
437 1466
437 701
437 509
437 1992
437 2629
437 1470
437 510
437 595
437 493
437 799
437 819
437 834
437 847
437 1492
437 859
437 860
437 863
437 1511
437 1527
437 605
437 1529
437 879
437 518
437 1535
437 893
437 897
437 898
437 899
437 900
437 901
437 733
437 931
437 462
437 741
437 936
437 1568
437 940
437 1570
437 950
437 963
437 972
437 2049
437 2002
437 2003
437 1573
437 541
437 984
437 1588
437 1598
437 1605
437 1612
437 1383
437 2837
437 1627
437 770
437 1635
437 1640
437 1647
437 1043
437 2009
437 1072
437 2149
437 1074
437 1719
437 1721
437 2842
437 2020
437 2021
438 797
438 511
438 806
438 807
438 439
438 441
438 831
438 880
438 580
438 513
438 778
438 508
438 702
438 790
438 704
438 796
438 599
438 821
438 832
438 849
438 447
438 1547
438 1996
438 730
438 926
438 461
438 1592
438 2222
438 1607
438 2561
438 683
438 684
438 558
438 1897
438 2140
438 2229
438 2232
439 779
439 507
439 783
439 1105
439 785
439 700
439 703
439 793
439 794
439 797
439 511
439 806
439 807
439 778
439 697
439 575
439 577
439 579
439 581
439 1466
439 508
439 587
439 701
439 588
439 789
439 591
439 592
439 790
439 1114
439 704
439 795
439 796
439 705
439 510
439 798
439 596
439 1472
439 1117
439 598
439 1474
439 808
439 1475
439 809
439 810
439 1476
439 440
439 1477
439 812
439 814
439 441
439 709
439 819
439 820
439 1480
439 821
439 823
439 442
439 710
439 1122
439 1123
439 827
439 1481
439 829
439 831
439 834
439 712
439 835
439 839
439 1486
439 1127
439 714
439 1489
439 443
439 1490
439 847
439 1494
439 849
439 852
439 1500
439 854
439 856
439 445
439 857
439 717
439 1501
439 860
439 446
439 862
439 863
439 1510
439 1512
439 1514
439 1519
439 867
439 868
439 1522
439 1525
439 870
439 604
439 874
439 876
439 877
439 878
439 879
439 880
439 1536
439 883
439 723
439 450
439 1545
439 451
439 885
439 886
439 613
439 888
439 456
439 897
439 625
439 1160
439 903
439 2550
439 630
439 1831
439 459
439 1561
439 917
439 460
439 736
439 1176
439 929
439 462
439 739
439 932
439 933
439 934
439 935
439 1898
439 937
439 742
439 464
439 1568
439 941
439 1569
439 947
439 1726
439 466
439 1181
439 468
439 950
439 951
439 2554
439 2654
439 957
439 2001
439 958
439 960
439 961
439 964
439 967
439 470
439 2049
439 1573
439 2027
439 982
439 983
439 2835
439 667
439 986
439 1731
439 1200
439 988
439 1224
439 990
439 669
439 2844
439 1735
439 992
439 2558
439 996
439 998
439 1599
439 1600
439 759
439 1002
439 1004
439 1010
439 1610
439 1015
439 1282
439 1017
439 1333
439 1334
439 1018
439 1019
439 1022
439 1393
439 480
439 1024
439 501
439 2532
439 1030
439 1031
439 1032
439 2005
439 1432
439 1042
439 1744
439 1642
439 1644
439 1747
439 1048
439 1049
439 1756
439 1769
439 1770
439 1663
439 1779
439 1056
439 1813
439 2839
439 1875
439 1061
439 1892
439 1064
439 1068
439 2179
439 2571
439 1072
439 1075
439 1691
439 1077
439 2035
439 489
439 1461
439 2475
439 1087
439 1088
439 2608
439 1093
439 1096
439 2019
439 2056
439 2610
439 2416
439 2207
439 2040
440 1103
440 1105
440 785
440 793
440 794
440 797
440 1102
440 581
440 2098
440 790
440 704
440 795
440 798
440 1472
440 707
440 810
440 1476
440 1478
440 814
440 441
440 819
440 820
440 1480
440 821
440 442
440 710
440 827
440 1481
440 1482
440 1483
440 831
440 1484
440 1124
440 711
440 834
440 712
440 1126
440 514
440 1486
440 1127
440 714
440 443
440 1490
440 1494
440 1129
440 849
440 1495
440 1496
440 1499
440 854
440 856
440 445
440 717
440 1501
440 860
440 864
440 866
440 1519
440 1524
440 1525
440 870
440 1142
440 1529
440 1530
440 878
440 1533
440 1148
440 888
440 726
440 1995
440 893
440 1996
440 2101
440 624
440 728
440 903
440 2166
440 905
440 1830
440 2106
440 628
440 2550
440 2167
440 459
440 913
440 2220
440 2168
440 460
440 1998
440 462
440 739
440 934
440 1839
440 743
440 464
440 1725
440 466
440 531
440 958
440 961
440 2049
440 2599
440 2050
440 1195
440 1731
440 1842
440 1844
440 1209
440 1733
440 1226
440 1229
440 1240
440 1735
440 1609
440 1261
440 1274
440 1015
440 1016
440 1304
440 1364
440 1367
440 1376
440 1392
440 2224
440 1036
440 484
440 2006
440 1636
440 1741
440 1042
440 1744
440 1747
440 2061
440 1750
440 1751
440 1049
440 1050
440 1761
440 1764
440 1767
440 1769
440 1775
440 1777
440 1778
440 487
440 1786
440 1789
440 1790
440 1797
440 1802
440 1809
440 1670
440 1814
440 683
440 2684
440 2225
440 1911
440 1870
440 1671
440 1887
440 1892
440 1895
440 1063
440 1897
440 1066
440 2138
440 1067
440 1068
440 2569
440 2140
440 2571
440 2144
440 1071
440 1677
440 2149
440 687
440 2227
440 2068
440 1924
440 2184
440 2607
440 689
440 1714
440 2186
440 2195
440 2199
440 2033
440 2016
440 1935
440 2017
440 1087
440 2415
440 2668
440 2232
440 2233
440 2156
440 2443
440 2444
440 2445
440 2458
440 2023
440 2024
440 2696
440 2157
440 2215
440 2277
440 2709
440 2726
440 2731
440 2281
441 507
441 783
441 1105
441 793
441 794
441 797
441 511
441 806
441 807
441 1474
441 814
441 786
441 1466
441 701
441 588
441 789
441 790
441 704
441 795
441 796
441 510
441 798
441 596
441 1472
441 598
441 1473
441 808
441 1476
441 820
441 1480
441 821
441 710
441 1481
441 829
441 832
441 834
441 712
441 1127
441 1489
441 443
441 1490
441 1494
441 1129
441 854
441 856
441 445
441 717
441 1505
441 864
441 1519
441 868
441 1529
441 874
441 877
441 878
441 879
441 518
441 1533
441 450
441 451
441 613
441 888
441 455
441 456
441 913
441 914
441 1561
441 917
441 460
441 736
441 1564
441 1836
441 932
441 933
441 936
441 940
441 1569
441 466
441 950
441 2554
441 957
441 963
441 2049
441 648
441 747
441 2835
441 986
441 1731
441 998
441 1002
441 1009
441 1609
441 1010
441 1611
441 1282
441 1023
441 480
441 1032
441 2563
441 770
441 1040
441 1042
441 1640
441 1747
441 1048
441 1049
441 1663
441 1052
441 1056
441 1813
441 1671
441 1875
441 1061
441 1892
441 1068
441 1692
441 1077
441 1699
441 1080
441 2033
441 2016
441 2475
441 2414
441 1087
441 1093
441 2040
442 698
442 1103
442 1105
442 793
442 797
442 806
442 1474
442 820
442 581
442 704
442 796
442 1472
442 808
442 1118
442 819
442 821
442 712
442 839
442 1127
442 1490
442 1492
442 1129
442 445
442 860
442 1524
442 870
442 1529
442 1530
442 925
442 938
442 957
442 967
442 1609
442 1295
442 1019
442 1364
442 1024
442 1042
442 1769
442 1809
442 1056
442 1895
442 2547
442 2009
442 1702
442 2040
443 779
443 1105
443 793
443 797
443 806
443 1474
443 814
443 820
443 835
443 1127
443 581
443 789
443 790
443 704
443 1472
443 707
443 810
443 1476
443 821
443 1489
443 1490
443 1129
443 864
443 868
443 1530
443 878
443 1533
443 724
443 885
443 888
443 454
443 459
443 2674
443 937
443 981
443 1731
443 1231
443 1239
443 1014
443 477
443 1019
443 479
443 1392
443 480
443 1024
443 1035
443 483
443 484
443 1042
443 1458
443 1809
443 1056
443 1671
443 1886
443 1892
443 2031
443 2054
443 2037
443 2040
443 2929
444 709
444 1183
444 1219
444 1439
444 513
444 858
444 1438
444 508
444 841
444 855
444 1147
444 1826
444 450
444 616
444 1829
444 908
444 1402
444 461
444 930
444 463
444 638
444 1248
444 1849
444 2121
444 1008
444 1851
444 475
444 2123
444 1400
444 481
444 502
444 1444
444 1650
444 772
444 1894
444 2185
444 2203
444 1449
445 507
445 1105
445 700
445 793
445 797
445 806
445 1474
445 820
445 823
445 1481
445 712
445 1127
445 854
445 577
445 579
445 581
445 587
445 701
445 509
445 789
445 592
445 790
445 795
445 796
445 510
445 595
445 493
445 810
445 1476
445 819
445 821
445 600
445 827
445 857
445 446
445 862
445 863
445 1512
445 868
445 870
445 879
445 1535
445 451
445 897
445 903
445 904
445 1830
445 913
445 1166
445 914
445 460
445 931
445 739
445 1567
445 932
445 1898
445 936
445 742
445 1568
445 1569
445 1181
445 950
445 960
445 963
445 541
445 985
445 1223
445 2557
445 996
445 998
445 1598
445 1002
445 1605
445 1855
445 1014
445 1857
445 1858
445 1612
445 1017
445 1019
445 1392
445 480
445 2532
445 2051
445 2563
445 2005
445 1865
445 1432
445 1041
445 1635
445 1042
445 1640
445 1744
445 1647
445 1043
445 1045
445 1049
445 1059
445 1060
445 1877
445 1061
445 1700
445 2034
445 2016
445 1461
445 2020
445 2021
446 507
446 797
446 511
446 807
446 862
446 878
446 451
446 888
446 937
446 466
446 470
446 1359
446 581
446 592
446 790
446 791
446 792
446 598
446 707
446 850
446 857
446 885
446 1995
446 2540
446 919
446 1566
446 1837
446 468
446 962
446 1207
446 474
446 992
446 998
446 760
446 1026
446 1036
446 769
446 1045
446 1673
446 1069
2844 459
2844 471
2844 700
2844 1133
2844 1170
2844 1234
2844 1514
2844 2176
447 831
447 579
447 790
447 713
447 845
447 1500
447 717
447 719
447 724
447 614
447 891
447 1827
447 2101
447 728
447 905
447 906
447 926
447 1565
447 2119
447 744
447 749
447 678
447 1867
447 2063
447 2691
448 785
448 700
448 511
448 1116
448 709
448 1120
448 831
448 711
448 874
448 1170
448 1180
448 941
448 1183
448 762
448 1439
448 858
448 949
448 1850
448 1438
448 575
448 581
448 584
448 701
448 1543
448 493
448 799
448 706
448 809
448 817
448 1119
448 829
448 514
448 837
448 841
448 1503
448 1508
448 718
448 607
448 875
448 1145
448 1146
448 1147
448 1544
448 450
448 886
448 456
448 893
448 2099
448 727
448 895
448 628
448 2108
448 908
448 1831
448 636
448 1566
448 1837
448 940
448 1435
448 1182
448 1436
448 499
448 1186
448 1193
448 665
448 754
448 1207
448 1230
448 2174
448 1437
448 1000
448 1607
448 1608
448 1008
448 2175
448 475
448 1257
448 1610
448 2124
448 1854
448 1856
448 1277
448 1293
448 1329
448 1378
448 1399
448 1400
448 1025
448 1032
448 1420
448 2845
448 2131
448 551
448 502
448 2135
448 1894
448 1681
448 2840
449 779
449 793
449 806
449 820
449 866
449 573
449 789
449 819
449 602
449 636
449 461
449 964
449 2026
449 1586
449 1020
449 765
449 1423
449 1038
449 771
449 2909
449 1660
449 1681
2845 709
2845 762
2845 785
2845 1143
2845 1165
2845 1186
2845 1206
2845 1230
2845 1277
2845 1285
2845 1293
2845 1326
2845 1337
2845 1378
2845 1400
2845 1508
2845 1525
2845 2539
450 1107
450 700
450 709
450 874
450 858
450 1438
450 780
450 701
450 837
450 717
450 517
450 885
450 886
450 725
450 453
450 616
450 2099
450 1829
450 461
450 637
450 463
450 638
450 959
450 757
450 1001
450 1608
450 1008
450 2175
450 1851
450 475
450 2123
450 1264
450 1856
450 1277
450 1400
450 1032
450 481
450 482
450 2518
450 1034
450 2131
450 1040
450 552
450 1441
450 502
450 1443
450 1444
450 2032
450 1073
450 1446
450 2228
450 1447
450 1448
450 1449
450 2549
450 2153
450 1450
451 507
451 797
451 806
451 807
451 862
451 883
451 778
451 1466
451 587
451 701
451 591
451 592
451 792
451 595
451 810
451 849
451 603
451 868
451 605
451 877
451 723
451 885
451 1546
451 888
451 454
451 456
451 1995
451 621
451 727
451 624
451 897
451 900
451 901
451 629
451 908
451 910
451 914
451 529
451 919
451 460
451 462
451 739
451 1836
451 463
451 1898
451 939
451 531
451 468
451 957
451 961
451 962
451 469
451 470
451 2655
451 2665
451 538
451 1581
451 541
451 1588
451 985
451 997
451 1597
451 1600
451 1602
451 1001
451 1414
451 1002
451 1003
451 1004
451 1006
451 547
451 1015
451 1026
451 1027
451 1029
451 1036
451 2871
451 1044
451 1045
451 1048
451 1050
451 1061
451 1064
451 1065
451 1068
451 1673
451 1070
451 2572
452 513
452 590
452 612
452 892
452 622
452 2163
452 921
452 955
452 533
452 568
452 1226
452 1456
452 694
453 858
453 1898
453 1466
453 1586
453 502
454 507
454 793
454 794
454 862
454 878
454 883
454 460
454 505
454 778
454 506
454 701
454 815
454 1118
454 834
454 1136
454 1519
454 1527
454 877
454 1531
454 879
454 885
454 1547
454 1566
454 940
454 639
454 1436
454 1589
454 986
454 1602
454 759
454 1604
454 1040
454 1655
454 1656
454 1657
454 1663
454 1673
454 1075
455 1438
455 508
455 456
455 939
455 2175
455 1058
455 1449
455 2549
455 1464
456 820
456 831
456 883
456 935
456 954
456 1844
456 1660
456 1814
456 1483
456 1490
456 1494
456 1519
456 605
456 1546
456 465
456 2003
456 749
456 1207
456 1001
456 1020
456 481
456 1616
456 1420
456 2838
456 1034
456 485
456 1659
456 1694
456 2538
457 729
457 574
457 578
457 784
457 590
457 702
457 494
457 623
457 2593
457 630
457 631
457 2407
457 537
457 2597
457 2403
457 1578
457 644
457 568
457 977
457 747
457 652
457 654
457 655
457 2897
457 656
457 657
457 2634
457 659
457 660
457 662
457 2832
457 670
457 1001
457 2503
457 2545
457 550
457 2535
457 2896
457 2833
457 2834
458 1105
458 785
458 700
458 793
458 820
458 711
458 712
458 1127
458 581
458 790
458 707
458 1476
458 714
458 1492
458 1130
458 1147
458 891
458 459
458 1166
458 1167
458 1176
458 937
458 567
458 471
458 1731
458 987
458 1202
458 1203
458 1214
458 1215
458 1219
458 1228
458 1231
458 1592
458 1256
458 1859
458 1281
458 1323
458 1333
458 1334
458 1398
458 1748
458 1059
458 1872
458 1886
458 2143
458 2145
459 698
459 1103
459 1105
459 699
459 1107
459 700
459 1824
459 709
459 1121
459 1481
459 711
459 712
459 1126
459 1127
459 1142
459 1143
459 1144
459 888
459 1163
459 1101
459 1102
459 581
459 1104
459 788
459 810
459 812
459 821
459 859
459 1132
459 1514
459 1133
459 1147
459 1148
459 1159
459 1166
459 1167
459 1170
459 1171
459 1175
459 1176
459 1179
459 1838
459 937
459 960
459 965
459 1185
459 471
459 1189
459 1197
459 1731
459 1200
459 754
459 987
459 1202
459 1203
459 2921
459 2922
459 473
459 755
459 1843
459 1209
459 1211
459 1213
459 1845
459 1214
459 1215
459 1216
459 1219
459 756
459 990
459 1228
459 1229
459 669
459 1234
459 1237
459 1239
459 1247
459 1253
459 1254
459 1851
459 1256
459 1852
459 1853
459 1261
459 1263
459 1271
459 2925
459 1281
459 1284
459 1861
459 1862
459 1864
459 1291
459 1323
459 1325
459 1333
459 1334
459 1354
459 1370
459 1392
459 1394
459 1398
459 1439
459 2930
459 1744
459 1748
459 2439
459 1767
459 1769
459 1872
459 1886
459 1889
459 1890
459 1891
459 2931
459 2932
460 507
460 700
460 793
460 797
460 511
460 806
460 1474
460 710
460 1481
460 711
460 854
460 862
460 1142
460 878
460 880
460 778
460 697
460 701
460 588
460 789
460 493
460 821
460 513
460 829
460 842
460 1490
460 849
460 859
460 863
460 1533
460 1547
460 893
460 628
460 913
460 462
460 739
460 1836
460 1837
460 935
460 1839
460 1898
460 464
460 941
460 466
460 972
460 1573
460 2658
460 667
460 986
460 1197
460 1842
460 1209
460 1214
460 990
460 1600
460 1604
460 1610
460 1281
460 1354
460 1388
460 1024
460 2127
460 1632
460 1040
460 1042
460 1049
460 1063
460 1072
460 1075
460 1460
460 1449
460 2549
460 2040
461 700
461 807
461 709
461 823
461 854
461 878
461 739
461 941
461 466
461 1865
461 513
461 858
461 508
461 788
461 701
461 790
461 704
461 706
461 805
461 817
461 818
461 514
461 837
461 841
461 843
461 855
461 715
461 859
461 869
461 873
461 1534
461 724
461 616
461 521
461 894
461 628
461 930
461 530
461 932
461 972
461 541
461 1737
461 475
461 1400
461 676
461 2131
461 1443
461 1444
461 1046
461 772
461 558
461 2032
461 1082
461 1084
461 2203
461 1091
462 699
462 793
462 794
462 806
462 710
462 878
462 883
462 624
462 739
462 951
462 958
462 470
462 1892
462 1102
462 701
462 792
462 796
462 596
462 603
462 867
462 1533
462 727
462 741
462 961
462 1006
462 1854
462 673
462 1910
462 776
462 1714
861 579
861 581
861 591
861 595
861 697
861 698
861 699
861 702
861 718
861 724
861 748
861 781
861 790
861 791
861 799
861 809
861 1103
861 1105
861 1412
861 1102
861 891
861 1993
861 1831
861 1167
861 1168
861 923
861 1403
861 2875
861 925
861 926
861 1178
861 1837
861 1404
861 1186
861 1407
861 979
861 1202
861 1207
861 1408
861 1410
861 1411
861 1415
861 1257
861 1417
861 1863
861 1419
861 1420
861 1422
861 2489
861 2644
861 2635
861 2881
861 2882
861 2490
861 1429
861 2492
861 2493
861 2136
463 466
463 1439
463 505
463 858
463 1850
463 1438
463 778
463 2097
463 791
463 799
463 841
463 886
463 2099
463 895
463 908
463 1837
463 959
463 1847
463 2174
463 1413
463 1001
463 1414
463 1003
463 1607
463 1008
463 2175
463 1851
463 2123
463 761
463 1285
463 2487
463 2488
463 2364
463 1034
463 2882
463 1427
463 1620
463 2878
463 772
463 1073
463 1449
463 2152
463 1464
463 2368
463 2209
463 2370
463 1949
2874 1185
464 1105
464 793
464 794
464 797
464 806
464 814
464 820
464 1481
464 831
464 1127
464 1499
464 854
464 866
464 1142
464 883
464 1158
464 1836
464 935
464 581
464 1472
464 598
464 819
464 600
464 1483
464 834
464 1490
464 1502
464 1521
464 871
464 2025
464 2000
464 931
464 1725
464 466
464 951
464 954
464 958
464 963
464 1589
464 1199
464 1591
464 1844
464 1237
464 1021
464 2007
464 1744
464 1049
464 1457
464 1458
464 1664
464 1055
464 1814
464 1870
464 1671
464 1063
464 2010
464 2011
464 2227
464 1680
464 1075
464 1694
464 1702
464 489
464 1088
464 1095
465 790
465 604
465 627
465 1818
465 2050
465 2835
465 2659
465 1003
465 1033
465 488
466 785
466 703
466 793
466 797
466 511
466 807
466 709
466 1481
466 854
466 878
466 1180
466 935
466 941
466 1722
466 581
466 788
466 701
466 791
466 792
466 796
466 514
466 837
466 849
466 855
466 715
466 1503
466 865
466 869
466 517
466 1533
466 521
466 892
466 893
466 628
466 2220
466 1837
466 932
466 951
466 957
466 958
466 966
466 1844
466 1408
466 994
466 998
466 1015
466 673
466 1347
466 2364
466 2883
466 1640
466 1744
466 1458
466 1667
466 1814
466 1911
466 772
466 1870
466 2139
466 2144
466 1676
466 1691
466 1694
466 1082
466 2933
466 2934
466 2037
466 2414
466 2935
466 1935
466 2936
467 509
467 702
467 510
467 799
467 809
467 850
467 718
467 1402
467 917
467 1403
467 2674
467 926
467 946
467 1404
467 966
467 469
467 1405
467 1406
467 1576
467 748
467 1186
467 1407
467 979
467 1207
467 1408
467 1410
467 1411
467 1001
467 1415
467 1257
467 1863
467 1316
467 1389
467 1419
467 2487
467 1422
467 482
467 2489
467 1423
467 1424
467 2882
467 2681
467 1428
467 676
467 1429
467 1430
467 767
467 2890
467 2878
467 1093
468 507
468 794
468 883
468 470
468 591
468 592
468 541
468 1015
468 486
468 1050
469 1438
469 575
469 583
469 1470
469 510
469 493
469 799
469 841
469 1503
469 718
469 605
469 1544
469 908
469 732
469 919
469 1403
469 1565
469 532
469 1436
469 966
469 970
469 535
469 1406
469 499
469 1574
469 2407
469 1186
469 984
469 1243
469 671
469 2666
469 757
469 997
469 1413
469 1001
469 1414
469 1607
469 1008
469 2175
469 1851
469 1264
469 1285
469 1365
469 2130
469 2364
469 1034
469 676
469 1038
469 767
469 1620
469 1440
469 1621
469 1624
469 1628
469 2505
469 1441
469 1650
469 1655
469 2136
469 772
469 1058
469 2578
469 2150
469 1684
469 1434
469 1078
469 2230
469 2632
469 1447
469 2368
469 2370
470 507
470 1105
470 807
470 878
470 883
470 888
470 941
470 951
470 958
470 778
470 1722
470 2097
470 509
470 592
470 792
470 796
470 1478
470 827
470 855
470 717
470 865
470 611
470 725
470 892
470 1995
470 893
470 727
470 625
470 2165
470 628
470 1553
470 912
470 635
470 1562
470 529
470 921
470 1998
470 531
470 961
470 540
470 1583
470 541
470 981
470 984
470 757
470 1411
470 1006
470 1015
470 1025
470 1026
470 1036
470 1648
470 1050
470 1870
470 1064
470 2139
470 2144
470 2180
470 2053
470 775
470 776
470 2475
471 698
471 1105
471 699
471 700
471 709
471 1121
471 711
471 712
471 1170
471 937
471 1726
471 1183
471 751
471 581
471 788
471 810
471 1514
471 1133
471 1838
471 1197
471 987
471 1203
471 2921
471 2922
471 473
471 755
471 1845
471 756
471 668
471 1238
471 1247
471 1248
471 1254
471 1851
471 1256
471 1853
471 1268
471 1271
471 1276
471 1284
471 1861
471 1862
471 1333
471 1337
471 1398
471 1400
471 1866
471 2930
471 2937
471 1748
471 1872
471 1889
471 1890
471 1891
471 2932
472 698
472 709
472 1142
472 1143
472 729
472 751
472 622
472 534
472 568
472 747
472 752
472 2534
472 476
472 1283
473 1824
473 709
473 1179
473 937
473 1195
473 882
473 1159
473 1169
473 1237
473 1438
473 1271
473 1277
473 1333
473 2909
473 2604
473 1874
474 781
474 2097
474 508
474 592
474 718
474 1133
474 720
474 725
474 1993
474 1995
474 907
474 632
474 529
474 1435
474 1589
474 992
474 1608
474 1008
474 548
474 481
474 1618
474 1045
474 2428
475 700
475 709
475 1543
475 799
475 1471
475 837
475 855
475 1547
475 2099
475 911
475 2112
475 1435
475 959
475 982
475 1193
475 1849
475 2175
475 1737
475 1853
475 2123
475 548
475 1259
475 1400
475 552
475 502
475 1650
475 1445
475 559
475 1446
475 2228
475 2428
475 2203
475 2153
476 1107
476 709
476 712
476 1143
476 1183
476 1208
476 668
476 1227
476 1860
476 594
476 1159
476 1833
476 1840
476 1192
476 672
476 1259
477 785
477 1245
477 1265
477 479
477 483
477 484
477 1908
477 2208
478 793
478 797
478 511
478 806
478 1474
478 814
478 1482
478 711
478 854
478 934
478 1042
478 1767
478 1053
478 1108
478 790
478 1479
478 821
478 1489
478 864
478 720
478 877
478 1535
478 1564
478 638
478 1226
478 1244
478 1602
478 1268
478 1015
478 1295
478 1363
478 1368
478 1369
478 1375
478 483
478 484
478 1738
478 769
478 1739
478 1743
478 1646
478 1746
478 1747
478 1907
478 1908
478 1751
478 1752
478 1756
478 1763
478 1662
478 1458
478 1665
478 1051
478 1788
478 1791
478 1792
478 1796
478 1800
478 488
478 1671
478 2411
478 2067
478 2073
478 1690
478 1699
478 2414
478 1936
478 1937
478 1938
478 1947
478 1961
478 2083
478 1963
478 1968
478 1970
478 1972
478 2478
478 2090
478 2091
478 1976
478 1977
478 1978
479 1106
479 1116
479 1117
479 842
479 1249
479 1265
479 1303
479 1304
479 1346
479 483
479 484
479 2938
480 779
480 1105
480 793
480 511
480 806
480 820
480 831
480 835
480 1127
480 888
480 934
480 947
480 669
480 1261
480 1364
480 1376
480 1102
480 581
480 1466
480 2627
480 588
480 789
480 592
480 596
480 810
480 821
480 1491
480 1492
480 849
480 1524
480 1545
480 2540
480 1560
480 1561
480 743
480 2049
480 1588
480 1282
480 1024
480 1634
480 2519
480 1761
480 487
480 1809
480 1061
480 691
480 1461
480 1094
480 2354
480 2206
480 2520
481 2099
481 1829
481 959
481 975
481 992
481 1001
481 1851
481 1400
481 1032
481 1616
481 2612
482 579
482 784
482 1552
482 907
482 732
482 1402
482 1403
482 925
482 1436
482 1406
482 2643
482 1186
482 1407
482 1207
482 1408
482 2666
482 1411
482 1264
482 1326
482 1389
482 2487
482 1420
482 2838
482 2545
482 1422
482 2130
482 2635
482 1424
482 2562
482 2881
482 2490
482 2539
482 2491
482 1440
482 2890
482 2878
482 2493
482 2494
482 2879
483 793
483 797
483 814
483 854
483 1042
483 1753
483 1767
483 821
483 864
483 1009
483 1609
483 484
483 769
483 1772
483 1458
483 1665
483 1666
483 1788
483 1794
483 683
483 2410
483 1938
483 2690
483 1939
483 2077
483 2418
483 1940
483 2528
483 2078
484 794
484 797
484 814
484 883
484 1042
484 1466
484 864
484 1515
484 1595
484 1295
484 1388
484 1616
484 487
484 1671
2846 1107
2846 1185
485 783
485 820
485 1499
485 954
485 1591
485 1844
485 1347
485 852
485 1589
485 1669
485 1095
486 723
486 1995
486 897
486 529
486 1454
486 975
486 983
486 1592
486 1411
486 1863
486 2871
486 1065
486 2475
487 806
487 1166
487 896
487 1015
487 1282
487 1388
487 1781
487 1947
487 1976
488 1770
488 1226
488 1602
488 1363
488 1909
488 1791
488 1669
488 1799
488 1803
488 1805
488 1808
488 1918
488 1920
488 1930
488 1931
488 1933
488 1945
488 1947
488 2080
488 1952
488 1960
488 2091
488 1977
488 1982
489 831
489 866
489 935
489 954
489 1844
489 1347
489 1744
489 1814
489 2227
489 581
489 1472
489 1519
489 2000
489 931
489 1725
489 1458
489 1671
489 1075
490 576
490 815
490 816
490 865
490 881
490 727
490 1452
490 1999
490 2222
490 1277
490 2561
490 1442
490 1050
490 2663
2847 531
2847 605
2847 762
2847 875
2875 697
2875 698
2875 850
2875 925
2875 1207
2875 1316
2875 1403
2875 1408
2875 1410
2875 1419
2875 1420
2875 1421
2875 2112
2875 2434
2875 2490
2875 2492
2875 2493
2875 2494
2875 2545
2875 2556
2875 2635
2875 2838
2875 2882
2875 2876
2875 2878
2876 850
2876 1407
2876 1420
2876 1421
2876 1422
2876 2434
2876 2490
2876 2498
2876 2644
2876 2838
2876 2877
2876 2878
2877 698
2877 850
2877 979
2877 1001
2877 1186
2877 1285
2877 1389
2877 1403
2877 1423
2877 1424
2877 1434
2877 2434
2877 2488
2877 2489
2877 2492
2877 2494
2877 2645
2877 2681
2877 2881
2877 2878
2878 980
2878 1207
2878 1326
2878 1403
2878 1406
2878 1407
2878 1408
2878 1413
2878 1422
2878 1423
2878 1424
2878 1427
2878 1440
2878 1863
2878 2434
2878 2488
2878 2489
2878 2490
2878 2493
2878 2494
2878 2635
2878 2644
2878 2645
2878 2838
2878 2882
2878 2890
2878 2881
2878 2879
2879 1145
2879 1186
2879 1277
2879 1285
2879 1326
2879 1389
2879 1401
2879 1425
2879 1434
2879 1988
2879 2095
2879 2539
2879 2681
2879 2890
2880 724
2880 926
2880 1001
2880 1186
2880 1280
2880 1285
2880 1389
2880 1419
2880 1420
2880 1423
2880 1425
2880 1427
2880 1643
2880 2542
2880 2667
2880 2681
870 507
870 514
870 581
870 624
870 727
870 734
870 743
870 770
870 790
870 792
870 793
870 795
870 812
870 819
870 827
870 831
870 832
870 839
870 841
870 849
870 860
870 865
870 1127
870 1731
870 1511
870 1485
870 1525
870 876
870 1535
870 1994
870 1995
870 1996
870 2163
870 897
870 904
870 1830
870 2167
870 2220
870 1559
870 1725
870 948
870 952
870 2001
870 961
870 968
870 1199
870 1006
870 2004
870 1741
870 1775
870 2140
870 2547
870 2144
870 2147
870 2580
870 1680
870 2024
870 2277
870 2286
870 2951
870 2952
870 2290
870 2953
870 2954
2435 607
2435 628
2435 790
2435 1269
2435 2141
2435 2596
2435 2485
2435 2466
2435 2731
2435 2756
2435 2784
491 510
491 1553
491 535
491 1574
491 984
491 2631
491 2556
491 2666
491 757
491 547
491 1624
491 2636
491 2505
491 2507
491 2509
493 507
493 793
493 806
493 1122
493 1481
493 862
493 1042
493 505
493 1554
493 1596
493 996
493 510
493 577
493 578
493 583
493 584
493 701
493 789
493 1543
493 795
493 1470
493 595
493 799
493 815
493 822
493 515
493 1492
493 1503
493 863
493 1510
493 603
493 1511
493 1512
493 718
493 1527
493 605
493 879
493 518
493 893
493 897
493 898
493 632
493 528
493 1563
493 1565
493 1566
493 936
493 1568
493 940
493 1569
493 639
493 532
493 1571
493 1436
493 966
493 2500
493 2002
493 2003
493 1573
493 535
493 2630
493 499
493 536
493 1576
493 1581
493 984
493 2631
493 1592
493 1593
493 2666
493 1409
493 1598
493 1604
493 1605
493 1617
493 1038
493 2649
493 1621
493 1623
493 1624
493 1627
493 1628
493 2505
493 1631
493 1632
493 770
493 1633
493 1640
493 1644
493 1646
493 1647
493 1648
493 1043
493 1072
493 1678
493 2149
493 689
493 1684
493 1685
493 1460
493 563
493 1718
493 1721
494 729
494 574
494 1554
494 1556
494 996
494 509
494 523
494 537
494 584
494 791
494 595
494 781
494 784
494 589
494 611
494 614
494 631
494 632
494 657
494 618
494 2592
494 1553
494 654
494 621
494 623
494 627
494 629
494 652
494 655
494 661
494 662
494 670
494 727
494 895
494 2597
494 991
494 1000
494 2027
494 2499
494 1078
494 2523
494 1581
494 1582
494 495
494 2634
494 875
494 916
494 1589
494 993
494 1614
494 1452
494 2594
494 2601
494 2602
494 1550
494 1551
494 1557
494 1607
494 1625
494 1552
494 1592
494 2593
494 2102
494 496
494 2651
495 807
495 729
495 1166
495 1014
495 1077
495 995
495 541
495 581
495 591
495 592
495 810
495 1569
495 781
495 792
495 885
495 901
495 725
495 625
495 2117
495 891
495 897
495 898
495 899
495 903
495 904
495 496
495 905
495 985
495 1215
495 2557
495 1613
495 1027
495 1028
495 1035
495 2871
495 1045
495 1067
495 1721
496 2101
496 1402
496 2097
496 1541
496 2114
496 635
496 618
496 625
496 1673
496 991
496 2504
496 1993
496 891
496 897
496 1008
496 2578
496 1025
496 1047
496 1133
496 1287
496 1552
496 2576
497 513
497 546
497 508
497 509
497 515
497 519
497 590
497 611
497 620
497 2533
497 730
497 525
497 633
497 500
497 2597
497 569
497 544
497 549
497 551
497 557
497 2032
497 503
497 504
498 513
498 1553
498 533
498 499
498 2639
498 1583
498 2893
498 504
499 510
499 532
499 533
499 535
499 1503
499 605
499 1565
499 1837
499 966
499 1573
499 1576
499 1583
499 1243
499 1604
499 1617
499 1038
499 1628
499 2505
499 1632
499 1072
499 1684
499 1460
499 563
499 2230
499 2632
499 2697
500 729
500 513
500 525
500 527
500 537
500 622
500 1553
500 629
500 2895
500 1577
500 643
500 2402
500 2633
500 2403
500 1578
500 644
500 645
500 539
500 568
500 977
500 747
500 542
500 657
500 753
500 1630
500 550
500 677
500 551
500 553
500 555
500 2535
500 556
500 558
500 561
500 503
500 504
500 2510
501 1105
501 820
501 1142
501 888
501 947
501 1196
501 1024
501 581
501 810
501 758
501 1597
501 1809
502 700
502 709
502 1183
502 1439
502 858
502 1438
502 548
502 552
502 1543
502 799
502 1471
502 600
502 837
502 1608
502 2175
502 1856
502 1400
502 765
502 2518
502 2131
502 1445
502 1073
502 2428
502 1450
2951 2277
2951 2286
2951 2290
2951 2952
2951 2954
2952 2277
2952 2286
2952 2290
2953 2277
2953 2286
2953 2290
2954 2277
2954 2286
2954 2290
503 513
503 546
503 549
503 550
503 556
503 557
503 611
503 622
503 2533
503 733
503 746
503 666
503 775
503 2032
504 513
504 542
504 543
504 618
504 620
504 898
504 733
504 2114
504 633
504 916
504 635
504 734
504 2556
504 2559
504 2636
504 2641
504 678
2848 1116
2848 1186
2848 1285
2848 1293
2848 1329
2848 1343
2441 581
2441 690
2441 793
2441 794
2441 1105
2441 1479
2441 1668
2441 1691
2441 1698
2441 1735
2441 1870
2441 1911
2441 2062
2441 2421
2441 2689
2881 760
2881 850
2881 966
2881 970
2881 979
2881 1003
2881 1008
2881 1207
2881 1285
2881 1389
2881 1408
2881 1413
2881 1420
2881 1427
2881 1440
2881 1466
2881 1818
2881 2487
2881 2488
2881 2489
2881 2490
2881 2492
2881 2635
2881 2644
2881 2882
2881 2890
2882 979
2882 1003
2882 1008
2882 1207
2882 1257
2882 1285
2882 1404
2882 1408
2882 1410
2882 1413
2882 1419
2882 1422
2882 1427
2882 1818
2882 1863
2882 2370
2882 2488
2882 2492
2882 2494
2882 2635
2882 2644
2882 2645
2882 2890
2883 698
2883 1207
2883 1407
2883 1410
2883 1419
2883 1504
2883 2488
2883 2490
2883 2493
2883 2644
2883 2838
2883 2933
2883 2934
2883 2935
2883 2975
2883 2976
2883 2977
505 862
505 883
505 778
505 565
505 575
505 577
505 579
505 581
505 1466
505 1992
505 2629
505 510
505 595
505 863
505 1511
505 605
505 1567
505 940
505 1570
505 959
505 1571
505 1436
505 2003
505 2501
505 2895
505 538
505 542
505 984
505 2631
505 1588
505 757
505 996
505 997
505 1598
505 1001
505 1414
505 1603
505 1038
505 1621
505 1640
505 1655
505 1461
505 693
506 779
506 806
506 835
506 554
506 2627
506 588
506 1113
506 1545
506 521
506 1557
506 940
506 2837
506 2662
506 1658
507 778
507 581
507 701
507 591
507 592
507 790
507 792
507 793
507 794
507 795
507 796
507 797
507 511
507 806
507 807
507 810
507 1477
507 815
507 821
507 1121
507 1122
507 513
507 1127
507 714
507 849
507 854
507 862
507 1503
507 863
507 1510
507 1512
507 866
507 1519
507 871
507 877
507 1531
507 878
507 883
507 723
507 885
507 1546
507 887
507 888
507 889
507 725
507 1158
507 1995
507 727
507 1997
507 897
507 1557
507 910
507 2168
507 529
507 929
507 1566
507 935
507 937
507 742
507 939
507 940
507 941
507 531
507 952
507 2001
507 958
507 961
507 962
507 538
507 1581
507 541
507 1584
507 657
507 1589
507 1731
507 1842
507 988
507 1595
507 998
507 1597
507 1600
507 1602
507 759
507 1000
507 1002
507 1004
507 1005
507 1006
507 547
507 1010
507 1015
507 1022
507 1392
507 1026
507 1032
507 1036
507 767
507 1620
507 1039
507 1042
507 1642
507 1048
507 1050
507 1663
507 1803
507 558
507 1064
507 1672
507 1068
507 1675
507 1072
507 1687
507 1688
507 1074
507 1077
507 1707
507 1714
507 1086
508 703
508 511
508 709
508 1120
508 1143
508 1219
508 576
508 513
508 858
508 647
508 697
508 575
508 581
508 509
508 590
508 702
508 592
508 704
508 706
508 841
508 714
508 516
508 603
508 722
508 517
508 607
508 609
508 724
508 611
508 520
508 614
508 521
508 622
508 524
508 2533
508 731
508 634
508 528
508 918
508 1172
508 927
508 939
508 567
508 537
508 658
508 665
508 544
508 753
508 1393
508 1025
508 676
508 679
508 1058
508 775
508 776
508 2202
509 1122
509 1143
509 624
509 742
509 1844
509 1031
509 574
509 513
509 858
509 1554
509 2598
509 996
509 780
509 781
509 579
509 2097
509 789
509 590
509 702
509 591
509 792
509 1992
509 595
509 827
509 829
509 849
509 717
509 859
509 860
509 863
509 1511
509 718
509 871
509 604
509 605
509 875
509 1531
509 879
509 1536
509 611
509 613
509 614
509 725
509 1547
509 890
509 617
509 891
509 618
509 1993
509 726
509 620
509 621
509 893
509 1827
509 727
509 1996
509 895
509 2101
509 897
509 898
509 899
509 625
509 904
509 2533
509 1552
509 2106
509 2499
509 907
509 730
509 908
509 909
509 2112
509 732
509 1402
509 2113
509 526
509 2114
509 632
509 633
509 635
509 734
509 2116
509 2596
509 2118
509 1835
509 928
509 929
509 931
509 567
509 2553
509 531
509 952
509 956
509 640
509 1436
509 966
509 2003
509 1573
509 975
509 746
509 2555
509 1592
509 1593
509 2666
509 2651
509 757
509 1006
509 1605
509 760
509 1287
509 1383
509 1025
509 1026
509 1036
509 676
509 2060
509 1631
509 770
509 2564
509 678
509 1432
509 1041
509 1641
509 1649
509 683
509 1058
509 1672
509 2139
509 2573
509 1071
509 2576
509 1072
509 2146
509 2053
509 775
509 776
509 2150
509 1075
509 1079
509 1714
509 1081
509 2012
509 1085
509 2202
509 2582
509 1447
509 1090
509 2151
509 2583
509 696
509 2584
509 2586
509 2587
510 511
510 806
510 1481
510 874
510 1554
510 1596
510 996
510 577
510 583
510 584
510 789
510 592
510 1470
510 595
510 799
510 515
510 1490
510 1503
510 863
510 603
510 1511
510 1138
510 1527
510 605
510 879
510 518
510 1544
510 1552
510 1553
510 528
510 1403
510 1563
510 1565
510 1566
510 936
510 1568
510 940
510 1569
510 532
510 1571
510 1436
510 966
510 1405
510 2002
510 2003
510 1573
510 535
510 2630
510 1406
510 1576
510 2501
510 542
510 543
510 1586
510 984
510 2634
510 658
510 2631
510 1243
510 2836
510 2666
510 1598
510 1007
510 1415
510 673
510 1617
510 1038
510 1621
510 1623
510 1628
510 2637
510 1632
510 1637
510 1640
510 1644
510 1647
510 682
510 1674
510 1072
510 1678
510 562
510 1689
510 1460
510 563
510 1718
510 1080
510 2230
510 2632
510 2927
511 1106
511 785
511 700
511 703
511 794
511 797
511 2591
511 1102
511 697
511 578
511 579
511 581
511 1465
511 585
511 788
511 701
511 590
511 790
511 791
511 1469
511 1543
511 704
511 593
511 796
511 596
511 597
511 706
511 1116
511 598
511 805
511 806
511 1475
511 812
511 599
511 1479
511 817
511 1119
511 709
511 820
511 1121
511 710
511 1122
511 1123
511 600
511 513
511 827
511 829
511 1483
511 831
511 832
511 834
511 601
511 514
511 515
511 840
511 841
511 842
511 1488
511 843
511 1490
511 848
511 1493
511 1494
511 850
511 602
511 1131
511 852
511 854
511 855
511 516
511 715
511 1501
511 860
511 862
511 1505
511 1506
511 1507
511 1508
511 1509
511 1510
511 603
511 1511
511 1136
511 866
511 867
511 1520
511 720
511 721
511 1138
511 1139
511 1140
511 1141
511 607
511 1143
511 874
511 878
511 608
511 609
511 881
511 1147
511 614
511 2099
511 622
511 1161
511 1829
511 2108
511 1832
511 525
511 1175
511 636
511 1180
511 930
511 739
511 935
511 940
511 941
511 638
511 2047
511 949
511 954
511 1841
511 964
511 1407
511 665
511 1590
511 1229
511 1854
511 762
511 1293
511 1294
511 1315
511 1329
511 1022
511 1399
511 1865
511 1443
511 2683
511 1046
511 1809
511 1814
511 1062
511 1076
511 692
511 1717
511 2206
511 2616
511 2939
512 1163
512 513
512 697
512 585
512 597
512 815
512 515
512 845
512 717
512 1518
512 1520
512 1531
512 614
512 1159
512 894
512 2101
512 622
512 1160
512 526
512 527
512 567
512 753
512 2182
512 2190
513 797
513 709
513 823
513 854
513 866
513 941
513 960
513 1183
513 1276
513 1865
513 1814
513 580
513 697
513 575
513 577
513 585
513 788
513 701
513 590
513 702
513 791
513 1469
513 704
513 796
513 597
513 839
513 515
513 516
513 715
513 1501
513 1132
513 517
513 1531
513 609
513 723
513 724
513 520
513 614
513 521
513 522
513 894
513 2101
513 2540
513 730
513 525
513 2220
513 526
513 634
513 528
513 921
513 537
513 542
513 1192
513 544
513 1590
513 754
513 546
513 759
513 549
513 550
513 551
513 557
513 558
513 1062
513 2182
513 2032
513 561
513 2190
514 787
514 806
514 823
514 1122
514 1158
514 624
514 742
514 1865
514 2227
514 858
514 1722
514 579
514 1104
514 788
514 701
514 790
514 799
514 597
514 706
514 1478
514 812
514 816
514 1119
514 818
514 827
514 829
514 832
514 837
514 843
514 1492
514 1496
514 855
514 717
514 859
514 860
514 603
514 718
514 1518
514 1520
514 1523
514 604
514 1526
514 873
514 881
514 882
514 1146
514 1826
514 611
514 725
514 890
514 618
514 521
514 1994
514 2100
514 894
514 727
514 2101
514 622
514 2103
514 2164
514 2165
514 1829
514 628
514 908
514 2109
514 1164
514 909
514 2110
514 2111
514 911
514 915
514 734
514 2116
514 1560
514 736
514 921
514 948
514 955
514 640
514 1436
514 968
514 970
514 642
514 540
514 2902
514 1583
514 2173
514 989
514 1733
514 1243
514 2175
514 1737
514 2123
514 1012
514 1013
514 761
514 673
514 1018
514 1025
514 1036
514 1627
514 551
514 1040
514 1741
514 2132
514 556
514 1046
514 2566
514 685
514 2144
514 2579
514 2580
514 776
514 688
514 2189
514 1083
514 2196
514 1099
514 2212
514 2213
514 2214
514 2158
514 2860
514 2217
515 823
515 580
515 858
515 577
515 1722
515 2097
515 792
515 865
515 603
515 875
515 518
515 611
515 614
515 1547
515 890
515 617
515 522
515 894
515 2533
515 911
515 525
515 528
515 921
515 977
515 542
515 549
515 1018
515 1384
515 551
515 556
515 2179
515 2180
515 775
515 2150
515 2182
515 561
515 2190
515 2205
515 2207
515 2158
516 831
516 878
516 1770
516 715
516 865
516 612
516 520
516 889
516 1547
516 676
516 1458
516 2012
517 874
517 701
517 715
517 872
517 1527
517 616
517 942
517 943
517 994
517 998
517 1650
517 1655
517 1052
518 806
518 874
518 1049
518 577
518 789
518 1470
518 799
518 1503
518 863
518 1527
518 879
518 936
518 1568
518 940
518 639
518 1571
518 1617
518 1644
519 729
519 608
519 611
519 614
519 890
519 620
519 524
519 902
519 2499
519 631
519 733
519 526
519 633
519 956
519 533
519 537
519 645
519 2639
519 653
519 2897
519 656
519 657
519 2831
519 659
519 660
519 662
519 1433
519 775
519 2608
519 2613
520 715
520 612
520 634
520 968
520 540
520 1627
520 1629
520 2884
520 1666
520 558
520 2580
520 2885
520 2697
521 793
521 806
521 742
521 957
521 554
521 858
521 577
521 1722
521 583
521 701
521 1468
521 819
521 847
521 717
521 860
521 871
521 604
521 873
521 884
521 618
521 892
521 1994
521 727
521 2101
521 2164
521 627
521 2109
521 2116
521 740
521 953
521 540
521 651
521 1011
521 1012
521 1013
521 2537
521 1036
521 770
521 1633
521 1041
521 1639
521 1046
521 1667
521 685
521 1057
521 558
521 2139
521 2508
521 688
521 2065
521 1695
521 1083
521 2422
522 554
522 580
522 781
522 575
522 875
522 614
522 890
522 2104
522 525
522 747
522 2835
522 544
522 1592
522 1025
523 576
523 647
523 579
523 589
523 590
523 608
523 609
523 611
523 614
523 890
523 620
523 626
523 2499
523 730
523 631
523 733
523 632
523 534
523 653
523 654
523 656
523 2831
523 665
523 991
523 674
524 2603
524 604
524 611
524 614
524 891
524 619
524 620
524 1995
524 2592
524 2162
524 2102
524 902
524 1817
524 733
524 634
524 533
524 642
524 537
524 645
524 539
524 650
524 662
524 991
524 1025
524 1867
524 2566
524 2579
525 797
525 566
525 580
525 575
525 796
525 603
525 528
525 568
525 977
525 542
525 2835
525 549
525 550
525 551
525 556
525 561
526 729
526 2097
526 584
526 590
526 815
526 849
526 859
526 612
526 622
526 2499
526 2114
526 632
526 635
526 528
526 529
526 567
526 2172
526 2500
526 1576
526 654
526 666
526 1592
526 760
526 549
526 1399
526 1429
526 1631
526 1456
526 1433
526 2405
526 560
526 2202
526 1463
526 695
527 2097
527 849
527 1500
527 717
527 614
527 890
527 891
527 727
527 728
527 733
527 2114
527 914
527 635
527 1565
527 744
527 956
527 539
527 747
527 542
528 704
528 875
528 724
528 1547
528 617
528 535
528 977
528 549
528 556
528 563
529 888
529 729
529 751
529 995
529 2097
529 591
529 592
529 792
529 595
529 849
529 723
529 885
529 612
529 887
529 725
529 1993
529 1995
529 895
529 622
529 897
529 635
529 1835
529 950
529 962
529 975
529 978
529 541
529 981
529 983
529 666
529 985
529 1593
529 760
529 2871
529 556
529 1673
529 1705
529 2475
530 1744
530 647
530 701
530 1500
530 715
530 603
530 531
530 540
530 1604
530 1605
530 1022
530 1633
530 1458
530 686
530 1072
530 1678
530 689
530 1075
530 1693
530 1709
530 1710
530 2860
2402 537
2402 542
2402 555
2402 556
2402 568
2402 572
2402 626
2402 629
2402 634
2402 645
2402 646
2402 657
2402 662
2402 666
2402 670
2402 679
2402 680
2402 729
2402 1510
2402 1550
2402 1555
2402 1557
2402 1580
2402 1581
2402 1630
2402 1651
2402 2633
2402 2852
2402 2641
2402 2853
531 793
531 797
531 854
531 941
531 951
531 957
531 2017
531 1087
531 778
531 577
531 701
531 789
531 819
531 717
531 1511
531 1525
531 604
531 605
531 875
531 727
531 1552
531 540
531 1015
531 1025
531 675
531 1432
531 1640
531 1779
531 1911
531 2139
531 1720
531 1935
531 1096
531 2586
531 2726
532 580
532 1500
532 1565
532 966
532 1573
532 2630
532 1576
532 671
532 1684
2403 537
2403 538
2403 539
2403 555
2403 644
2403 652
2403 660
2403 667
2403 729
2403 753
2403 778
2403 997
2403 1577
2403 1578
2403 1630
2403 2038
2403 2895
2403 2593
2403 2407
2403 2597
2403 2633
2403 2404
2403 2896
2403 2833
2404 537
2404 577
2404 614
2404 623
2404 656
2404 657
2404 659
2404 660
2404 662
2404 667
2404 784
2404 1590
2404 2897
2404 2593
533 729
533 818
533 715
533 1995
533 622
533 902
533 2499
533 1817
533 733
533 537
533 644
533 568
533 977
533 1583
533 654
533 657
533 666
533 991
533 671
533 2059
533 761
533 1025
533 679
533 555
533 556
533 2405
533 1046
533 560
533 562
533 1076
533 694
533 2202
533 564
533 2608
533 1099
533 2896
2405 537
2405 542
2405 556
2405 569
2405 622
2405 654
2405 666
2405 681
2405 694
2405 729
2405 747
2405 761
2405 977
2405 1076
2405 1547
2405 2202
2405 2500
534 687
534 565
534 537
534 644
534 654
534 657
534 2222
534 677
534 682
534 1661
534 686
534 688
534 693
534 694
534 2896
535 565
535 577
535 584
535 595
535 799
535 1503
535 1510
535 605
535 1544
535 2522
535 1563
535 966
535 2002
535 1573
535 2630
535 536
535 1579
535 2523
535 1580
535 977
535 542
535 2631
535 1243
535 2556
535 2836
535 2666
535 1601
535 673
535 2852
535 1617
535 2649
535 1621
535 1628
535 677
535 2505
535 2641
535 2853
535 1674
535 1072
535 1460
535 563
535 1708
535 2406
535 2230
535 2632
535 2038
535 2609
535 2855
535 2864
536 565
536 1503
536 1553
536 2499
536 2500
536 1574
536 2501
536 537
536 543
536 569
536 991
536 671
536 757
536 2505
536 2506
536 2507
536 562
536 693
536 695
536 2510
537 729
537 586
537 647
537 565
537 584
537 2628
537 589
537 590
537 608
537 622
537 623
537 2593
537 626
537 629
537 1555
537 630
537 631
537 973
537 2895
537 1577
537 643
537 2597
537 2633
537 1578
537 644
537 645
537 646
537 539
537 568
537 1580
537 650
537 977
537 652
537 653
537 752
537 654
537 2534
537 569
537 655
537 2897
537 656
537 657
537 2634
537 658
537 659
537 660
537 661
537 662
537 663
537 2832
537 664
537 666
537 753
537 667
537 2640
537 670
537 671
537 1599
537 2503
537 677
537 2641
537 553
537 1643
537 1867
537 679
537 555
537 1656
537 680
537 681
537 558
537 562
537 1078
537 693
537 2406
537 694
537 564
537 695
537 2609
537 2590
537 2510
537 2896
537 2859
537 2833
537 2834
537 2898
537 2613
537 2899
537 2863
537 2864
537 2433
538 806
538 883
538 729
538 996
538 778
538 577
538 584
538 1510
538 1519
538 605
538 617
538 895
538 2115
538 1566
538 2665
538 2407
538 2895
538 646
538 1579
538 976
538 984
538 1593
538 997
538 1600
538 1003
538 1603
538 1604
538 547
538 1615
538 1029
538 1632
538 1649
538 1674
539 2633
539 1578
539 644
539 2831
539 553
539 555
539 682
539 2510
540 701
540 810
540 1498
540 715
540 859
540 1506
540 1510
540 603
540 871
540 604
540 614
540 619
540 622
540 2592
540 1160
540 627
540 628
540 1553
540 634
540 2116
540 2596
540 953
540 1579
540 650
540 976
540 1583
540 1733
540 1901
540 1606
540 761
540 1036
540 1629
540 1867
540 1661
540 1796
540 1816
540 685
540 2180
540 2053
540 688
540 1913
540 1683
540 1687
540 1695
540 2415
540 2530
540 2617
540 2422
541 1077
541 781
541 701
541 592
541 595
541 847
541 855
541 718
541 871
541 605
541 875
541 725
541 891
541 1995
541 893
541 897
541 900
541 901
541 1557
541 911
541 912
541 1402
541 914
541 632
541 940
541 962
541 976
541 978
541 981
541 985
541 757
541 2175
541 760
541 1264
541 2560
541 1035
541 2871
541 1045
541 1064
541 1065
541 1066
541 1675
541 1707
2406 562
2406 572
2406 622
2406 731
2406 977
2406 1470
2406 1580
2406 1601
2406 1711
2406 2026
2406 2038
2406 2522
2406 2535
2406 2853
2406 2642
2406 2609
2406 2855
2406 2524
2406 2859
2406 2833
2406 2619
2406 2863
2406 2525
2406 2864
542 149
542 573
542 580
542 2598
542 1412
542 565
542 2628
542 1541
542 1113
542 595
542 1510
542 1515
542 618
542 620
542 895
542 622
542 623
542 1553
542 629
542 730
542 733
542 1562
542 2500
542 1454
542 642
542 1574
542 1576
542 1581
542 2639
542 1582
542 747
542 978
542 2027
542 982
542 543
542 2851
542 983
542 2620
542 1586
542 2502
542 984
542 2897
542 2634
542 661
542 544
542 985
542 1590
542 570
542 2836
542 2174
542 1606
542 1384
542 2503
542 674
542 2649
542 1621
542 1625
542 2504
542 2636
542 2029
542 2637
542 1629
542 1630
542 550
542 551
542 2060
542 2506
542 2641
542 1867
542 1905
542 1657
542 2508
542 2578
542 560
542 1684
542 1078
542 2642
542 2713
543 605
543 620
543 2104
543 1553
543 2501
543 569
543 2502
543 570
543 2174
543 1849
543 2504
543 2636
543 2505
543 2506
543 2641
543 2507
543 2508
543 560
543 2632
544 580
544 587
544 1898
544 758
544 849
544 611
544 614
544 890
544 730
544 556
893 575
893 584
893 591
893 596
893 607
893 614
893 624
893 625
893 632
893 635
893 683
893 684
893 700
893 709
893 710
893 718
893 725
893 727
893 733
893 757
893 760
893 776
893 781
893 785
893 790
893 791
893 792
893 797
893 809
893 827
893 840
893 841
893 849
893 850
893 855
893 858
893 865
893 878
893 890
893 891
893 1107
893 1143
893 1180
893 957
893 1501
893 1503
893 2097
893 1488
893 1993
893 1549
893 1995
893 895
893 897
893 898
893 1829
893 2108
893 908
893 912
893 1402
893 1559
893 975
893 1735
893 2555
893 1592
893 1264
893 1269
893 1329
893 1343
893 1025
893 2560
893 2128
893 2562
893 1063
893 2012
893 2153
893 2715
893 2716
893 2717
545 554
545 566
545 576
545 1606
546 611
546 741
546 1716
546 2018
546 2917
547 862
547 883
547 778
547 565
547 605
547 2665
547 1574
547 2407
547 984
547 991
547 1001
547 1414
547 1003
547 1603
547 2637
547 1461
2884 968
2884 1430
2884 1627
2884 1687
2884 2550
2884 2580
2884 2697
2884 2885
2884 2886
548 1183
548 1438
548 2121
548 1608
548 1443
548 2032
548 2185
549 1183
549 1276
549 1132
549 865
549 609
549 614
549 730
549 551
549 557
549 2207
550 565
550 629
550 631
550 2597
550 747
550 664
550 2637
550 677
550 551
550 555
550 556
550 561
551 858
551 1119
551 829
551 1509
551 1518
551 1520
551 747
551 2507
551 561
552 807
552 1499
552 1814
552 580
552 1466
552 1559
552 2049
552 1588
552 1000
552 2028
552 1030
552 2223
552 1656
552 2032
552 1073
552 1719
553 629
553 2633
553 645
553 747
553 652
553 556
553 682
553 564
553 2510
554 779
554 1105
554 793
554 794
554 806
554 835
554 854
554 1359
554 1364
554 2603
554 577
554 581
554 1466
554 1113
554 598
554 819
554 1489
554 1498
554 1515
554 1522
554 1524
554 1527
554 1545
554 1557
554 940
554 1191
554 1588
554 1409
554 1599
554 1606
554 1334
554 1615
554 765
554 771
554 1639
554 1658
554 1661
554 1709
555 729
555 902
555 631
555 733
555 634
555 2633
555 1578
555 644
555 569
555 2487
555 679
555 556
555 2854
555 562
555 564
555 2608
555 2510
555 1956
556 729
556 584
556 784
556 818
556 622
556 730
556 2633
556 568
556 977
556 1583
556 569
556 991
556 1046
556 685
556 1076
556 2202
556 1099
557 606
557 611
557 614
557 619
557 1994
557 1553
557 1817
557 733
557 634
557 1579
557 2830
557 650
557 558
557 1713
557 2608
557 2417
557 2861
557 2525
2885 761
2885 791
2885 957
2885 968
2885 972
2885 1075
2885 1430
2885 1627
2885 1687
2885 2204
2885 2580
2885 2697
2885 2860
2885 2886
2886 761
2886 791
2886 957
2886 968
2886 1075
2886 1430
2886 1627
2886 1687
2886 2204
2886 2550
2886 2580
2886 2697
2886 2814
2886 2860
558 709
558 729
558 576
558 647
558 590
558 609
558 723
558 612
558 634
558 665
558 759
558 772
558 775
559 1126
559 792
559 1547
559 908
559 1250
559 1295
559 2210
560 584
560 1113
560 1553
560 2115
560 2172
560 2500
560 2501
560 2639
560 982
560 991
560 757
560 1621
560 1456
560 562
560 693
560 2510
561 566
561 1898
561 603
561 747
562 622
562 568
562 652
562 2634
562 658
562 680
562 2507
562 693
562 564
562 2510
563 584
563 1503
563 1511
563 1527
563 1553
563 1568
563 940
563 1576
563 2666
563 1617
563 1631
563 1072
563 1460
564 589
564 623
564 630
564 631
564 644
564 645
564 646
564 652
564 653
564 654
564 655
564 657
564 2634
564 658
564 660
564 662
564 663
564 664
564 2589
564 679
564 680
564 681
564 2896
564 2834
150 572
2407 565
2407 605
2407 644
2407 649
2407 657
2407 671
2407 757
2407 784
2407 991
2407 997
2407 1001
2407 1052
2407 1413
2407 1426
2407 1549
2407 1595
2407 1603
2407 2038
2407 2078
2407 2130
2407 2895
2407 2665
2407 2545
2407 2505
565 580
565 584
565 605
565 623
565 2593
565 1553
565 629
565 631
565 2665
565 1574
565 646
565 1580
565 977
565 984
565 2634
565 658
565 663
565 2631
565 570
565 671
565 997
565 1007
565 1037
565 1625
565 2637
565 677
565 2505
565 1458
565 1712
565 693
565 2857
565 2861
565 2862
566 855
566 607
566 1827
566 908
566 638
566 1008
566 1854
566 2032
2408 577
2408 596
2408 783
2408 789
2408 806
2408 808
2408 849
2408 878
2408 951
2408 964
2408 988
2408 1087
2408 1473
2408 1474
2408 1489
2408 1511
2408 1512
2408 1527
2408 1588
2408 1636
2408 1732
2408 1865
2408 2167
2408 2193
2408 2354
2408 2612
567 937
567 2603
567 573
567 949
567 647
567 1412
567 799
567 706
567 1534
567 1466
567 1541
567 590
567 714
567 843
567 1509
567 1524
567 607
567 1545
567 618
567 622
567 1576
567 1585
567 1900
567 2835
567 2659
567 665
567 666
567 753
567 2473
567 1631
567 1041
567 1659
567 685
567 2185
567 2190
151 1686
2409 1015
2409 1226
2409 1363
2409 1367
2409 1729
2409 1736
2409 1766
2409 1767
2409 1768
2409 1787
2409 1798
2409 1802
2409 1815
2409 1923
2409 1959
2409 1979
2409 2073
2409 2084
2409 2090
2409 2094
2410 794
2410 1015
2410 1101
2410 1334
2410 1458
2410 1662
2410 1665
2410 1668
2410 1706
2410 1753
2410 1761
2410 1767
2410 1772
2410 1778
2410 1781
2410 1796
2410 1937
2410 1943
2410 1947
2410 1948
2410 1962
2410 1972
2410 1973
2410 1977
2410 2062
2410 2078
2410 2412
2410 2411
2410 2418
2410 2476
2410 2421
2410 2423
2410 2425
2410 2427
568 729
568 622
568 612
568 2499
568 2633
568 1578
568 644
568 977
568 2534
568 657
568 666
568 991
568 2503
568 679
568 680
568 681
568 775
568 2202
568 2896
2411 1015
2411 1051
2411 1309
2411 1458
2411 1662
2411 1668
2411 1683
2411 1706
2411 1745
2411 1780
2411 1796
2411 1800
2411 1804
2411 1929
2411 1937
2411 1943
2411 1947
2411 1948
2411 1951
2411 1956
2411 1957
2411 1961
2411 1962
2411 1963
2411 1972
2411 1977
2411 1978
2411 1991
2411 2064
2411 2079
2411 2083
2411 2088
2411 2098
2411 2896
2411 2633
2411 2427
2411 2425
569 784
569 733
569 620
569 611
569 902
569 631
569 916
569 644
569 658
569 991
569 693
569 695
2412 1015
2412 1309
2412 1458
2412 1665
2412 1667
2412 1668
2412 1683
2412 1691
2412 1703
2412 1706
2412 1750
2412 1761
2412 1778
2412 1779
2412 1795
2412 1910
2412 1941
2412 1972
2412 2062
2412 2070
2412 2421
2412 2425
2412 2426
570 1556
570 1544
570 1113
570 649
570 1549
570 2104
570 1553
570 1557
570 2112
570 632
570 916
570 2117
570 1573
570 975
570 1582
570 2851
570 667
570 2556
570 993
570 2602
570 757
570 1424
570 2578
570 1434
571 779
571 1049
571 1606
571 1661
2413 685
2413 1015
2413 1226
2413 1309
2413 1368
2413 1723
2413 1740
2413 1767
2413 1778
2413 1798
2413 1806
2413 1912
2413 2061
2413 2066
2413 2072
2413 2074
2413 2184
2413 2537
2413 2513
2414 587
2414 770
2414 790
2414 903
2414 932
2414 934
2414 1031
2414 1054
2414 1455
2414 1458
2414 1480
2414 1533
2414 1575
2414 1609
2414 1665
2414 1667
2414 1671
2414 1729
2414 1747
2414 1770
2414 1898
2414 1935
2414 2554
2414 2655
2414 2475
2414 2415
2415 683
2415 688
2415 715
2415 806
2415 954
2415 964
2415 1229
2415 1448
2415 1525
2415 1526
2415 1575
2415 1668
2415 1692
2415 1865
2415 1870
2415 1911
2415 1935
2415 2207
2415 2232
155 2542
155 1888
2955 1337
2955 2970
2955 2971
2416 611
2416 635
2416 727
2416 770
2416 792
2416 827
2416 849
2416 865
2416 878
2416 911
2416 1006
2416 1025
2416 1525
2416 1665
2416 1722
2416 1906
2416 1997
2416 2011
2416 2017
2416 2097
2416 2207
2416 2215
2416 2579
2416 2610
2416 2531
2417 628
2417 651
2417 705
2417 1092
2417 1162
2417 1526
2417 1583
2417 1820
2417 1999
2417 2596
2417 2618
2418 701
2418 740
2418 1075
2418 1244
2418 1458
2418 1668
2418 1687
2418 1691
2418 1703
2418 1706
2418 1762
2418 1767
2418 1774
2418 1912
2418 1932
2418 1937
2418 1940
2418 1973
2418 2053
2418 2078
2418 2592
2418 2605
2418 2476
2418 2528
572 2524
2419 769
2419 1003
2419 1226
2419 1244
2419 1318
2419 1458
2419 1665
2419 1668
2419 1689
2419 1739
2419 1743
2419 1779
2419 1796
2419 1926
2419 1937
2419 1947
2419 1965
2419 1971
2419 1972
2419 2048
2419 2084
2419 2607
2420 628
2420 1022
2420 1315
2420 1455
2420 1530
2420 1676
2420 1720
2420 2009
2420 2157
2420 2193
2420 2581
573 705
573 815
573 602
573 640
573 2028
573 1030
573 1038
573 2005
573 771
573 2915
573 2872
573 2178
574 742
574 781
574 847
574 891
574 621
574 1551
574 895
574 623
574 2593
574 899
574 1554
574 2499
574 1556
574 655
574 2555
574 2556
574 670
574 991
574 1593
574 2651
574 996
574 678
574 1641
574 1070
575 807
575 1481
575 580
575 585
575 786
575 591
575 1543
575 799
575 596
575 600
575 832
575 837
575 714
575 1133
575 608
575 1544
575 895
575 1829
575 730
575 914
575 639
575 640
575 1193
575 1232
575 1606
575 1607
575 2559
575 2121
575 1608
575 1008
575 1736
575 2175
576 590
576 608
576 631
576 647
576 654
576 656
576 660
576 2222
576 1412
576 681
2421 1015
2421 1286
2421 1367
2421 1458
2421 1665
2421 1667
2421 1668
2421 1703
2421 1740
2421 1743
2421 1773
2421 1779
2421 1795
2421 1796
2421 1947
2421 1972
2421 2062
2421 2476
577 793
577 794
577 806
577 1499
577 862
577 1728
577 1744
577 1554
577 1596
577 996
577 778
577 578
577 583
577 584
577 701
577 588
577 789
577 591
577 592
577 1470
577 595
577 799
577 596
577 598
577 1473
577 599
577 708
577 713
577 714
577 849
577 1503
577 863
577 1510
577 603
577 1511
577 1524
577 879
577 1535
577 611
577 618
577 1548
577 1552
577 1553
577 1555
577 630
577 1562
577 1565
577 936
577 940
577 1569
577 1571
577 1573
577 1576
577 1577
577 646
577 1579
577 1580
577 1581
577 976
577 1582
577 2897
577 660
577 662
577 663
577 1590
577 2557
577 1593
577 1598
577 1600
577 1601
577 1000
577 1002
577 1604
577 1605
577 1607
577 1334
577 1384
577 1614
577 1615
577 2051
577 1624
577 1627
577 1631
577 1633
577 1635
577 1637
577 1638
577 1640
577 2133
577 1641
577 1642
577 1643
577 1444
577 1644
577 1645
577 1646
577 1647
577 1648
577 1043
577 1867
577 1649
577 1650
578 793
578 583
578 584
578 701
578 590
578 591
578 704
578 799
578 1503
578 1510
578 603
578 608
578 1548
578 623
578 1553
578 1555
578 630
578 631
578 1562
578 1569
578 1580
578 1582
578 2502
578 1587
578 655
578 2897
578 656
578 661
578 662
578 2832
578 1590
578 2640
578 2059
578 1000
578 2636
578 1646
578 1647
578 1651
578 1044
579 1105
579 1106
579 785
579 1107
579 700
579 793
579 806
579 823
579 710
579 1122
579 1499
579 854
579 624
579 1180
579 957
579 1255
579 587
579 1898
579 1722
579 780
579 781
579 2097
579 581
579 1104
579 1465
579 1466
579 788
579 789
579 591
579 1112
579 592
579 790
579 792
579 1992
579 2629
579 1543
579 704
579 593
579 795
579 595
579 809
579 1477
579 819
579 822
579 1123
579 829
579 713
579 847
579 849
579 857
579 717
579 859
579 860
579 863
579 1507
579 1508
579 865
579 1511
579 718
579 722
579 607
579 1529
579 875
579 1531
579 879
579 1148
579 611
579 613
579 614
579 891
579 618
579 1993
579 726
579 620
579 1994
579 621
579 1827
579 894
579 727
579 2101
579 897
579 898
579 728
579 901
579 625
579 904
579 1552
579 2540
579 907
579 2108
579 1164
579 2111
579 1832
579 912
579 2112
579 732
579 1402
579 1559
579 2114
579 2115
579 632
579 633
579 915
579 635
579 734
579 2118
579 1168
579 929
579 1570
579 956
579 2003
579 1573
579 983
579 1588
579 1213
579 1236
579 1243
579 2555
579 1002
579 2559
579 1610
579 1275
579 1287
579 764
579 1017
579 1336
579 1384
579 1025
579 2060
579 2563
579 2005
579 770
579 678
579 1432
579 1041
579 2662
579 1637
579 1640
579 1043
579 1649
579 1781
579 1058
579 1882
579 2567
579 2147
579 2150
579 1681
579 1685
579 1700
579 1716
579 1462
579 2583
579 696
579 2584
579 2585
579 2695
579 2586
580 820
580 2013
580 587
580 1541
580 1543
580 713
580 730
580 1898
580 1037
580 2062
581 779
581 698
581 1723
581 783
581 1103
581 1105
581 699
581 1106
581 785
581 1107
581 700
581 787
581 1824
581 703
581 793
581 794
581 1116
581 806
581 807
581 1474
581 814
581 820
581 823
581 1120
581 1121
581 710
581 1122
581 1481
581 831
581 711
581 712
581 1126
581 835
581 1127
581 854
581 1135
581 866
581 1142
581 1143
581 1144
581 888
581 624
581 1163
581 1166
581 1170
581 1179
581 1836
581 934
581 937
581 938
581 947
581 1726
581 951
581 954
581 957
581 960
581 1183
581 1728
581 751
581 1195
581 1196
581 1197
581 1731
581 987
581 1203
581 1591
581 1844
581 1219
581 1223
581 668
581 1228
581 669
581 1237
581 1254
581 2558
581 1255
581 1261
581 1014
581 1271
581 1858
581 1276
581 1860
581 1281
581 762
581 1333
581 1019
581 1338
581 1021
581 1354
581 1364
581 1376
581 1392
581 1398
581 1024
581 2603
581 1865
581 1744
581 1748
581 1660
581 1767
581 1770
581 1809
581 1814
581 1870
581 1060
581 1872
581 1885
581 1896
581 2031
581 1077
581 1703
581 2013
581 2034
581 2054
581 995
581 1850
581 778
581 1102
581 697
581 1101
581 1104
581 585
581 788
581 1467
581 2626
581 1108
581 1109
581 701
581 588
581 789
581 1110
581 1112
581 592
581 790
581 791
581 1825
581 1114
581 795
581 594
581 595
581 596
581 706
581 1117
581 598
581 707
581 1475
581 809
581 810
581 1476
581 811
581 1478
581 812
581 821
581 822
581 1123
581 600
581 827
581 1483
581 832
581 839
581 713
581 1486
581 840
581 841
581 1489
581 1128
581 1490
581 847
581 1494
581 1129
581 1130
581 856
581 1501
581 859
581 1502
581 1132
581 863
581 864
581 1512
581 718
581 1514
581 1133
581 1515
581 1519
581 867
581 1521
581 1522
581 1524
581 1138
581 1139
581 871
581 604
581 1529
581 876
581 882
581 1148
581 1545
581 726
581 1159
581 1829
581 1164
581 1831
581 1832
581 913
581 2220
581 2025
581 1167
581 1168
581 1171
581 1173
581 1174
581 1175
581 922
581 1176
581 2000
581 932
581 1838
581 945
581 2048
581 950
581 1727
581 1182
581 963
581 965
581 2656
581 1185
581 1729
581 1188
581 752
581 1191
581 1192
581 1589
581 1194
581 1198
581 1199
581 1200
581 754
581 2843
581 1202
581 1843
581 1211
581 1214
581 1215
581 1218
581 1733
581 1225
581 1226
581 1846
581 990
581 1231
581 1232
581 1847
581 1239
581 1240
581 1242
581 1243
581 1247
581 1248
581 1250
581 1251
581 1735
581 2222
581 998
581 1597
581 1002
581 1606
581 1256
581 1852
581 1853
581 1009
581 1609
581 1010
581 1258
581 1260
581 1262
581 1263
581 1855
581 1268
581 1611
581 1272
581 1857
581 1612
581 2925
581 1015
581 1859
581 1278
581 1282
581 1284
581 1861
581 1862
581 1286
581 1287
581 1288
581 1290
581 1291
581 764
581 1311
581 1313
581 1323
581 1328
581 1334
581 1018
581 1337
581 1370
581 1022
581 1375
581 1382
581 1385
581 1390
581 1394
581 2028
581 1030
581 2537
581 1639
581 1741
581 1742
581 1743
581 1645
581 1868
581 1747
581 1751
581 1869
581 1658
581 1659
581 2519
581 1762
581 1763
581 1664
581 1782
581 1785
581 1669
581 1055
581 1670
581 1812
581 1911
581 1059
581 1873
581 1874
581 1875
581 1881
581 1882
581 1061
581 1886
581 1888
581 1891
581 1893
581 1064
581 1067
581 1068
581 2571
581 1688
581 1694
581 1699
581 1702
581 2033
581 2014
581 2250
581 2940
581 2035
581 2015
581 2253
581 2016
581 2055
581 2255
581 2257
581 2258
581 2916
581 2036
581 2266
581 2267
582 608
582 589
582 611
582 629
582 1558
582 666
582 667
582 1226
582 1901
582 1736
582 1299
582 1363
582 1369
582 1396
582 1739
582 1662
582 1766
582 1682
582 1706
582 1933
582 1942
582 2079
582 2080
582 1955
582 1956
582 1961
582 2083
582 2432
582 2088
582 2090
582 2433
583 584
583 595
583 799
583 1511
583 1534
583 1838
583 1724
583 956
583 1436
583 966
583 781
583 884
583 1576
583 1586
583 2128
583 1628
583 1649
583 1655
583 1667
584 710
584 1499
584 729
584 1180
584 1660
584 949
584 778
584 2628
584 701
584 589
584 591
584 594
584 595
584 847
584 1503
584 1510
584 875
584 1145
584 1550
584 622
584 623
584 625
584 1553
584 629
584 2499
584 1557
584 631
584 632
584 916
584 1562
584 940
584 1435
584 963
584 1436
584 2172
584 2500
584 973
584 1573
584 646
584 2639
584 976
584 977
584 655
584 2634
584 658
584 661
584 662
584 663
584 666
584 1594
584 993
584 997
584 1604
584 1285
584 1326
584 1399
584 1614
584 1037
584 2649
584 770
584 1456
584 2565
584 1646
584 1044
584 1657
584 1672
584 1072
584 1677
584 775
584 1681
584 1685
584 1460
584 1712
584 1099
584 2667
2422 627
2422 688
2422 977
2422 1468
2422 1470
2422 1733
2422 1823
2422 2053
2422 2596
2422 2600
2422 2609
2422 2858
2422 2864
2422 2859
585 698
585 703
585 806
585 711
585 949
585 697
585 1108
585 701
585 702
585 1468
585 1113
585 704
585 705
585 832
585 714
585 717
585 607
585 876
585 622
585 2596
585 736
585 922
585 971
585 642
585 745
585 1232
585 1260
585 1342
585 1902
585 2683
585 1046
585 2911
586 2591
586 1541
586 1510
586 610
586 611
586 2522
586 2162
586 900
586 1553
586 1579
586 2523
586 1580
586 2598
586 2026
586 993
586 2602
586 2543
586 677
586 2853
586 1711
586 2038
586 2855
586 2857
586 2524
586 2863
586 2864
586 2526
586 2527
587 779
587 778
587 2625
587 1466
587 1108
587 590
587 1992
587 1492
587 1534
587 1548
587 1559
587 2221
587 922
587 1567
587 1898
587 640
587 969
587 971
587 2655
587 2500
587 2049
587 1573
587 984
587 1588
587 2658
587 2659
587 2541
587 1608
587 1368
587 1030
587 2223
587 2661
587 2473
587 1456
587 1432
587 2662
587 1433
587 1443
587 1746
587 1654
587 2135
587 2519
587 1458
587 772
587 2228
587 1700
587 1719
587 1461
587 2663
587 695
587 2549
587 2020
587 2021
588 793
588 806
588 2603
588 1031
588 602
588 1898
588 697
588 1466
588 1540
588 2626
588 789
588 598
588 810
588 1515
588 1522
588 1524
588 1545
588 1561
588 1567
588 2656
588 1334
588 2028
588 1030
588 2223
588 765
588 2837
588 2537
588 675
589 729
589 647
589 608
589 590
589 2098
589 611
589 623
589 2593
589 630
589 631
589 644
589 652
589 653
589 654
589 655
589 2634
589 658
589 660
589 661
589 662
589 663
589 2832
589 666
589 667
589 670
589 997
589 681
589 2590
589 2833
589 2834
589 2613
590 1143
590 2603
590 1554
590 1898
590 949
590 1412
590 608
590 1466
590 792
590 714
590 843
590 1509
590 607
590 609
590 611
590 614
590 890
590 891
590 618
590 622
590 2533
590 2499
590 730
590 630
590 631
590 2114
590 632
590 633
590 2655
590 2500
590 652
590 655
590 2897
590 656
590 661
590 2832
590 665
590 666
590 670
590 1393
590 1443
590 681
590 685
590 2181
590 2185
590 1082
590 1091
591 806
591 1554
591 1556
591 995
591 1596
591 996
591 781
591 592
591 792
591 595
591 707
591 1490
591 1503
591 1510
591 875
591 608
591 614
591 725
591 890
591 891
591 618
591 1993
591 1548
591 1549
591 1995
591 621
591 895
591 2101
591 897
591 899
591 901
591 625
591 629
591 1557
591 632
591 633
591 916
591 635
591 1562
591 2117
591 1835
591 1565
591 940
591 1571
591 973
591 1573
591 975
591 1579
591 1580
591 2639
591 977
591 1582
591 2027
591 1589
591 985
591 2556
591 759
591 1000
591 1604
591 1610
591 1326
591 1613
591 1025
591 1614
591 1027
591 1035
591 1037
591 766
591 1619
591 767
591 1622
591 1625
591 1044
591 1657
591 1672
591 2146
591 1721
2424 971
2424 1054
2424 1350
2424 1458
2424 1575
2424 1682
2424 1683
2424 1690
2424 1774
2424 1788
2424 1796
2424 1901
2424 1913
2424 1937
2424 1941
2424 1943
2424 1973
2424 2062
2424 2088
592 807
592 729
592 958
592 1731
592 1842
592 1554
592 995
592 996
592 781
592 791
592 792
592 796
592 595
592 810
592 847
592 849
592 863
592 603
592 718
592 720
592 605
592 875
592 887
592 614
592 725
592 891
592 1993
592 1548
592 1995
592 727
592 895
592 897
592 898
592 900
592 901
592 625
592 628
592 907
592 914
592 632
592 633
592 1562
592 1569
592 950
592 962
592 2049
592 981
592 2027
592 982
592 983
592 1589
592 1207
592 2556
592 1593
592 992
592 993
592 673
592 1613
592 1025
592 1614
592 1027
592 1035
592 1036
592 1618
592 1652
592 1045
592 2135
592 2519
592 1065
592 1673
592 2577
592 690
593 807
593 1144
593 995
593 790
593 1469
593 704
593 706
593 1475
593 810
593 599
593 817
593 832
593 1484
593 601
593 843
593 1494
593 1495
593 715
593 720
593 721
593 869
593 722
593 891
593 618
593 625
593 1402
593 930
593 932
593 933
593 940
593 1234
593 1011
593 1016
593 1084
593 2616
593 2279
593 2280
594 806
594 1166
594 668
594 790
594 704
594 1466
594 798
594 805
594 707
594 811
594 813
594 1483
594 1489
594 863
594 1534
594 618
594 1550
594 625
594 1833
594 1402
594 635
594 922
594 1838
594 1725
594 672
594 1259
594 1390
594 678
594 2565
594 1664
594 2571
594 1075
594 1694
595 793
595 624
595 1554
595 1556
595 996
595 791
595 1992
595 2629
595 780
595 781
595 2097
595 1470
595 799
595 847
595 857
595 863
595 875
595 1532
595 879
595 885
595 614
595 890
595 891
595 1993
595 620
595 621
595 1550
595 1551
595 727
595 895
595 897
595 898
595 901
595 904
595 905
595 1553
595 2499
595 1557
595 732
595 1402
595 1559
595 2114
595 632
595 633
595 2118
595 1567
595 936
595 1570
595 974
595 2002
595 2003
595 2630
595 2523
595 2027
595 991
595 1593
595 993
595 2602
595 1598
595 2559
595 1610
595 1023
595 1025
595 1614
595 2871
595 1628
595 2060
595 678
595 1041
595 1647
595 1648
595 1043
595 1673
595 1674
595 1677
595 1721
595 2583
595 2842
595 2859
596 1824
596 806
596 831
596 711
596 1144
596 1170
596 1228
596 1237
596 697
596 789
596 790
596 704
596 1473
596 810
596 601
596 1488
596 1489
596 1128
596 849
596 860
596 1132
596 868
596 1527
596 1561
596 1167
596 964
596 986
596 754
596 988
596 1224
596 1611
596 2532
596 1624
596 1040
596 2475
2425 1096
2425 1309
2425 1458
2425 1662
2425 1743
2425 1745
2425 1779
2425 1901
2425 1905
2425 1937
2425 1943
2425 1963
2425 1972
2425 1973
2425 2062
2425 2077
2425 2085
2425 2476
2425 2427
597 703
597 797
597 1142
597 751
597 697
597 788
597 790
597 704
597 796
597 1471
597 1465
597 706
597 805
597 1475
597 816
597 817
597 1119
597 818
597 1123
597 832
597 601
597 1125
597 837
597 1491
597 855
597 1518
597 1520
597 1526
597 873
597 1531
597 609
597 881
597 882
597 894
597 2165
597 2116
597 735
597 921
597 1567
597 1269
597 2182
597 2187
597 2194
597 2154
597 696
597 2212
597 1451
597 2588
598 779
598 793
598 806
598 820
598 1481
598 669
598 1660
598 602
598 1898
598 788
598 701
598 704
598 1466
598 1540
598 2626
598 707
598 821
598 600
598 1483
598 1489
598 1490
598 1515
598 1522
598 1545
598 2108
598 1561
598 636
598 963
598 964
598 1585
598 1199
598 2651
598 1599
598 1004
598 1609
598 1282
598 1334
598 765
598 2537
598 769
598 2007
598 1659
598 1875
598 1675
599 1122
599 778
599 788
599 701
599 791
599 704
599 796
599 832
599 715
599 860
599 1520
599 614
599 1829
599 1650
599 2182
600 779
600 797
600 806
600 820
600 712
600 1591
600 1844
600 1660
600 1814
600 2013
600 602
600 1438
600 701
600 790
600 1469
600 704
600 799
600 1473
600 1466
600 601
600 852
600 1510
600 1515
600 604
600 636
600 964
600 1580
600 2599
600 1586
600 1589
600 1008
600 771
600 1747
600 2010
600 1448
600 2538
601 797
601 701
601 791
601 1469
601 1543
601 704
601 796
601 705
601 1471
601 706
601 832
601 1487
601 1488
601 1489
601 852
601 1505
601 1513
601 720
601 721
601 1564
601 638
601 1415
601 1040
601 696
602 806
602 1660
602 2626
602 796
602 1504
602 636
602 640
602 2049
602 2837
602 1038
602 2005
602 2915
602 2872
602 2178
603 1122
603 624
603 739
603 701
603 799
603 845
603 1500
603 1503
603 863
603 1505
603 1479
603 818
603 715
603 1510
603 1511
603 605
603 609
603 884
603 622
603 1562
603 1569
603 968
603 970
603 998
603 1005
603 1384
603 2364
603 676
603 1633
603 1652
603 1052
603 1058
603 1072
603 1678
603 2053
603 690
603 1687
603 1688
603 1075
603 1697
603 1096
603 2584
2426 1015
2426 1244
2426 1286
2426 1309
2426 1318
2426 1458
2426 1535
2426 1578
2426 1668
2426 1683
2426 1706
2426 1740
2426 1746
2426 1766
2426 1773
2426 1778
2426 1779
2426 1810
2426 1815
2426 1903
2426 1908
2426 1922
2426 1972
2426 2062
604 820
604 831
604 1499
604 701
604 1468
604 790
604 705
604 847
604 855
604 717
604 860
604 719
604 792
604 1478
604 827
604 1487
604 849
604 1495
604 1496
604 1498
604 1510
604 1517
604 871
604 1536
604 611
604 614
604 1547
604 617
604 619
604 1993
604 1548
604 1994
604 1995
604 621
604 2100
604 727
604 1996
604 2592
604 2162
604 2102
604 2163
604 1997
604 1452
604 2103
604 2164
604 2165
604 1453
604 2104
604 1160
604 1828
604 2594
604 903
604 2105
604 627
604 628
604 1553
604 1557
604 2107
604 906
604 2550
604 2108
604 731
604 909
604 2110
604 1817
604 2111
604 2167
604 911
604 1558
604 2220
604 2168
604 2025
604 1559
604 2114
604 633
604 634
604 2596
604 1560
604 2552
604 1562
604 2169
604 921
604 953
604 745
604 1579
604 2830
604 2902
604 2599
604 650
604 651
604 1733
604 1004
604 1737
604 1015
604 1285
604 1025
604 1614
604 2537
604 1619
604 768
604 1867
604 1046
604 1765
604 1778
604 1784
604 685
604 2177
604 2605
604 1911
604 2140
604 2179
604 2144
604 2010
604 2579
604 2147
604 2053
604 1820
604 1822
604 1823
604 1688
604 1695
604 1935
604 2208
604 2485
604 2611
604 2617
604 2618
604 2157
604 2158
604 2619
605 709
605 1122
605 883
605 624
605 1042
605 778
605 1503
605 863
605 908
605 1565
605 931
605 940
605 952
605 2001
605 966
605 780
605 2097
605 1466
605 2060
605 620
605 849
605 2114
605 632
605 635
605 757
605 1036
605 1576
605 760
605 1470
605 1527
605 875
605 1995
605 727
605 1997
605 625
605 1552
605 907
605 732
605 2002
605 2665
605 2003
605 1573
605 1574
605 991
605 2836
605 671
605 1598
605 1603
605 1025
605 2130
605 1628
605 2505
605 1632
605 1058
605 1673
605 1072
605 1693
605 1719
605 1721
605 2230
605 1462
605 2632
606 758
606 634
606 619
606 2893
606 2854
606 1708
606 2038
606 2861
606 2713
607 700
607 709
607 1122
607 831
607 1143
607 858
607 949
607 647
607 788
607 790
607 706
607 855
607 908
607 955
607 965
607 622
607 2099
607 1437
607 611
607 614
607 894
607 2190
607 714
607 1509
607 1826
607 890
607 2164
607 1829
607 2108
607 911
607 632
607 2596
607 1008
607 2175
607 1737
607 1853
607 760
607 1400
607 2181
607 2032
607 2012
607 1449
608 647
608 609
608 614
608 626
608 628
608 630
608 631
608 975
608 646
608 981
608 652
608 653
608 654
608 655
608 2897
608 656
608 657
608 2634
608 658
608 659
608 660
608 661
608 662
608 663
608 2832
608 1191
608 664
608 2589
608 665
608 666
608 2640
608 670
608 681
608 2667
608 2896
608 2834
608 2898
608 2613
608 2899
609 1127
609 1143
609 1183
609 1276
609 704
609 622
609 612
609 614
609 657
609 665
609 1260
609 1393
609 1886
610 2598
610 702
610 1468
610 1471
610 720
610 613
610 1564
610 731
610 2059
610 724
610 1510
610 1160
610 2594
610 1579
610 2523
610 1580
610 2830
610 1581
610 2026
610 1711
610 2609
610 2856
611 1106
611 624
611 729
611 858
611 1554
611 647
611 1722
611 1468
611 809
611 855
611 717
611 718
611 726
611 908
611 1559
611 956
611 2001
611 640
611 641
611 1101
611 2097
611 1104
611 784
611 1541
611 792
611 731
611 733
611 649
611 674
611 2060
611 620
611 777
611 2099
611 827
611 1495
611 865
611 875
611 1536
611 614
611 889
611 725
611 1547
611 890
611 617
611 891
611 618
611 619
611 1993
611 1994
611 621
611 2100
611 727
611 2592
611 2162
611 2102
611 1997
611 1452
611 728
611 1453
611 2104
611 1160
611 902
611 2594
611 2533
611 2105
611 627
611 2499
611 2107
611 906
611 2550
611 730
611 2109
611 631
611 1817
611 2595
611 911
611 912
611 732
611 633
611 916
611 634
611 635
611 734
611 2116
611 2655
611 642
611 745
611 746
611 2597
611 2026
611 651
611 2601
611 2897
611 656
611 659
611 665
611 666
611 2556
611 991
611 993
611 2666
611 757
611 2559
611 1315
611 1025
611 768
611 2132
611 1867
611 681
611 2605
611 2225
611 2179
611 2180
611 2579
611 775
611 776
611 2228
611 2229
611 1713
611 1085
611 2608
611 2208
611 2611
611 2157
612 647
612 622
612 715
612 654
612 666
612 686
612 694
613 806
613 807
613 669
613 1489
613 1466
613 849
613 724
613 1242
613 2909
613 2663
614 1106
614 1122
614 831
614 1143
614 624
614 858
614 1554
614 647
614 2598
614 1722
614 701
614 702
614 1468
614 790
614 796
614 706
614 809
614 1476
614 815
614 839
614 713
614 847
614 855
614 856
614 716
614 717
614 860
614 718
614 2101
614 896
614 1402
614 1559
614 1999
614 952
614 953
614 1104
614 784
614 792
614 622
614 731
614 733
614 649
614 674
614 2060
614 620
614 714
614 849
614 1496
614 1498
614 1510
614 871
614 875
614 725
614 890
614 617
614 891
614 619
614 1993
614 1994
614 1995
614 621
614 2100
614 727
614 2592
614 2593
614 2162
614 2102
614 1997
614 1452
614 2103
614 728
614 625
614 626
614 1453
614 2104
614 1160
614 2594
614 2533
614 1161
614 1829
614 2105
614 627
614 628
614 1553
614 1555
614 2499
614 730
614 910
614 1817
614 2111
614 2167
614 1833
614 2551
614 632
614 633
614 916
614 2596
614 2117
614 1178
614 642
614 745
614 973
614 974
614 746
614 1579
614 2523
614 2830
614 1581
614 648
614 2902
614 2026
614 2599
614 650
614 2600
614 1583
614 747
614 748
614 651
614 2601
614 2897
614 656
614 2831
614 659
614 665
614 2555
614 1592
614 991
614 993
614 2602
614 1601
614 2559
614 2122
614 1393
614 1615
614 768
614 2029
614 678
614 2133
614 1867
614 2605
614 2179
614 773
614 2579
614 774
614 688
614 2606
614 2229
614 1688
614 692
614 1708
614 1711
614 1712
614 1713
614 1081
614 2642
614 2155
614 2690
614 2485
614 2611
614 2615
614 2617
614 2619
614 2215
614 2159
614 2708
614 2861
615 1543
615 1466
615 1456
615 621
615 906
615 2111
615 2114
615 635
615 2657
615 2835
615 2659
615 2473
615 1646
615 1449
615 2549
615 1991
616 858
616 701
616 1543
616 704
616 705
616 832
616 1505
616 1513
616 876
616 638
616 1040
616 1444
616 1046
616 2860
617 831
617 2554
617 1842
617 1691
617 702
617 790
617 809
617 842
617 717
617 860
617 1511
617 726
617 2101
617 908
617 1402
617 929
617 952
617 2001
617 640
617 967
617 780
617 2097
617 1104
617 792
617 1114
617 620
617 889
617 849
617 890
617 2114
617 635
617 2592
617 1160
617 2508
617 1477
617 1495
617 1496
617 1506
617 875
617 1146
617 1547
617 891
617 1993
617 621
617 727
617 2162
617 2102
617 1452
617 2103
617 625
617 1453
617 2104
617 1552
617 2105
617 627
617 905
617 2107
617 906
617 2550
617 2111
617 912
617 2551
617 915
617 2221
617 734
617 2552
617 2118
617 1178
617 1592
617 1593
617 1025
617 678
617 2546
617 2009
617 1071
617 1676
617 2180
617 2581
617 2584
617 2586
618 702
618 790
618 717
618 860
618 1511
618 718
618 722
618 2101
618 1402
618 1999
618 952
618 956
618 640
618 2097
618 2626
618 733
618 2060
618 1827
618 890
618 2114
618 635
618 1576
618 768
618 2636
618 829
618 865
618 1146
618 891
618 1993
618 1549
618 727
618 895
618 625
618 1552
618 1553
618 1555
618 1557
618 2108
618 1817
618 2112
618 633
618 734
618 1562
618 974
618 1573
618 2601
618 1592
618 1593
618 2559
618 672
618 1417
618 1025
618 2504
618 2029
618 678
618 1041
618 1644
618 2508
618 2547
618 1674
618 2578
618 1083
618 693
618 2910
619 634
619 2592
619 2102
619 902
619 1579
619 2830
619 2599
619 650
619 2559
619 1867
619 1711
619 1713
619 2611
619 2861
620 624
620 1554
620 717
620 718
620 722
620 2101
620 1402
620 952
620 956
620 781
620 2097
620 784
620 733
620 674
620 875
620 725
620 890
620 891
620 1993
620 895
620 2592
620 728
620 625
620 902
620 2533
620 2499
620 730
620 732
620 2114
620 632
620 633
620 635
620 734
620 746
620 2026
620 656
620 991
620 2559
620 1025
620 2504
620 768
620 2029
620 2508
620 775
620 1090
620 2608
620 2583
621 995
621 790
621 717
621 721
621 2101
621 2163
621 1402
621 955
621 640
621 2097
621 1104
621 792
621 885
621 1546
621 889
621 849
621 2114
621 632
621 635
621 2592
621 1160
621 2508
621 827
621 1495
621 1496
621 871
621 877
621 1146
621 1547
621 891
621 1993
621 1995
621 1551
621 727
621 2102
621 897
621 898
621 2103
621 625
621 1453
621 2104
621 903
621 1552
621 2105
621 627
621 905
621 2219
621 628
621 2107
621 906
621 2550
621 2109
621 2111
621 911
621 1833
621 2113
621 2025
621 2551
621 633
621 734
621 2116
621 2118
621 1592
621 1593
621 1594
621 1006
621 2559
621 1269
621 1025
621 1067
621 1673
621 2579
621 2147
621 2208
621 2158
622 785
622 831
622 1143
622 729
622 647
622 796
622 815
622 859
622 722
622 873
622 1159
622 2163
622 955
622 2172
622 843
622 1509
622 2594
622 631
622 2500
622 642
622 977
622 752
622 654
622 2534
622 658
622 666
622 753
622 761
622 2537
622 1036
622 1456
622 685
622 686
622 775
622 776
622 1434
622 1076
622 2190
622 694
622 2202
623 658
623 631
623 642
623 657
623 680
623 2896
623 654
623 660
623 2593
623 630
623 643
623 2597
623 646
623 652
623 653
623 655
623 2897
623 2634
623 661
623 662
623 663
623 2832
623 1590
623 667
623 2640
623 670
623 1643
623 681
623 2590
623 2833
623 2834
623 2898
624 698
624 785
624 787
624 709
624 823
624 710
624 1122
624 831
624 1126
624 878
624 1104
624 701
624 1112
624 790
624 792
624 1478
624 816
624 827
624 832
624 839
624 713
624 841
624 847
624 1492
624 849
624 1495
624 850
624 855
624 857
624 717
624 1501
624 859
624 1505
624 865
624 1522
624 1525
624 1140
624 873
624 875
624 1148
624 884
624 1547
624 890
624 891
624 2099
624 727
624 1996
624 896
624 898
624 625
624 2164
624 1160
624 1828
624 2106
624 628
624 908
624 1164
624 909
624 2595
624 2111
624 732
624 1559
624 632
624 633
624 915
624 2169
624 1998
624 940
624 958
624 967
624 968
624 1186
624 651
624 1208
624 1209
624 1210
624 1229
624 1230
624 1243
624 1735
624 1006
624 2122
624 760
624 1011
624 1264
624 1269
624 1273
624 1285
624 1293
624 1315
624 2127
624 678
624 1744
624 1747
624 1751
624 1653
624 2136
624 1770
624 1670
624 683
624 1058
624 1059
624 1870
624 1881
624 2179
624 2547
624 2144
624 1071
624 1072
624 2147
624 2580
624 2581
624 1079
624 1081
624 2012
624 1089
624 2446
624 2456
624 2024
624 2614
624 2158
624 2588
624 2218
624 2711
624 2712
624 2714
624 2788
625 878
625 1691
625 1554
625 1722
625 789
625 702
625 790
625 809
625 811
625 813
625 713
625 847
625 717
625 859
625 860
625 718
625 722
625 1534
625 726
625 2101
625 1402
625 2119
625 945
625 1725
625 948
625 2553
625 2048
625 952
625 956
625 2001
625 967
625 781
625 2097
625 792
625 1114
625 2060
625 1827
625 777
625 889
625 725
625 849
625 2114
625 632
625 635
625 757
625 1036
625 775
625 1714
625 1160
625 2508
625 1495
625 871
625 1536
625 1146
625 1148
625 891
625 1993
625 1549
625 1995
625 727
625 895
625 1452
625 897
625 899
625 728
625 1453
625 904
625 1161
625 1552
625 2105
625 905
625 2219
625 1830
625 907
625 2550
625 2111
625 1558
625 1833
625 912
625 2112
625 732
625 2113
625 2551
625 633
625 2116
625 2117
625 928
625 975
625 746
625 981
625 2555
625 1592
625 1593
625 1594
625 1006
625 672
625 1259
625 1287
625 1294
625 1343
625 1025
625 1614
625 1027
625 2224
625 2561
625 2051
625 767
625 1431
625 2504
625 2029
625 1039
625 678
625 2565
625 1664
625 1066
625 2570
625 2140
625 2571
625 2009
625 2573
625 773
625 2010
625 2577
625 1090
626 731
626 630
626 2633
626 646
626 652
626 655
626 663
626 1593
626 681
626 2853
627 831
627 1468
627 953
627 849
627 890
627 2106
627 2500
627 651
627 1994
627 2592
627 1160
627 1553
627 2611
627 1495
627 1496
627 1510
627 1517
627 1526
627 1146
627 891
627 727
627 2102
627 1452
627 2103
627 2104
627 2594
627 2105
627 2550
627 2109
627 2111
627 2551
627 2596
627 1560
627 745
627 1575
627 2599
627 976
627 750
627 1733
627 993
627 2602
627 1746
627 1786
627 2568
627 1071
627 2579
627 2147
627 2053
627 1823
627 1913
627 1695
627 2610
627 2210
627 2618
627 2214
628 831
628 878
628 954
628 958
628 1584
628 1842
628 1229
628 1024
628 1744
628 1870
628 1722
628 788
628 790
628 791
628 705
628 809
628 832
628 839
628 873
628 896
628 2163
628 908
628 1837
628 743
628 961
628 792
628 889
628 849
628 890
628 632
628 651
628 1036
628 1046
628 685
628 1003
628 1714
628 1478
628 1522
628 2592
628 1160
628 1899
628 1821
628 2611
628 827
628 838
628 865
628 1530
628 1146
628 1148
628 1826
628 2100
628 727
628 1996
628 2102
628 1997
628 1162
628 2107
628 910
628 2167
628 2025
628 1735
628 1006
628 1737
628 2122
628 1269
628 1015
628 1315
628 2127
628 2029
628 1636
628 2133
628 1784
628 1786
628 683
628 684
628 1911
628 1897
628 2572
628 2144
628 2149
628 1820
628 2183
628 1086
628 2151
628 2154
628 2231
628 2232
628 2208
628 2447
628 2450
628 2451
628 2458
628 2466
628 2694
628 2157
628 2619
628 2941
628 2713
628 2781
628 2828
629 729
629 1554
629 631
629 642
629 666
629 997
629 2649
629 973
629 1551
629 2593
629 2104
629 1555
629 1572
629 643
629 2633
629 645
629 646
629 1580
629 1581
629 976
629 652
629 2831
629 661
629 662
629 663
629 664
629 1600
629 2852
629 1029
630 1481
630 1490
630 631
630 657
630 654
630 1510
630 1562
630 652
630 655
630 2897
630 2634
630 661
630 662
630 2832
630 664
630 2589
630 2640
630 670
630 1641
630 681
630 2834
630 2899
2244 1112
2244 1134
2244 1135
2244 1198
2244 1204
2244 1217
2244 1235
2244 1307
631 729
631 647
631 658
631 2593
631 643
631 2597
631 644
631 646
631 652
631 653
631 654
631 655
631 2897
631 656
631 657
631 2831
631 2634
631 659
631 660
631 661
631 662
631 2832
631 664
631 2589
631 2640
631 670
631 997
631 1444
631 679
631 680
631 681
631 693
631 694
631 2590
631 2667
631 2833
631 2834
631 2898
631 2613
631 2899
632 1554
632 995
632 1722
632 1543
632 847
632 859
632 1511
632 718
632 720
632 2101
632 1402
632 940
632 1570
632 2553
632 956
632 640
632 1571
632 781
632 2097
632 784
632 649
632 901
632 725
632 714
632 849
632 890
632 2114
632 1527
632 875
632 891
632 1993
632 1549
632 1995
632 727
632 895
632 2593
632 898
632 904
632 1552
632 905
632 907
632 910
632 2112
632 732
632 633
632 916
632 635
632 734
632 2117
632 1835
632 928
632 974
632 1573
632 975
632 1576
632 746
632 2027
632 2555
632 991
632 2836
632 1593
632 992
632 993
632 2651
632 1409
632 757
632 1008
632 761
632 1016
632 1025
632 2127
632 1036
632 1430
632 1624
632 1631
632 770
632 678
632 2132
632 1641
632 1644
632 1685
632 2475
632 1462
632 2583
632 2587
633 1722
633 847
633 718
633 952
633 956
633 781
633 2097
633 674
633 890
633 2533
633 730
633 2114
633 635
633 1384
633 2508
633 875
633 891
633 1993
633 727
633 2594
633 732
633 734
633 746
633 2027
633 2556
633 1594
633 2559
633 1025
633 2504
633 2029
633 678
633 682
633 1070
633 1446
633 2475
633 2583
633 1092
633 1464
634 858
634 715
634 1994
634 2592
634 2102
634 1553
634 1817
634 2523
634 2599
634 650
634 1583
634 653
634 1629
634 1867
634 2853
634 685
634 2053
634 1821
634 2896
635 878
635 858
635 1722
635 702
635 795
635 809
635 713
635 717
635 863
635 718
635 1544
635 2101
635 908
635 1402
635 929
635 1565
635 940
635 948
635 952
635 956
635 2001
635 641
635 961
635 780
635 781
635 2097
635 1104
635 784
635 1541
635 792
635 733
635 649
635 674
635 2060
635 1827
635 777
635 1437
635 889
635 849
635 890
635 2533
635 2114
635 1477
635 1495
635 865
635 1133
635 1525
635 875
635 1533
635 1536
635 1146
635 1547
635 891
635 1993
635 1994
635 1549
635 1995
635 727
635 895
635 2162
635 2102
635 1997
635 1452
635 897
635 898
635 2103
635 1453
635 903
635 904
635 1552
635 2105
635 905
635 907
635 2550
635 2108
635 2109
635 909
635 2110
635 2111
635 911
635 912
635 2112
635 732
635 2113
635 2168
635 916
635 734
635 2116
635 974
635 1573
635 746
635 748
635 651
635 666
635 1592
635 991
635 1593
635 1594
635 757
635 1006
635 2559
635 760
635 672
635 1264
635 1417
635 1287
635 1350
635 1902
635 1025
635 2560
635 2130
635 2562
635 1426
635 1036
635 1430
635 2504
635 2029
635 1631
635 678
635 1041
635 2546
635 2132
635 1641
635 1790
635 2225
635 2508
635 2570
635 1070
635 2011
635 2577
635 2180
635 2579
635 775
635 1913
635 1695
635 2186
635 1462
635 1090
635 2583
635 1092
635 2155
635 2207
635 2208
635 2584
635 2530
635 2209
635 2445
635 2210
635 2586
635 2587
635 2215
636 941
636 1660
636 1515
636 940
636 1595
636 1005
636 2915
636 2178
636 1681
637 858
637 1438
637 1856
637 1401
637 2518
637 2131
637 2549
638 700
638 709
638 1469
638 704
638 706
638 720
638 1479
638 1119
638 1547
638 1008
638 1400
638 1443
638 1444
639 823
639 1476
639 856
639 1503
639 879
639 931
639 936
639 940
639 1466
639 834
639 1512
639 950
639 967
639 2500
639 1258
639 1025
639 770
639 2565
639 1655
639 1656
639 2508
639 1677
639 1719
640 790
640 713
640 1511
640 718
640 1466
640 829
640 849
640 1146
640 725
640 890
640 891
640 727
640 909
640 734
640 1593
640 1605
640 1287
640 2562
640 2005
640 2872
640 2576
640 2578
640 2910
640 2918
641 1722
641 713
641 721
641 726
641 2101
641 744
641 734
641 753
641 1085
2956 1008
2956 2429
2956 2989
642 806
642 2603
642 788
642 701
642 837
642 859
642 725
642 894
642 2190
642 2533
642 1520
642 1523
642 881
642 882
642 1829
642 911
642 651
642 673
642 1036
642 685
642 2158
643 657
643 679
643 680
643 1572
643 2897
643 656
643 2832
643 664
643 2589
643 670
643 759
643 681
644 729
644 658
644 2534
644 694
644 1578
644 657
644 679
644 680
644 2896
644 973
644 654
644 2593
644 645
644 652
644 655
644 661
644 662
644 664
644 670
644 2130
644 1656
644 681
644 1076
644 2590
644 2834
644 2898
645 2633
645 747
645 652
645 662
645 2510
646 729
646 647
646 2598
646 2522
646 2543
646 977
646 2535
646 2895
646 997
646 2649
646 2592
646 1553
646 650
646 1867
646 2896
646 973
646 654
646 2606
646 1470
646 1510
646 2102
646 1579
646 2523
646 1580
646 2830
646 1581
646 2639
646 976
646 652
646 653
646 2634
646 662
646 663
646 2602
646 1600
646 2852
646 681
646 2853
646 2854
646 1711
646 2038
646 2856
646 2857
646 2524
646 2667
646 2858
646 2859
646 2834
646 2619
646 2861
646 2862
646 2863
646 2864
647 706
647 653
647 665
647 679
647 686
647 2579
647 776
648 731
648 1529
648 2523
648 1581
648 747
648 2835
648 1002
648 673
648 1615
648 1069
648 2548
649 784
649 733
649 890
649 902
649 2499
649 909
649 916
649 991
649 993
649 2602
649 1001
649 1025
649 2545
649 775
649 2608
650 2598
650 977
650 1994
650 2592
650 1553
650 1817
650 1498
650 871
650 2102
650 2594
650 2523
650 2830
650 2599
650 2639
650 653
650 2602
650 2559
650 1867
650 2853
650 2854
650 2605
650 1821
650 2606
650 1711
650 1712
650 1713
650 2856
650 2611
650 2896
650 2615
650 2617
650 2619
650 2861
651 1106
651 1254
651 2603
651 740
651 777
651 1547
651 891
651 1452
651 745
651 1244
651 764
651 1318
651 1036
651 2909
651 2604
651 2566
651 685
651 1057
651 2139
651 2579
651 2607
652 729
652 658
652 694
652 657
652 680
652 654
652 660
652 2593
652 2597
652 2634
652 662
652 663
652 2640
652 670
652 681
652 2853
652 2524
652 2833
652 2834
652 2898
653 2627
653 1541
653 733
653 890
653 686
653 2896
653 654
653 2634
653 663
654 2534
654 666
654 657
654 680
654 2597
654 655
654 2634
654 660
654 661
654 662
654 664
654 670
654 681
654 1076
654 2590
654 2833
654 2834
654 2898
654 2613
654 2864
654 2433
655 657
655 973
655 2593
655 2897
655 656
655 2634
655 659
655 661
655 662
655 663
655 2832
655 664
655 2589
655 667
655 2640
655 670
655 681
655 2590
655 2613
655 2899
655 2433
656 807
656 1554
656 733
656 674
656 890
656 2533
656 730
656 775
656 657
656 768
656 660
656 2499
656 2897
656 659
656 661
656 662
656 664
656 667
656 670
656 1643
656 681
656 683
656 684
656 2613
656 2899
657 862
657 729
657 2628
657 658
657 2534
657 2895
657 2593
657 1572
657 973
657 2633
657 2897
657 2831
657 659
657 660
657 661
657 662
657 663
657 2832
657 664
657 2640
657 670
657 671
657 997
657 759
657 1603
657 2503
657 679
657 680
657 681
657 1663
657 1078
657 2038
657 2642
657 2896
657 2834
657 2898
658 729
658 1568
658 1450
658 1582
658 2534
658 2634
658 660
658 2640
658 670
658 1037
658 679
658 680
658 2578
658 693
658 2667
658 2510
658 2896
658 2834
659 890
659 660
659 2499
659 2897
659 661
659 662
659 667
659 1643
659 2613
659 2899
660 729
660 2593
660 2897
660 2634
660 661
660 662
660 664
660 667
660 2640
660 670
660 681
660 2613
660 2899
661 2628
661 973
661 2593
661 2597
661 2897
661 2634
661 662
661 667
661 2640
661 670
661 681
661 2590
662 729
662 2059
662 977
662 1630
662 997
662 2649
662 973
662 1510
662 2593
662 2665
662 2597
662 2633
662 1580
662 1581
662 976
662 2897
662 663
662 2832
662 664
662 1590
662 670
662 2852
662 1643
662 2590
662 2833
662 2834
662 2613
662 2899
663 729
663 694
663 997
663 2896
663 973
663 1510
663 1581
663 976
663 2634
663 1615
663 681
664 2832
664 2589
664 667
664 670
664 681
664 2590
664 2833
664 2613
664 2899
2253 821
2253 864
2253 2015
2253 2258
665 1865
665 1995
665 2167
665 1393
665 692
666 729
666 1412
666 2172
666 2097
666 2500
666 977
666 1583
666 667
666 761
666 1630
666 2641
666 776
666 1076
666 694
666 2202
666 695
667 729
667 1842
667 1837
667 2593
667 1582
667 2897
667 2589
667 1025
667 2127
667 2590
668 1107
668 709
668 1120
668 1121
668 712
668 1126
668 1142
668 1143
668 1163
668 1166
668 1170
668 937
668 1726
668 1183
668 1728
668 751
668 1197
668 1208
668 1219
668 1223
668 1101
668 1109
668 850
668 1514
668 1159
668 1833
668 1173
668 1838
668 1724
668 1840
668 1188
668 752
668 1206
668 1216
668 1227
668 1242
668 1243
668 1259
668 1260
668 1261
668 1857
668 1858
668 1860
668 1283
668 762
668 1311
668 1323
668 1333
668 1370
668 1748
668 2055
669 1103
669 1105
669 700
669 807
669 712
669 1126
669 835
669 1127
669 1142
669 1144
669 888
669 1163
669 1170
669 934
669 938
669 947
669 1726
669 1728
669 1197
669 1203
669 1104
669 1466
669 1117
669 810
669 821
669 1124
669 1129
669 1545
669 1159
669 1171
669 922
669 1185
669 1200
669 1214
669 1232
669 1242
669 1247
669 1282
669 1390
669 1392
669 2679
669 1865
669 1636
669 1748
669 1060
669 1886
669 1896
669 2520
669 2699
670 729
670 2534
670 686
670 679
670 680
670 2896
670 2593
670 2633
670 2897
670 2634
670 2832
670 2589
670 2640
670 681
670 2642
670 2590
670 2510
670 2834
670 2898
670 2613
670 2899
670 2433
2255 1885
2255 2323
671 1565
671 757
671 1817
671 1549
671 1413
671 2505
672 2048
672 2541
672 1833
672 1593
672 1259
672 1025
672 678
672 2565
673 806
673 935
673 1088
673 796
673 859
673 860
673 971
673 786
673 885
673 877
673 1573
673 1002
673 1064
673 2139
673 2547
673 1069
673 1675
673 1696
674 1503
674 1553
674 730
674 747
674 1607
674 2364
674 1646
674 1867
674 1657
674 2854
675 793
675 794
675 883
675 701
675 819
675 1490
675 1505
675 1466
675 994
675 1033
675 1640
675 1747
675 1668
675 690
675 1074
676 1473
676 1490
676 1492
676 855
676 718
676 1436
676 966
676 970
676 2115
676 715
676 818
676 1479
676 732
676 1264
676 1633
676 1687
676 1447
677 2591
677 977
677 984
677 2631
677 997
677 1007
677 2637
677 1470
677 1510
677 1553
677 2665
677 1579
677 2523
677 1580
677 2600
677 2852
677 2505
677 2853
677 2854
677 1708
677 1711
677 693
677 2642
677 2609
677 2855
677 2524
677 2858
677 2859
677 2861
677 2862
677 2864
678 1722
678 789
678 717
678 1511
678 718
678 722
678 1402
678 2553
678 956
678 890
678 2114
678 1576
678 1994
678 1867
678 857
678 875
678 891
678 1993
678 727
678 895
678 897
678 898
678 899
678 904
678 1552
678 905
678 2108
678 1833
678 734
678 974
678 1592
678 1593
678 1605
678 1287
678 1017
678 1025
678 2560
678 2564
678 1432
678 1070
678 2576
678 1695
678 1718
678 2584
678 2586
2258 1879
2258 2981
679 1583
679 2534
679 997
679 1572
679 2633
679 759
679 680
679 681
679 2613
680 1572
680 2633
680 759
680 1656
681 2534
681 746
681 2597
681 2897
681 2634
681 2589
681 2667
681 2510
681 2834
681 2898
681 2613
682 806
682 686
682 2502
683 831
683 878
683 1229
683 1761
683 1767
683 1919
683 790
683 860
683 1998
683 849
683 775
683 1714
683 1899
683 1506
683 1148
683 1996
683 897
683 905
683 2108
683 910
683 2167
683 915
683 2049
683 1901
683 1737
683 2122
683 1269
683 1015
683 1309
683 1904
683 2133
683 1745
683 1751
683 2134
683 1760
683 1662
683 1772
683 1778
683 1786
683 1787
683 1788
683 1794
683 1795
683 1802
683 684
683 2225
683 2685
683 1911
683 1066
683 2138
683 2569
683 2572
683 1674
683 1677
683 2688
683 2183
683 2607
683 2186
683 2231
683 2232
683 1938
683 2690
683 2445
683 2446
683 2450
683 2458
683 2706
683 2707
683 2708
683 2715
683 2716
683 2717
683 1975
683 2727
683 2481
683 2892
683 2746
684 1229
684 1767
684 849
684 775
684 1996
684 897
684 905
684 1737
684 2122
684 1269
684 1015
684 1309
684 1772
684 1795
684 2225
684 1911
684 1677
684 2688
684 2607
684 1935
684 2231
684 2232
684 2445
684 2446
684 2450
684 2458
684 2157
684 2715
684 2716
684 2717
684 2746
685 1106
685 823
685 2603
685 1722
685 859
685 740
685 1286
685 1583
685 764
685 1036
685 1506
685 1523
685 1997
685 1160
685 2594
685 1244
685 1266
685 1015
685 1318
685 1342
685 1353
685 1902
685 2537
685 1740
685 1743
685 2566
685 1760
685 1776
685 1796
685 1815
685 1816
685 1057
685 2139
685 688
685 2065
685 1683
685 2184
685 2607
686 2896
686 2834
2887 1461
2887 1466
2887 1588
687 1506
687 1743
688 701
688 859
688 740
688 715
688 1583
688 2116
688 2596
688 2566
688 2579
688 2053
689 793
689 1122
689 862
689 1844
689 1691
689 701
689 1505
689 1598
689 1640
689 1052
689 1668
689 1072
689 1678
689 1074
689 1719
689 1941
690 793
690 806
690 1691
690 701
690 717
690 1505
690 1569
690 715
690 1654
690 1479
690 2049
690 998
690 1639
690 1640
690 1652
690 1458
690 1052
690 1668
690 1911
690 1698
690 1710
690 2689
690 2157
691 793
691 820
691 1122
691 1867
691 1515
691 1016
691 1375
691 2007
691 1661
691 1665
691 1702
692 806
692 878
692 934
692 1865
692 1489
692 1531
692 1466
692 849
692 1899
692 1393
692 1524
692 2889
692 1611
692 1040
692 1636
692 1692
692 1715
692 2927
2428 1073
2428 1435
2428 1438
2428 1442
2428 1444
2428 1445
2428 1447
2428 1471
2428 1608
2428 2153
2428 2228
693 695
693 2501
693 2634
693 2640
693 2836
693 2507
693 1080
693 2510
693 2896
694 1579
694 1580
694 2202
694 2863
2266 2267
695 1898
695 971
695 1226
695 1743
695 1779
2429 1008
2429 1447
2429 1464
2429 1607
2429 2989
2268 888
2268 2336
2270 888
2271 1105
696 797
696 1402
696 929
696 962
696 887
696 2150
696 2168
696 2651
696 1026
696 1048
696 1672
696 2354
2273 1170
2273 1247
2274 2087
2275 1102
2275 1110
2275 2743
2276 1135
2276 1152
2276 1340
2276 1949
2276 2928
2277 1495
2277 1744
2277 1897
2277 1996
2277 2444
2277 2278
2277 2286
2277 2290
2278 1234
2278 1495
2278 2286
2279 1234
2279 2280
2280 1234
2282 1311
2282 1728
2282 2283
2283 1311
2283 1728
697 698
697 1105
697 1106
697 1107
697 700
697 703
697 797
697 814
697 831
697 711
697 712
697 1126
697 1127
697 1170
697 1179
697 1102
697 782
697 788
697 701
697 1110
697 1111
697 702
697 790
697 791
697 1469
697 704
697 796
697 706
697 805
697 809
697 1476
697 1118
697 1119
697 832
697 713
697 1130
697 855
697 856
697 717
697 859
697 864
697 718
697 1520
697 1523
697 1826
697 724
697 1157
697 1547
697 894
697 2101
697 2166
697 917
697 918
697 919
697 2170
697 2171
697 2673
697 735
697 736
697 920
697 1168
697 921
697 1169
697 1171
697 1172
697 1173
697 1174
697 1175
697 922
697 737
697 923
697 1176
697 1403
697 2674
697 1177
697 924
697 925
697 926
697 1178
697 927
698 1102
698 1103
698 1104
698 1105
698 699
698 1107
698 700
698 787
698 788
698 1541
698 1109
698 1110
698 1111
698 702
698 1112
698 703
698 797
698 809
698 810
698 709
698 1120
698 710
698 711
698 712
698 1126
698 1128
698 1130
698 850
698 854
698 718
698 1514
698 1134
698 1135
698 1138
698 1139
698 872
698 1142
698 882
698 1152
698 1156
698 729
698 1163
698 2110
698 917
698 919
698 2170
698 1168
698 1170
698 1171
698 1172
698 1176
698 2674
698 925
698 1179
698 1840
698 946
698 1185
698 1186
698 1187
698 1407
698 980
698 751
698 1188
698 752
698 1189
698 1198
698 1200
698 754
698 1201
698 987
698 2843
698 1202
698 1203
698 1205
698 1207
698 1208
698 1210
698 1211
698 1212
698 1213
698 1845
698 1214
698 1216
698 1217
698 1219
698 1221
698 1222
698 1224
698 1225
698 756
698 1227
698 990
698 1228
698 1229
698 1231
698 1233
698 1236
698 1239
698 1241
698 1242
698 1247
698 1248
698 1735
698 1253
698 1408
698 1410
698 1411
698 1850
698 1413
698 1255
698 1851
698 1853
698 760
698 1416
698 1260
698 1261
698 1263
698 1271
698 1272
698 2925
698 1275
698 1279
698 1863
698 1285
698 1294
698 1295
698 1301
698 1314
698 1326
698 1328
698 1329
698 1337
698 1340
698 1346
698 1351
698 1362
698 1366
698 1372
698 1374
698 1389
698 1394
698 1395
698 1398
698 1400
698 1418
698 1419
698 2838
698 2545
698 2489
698 2490
698 2482
698 2890
698 2493
698 2494
698 2177
698 2839
698 2684
2285 2087
699 1103
699 1105
699 1102
699 1104
699 1466
699 1107
699 700
699 1110
699 703
699 809
699 709
699 1120
699 711
699 1126
699 1514
699 1142
699 729
699 2110
699 918
699 1170
699 1171
699 1174
699 1567
699 1838
699 937
699 969
699 2655
699 1407
699 751
699 1197
699 754
699 987
699 755
699 1206
699 1207
699 1212
699 1219
699 1222
699 756
699 1847
699 1248
699 1251
699 1408
699 1410
699 1411
699 1850
699 1851
699 1737
699 1852
699 1853
699 1259
699 1863
699 1351
699 1398
699 1400
699 1439
699 2518
699 2473
699 2549
700 1103
700 1105
700 1106
700 1107
700 1102
700 1104
700 1110
700 1111
700 791
700 1114
700 809
700 810
700 709
700 1120
700 1121
700 1481
700 829
700 711
700 712
700 1126
700 1514
700 1138
700 1142
700 1143
700 1147
700 1826
700 1157
700 1160
700 1163
700 1831
700 911
700 2112
700 1166
700 1167
700 1170
700 1171
700 1173
700 1174
700 1175
700 922
700 1176
700 2674
700 1838
700 937
700 1183
700 1185
700 751
700 1730
700 1192
700 1197
700 1199
700 987
700 1203
700 755
700 989
700 1207
700 1208
700 1845
700 1215
700 1219
700 1733
700 1734
700 1222
700 1225
700 1226
700 756
700 1846
700 1847
700 1243
700 1248
700 1253
700 1254
700 2121
700 1008
700 1255
700 1851
700 1737
700 1256
700 1852
700 1853
700 2123
700 1010
700 2176
700 1854
700 1416
700 1259
700 1268
700 1272
700 1276
700 1282
700 1288
700 1333
700 1398
700 1400
700 1439
700 2483
700 2131
700 1441
700 1866
700 1904
700 2930
700 1741
700 1042
700 1742
700 1743
700 1442
700 2937
700 1443
701 783
701 787
701 793
701 794
701 797
701 806
701 820
701 823
701 1122
701 854
701 862
701 866
701 874
701 878
701 883
701 1180
701 739
701 1836
701 941
701 957
701 958
701 1591
701 1042
701 1744
701 1691
701 1703
701 1898
701 996
701 778
701 1466
701 1468
701 790
701 1469
701 704
701 796
701 808
701 812
701 815
701 1479
701 817
701 819
701 829
701 832
701 837
701 839
701 843
701 847
701 1492
701 1498
701 852
701 1500
701 855
701 715
701 856
701 1501
701 859
701 1503
701 863
701 1505
701 1510
701 1511
701 1517
701 868
701 1521
701 720
701 869
701 871
701 722
701 1526
701 1527
701 873
701 876
701 1145
701 882
701 1148
701 889
701 1548
701 2162
701 1552
701 911
701 1563
701 931
701 741
701 932
701 933
701 940
701 961
701 963
701 968
701 1573
701 1579
701 2902
701 977
701 1210
701 1230
701 994
701 998
701 1601
701 1002
701 1005
701 1006
701 1016
701 1285
701 1293
701 1334
701 1018
701 1022
701 2364
701 1039
701 770
701 1633
701 1640
701 1645
701 1043
701 1652
701 1653
701 1665
701 1052
701 1667
701 1668
701 1674
701 1072
701 1678
701 1681
701 1685
701 1686
701 1074
701 1075
701 1696
701 1698
701 1710
701 2530
701 2156
702 1107
702 787
702 703
702 1753
702 1102
702 782
702 2097
702 1108
702 1111
702 791
702 704
702 799
702 1471
702 809
702 718
702 724
702 891
702 1993
702 1549
702 912
702 2112
702 2114
702 734
702 1168
702 1169
702 1171
702 1174
702 1176
702 1403
702 925
702 1178
702 927
702 743
702 1406
702 748
702 979
702 752
702 1222
702 756
702 1408
702 1410
702 1415
702 1257
702 1417
702 1279
702 1285
702 1326
702 1025
702 1418
702 1419
702 2487
702 2489
702 2635
702 1423
702 1426
702 2491
702 1431
702 1643
702 2135
702 2069
702 1921
702 2667
703 1105
703 1102
703 782
703 788
703 704
703 796
703 797
703 807
703 810
703 814
703 709
703 823
703 710
703 1123
703 1124
703 711
703 1126
703 1130
703 859
703 1134
703 1135
703 1520
703 1523
703 1138
703 1142
703 1158
703 918
703 2171
703 735
703 736
703 920
703 921
703 1170
703 1172
703 1173
703 1174
703 737
703 1176
703 1177
703 924
703 1179
703 1186
703 1196
703 1198
703 1200
703 1845
703 1253
703 760
703 1265
703 1272
703 761
703 1020
703 1364
703 1376
703 1400
703 2137
704 1105
704 1107
704 793
704 794
704 797
704 806
704 807
704 820
704 1481
704 831
704 712
704 1126
704 1127
704 866
704 880
704 739
704 941
704 1584
704 1042
704 1049
704 1809
704 1892
704 790
704 1469
704 1543
704 1467
704 1112
704 795
704 796
704 705
704 1471
704 706
704 1472
704 1477
704 812
704 1479
704 819
704 1480
704 821
704 1123
704 829
704 1483
704 832
704 1484
704 834
704 1487
704 842
704 1488
704 1489
704 1128
704 1490
704 848
704 1494
704 1129
704 852
704 715
704 1505
704 1511
704 1513
704 1133
704 1136
704 1516
704 1137
704 1518
704 867
704 1520
704 868
704 1521
704 720
704 721
704 1141
704 1529
704 1530
704 1533
704 724
704 2596
704 2674
704 1579
704 2004
704 1295
704 1022
704 2679
704 771
704 1040
704 2683
704 1051
704 1813
704 1671
704 1680
704 1702
704 2538
704 2206
704 1976
705 806
705 1113
705 1473
705 812
705 832
705 1487
705 1513
705 876
705 1994
705 1817
705 917
705 1998
705 1999
705 745
705 1285
705 1393
705 771
705 1820
705 1821
705 1822
705 2022
706 823
706 711
706 854
706 866
706 739
706 941
706 858
706 949
706 1438
706 1102
706 788
706 790
706 1469
706 1543
706 796
706 1471
706 805
706 1478
706 812
706 816
706 817
706 1119
706 818
706 827
706 829
706 832
706 837
706 843
706 1490
706 848
706 855
706 1509
706 720
706 869
706 881
706 1547
706 2099
706 894
706 2164
706 2165
706 2104
706 1160
706 1828
706 1829
706 2596
706 921
706 930
706 955
706 1243
706 1610
706 1012
706 1013
706 1277
706 2223
706 1032
706 1884
706 1062
706 2181
706 2185
706 2190
706 1084
706 2538
706 2663
706 2616
707 793
707 807
707 1474
707 814
707 820
707 1481
707 1127
707 1166
707 1836
707 934
707 938
707 1203
707 1019
707 1392
707 1024
707 1748
707 1660
707 1053
707 995
707 788
707 1467
707 1472
707 1475
707 810
707 1476
707 821
707 1123
707 1483
707 1486
707 1128
707 1524
707 900
707 914
707 1167
707 1838
707 1215
707 998
707 1009
707 1258
707 1859
707 1613
707 769
707 1785
707 1875
707 2053
707 1074
707 2033
707 2014
707 2055
707 1100
707 2024
708 831
708 987
708 1844
708 1281
708 716
708 719
708 1548
708 1559
708 939
708 969
708 1215
708 1063
709 1103
709 1106
709 785
709 1107
709 787
709 791
709 823
709 1120
709 1121
709 711
709 712
709 841
709 1130
709 850
709 855
709 858
709 1514
709 1133
709 1138
709 873
709 1142
709 1143
709 1147
709 1826
709 886
709 1829
709 1163
709 908
709 911
709 919
709 1170
709 1175
709 1180
709 739
709 1837
709 1838
709 937
709 1840
709 1435
709 1183
709 1407
709 1730
709 1192
709 1197
709 755
709 1206
709 1207
709 1208
709 1845
709 1219
709 1223
709 756
709 1227
709 990
709 1230
709 1237
709 1238
709 1248
709 1254
709 1437
709 1850
709 1008
709 2175
709 1255
709 1851
709 1852
709 1853
709 2123
709 2660
709 760
709 1854
709 1259
709 1856
709 1271
709 761
709 1276
709 1277
709 1283
709 762
709 1293
709 1309
709 1329
709 1333
709 1337
709 1378
709 1389
709 1398
709 1400
709 1032
709 1439
709 1034
709 2131
709 1441
709 1866
709 1443
709 1894
709 2203
709 1463
710 1105
710 1106
710 785
710 1107
710 823
710 1104
710 1112
710 790
710 792
710 1992
710 809
710 810
710 819
710 1122
710 711
710 834
710 1126
710 850
710 859
710 863
710 864
710 1508
710 1529
710 874
710 875
710 878
710 1148
710 1164
710 732
710 1180
710 1405
710 751
710 752
710 2657
710 1200
710 1208
710 1210
710 1227
710 1229
710 1236
710 1735
710 1253
710 2122
710 1264
710 1273
710 1294
710 1295
710 1058
710 1059
710 1870
710 1881
710 1882
710 1681
710 2012
710 2446
710 2456
710 2744
711 1103
711 1105
711 1107
711 1122
711 1481
711 831
711 1102
711 1104
711 788
711 1110
711 790
711 1825
711 809
711 810
711 829
711 1124
711 834
711 712
711 1126
711 1128
711 1506
711 718
711 1514
711 1133
711 1143
711 1535
711 729
711 1828
711 1161
711 2108
711 1164
711 1831
711 1166
711 1167
711 1168
711 1171
711 1174
711 1175
711 1176
711 1838
711 1183
711 1185
711 751
711 1729
711 1730
711 1188
711 752
711 1194
711 1195
711 1197
711 1199
711 1200
711 754
711 987
711 2843
711 1202
711 1203
711 1211
711 1213
711 1214
711 1215
711 1217
711 1218
711 1733
711 1224
711 1225
711 1226
711 1846
711 1231
711 1232
711 1847
711 1235
711 1243
711 1247
711 1248
711 1250
711 1251
711 1253
711 1254
711 1607
711 1255
711 1853
711 1609
711 1010
711 2124
711 2125
711 2126
711 1258
711 1261
711 2924
711 1268
711 1272
711 761
711 1015
711 1288
711 1309
711 1318
711 1333
711 1363
711 1398
711 2483
711 1866
711 1740
711 1741
711 1868
711 1745
711 1746
711 1747
711 1906
711 1748
711 1907
711 1908
711 2061
711 1749
711 1750
711 1751
711 1752
711 1909
712 779
712 1103
712 1105
712 1106
712 785
712 1107
712 797
712 807
712 1474
712 1121
712 1481
712 831
712 1101
712 1102
712 1104
712 1109
712 1110
712 1111
712 1112
712 790
712 1825
712 795
712 810
712 813
712 1123
712 1126
712 842
712 1127
712 1490
712 1494
712 1130
712 854
712 1132
712 719
712 1134
712 1521
712 1142
712 1143
712 1144
712 1148
712 1159
712 1160
712 1163
712 1167
712 1170
712 1171
712 1173
712 1176
712 925
712 1179
712 1838
712 1724
712 937
712 938
712 1840
712 1182
712 1183
712 965
712 1185
712 751
712 1188
712 1197
712 1198
712 1731
712 1200
712 754
712 987
712 1202
712 1203
712 755
712 1208
712 1209
712 1211
712 1212
712 1845
712 1214
712 1215
712 1216
712 1219
712 1223
712 1224
712 990
712 1228
712 1232
712 1237
712 1238
712 1243
712 1250
712 1251
712 1254
712 1592
712 1852
712 1260
712 1261
712 1262
712 1263
712 1855
712 1014
712 1268
712 1611
712 1271
712 1858
712 1274
712 1288
712 1290
712 1295
712 1323
712 1347
712 1354
712 1392
712 1394
712 1398
712 2679
712 770
712 1745
712 1748
712 1060
712 1872
712 1671
712 1875
712 1879
712 1459
712 1061
712 1892
712 1895
712 1896
713 807
713 878
713 1163
713 1722
713 790
713 810
713 781
713 845
713 717
713 718
713 719
713 721
713 1146
713 725
713 891
713 726
713 1827
713 1159
713 727
713 2101
713 728
713 2653
713 732
713 2114
713 2115
713 1562
713 744
713 749
713 1011
713 1264
713 1025
713 1041
713 1090
714 806
714 1728
714 987
714 1744
714 1898
714 1476
714 847
714 856
714 952
714 731
714 1488
714 1509
714 1527
714 1148
714 2220
714 922
714 974
714 1899
714 1260
714 1016
714 2837
714 1636
714 2133
714 1068
714 773
714 2181
714 2215
714 2708
715 793
715 1691
715 722
715 2115
715 994
715 761
715 1629
715 1710
715 2202
716 797
716 807
716 831
716 866
716 878
716 1158
716 935
716 954
716 1844
716 1660
716 1814
716 2227
716 1469
716 1478
716 827
716 1498
716 852
716 1510
716 871
716 2025
716 2116
716 964
716 1579
716 1000
716 1854
716 2224
716 1091
716 1095
717 785
717 797
717 807
717 1481
717 831
717 1499
717 854
717 878
717 1163
717 742
717 941
717 958
717 1744
717 996
717 1722
717 790
717 805
717 809
717 1490
717 845
717 847
717 1500
717 2097
717 792
717 827
717 849
717 860
717 865
717 718
717 719
717 871
717 1146
717 889
717 891
717 726
717 1995
717 1827
717 1159
717 727
717 2101
717 897
717 728
717 2165
717 2104
717 1160
717 903
717 1552
717 905
717 2106
717 906
717 2108
717 908
717 1164
717 909
717 2167
717 732
717 2220
717 2168
717 2114
717 2115
717 915
717 1998
717 1999
717 1565
717 2119
717 744
717 953
717 956
717 1592
717 757
717 760
717 1011
717 1269
717 1025
717 1623
717 1041
717 1867
717 2139
717 2142
717 2144
717 2063
717 1676
717 774
717 776
717 1695
717 1714
717 1083
717 1085
717 1090
717 2157
717 2486
717 2804
718 785
718 1107
718 1102
718 1722
718 790
718 791
718 1543
718 809
718 841
718 850
718 859
718 781
718 2097
718 792
718 829
718 849
718 1133
718 720
718 1146
718 725
718 890
718 891
718 1993
718 1549
718 1827
718 727
718 895
718 2101
718 897
718 728
718 903
718 904
718 907
718 2108
718 908
718 1164
718 912
718 2112
718 732
718 1402
718 2114
718 734
718 1168
718 1403
718 925
718 926
718 1178
718 1837
718 966
718 1406
718 748
718 1186
718 979
718 1213
718 1409
718 760
718 1416
718 1264
718 1417
718 1285
718 1336
718 1025
718 1418
718 2488
718 2130
718 2489
718 2644
718 2635
718 1423
718 1426
718 1428
718 1429
718 1430
718 767
718 1431
718 2132
718 2137
718 1882
718 2577
718 1462
718 1090
718 2159
718 2160
719 779
719 831
719 1499
719 1163
719 790
719 845
719 1548
719 2115
719 744
719 749
719 1625
719 1747
719 1664
719 1459
719 2010
720 788
720 1469
720 1543
720 796
720 1490
720 1505
720 1466
720 1479
720 907
720 731
720 955
720 1579
720 1610
720 2663
721 845
721 726
721 1818
721 749
722 807
722 995
722 790
722 869
722 2097
722 891
722 1993
722 1402
722 974
722 975
722 1025
722 2573
722 1090
723 794
723 797
723 807
723 1499
723 935
723 995
723 778
723 796
723 819
723 1480
723 834
723 1530
723 877
723 885
723 1546
723 887
723 975
723 984
723 997
723 759
723 1002
723 1039
723 1064
724 806
724 814
724 1126
724 782
724 1471
724 923
724 926
724 927
724 946
724 1404
724 966
724 1110
724 864
724 2674
724 1177
724 924
724 925
724 1178
724 1186
724 2487
724 1420
724 1421
724 2488
724 1423
724 2493
724 1093
725 995
725 790
725 791
725 799
725 809
725 850
725 886
725 908
725 914
725 1570
725 956
725 961
725 780
725 781
725 2097
725 2628
725 792
725 885
725 901
725 2153
725 887
725 889
725 827
725 849
725 865
725 871
725 875
725 1146
725 1547
725 890
725 891
725 1993
725 1549
725 1995
725 727
725 895
725 1997
725 897
725 898
725 1453
725 905
725 2219
725 2108
725 2109
725 910
725 912
725 2112
725 732
725 916
725 1561
725 1562
725 928
725 1573
725 975
725 978
725 748
725 981
725 2027
725 983
725 985
725 1847
725 1592
725 1594
725 992
725 757
725 1006
725 1605
725 2123
725 760
725 1287
725 1025
725 1026
725 1614
725 1027
725 1029
725 2130
725 2562
725 1036
725 1037
725 767
725 2131
725 1431
725 2005
725 2546
725 1048
725 1059
725 1065
725 2576
725 2147
725 775
725 1707
725 2012
726 831
726 878
726 1163
726 742
726 1722
726 790
726 2097
726 827
726 1146
726 889
726 1827
726 1159
726 727
726 2101
726 897
726 899
726 728
726 903
726 2115
726 2119
726 744
726 1011
726 1025
726 1041
726 1067
726 2142
726 777
726 1714
726 1090
726 2804
727 1106
727 785
727 878
727 883
727 1836
727 742
727 958
727 1842
727 1031
727 1056
727 1556
727 1722
727 790
727 796
727 809
727 839
727 1492
727 850
727 1500
727 860
727 1159
727 2101
727 908
727 1402
727 921
727 1998
727 2119
727 741
727 952
727 956
727 2001
727 961
727 962
727 967
727 968
727 2097
727 792
727 1827
727 2222
727 1442
727 777
727 889
727 849
727 2106
727 2114
727 757
727 1036
727 775
727 776
727 760
727 1714
727 1478
727 1994
727 1160
727 1817
727 1631
727 1644
727 2508
727 1079
727 1081
727 1006
727 2009
727 1701
727 2132
727 2117
727 827
727 865
727 871
727 1536
727 1146
727 1547
727 891
727 1993
727 1549
727 1995
727 1550
727 1551
727 895
727 2102
727 1452
727 897
727 898
727 2103
727 728
727 1453
727 903
727 904
727 1552
727 2105
727 1557
727 2550
727 2108
727 909
727 910
727 2111
727 1833
727 912
727 732
727 2551
727 915
727 916
727 2552
727 2118
727 928
727 974
727 746
727 748
727 981
727 1592
727 991
727 1593
727 1594
727 2666
727 1008
727 1011
727 1264
727 1287
727 1025
727 2560
727 1614
727 2130
727 1627
727 2133
727 2566
727 1813
727 2568
727 2139
727 2547
727 2144
727 1674
727 1071
727 2577
727 2146
727 2580
727 2581
727 1695
727 2012
727 1089
727 1090
727 2151
727 2583
727 2859
728 790
728 845
728 2101
728 2119
728 744
728 1827
728 849
728 1041
728 827
728 891
728 897
728 2104
728 732
728 1592
728 1025
728 2142
728 774
729 778
729 781
729 818
729 890
729 2592
729 2593
729 897
729 901
729 2499
729 1562
729 2172
729 2633
729 1578
729 977
729 1583
729 2534
729 2027
729 997
729 1399
729 1027
729 1036
729 1630
729 2854
729 1046
729 1076
729 2202
729 1099
729 2896
729 2833
2290 2286
730 890
730 746
731 806
731 2598
731 1470
731 1498
731 1510
731 2594
731 1553
731 733
731 1579
731 1580
731 1581
731 2902
731 2026
731 2599
731 977
731 1582
731 747
731 2543
731 1614
731 1711
731 2642
731 2548
731 2609
731 2856
731 2857
731 2615
731 2525
731 2864
732 1107
732 1543
732 809
732 2101
732 908
732 1402
732 929
732 743
732 1436
732 2097
732 2060
732 1827
732 749
732 2114
732 891
732 1549
732 907
732 2108
732 1164
732 912
732 2112
732 2118
732 983
732 1264
732 1025
732 2130
732 2562
732 1426
732 1430
732 1447
732 1090
732 2587
733 2598
733 784
733 890
733 1452
733 902
733 2499
733 912
733 916
733 746
733 2897
733 991
733 757
733 768
733 2636
733 2029
733 2641
733 2508
733 2180
733 775
733 776
733 777
733 2608
734 1722
734 789
734 809
734 863
734 1511
734 1402
734 948
734 956
734 890
734 2114
734 2005
734 2132
734 829
734 1547
734 891
734 1993
734 1549
734 895
734 904
734 1552
734 2105
734 905
734 1830
734 2499
734 2550
734 909
734 2112
734 2551
734 2675
734 974
734 1593
734 2559
734 1025
734 1026
734 2560
734 770
734 1637
734 1641
734 2547
734 2583
734 2584
735 831
735 796
735 832
735 873
735 736
735 1540
735 2627
735 1046
735 772
735 2536
735 1520
735 2673
735 920
735 737
735 1269
735 1627
735 2915
735 2178
735 2182
735 1083
2292 1105
2292 1357
2292 2291
736 807
736 814
736 1126
736 755
736 816
736 1520
736 1523
736 894
736 2673
736 920
736 737
736 1177
736 1884
736 2212
736 2158
737 787
737 814
737 1102
737 790
737 809
737 2165
737 1146
737 1547
737 2164
737 909
737 2110
737 1560
737 918
737 2171
737 1178
737 2177
737 2186
737 2198
737 2200
738 823
738 878
738 958
738 1722
738 1518
738 1057
738 2579
738 776
738 1092
2294 2293
739 785
739 793
739 797
739 854
739 878
739 883
739 792
739 796
739 815
739 827
739 860
739 873
739 913
739 741
739 941
739 951
739 1841
739 957
739 958
739 1731
739 1735
739 1042
739 1744
739 1910
739 1935
739 1088
740 2592
740 1571
740 2537
740 2566
740 1816
740 2605
740 2139
740 2053
740 1687
740 2615
741 951
741 949
741 860
741 1169
741 748
741 979
741 1735
741 1015
741 1779
741 776
742 820
742 790
742 792
742 1477
742 827
742 845
742 847
742 849
742 860
742 891
742 892
742 1994
742 1995
742 899
742 904
742 2106
742 2109
742 921
742 2119
742 974
742 1573
742 1593
742 1006
742 1261
742 1019
742 1025
742 1039
742 1813
742 1892
742 1672
742 2139
742 2547
742 1676
742 2146
742 1695
742 1714
742 2233
743 954
743 1844
743 1898
743 788
743 1466
743 1478
743 1488
743 1525
743 1526
743 1826
743 891
743 2100
743 1164
743 964
743 1588
743 1737
743 2223
743 2837
743 2144
743 2032
743 2183
743 1692
743 2191
743 1448
743 2207
744 845
744 1159
744 2101
744 749
744 753
744 774
744 777
744 1085
745 1468
745 1285
745 1994
745 1160
745 1817
745 1821
745 2611
745 1487
745 1517
745 2103
745 2839
745 1820
745 1822
745 1823
745 2022
745 2618
746 2598
746 1722
746 1570
746 952
746 956
746 2097
746 890
746 2114
746 757
746 775
746 2132
746 2555
746 2556
746 991
746 2666
746 1025
746 2029
746 1090
747 896
747 1541
747 2117
747 1040
747 2069
747 1100
748 1102
748 782
748 790
748 809
748 850
748 926
748 1404
748 2097
748 1285
748 1407
748 2542
748 1429
748 891
748 1993
748 1549
748 1995
748 2170
748 1168
748 1169
748 1403
748 2674
748 1186
748 979
748 1207
748 756
748 1408
748 1592
748 1257
748 1417
748 1326
748 1419
748 1420
748 2635
748 1423
748 1426
748 1427
748 1430
748 2136
749 1285
749 1085
750 1452
750 1185
750 1189
750 1394
751 1105
751 785
751 787
751 1824
751 1126
751 1134
751 1135
751 1142
751 1143
751 1170
751 1179
751 937
751 1104
751 1466
751 1108
751 791
751 1114
751 810
751 1130
751 1995
751 1169
751 1182
751 2049
751 1188
751 752
751 985
751 1195
751 1200
751 754
751 987
751 755
751 1206
751 1208
751 1210
751 1211
751 1212
751 1845
751 1219
751 1223
751 756
751 1227
751 1236
751 1239
751 1243
751 1254
751 1255
751 1268
751 1271
751 1273
751 1277
751 1283
751 1316
751 2644
751 1424
751 2646
751 1434
751 2648
751 2368
752 1107
752 1170
752 937
752 947
752 987
752 755
752 809
752 810
752 1182
752 1112
752 1113
752 1393
752 1175
752 1139
752 1156
752 1200
752 754
752 1205
752 1236
752 1262
752 1264
752 1275
752 1859
752 1819
752 1290
752 1311
752 1314
753 1159
753 2101
753 2633
753 1578
753 1630
754 1105
754 785
754 1481
754 1127
754 1143
754 1144
754 1170
754 937
754 1183
754 1197
754 1219
754 1254
754 1261
754 1276
754 1281
754 1354
754 1102
754 791
754 810
754 1854
754 1239
754 1132
754 1133
754 1147
754 1167
754 1176
754 1192
754 1202
754 1206
754 1211
754 1214
754 1215
754 1216
754 990
754 1234
754 1243
754 1283
754 1323
754 1325
754 1370
755 1103
755 1107
755 820
755 1170
755 937
755 1183
755 1197
755 987
755 1828
755 1192
755 1845
755 1219
755 756
755 1237
755 1851
755 1261
755 1276
755 1884
756 1120
756 1126
756 1170
756 1212
756 1398
756 1439
756 809
756 850
756 1838
756 1285
756 1407
756 757
756 764
756 1514
756 1168
756 1177
756 1188
756 1200
756 1206
756 1207
756 1238
756 1248
756 1408
756 1851
756 1863
756 1389
756 1400
757 1503
757 908
757 952
757 1436
757 966
757 2097
757 784
757 889
757 2500
757 977
757 1549
757 1995
757 2104
757 1552
757 2499
757 1557
757 2665
757 1574
757 984
757 1408
757 991
757 2666
757 1413
757 1001
757 1414
757 1025
757 1614
757 2224
757 2130
757 2364
757 1036
757 1038
757 767
757 1431
757 2504
757 768
757 1632
757 1655
757 2180
757 2578
757 1678
757 775
757 1693
757 1085
757 1090
757 2368
758 820
758 823
758 1596
758 1412
758 859
758 1519
758 1557
758 2025
758 1843
758 996
758 1000
758 1622
758 771
758 1707
759 862
759 778
759 1566
759 940
759 2097
759 1519
759 877
759 1995
759 895
759 1562
759 1572
759 1589
759 1026
759 1618
759 767
759 1672
760 1106
760 878
760 762
760 1056
760 858
760 791
760 850
760 855
760 859
760 908
760 1402
760 1565
760 1837
760 948
760 2001
760 961
760 2097
760 1114
760 1285
760 1450
760 1440
760 849
760 2106
760 1036
760 772
760 1507
760 1547
760 891
760 898
760 904
760 909
760 912
760 2552
760 919
760 1187
760 1207
760 1847
760 2123
760 1400
760 1025
760 1026
760 2644
760 2646
760 2136
760 1054
760 2576
760 1079
760 1714
760 2012
760 1098
760 2648
760 2159
760 2160
761 823
761 1120
761 957
761 1850
761 788
761 791
761 859
761 873
761 886
761 908
761 1509
761 1583
761 1514
761 1518
761 919
761 1177
761 1207
761 1232
761 1408
761 1607
761 2121
761 1851
761 2660
761 2644
761 2364
761 1443
761 1046
761 2182
761 1434
761 1075
761 2202
761 2204
761 2212
761 2213
761 2860
762 1105
762 785
762 1121
762 1143
762 1166
762 1197
762 1227
762 1271
762 1109
762 1114
762 1508
762 875
762 891
762 1175
762 1840
762 1206
762 1849
762 1262
762 1275
762 1277
762 1283
762 1293
762 1337
762 2537
762 1894
762 1449
763 1108
763 1286
763 1149
763 2907
763 1151
763 1153
763 2622
763 1155
763 1226
763 1015
763 1299
763 1306
763 1324
763 1350
763 1380
763 1396
764 1106
764 1116
764 806
764 1183
764 1271
764 1276
764 810
764 859
764 1141
764 2172
764 1130
764 1131
764 1832
764 1171
764 1573
764 1262
764 1275
764 2537
764 1716
765 779
765 1208
765 2603
765 1466
765 2537
765 2915
765 2178
766 996
766 970
766 2032
766 2497
766 875
766 1557
766 1843
766 1619
766 1444
767 785
767 809
767 850
767 855
767 908
767 1402
767 966
767 2097
767 1411
767 775
767 895
767 1403
767 1406
767 1408
767 991
767 1025
767 2130
767 2364
767 2562
767 1426
767 1620
767 2492
767 1431
767 1632
767 1650
767 2185
768 2533
768 775
768 902
768 1025
768 2608
769 1767
769 1053
769 2048
769 2098
769 1535
769 1226
769 1244
769 1318
769 1363
769 1739
769 1905
769 1747
769 1906
769 1908
769 1752
769 1909
769 1760
769 1762
769 1662
769 1458
769 1665
769 1668
769 1929
769 1937
769 1939
769 1971
769 2086
770 806
770 1122
770 1261
770 1722
770 789
770 795
770 839
770 1492
770 863
770 1511
770 879
770 931
770 936
770 948
770 1571
770 968
770 2097
770 1104
770 792
770 849
770 2114
770 1994
770 2005
770 2546
770 822
770 827
770 1485
770 1529
770 1533
770 897
770 898
770 2164
770 904
770 1552
770 1830
770 911
770 1835
770 922
770 1592
770 1594
770 1612
770 1025
770 2563
770 2564
770 1432
770 1637
770 1647
770 1784
770 2147
770 2580
770 1685
770 1694
770 1718
770 2475
770 2582
771 806
771 935
771 1591
771 1844
771 1021
771 1814
771 789
771 1489
771 939
771 964
771 852
771 1519
771 1557
771 2025
771 1000
771 2224
771 1095
771 2538
772 858
772 791
772 832
772 1492
772 855
772 868
772 873
772 908
772 1565
772 1837
772 1435
772 1588
772 1046
772 1478
772 1119
772 1491
772 884
772 1826
772 2164
772 2673
772 1011
772 1443
772 2683
772 2536
772 2144
772 2182
772 2185
772 1082
772 1083
772 1099
772 2022
772 2860
772 2701
772 2702
773 1402
773 952
773 2001
773 889
773 1148
773 871
773 891
773 897
773 2167
773 2116
773 1594
773 2133
773 2215
2430 1015
2430 1286
2430 1299
2430 1396
2430 1662
2430 1745
2430 1750
2430 1766
2430 1781
2430 1799
2430 1805
2430 1810
2430 1904
2430 1918
2430 1919
2430 1922
2430 1924
2430 1931
2430 1942
2430 1944
2430 1951
2430 1956
2430 1958
2430 1961
2430 2082
2309 2334
2309 2982
2309 2983
2309 2984
2309 2985
2309 2986
2309 2987
2431 1152
2431 2908
2432 1108
2432 1226
2432 1558
2432 1602
2432 1739
2432 1743
2432 1808
2432 1933
2432 1955
2432 1961
2432 1972
2432 2079
2432 2080
2310 1234
2888 1016
2888 1715
774 792
775 878
775 908
775 952
775 784
775 792
775 777
775 2533
775 2535
775 827
775 1536
775 1995
775 2100
775 1452
775 1453
775 902
775 2499
775 911
775 916
775 991
775 2566
775 1674
775 2180
775 776
775 2202
775 1090
2889 945
2889 1351
2889 1393
2889 1715
2889 1899
2889 2055
2889 2167
2889 2668
2433 1369
2433 1736
2433 1743
2433 1766
2433 1799
2433 1922
2433 1923
2433 1950
2433 1955
2433 1958
2433 1964
2433 1966
2433 1967
2433 1969
2433 1980
2433 1983
2433 1985
2433 2079
2433 2090
2433 2834
2433 2892
2323 1885
2327 2328
776 823
776 809
776 855
776 1503
776 952
776 2001
776 2097
776 792
776 1827
776 849
776 1036
776 827
776 865
776 1523
776 2100
776 911
776 2116
776 1573
776 1243
776 1006
776 1819
776 1025
776 2128
776 1619
776 2566
776 1057
776 2579
776 1075
776 1092
776 2155
777 957
777 850
777 952
777 2001
777 2097
777 849
777 889
777 1547
777 1995
777 2100
777 1452
777 911
777 912
777 2114
777 1592
777 1025
777 1036
777 1057
777 2139
777 2180
777 2579
777 2012
777 2151
777 2608
777 2208
777 2445
778 806
778 854
778 862
778 878
778 883
778 941
778 1596
778 996
778 2629
778 799
778 1490
778 847
778 1503
778 1510
778 877
778 2115
778 1562
778 940
778 943
778 959
778 963
778 964
778 2665
778 2895
778 1579
778 976
778 984
778 1588
778 997
778 998
778 1597
778 1598
778 1413
778 1599
778 1600
778 1601
778 999
778 1602
778 1000
778 1001
778 1414
778 1002
778 1003
778 1603
778 1004
778 1005
778 1604
778 1006
778 1007
778 1605
779 2626
779 2627
779 793
779 810
779 819
779 866
779 1545
779 938
779 2049
779 1606
779 1282
779 1359
779 2603
779 2537
779 1661
779 1049
779 2519
780 797
780 1122
780 2554
780 957
780 1102
780 868
780 879
780 931
780 1110
780 889
780 2118
780 2003
780 2060
780 1058
780 1698
780 2586
780 2587
781 1554
781 886
781 1570
781 956
781 2098
781 792
781 849
781 875
781 1547
781 890
781 891
781 1993
781 1995
781 895
781 2593
781 897
781 898
781 901
781 1552
781 909
781 910
781 2112
781 916
781 2117
781 974
781 1573
781 2027
781 985
781 2555
781 2556
781 1592
781 991
781 1593
781 993
781 2651
781 1610
781 1287
781 1613
781 1025
781 1026
781 2560
781 1614
781 2127
781 1027
781 1028
781 2128
782 1126
782 809
782 891
782 918
782 2170
782 920
782 1176
782 927
782 979
782 1408
783 1466
783 789
783 790
783 806
783 1505
783 1531
783 883
783 1548
783 1567
783 1840
783 2049
783 1193
783 1591
783 1438
783 1030
783 1039
784 1554
784 890
784 1551
784 1552
784 2499
784 916
784 991
784 2602
784 2666
784 1595
784 1001
2434 980
2434 1186
2434 1257
2434 1316
2434 1410
2434 1411
2434 1419
2434 1420
2434 1421
2434 1423
2434 1424
2434 1425
2434 1428
2434 1429
2434 1863
2434 2112
2434 2489
2434 2492
2434 2493
2434 2488
2434 2562
2434 2490
2434 2681
2434 2494
785 1106
785 1102
785 1104
785 1107
785 1467
785 1109
785 1110
785 1112
785 790
785 792
785 1114
785 793
785 797
785 1116
785 809
785 1477
785 1122
785 1123
785 831
785 1126
785 841
785 842
785 1490
785 847
785 1130
785 849
785 1131
785 860
785 863
785 1506
785 1507
785 1508
785 1134
785 1135
785 1137
785 866
785 867
785 1138
785 1139
785 1140
785 1141
785 1143
785 878
785 1145
785 1148
785 1547
785 891
785 1161
785 1164
785 1165
785 1171
785 1180
785 940
785 941
785 2047
785 1182
785 1841
785 1198
785 1731
785 1200
785 1842
785 1208
785 1213
785 1217
785 1229
785 1245
785 1255
785 1265
785 1266
785 1274
785 1015
785 1293
785 1303
785 1315
785 1329
785 1342
785 1348
785 1381
785 1399
785 1439
785 1640
785 1744
785 2134
785 1809
785 1670
785 1911
785 2137
785 1870
785 1686
785 1714
785 1717
785 2186
785 1935
785 2445
785 2452
785 2453
785 2468
785 2704
786 996
786 1466
786 849
786 877
786 1555
786 906
786 1561
786 1579
786 2523
786 1002
786 1004
786 1615
786 1047
787 1102
787 788
787 1472
787 810
787 832
787 1128
787 854
787 859
787 1135
787 1522
787 873
787 1547
787 2164
787 1560
787 921
787 1188
787 1233
787 1006
787 1011
787 1652
787 1458
787 2177
787 1672
787 1083
788 797
788 807
788 823
788 1143
788 1163
788 1183
788 1228
788 1254
788 1271
788 1660
788 949
788 791
788 1469
788 1543
788 805
788 1476
788 1118
788 816
788 817
788 1119
788 818
788 832
788 1125
788 837
788 841
788 843
788 1496
788 855
788 859
788 1132
788 1509
788 1518
788 1520
788 1526
788 1531
788 881
788 884
788 1826
788 1547
788 2099
788 2100
788 894
788 2103
788 2164
788 2165
788 1828
788 2166
788 909
788 1831
788 911
788 2596
788 1560
788 1167
788 919
788 2171
788 921
788 930
788 933
788 955
788 2902
788 1200
788 1845
788 1243
788 2121
788 1737
788 1853
788 2176
788 1819
788 1018
788 1444
788 2177
788 2182
788 2032
788 2183
788 2184
788 2185
788 1075
788 1082
788 2186
788 2187
788 2188
788 2189
788 2190
788 2191
788 1083
788 2192
788 2193
788 2194
788 1084
788 2195
788 2196
788 2197
788 2198
788 2199
788 2200
788 2689
788 2201
788 2012
789 793
789 797
789 806
789 820
789 1127
789 854
789 937
789 941
789 2558
789 1865
789 2006
789 1898
789 790
789 1542
789 795
789 798
789 1472
789 1473
789 819
789 829
789 1489
789 847
789 849
789 852
789 857
789 860
789 863
789 1511
789 1512
789 1136
789 1524
789 1527
789 879
789 1535
789 1146
789 1545
789 1993
789 2163
789 897
789 899
789 904
789 1161
789 1552
789 905
789 1553
789 1559
789 2114
789 1839
789 940
789 2553
789 964
789 1573
789 1576
789 2659
789 986
789 1592
789 1598
789 1604
789 1017
789 1025
789 2028
789 1030
789 1627
789 2563
789 1631
789 1632
789 2005
789 2564
789 1633
789 1456
789 1040
789 1432
789 2007
789 1041
789 1634
789 1635
789 1636
789 2546
789 2565
789 2662
789 1637
789 1638
789 1639
2957 1112
2957 1150
2957 1151
2957 1155
2957 1156
2957 1157
2957 1324
2957 2622
2957 2903
2957 2906
2957 2907
790 1105
790 793
790 806
790 807
790 814
790 820
790 823
790 1122
790 1481
790 831
790 1499
790 854
790 888
790 1163
790 937
790 1841
790 1584
790 1842
790 1203
790 1844
790 1228
790 1229
790 1274
790 1364
790 1376
790 1024
790 1031
790 1865
790 1744
790 1870
790 2017
790 1102
790 1101
790 1104
790 1466
790 1541
790 1112
790 792
790 1114
790 795
790 796
790 798
790 1475
790 809
790 810
790 1476
790 811
790 1477
790 1478
790 812
790 813
790 821
790 827
790 832
790 837
790 839
790 842
790 1128
790 1490
790 845
790 847
790 1494
790 849
790 1495
790 1496
790 855
790 856
790 857
790 1501
790 859
790 860
790 863
790 864
790 865
790 1512
790 1522
790 1525
790 871
790 1526
790 873
790 1529
790 1534
790 1536
790 1146
790 1148
790 889
790 1547
790 890
790 891
790 1993
790 1548
790 1994
790 1995
790 1827
790 1159
790 2100
790 1996
790 2101
790 2592
790 2162
790 2102
790 897
790 898
790 1453
790 2104
790 903
790 904
790 2166
790 2105
790 1162
790 905
790 2219
790 1830
790 2653
790 2107
790 2550
790 2108
790 908
790 2109
790 1164
790 909
790 2110
790 1831
790 910
790 2167
790 1833
790 1402
790 2113
790 2220
790 2168
790 2025
790 2551
790 915
790 2116
790 1167
790 1835
790 2169
790 918
790 919
790 1168
790 923
790 1178
790 928
790 929
790 1725
790 948
790 1181
790 1727
790 952
790 961
790 2599
790 1899
790 1585
790 1202
790 988
790 1213
790 1215
790 1735
790 2557
790 1592
790 1593
790 1003
790 1006
790 2122
790 1010
790 2677
790 1269
790 1015
790 2004
790 1311
790 1334
790 1018
790 1375
790 1381
790 1026
790 1028
790 2129
790 1621
790 2005
790 1040
790 1636
790 2133
790 1906
790 1751
790 2439
790 1654
790 1764
790 1777
790 1670
790 2177
790 2225
790 1911
790 1059
790 1671
790 1881
790 1882
790 1897
790 1066
790 2567
790 1672
790 2138
790 2139
790 2686
790 1067
790 2140
790 2179
790 2547
790 2571
790 2143
790 2144
790 2010
790 2226
790 1071
790 2145
790 2180
790 2148
790 2149
790 1680
790 1689
790 1081
790 2186
790 2016
790 1935
790 2668
790 2231
790 2232
790 2690
790 2208
790 2446
790 2022
790 2157
790 2161
790 2486
790 2588
2334 2982
2334 2984
2334 2985
2334 2986
791 797
791 1180
791 957
791 1183
791 1219
791 1228
791 1271
791 858
791 1554
791 995
791 1438
791 1102
791 2097
791 1465
791 1469
791 1543
791 1471
791 809
791 832
791 841
791 1130
791 850
791 859
791 1503
791 1146
791 1147
791 895
791 2593
791 1552
791 1829
791 2108
791 908
791 1831
791 919
791 1168
791 1837
791 2523
791 1187
791 1407
791 1207
791 1408
791 2602
791 1437
791 1411
791 2121
791 1008
791 1737
791 2122
791 1854
791 1285
791 1026
791 2487
791 2644
791 1424
791 2646
791 2539
791 1440
791 1443
791 1075
791 1463
791 2204
791 2648
791 2154
791 2209
792 1106
792 823
792 1499
792 878
792 951
792 958
792 1728
792 2558
792 796
792 808
792 810
792 847
792 860
792 908
792 1559
792 929
792 953
792 968
792 2097
792 1104
792 1477
792 1478
792 827
792 849
792 1495
792 1131
792 865
792 871
792 1147
792 1148
792 885
792 887
792 889
792 890
792 1993
792 1548
792 1994
792 1995
792 2592
792 1997
792 897
792 898
792 1160
792 1830
792 2106
792 2107
792 906
792 1164
792 910
792 911
792 912
792 2025
792 2114
792 915
792 2221
792 928
792 981
792 985
792 1854
792 1269
792 1015
792 1018
792 1025
792 1026
792 1027
792 1028
792 1029
792 1036
792 2133
792 1910
792 1779
792 1059
792 1064
792 1672
792 2139
792 1068
792 2144
792 2010
792 1071
792 2180
792 2146
792 2147
792 2580
792 2151
793 1105
793 1467
793 794
793 795
793 797
793 799
793 1472
793 806
793 1474
793 810
793 814
793 819
793 820
793 821
793 822
793 823
793 1122
793 1481
793 834
793 1127
793 1490
793 1492
793 1494
793 1129
793 854
793 856
793 857
793 1501
793 860
793 862
793 863
793 1505
793 864
793 1510
793 1515
793 866
793 1519
793 867
793 868
793 1524
793 1527
793 1529
793 877
793 1531
793 878
793 880
793 1533
793 1545
793 891
793 1993
793 1996
793 2115
793 1180
793 2000
793 940
793 957
793 2001
793 961
793 1571
793 967
793 1455
793 1581
793 1731
793 1591
793 1229
793 1735
793 998
793 1597
793 1598
793 1000
793 1002
793 1005
793 1605
793 1334
793 1364
793 1022
793 1615
793 1622
793 1634
793 1639
793 1042
793 1640
793 1744
793 1645
793 1747
793 1654
793 1658
793 1661
793 1049
793 1457
793 1458
793 1665
793 1052
793 1668
793 1814
793 1870
793 1671
793 1892
793 2547
793 2009
793 1072
793 2011
793 1680
793 1074
793 1075
793 1691
793 1698
793 1701
793 1709
793 1710
793 1719
793 2013
793 2016
793 2017
793 1096
794 1105
794 797
794 1472
794 814
794 819
794 834
794 1490
794 1494
794 1129
794 856
794 1503
794 863
794 1505
794 1136
794 867
794 868
794 1527
794 1529
794 877
794 1533
794 1545
794 1180
794 2000
794 940
794 957
794 1731
794 998
794 1597
794 1005
794 1334
794 1022
794 1615
794 1634
794 1639
794 1640
794 1645
794 1747
794 1654
794 1658
794 1458
794 1665
794 1667
794 1668
794 1870
794 1671
794 1892
794 2011
794 1074
794 1075
794 1691
794 1698
794 1709
794 2017
794 1937
795 1105
795 797
795 806
795 823
795 1120
795 862
795 1166
795 987
795 1223
795 1858
795 1744
795 1722
795 1469
795 1543
795 2097
795 1476
795 849
795 857
795 1502
795 863
795 865
795 1512
795 1133
795 868
795 1529
795 1535
795 1536
795 891
795 897
795 898
795 901
795 2104
795 903
795 904
795 1830
795 911
795 913
795 2669
795 2670
795 915
795 2671
795 2672
795 1834
795 932
795 950
795 963
795 985
795 2557
795 998
795 1598
795 1605
795 1854
795 1855
795 1277
795 1287
795 1017
795 1025
795 2532
795 2563
795 2005
795 1635
795 1640
795 1043
795 1813
795 1875
795 1877
795 1061
795 1066
795 2139
795 2547
795 1071
795 2016
795 2020
796 797
796 820
796 823
796 854
796 878
796 883
796 938
796 951
796 958
796 1731
796 1842
796 1591
796 1744
796 1660
796 1769
796 1809
796 1088
796 1471
796 808
796 1478
796 812
796 815
796 816
796 817
796 819
796 1480
796 827
796 832
796 839
796 1490
796 1492
796 855
796 860
796 1505
796 1518
796 1520
796 868
796 873
796 1530
796 876
796 877
796 1995
796 894
796 2169
796 931
796 955
796 961
796 971
796 1900
796 1226
796 1016
796 1743
796 1747
796 1910
796 1458
796 1779
796 1667
796 1792
796 1813
796 1068
796 1714
796 1081
797 1102
797 1722
797 1465
797 1472
797 806
797 807
797 808
797 1478
797 814
797 1118
797 817
797 819
797 820
797 1480
797 823
797 1123
797 827
797 829
797 1482
797 834
797 1125
797 839
797 1486
797 1127
797 1489
797 843
797 1492
797 849
797 1495
797 1496
797 852
797 854
797 859
797 860
797 862
797 863
797 864
797 1510
797 1517
797 868
797 1521
797 1524
797 1527
797 1529
797 1530
797 876
797 1531
797 878
797 879
797 1533
797 887
797 2109
797 913
797 2168
797 1999
797 929
797 1180
797 1564
797 931
797 935
797 941
797 1840
797 2554
797 957
797 2001
797 961
797 962
797 964
797 986
797 1239
797 1437
797 1598
797 1005
797 1015
797 1016
797 1293
797 1295
797 1026
797 1029
797 1031
797 1039
797 2006
797 2007
797 1041
797 1042
797 1043
797 1747
797 1049
797 1767
797 1769
797 1663
797 1779
797 1809
797 1056
797 1813
797 1671
797 1892
797 1672
797 1071
797 2031
797 2068
797 1075
797 1691
797 1698
797 1714
797 1720
797 1081
797 2017
797 1087
797 1088
797 2022
797 2586
797 2024
798 806
798 878
798 934
798 1898
798 1567
798 1466
798 849
798 1512
798 1993
798 904
798 905
798 2220
798 2049
798 1023
798 2051
798 2575
798 1677
798 1080
798 2521
798 2215
799 1122
799 858
799 949
799 1596
799 1102
799 1543
799 818
799 1503
799 1511
799 879
799 1544
799 884
799 895
799 1557
799 2112
799 1403
799 2674
799 1563
799 1565
799 936
799 1568
799 940
799 1571
799 1436
799 966
799 970
799 2630
799 1406
799 1576
799 1582
799 1186
799 1586
799 1207
799 1408
799 1849
799 1409
799 2059
799 1598
799 1413
799 1414
799 1607
799 2175
799 1415
799 1285
799 1615
799 1620
799 1624
799 1625
799 1647
799 2136
799 2578
799 2150
799 1684
799 1434
799 1693
799 2632
799 2152
806 1825
806 1542
806 1113
806 1473
806 807
806 1474
806 808
806 1475
806 810
806 1476
806 811
806 1477
806 814
806 1118
806 820
806 821
806 823
806 1123
806 1481
806 1483
806 1127
806 1488
806 1489
806 1128
806 1490
806 847
806 849
806 1498
806 852
806 854
806 856
806 857
806 859
806 860
806 862
806 1504
806 863
806 1505
806 864
806 1511
806 1512
806 1515
806 866
806 868
806 1524
806 1525
806 1527
806 876
806 1531
806 878
806 879
806 883
806 1148
806 884
806 888
806 1996
806 2163
806 1828
806 1161
806 2219
806 1557
806 2167
806 2220
806 2552
806 929
806 1564
806 1836
806 934
806 935
806 937
806 940
806 943
806 945
806 947
806 1726
806 952
806 1841
806 1571
806 963
806 964
806 1728
806 1573
806 978
806 1584
806 1899
806 1729
806 2657
806 1588
806 985
806 1196
806 1731
806 987
806 988
806 2558
806 2544
806 1596
806 998
806 1600
806 999
806 1602
806 1002
806 1604
806 1010
806 1859
806 1282
806 1295
806 1017
806 1334
806 1388
806 1393
806 1024
806 2532
806 2051
806 1033
806 1035
806 1624
806 1627
806 2005
806 1633
806 1865
806 1040
806 1432
806 1635
806 1636
806 1042
806 2133
806 1658
806 1048
806 1661
806 1049
806 1769
806 1053
806 1809
806 1870
806 1671
806 1875
806 1064
806 1068
806 2574
806 2182
806 1688
806 1074
806 1691
806 1077
806 1698
806 1705
806 1715
806 1721
806 2033
806 2013
806 2014
806 2035
806 2015
806 1088
806 1094
806 2927
806 2668
806 2018
806 2354
807 1103
807 1105
807 1116
807 1102
807 1992
807 810
807 1478
807 1125
807 837
807 1127
807 1128
807 854
807 862
807 1505
807 1512
807 869
807 1143
807 876
807 1531
807 878
807 888
807 891
807 1995
807 1159
807 2103
807 2653
807 1163
807 909
807 934
807 935
807 1726
807 964
807 2049
807 1729
807 1196
807 1203
807 1207
807 1213
807 1242
807 2222
807 995
807 2176
807 1390
807 1392
807 1035
807 1052
807 1053
807 1782
807 1785
807 1057
807 1870
807 2229
807 1687
807 1688
807 2663
808 1474
808 823
808 1481
808 878
808 1842
808 812
808 832
808 839
808 1531
808 931
808 1010
808 2004
808 1388
808 1068
808 1676
810 1103
810 1105
810 1116
810 820
810 1481
810 1126
810 835
810 1127
810 1134
810 1135
810 1142
810 1143
810 1144
810 888
810 1163
810 1166
810 1170
810 1836
810 934
810 938
810 947
810 1726
810 1183
810 1195
810 1196
810 1197
810 1731
810 987
810 1203
810 1212
810 1219
810 1228
810 1237
810 1261
810 1014
810 1271
810 1858
810 1333
810 1392
810 1398
810 1024
810 1744
810 1053
810 1809
810 1870
810 1060
810 1898
810 995
810 1850
810 1102
810 1104
810 1466
810 1467
810 1540
810 1110
810 1111
810 1476
810 811
810 821
810 1123
810 1483
810 1128
810 1490
810 1130
810 1132
810 863
810 1512
810 1138
810 871
810 1535
810 1545
810 1995
810 1159
810 1997
810 898
810 2653
810 1164
810 1831
810 1832
810 1167
810 1169
810 1171
810 1174
810 922
810 1176
810 1838
810 1182
810 1185
810 1188
810 1194
810 1198
810 1199
810 1200
810 1214
810 1215
810 1224
810 990
810 1232
810 1233
810 1234
810 1235
810 1239
810 1240
810 1242
810 1247
810 1597
810 1004
810 1606
810 1852
810 1853
810 1009
810 2923
810 1260
810 1855
810 1611
810 1859
810 1282
810 1016
810 1323
810 1375
810 1390
810 1026
810 1035
810 2005
810 1741
810 1869
810 2135
810 1658
810 1661
810 1785
810 1875
810 1061
810 1886
810 1064
810 1707
810 2033
810 2520
2890 850
2890 925
2890 927
2890 1186
2890 1207
2890 1326
2890 1403
2890 1404
2890 1406
2890 1407
2890 1408
2890 1422
2890 1440
2890 2488
2890 2498
2890 2539
2891 946
2891 980
2891 1102
2891 1187
2891 1285
2891 1408
2891 1420
2891 1421
2891 1424
2891 1425
2891 1818
2891 2129
2891 2204
2891 2643
2891 2644
2891 2645
2891 2648
2891 2674
809 1103
809 831
809 1135
809 1102
809 2097
809 1110
809 1111
809 1112
809 1114
809 850
809 1139
809 872
809 1530
809 1146
809 891
809 1993
809 1549
809 1827
809 895
809 2101
809 1453
809 907
809 2108
809 908
809 1831
809 912
809 2112
809 1402
809 2114
809 919
809 1168
809 1171
809 2674
809 1178
809 946
809 1185
809 1186
809 979
809 1205
809 1207
809 1213
809 1225
809 1248
809 1249
809 1253
809 1408
809 1592
809 1410
809 1411
809 1415
809 1257
809 1416
809 1417
809 1863
809 1285
809 1301
809 1304
809 1316
809 1389
809 1419
809 2487
809 2129
809 2130
809 2489
809 2562
809 1426
809 2680
809 1427
809 2483
809 2438
809 1430
809 2134
809 2682
809 2137
809 1059
809 2012
809 2446
809 2157
805 811
805 813
805 817
805 1119
805 819
805 843
805 1491
805 859
805 1534
805 1826
805 894
805 2165
805 919
805 921
805 933
805 1838
805 1724
805 1725
805 1181
805 1727
805 953
805 1577
805 1737
805 1259
805 1390
805 2678
805 1664
805 2140
805 1075
805 2186
805 2193
811 1105
811 1122
811 995
811 1476
811 813
811 819
811 1483
811 849
811 856
811 863
811 1534
811 1833
811 1838
811 1724
811 1725
811 1181
811 2048
811 1727
811 1235
811 1259
811 1390
811 2678
811 2546
811 2565
811 1664
811 2140
811 2036
811 2057
812 831
812 1898
812 1478
812 817
812 1484
812 855
812 2101
812 1829
812 948
812 2537
812 2035
813 1769
813 1476
813 849
813 856
813 1534
813 1996
813 1833
813 2220
813 1838
813 1724
813 1725
813 1181
813 1727
813 953
813 1259
813 1390
813 2565
813 1664
813 1671
813 2570
813 2140
814 1105
814 1472
814 819
814 821
814 1127
814 1490
814 1494
814 849
814 854
814 864
814 878
814 1533
814 2000
814 1725
814 1014
814 1295
814 1334
814 1392
814 1024
814 1025
814 1042
814 1747
814 1870
814 1671
814 1886
814 1699
814 2033
814 2445
815 862
815 949
815 1503
815 867
815 873
815 877
815 885
815 1566
815 940
815 1186
815 2222
815 1414
815 1285
815 1034
815 1037
816 858
816 817
816 819
816 837
816 855
816 2165
816 921
816 955
816 2099
816 894
816 818
816 843
816 2164
816 909
816 1119
816 876
816 881
816 882
816 884
816 1826
816 1547
816 1828
816 1243
816 2181
816 2187
816 2194
816 2212
816 2213
817 823
817 1469
817 1475
817 1119
817 818
817 829
817 1125
817 837
817 843
817 855
817 859
817 869
817 881
817 1147
817 1826
817 2101
817 921
817 932
817 2174
817 1737
817 1854
817 1269
817 1084
817 2154
817 2616
818 837
818 873
818 1544
818 921
818 1436
818 1478
818 1119
818 1518
818 1520
818 1523
818 884
818 1826
818 919
818 977
818 1046
818 1083
818 2194
818 2202
818 1096
818 1099
818 1451
818 2213
819 820
819 823
819 1127
819 854
819 866
819 957
819 1744
819 1056
819 2031
819 1691
819 1480
819 821
819 1486
819 1490
819 1492
819 857
819 859
819 860
819 1515
819 1521
819 1530
819 1545
819 894
819 921
819 2000
819 953
819 967
819 1575
819 1729
819 1022
819 2678
819 1639
819 1640
819 1758
819 1670
819 1895
819 2547
819 2009
819 1701
819 2156
820 1105
820 1542
820 1115
820 1480
820 821
820 1481
820 831
820 1127
820 1489
820 1129
820 852
820 860
820 866
820 1519
820 868
820 1521
820 1142
820 1529
820 876
820 878
820 888
820 1158
820 2025
820 1167
820 1836
820 935
820 938
820 943
820 954
820 960
820 963
820 1731
820 1591
820 1843
820 1844
820 1215
820 1237
820 998
820 1597
820 1000
820 1002
820 1006
820 1016
820 2004
820 1019
820 1020
820 1021
820 1364
820 1022
820 1375
820 1376
820 1392
820 1024
820 2224
820 1033
820 2006
820 2007
820 1042
820 1640
820 1744
820 1645
820 1867
820 1660
820 1770
820 1051
820 1669
820 1798
820 1809
820 1670
820 1811
820 1813
820 1814
820 1671
820 1680
820 1077
820 1702
820 1707
820 2033
820 2013
820 2016
820 2017
820 1100
820 2538
821 1105
821 1474
821 1481
821 1126
821 1127
821 854
821 1143
821 880
821 888
821 1836
821 934
821 937
821 938
821 957
821 1728
821 1731
821 1237
821 1019
821 1392
821 1024
821 2603
821 1660
821 1049
821 1892
821 1896
821 2031
821 2054
821 1476
821 1483
821 842
821 1490
821 1501
821 953
821 1466
821 1467
821 1541
821 885
821 986
821 1817
821 2016
821 981
821 1851
821 1782
821 877
821 1477
821 1480
821 1494
821 1129
821 1502
821 864
821 1235
821 999
821 1009
821 1282
821 1388
821 1634
821 1747
821 1669
821 1801
821 1061
821 1886
821 1068
821 1689
821 1699
821 2033
821 2014
821 2940
821 2015
821 2206
821 2056
821 2040
821 2057
821 2058
822 823
822 1499
822 839
822 863
822 879
822 1567
822 936
822 1571
822 1466
822 1211
822 1781
822 1529
822 2540
822 2837
2436 2449
2436 2457
823 1466
823 1118
823 827
823 834
823 839
823 1486
823 841
823 1130
823 854
823 859
823 860
823 862
823 863
823 1509
823 869
823 1524
823 1529
823 1531
823 878
823 879
823 1148
823 2116
823 921
823 1177
823 931
823 936
823 1182
823 967
823 972
823 1405
823 2003
823 1573
823 1229
823 1409
823 1258
823 2004
823 2028
823 1769
823 1053
823 2571
823 1434
823 1075
823 1701
823 1705
823 2024
2437 831
2437 1102
2437 1148
2437 1213
2437 1229
2437 1348
2437 1372
2437 1379
2437 1382
2437 2035
2437 2134
2437 2438
2437 2439
2437 2740
2437 2966
2438 1185
2438 1213
2438 1225
2438 1249
2438 1304
2438 1336
2438 2680
2439 831
2439 1102
2439 1112
2439 1148
2439 1185
2439 1213
2439 1229
2439 1241
2439 1292
2439 1348
2439 1372
2439 1382
2439 2134
2439 2444
2439 2735
2439 2740
2440 1269
2440 1280
2440 1996
2440 2122
834 1126
834 854
834 878
834 2554
834 957
834 1042
834 1049
834 863
834 868
834 879
834 1998
834 2000
834 931
834 1542
834 1081
834 2011
834 875
834 1472
834 1124
834 1136
834 1605
834 1258
834 2007
834 2015
835 1105
835 1110
835 1475
835 1142
835 934
835 1726
835 1247
835 1250
835 2558
835 1858
835 1392
827 831
827 1499
827 878
827 937
827 951
827 954
827 958
827 1728
827 1842
827 1844
827 1870
827 1490
827 847
827 1492
827 855
827 860
827 2101
827 1559
827 967
827 968
827 1827
827 2099
827 887
827 849
827 2106
827 1478
827 1994
827 1006
827 2009
827 1719
827 891
827 2025
827 871
827 897
827 857
827 1995
827 903
827 904
827 909
827 910
827 2557
827 1025
827 829
827 865
827 1525
827 1536
827 1997
827 2594
827 2107
827 906
827 2167
827 2168
827 915
827 2116
827 2552
827 1269
827 1627
827 2133
827 2686
827 2144
827 2577
827 2180
827 2579
827 2580
827 2012
827 1935
827 2151
827 2233
827 2155
827 2156
827 2587
827 2616
829 1107
829 1122
829 854
829 1158
829 941
829 1123
829 855
829 867
829 2097
829 1467
829 1542
829 986
829 891
829 1581
829 1040
829 1025
829 1477
829 1502
829 1136
829 881
829 1146
829 1560
829 1295
829 1710
829 2495
829 2496
829 2616
831 1105
831 1107
831 1102
831 1722
831 1104
831 1110
831 1112
831 1468
831 1478
831 832
831 1124
831 1125
831 837
831 1485
831 839
831 1490
831 849
831 1495
831 1496
831 852
831 1499
831 1507
831 878
831 1146
831 1148
831 889
831 1547
831 1994
831 1995
831 1996
831 2592
831 2163
831 1997
831 1452
831 2103
831 1453
831 2594
831 1162
831 2107
831 906
831 2550
831 1163
831 908
831 2109
831 1831
831 2111
831 2168
831 2025
831 1559
831 1835
831 918
831 1171
831 1178
831 2000
831 935
831 954
831 958
831 963
831 964
831 2599
831 1185
831 1585
831 1200
831 1842
831 1591
831 1843
831 1844
831 1213
831 1248
831 1592
831 1000
831 1006
831 2923
831 1269
831 1291
831 1347
831 1372
831 1024
831 2224
831 1421
831 2679
831 1744
831 1642
831 1669
831 1801
831 1055
831 1670
831 1814
831 2684
831 2137
831 1870
831 1881
831 1063
831 1897
831 1066
831 2571
831 2144
831 2010
831 2147
831 2149
831 2227
831 1694
831 2186
831 2035
831 1935
831 2151
831 1463
831 2154
831 2156
831 2444
831 2445
831 2447
831 2456
831 2460
831 2466
831 2210
831 2616
831 2699
831 2701
831 2703
831 2714
831 2722
831 2735
831 2736
831 2737
831 2738
831 2739
831 2740
831 2741
831 2742
832 1731
832 1228
832 1271
832 858
832 1898
832 949
832 1471
832 1473
832 1478
832 837
832 841
832 848
832 855
832 859
832 1513
832 1520
832 1522
832 873
832 876
832 884
832 1826
832 2164
832 1829
832 2111
832 2116
832 930
832 972
832 1243
832 1006
832 2175
832 1011
832 1012
832 1013
832 1442
832 1443
832 2683
832 1046
832 2566
832 2147
832 1082
832 1084
832 2203
832 1091
832 1099
837 1254
837 858
837 1850
837 1471
837 1466
837 1475
837 1125
837 841
837 855
837 859
837 1509
837 1520
837 1523
837 881
837 882
837 1544
837 884
837 1826
837 1547
837 2099
837 2100
837 2163
837 2103
837 1828
837 1829
837 908
837 1849
837 2175
837 1032
837 1650
837 1673
837 2181
837 2186
837 2212
837 1451
841 840
841 1107
841 1120
841 1143
841 1731
841 1219
841 1228
841 1271
841 858
841 1850
841 1469
841 855
841 876
841 1993
841 2163
841 2108
841 908
841 911
841 912
841 913
841 1837
841 1008
841 1264
841 1329
841 1032
841 1441
841 1442
841 1443
841 1449
842 1106
842 1127
842 1229
842 1274
842 1870
842 1691
842 1123
842 1104
842 1117
842 1136
842 867
842 1547
842 891
842 986
842 1303
842 1315
842 1346
842 2938
838 839
838 2103
838 1485
838 1092
843 869
843 2165
843 921
843 932
843 933
843 894
843 1509
843 881
843 1826
843 1828
843 1829
843 1737
843 2181
843 2187
843 1084
843 2213
839 1031
839 1478
839 1485
839 1531
839 896
839 2540
839 909
839 2220
839 931
839 932
839 933
839 967
839 968
839 2004
839 2144
839 1092
839 2714
839 2732
840 1219
840 1469
840 855
840 891
840 2108
840 908
840 912
840 2112
840 1441
840 1443
2442 1207
2442 1213
2442 1229
2442 1382
2442 2467
2442 2941
2444 1213
2444 1229
2444 1292
2444 1382
849 847
849 1106
849 1107
849 1499
849 878
849 934
849 937
849 954
849 958
849 1844
849 2558
849 1274
849 2006
849 1744
849 1102
849 1476
849 1489
849 859
849 860
849 1511
849 2101
849 2163
849 900
849 908
849 1559
849 914
849 929
849 1567
849 943
849 1569
849 945
849 1725
849 952
849 956
849 2001
849 1571
849 964
849 2097
849 1104
849 1466
849 1541
849 1111
849 1542
849 1827
849 901
849 889
849 1478
849 1495
849 1496
849 865
849 1512
849 1525
849 871
849 1536
849 1146
849 1148
849 1547
849 890
849 891
849 1993
849 1548
849 1994
849 1549
849 1995
849 2100
849 1996
849 2592
849 2162
849 1997
849 1452
849 897
849 898
849 899
849 2103
849 1453
849 2104
849 1160
849 903
849 904
849 1552
849 2105
849 1162
849 905
849 2219
849 1830
849 2106
849 2107
849 906
849 907
849 2550
849 2108
849 2109
849 1164
849 909
849 2110
849 910
849 2111
849 2167
849 1558
849 1833
849 2113
849 2220
849 2168
849 2025
849 2551
849 2114
849 915
849 916
849 2552
849 1561
849 1562
849 2117
849 1167
849 1835
849 928
849 1573
849 1185
849 1899
849 1733
849 2557
849 1592
849 1593
849 993
849 1004
849 1006
849 2122
849 1269
849 1015
849 1383
849 1613
849 1025
849 1026
849 1027
849 1028
849 2128
849 1615
849 2561
849 2679
849 1036
849 2871
849 1624
849 1039
849 2563
849 2005
849 1633
849 1432
849 1636
849 1637
849 2133
849 1047
849 2566
849 2136
849 2872
849 1911
849 1897
849 1066
849 2567
849 2138
849 2139
849 1068
849 2569
849 2140
849 1070
849 2572
849 2143
849 2144
849 2010
849 1071
849 2145
849 2011
849 2180
849 2146
849 2579
849 1677
849 2147
849 2149
849 2688
849 2900
849 2183
849 1692
849 1696
849 1460
849 1080
849 2186
849 2012
849 2151
849 2232
849 2155
849 2690
849 2208
849 2445
849 2210
849 2693
849 2157
849 2158
849 2531
849 2215
849 2161
849 2706
849 2707
849 2708
850 1107
850 878
850 1180
850 2097
850 1152
850 1995
850 912
850 2114
850 918
850 919
850 1403
850 946
850 966
850 1186
850 1407
850 979
850 1207
850 1408
850 1411
850 1006
850 1863
850 1285
850 1389
850 1026
850 2487
850 2838
850 2545
850 1034
850 1430
850 1440
850 2137
850 2012
850 2151
845 1163
845 847
845 1827
845 1159
845 2101
845 1688
2345 2346
847 957
847 1478
847 1492
847 860
847 1511
847 875
847 1535
847 884
847 891
847 1993
847 897
847 898
847 899
847 2164
847 904
847 2113
847 915
847 2116
847 2117
847 929
847 963
847 974
847 1573
847 1593
847 1334
847 1018
847 1025
847 2563
847 2005
847 2139
847 1071
847 1676
847 1695
848 1121
848 1482
848 858
848 949
848 1543
848 1491
848 1518
848 930
848 1847
852 1481
852 1499
852 935
852 1591
852 1844
852 1347
852 1865
852 1814
852 2013
852 1490
852 964
852 1000
852 1078
852 1519
852 1642
852 1782
852 2010
852 1095
852 1448
2445 860
2445 864
2445 878
2445 915
2445 957
2445 958
2445 1025
2445 1066
2445 1068
2445 1229
2445 1315
2445 1609
2445 1722
2445 1733
2445 1735
2445 1741
2445 1744
2445 1764
2445 1813
2445 1844
2445 1870
2445 1906
2445 1911
2445 1935
2445 1998
2445 2009
2445 2024
2445 2097
2445 2114
2445 2122
2445 2132
2445 2133
2445 2139
2445 2156
2445 2157
2445 2225
2445 2231
2445 2232
2445 2586
2445 2584
2445 2458
2445 2726
2347 2348
858 855
858 1121
858 1482
858 1271
858 2097
858 1119
858 1491
858 1549
858 2163
858 908
858 1402
858 1169
858 1175
858 930
858 949
858 952
858 959
858 2902
858 1847
858 1251
858 995
858 1850
858 1607
858 1008
858 1277
858 1316
858 1025
858 1032
858 2518
858 2131
858 1054
858 1098
858 1449
858 2152
858 2213
856 934
856 1728
856 1731
856 1744
856 1476
856 1466
856 2220
856 933
856 1838
856 1724
856 1727
856 961
856 969
856 1016
856 1311
856 2028
856 1634
856 1636
856 2565
856 2133
856 1658
856 1671
856 2014
856 2016
856 2055
856 2668
856 2708
857 1142
857 878
857 1166
857 1179
857 1223
857 1271
857 996
857 863
857 1511
857 879
857 950
857 1466
857 901
857 1588
857 2049
857 2657
857 2005
857 1043
857 2032
857 1461
857 2020
857 898
857 899
857 904
857 1552
857 2540
857 913
857 1242
857 1598
857 1263
857 1283
857 1287
857 1017
857 1640
857 1045
857 1059
857 1061
857 1700
857 1718
2446 865
2446 1015
2446 1086
2446 1213
2446 1269
2446 1506
2446 1525
2446 1761
2446 1778
2446 1906
2446 1911
2446 2011
2446 2017
2446 2100
2446 2122
2446 2168
2446 2215
2446 2231
2446 2232
2446 2579
2446 2610
2446 2450
2446 2531
862 1503
862 1519
862 877
862 878
862 883
862 888
862 1566
862 940
862 943
862 1181
862 957
862 1584
862 984
862 1595
862 1596
862 998
862 1598
862 1600
862 999
862 1602
862 1003
862 1603
862 1005
862 1007
862 1605
862 2051
862 1635
862 1042
862 1640
862 1642
862 1663
862 1877
862 1072
862 1074
862 1077
862 1719
855 854
855 1121
855 1143
855 949
855 1469
855 1490
855 1478
855 1119
855 1495
855 871
855 1526
855 881
855 1147
855 1547
855 890
855 2099
855 1827
855 2100
855 894
855 2164
855 2165
855 1160
855 1828
855 1161
855 908
855 1164
855 911
855 912
855 921
855 1243
855 1008
855 2175
855 1011
855 1012
855 1013
855 1854
855 1259
855 1018
855 2130
855 2144
855 2032
855 2185
855 1079
855 1449
855 2205
855 2209
855 2212
855 2616
864 1105
864 1127
864 1024
864 2017
864 1722
864 2011
864 1458
864 877
864 1025
864 2167
864 1295
864 1334
864 1747
864 2225
864 1911
864 1886
864 1699
864 2015
864 1935
864 2156
864 2215
864 2058
2447 1269
2447 2122
2447 2755
859 1056
859 949
859 1475
859 1522
859 873
859 879
859 1826
859 2164
859 2165
859 2106
859 2110
859 2116
859 919
859 920
859 921
859 1177
859 924
859 930
859 931
859 972
859 1573
859 1207
859 1408
859 1409
859 1737
859 1011
859 1025
859 1036
859 1046
859 1082
859 1083
859 2192
859 2012
859 1091
859 2616
859 2860
860 854
860 1122
860 1481
860 878
860 957
860 958
860 1842
860 1591
860 1031
860 1865
860 1744
860 1809
860 1870
860 1722
860 1490
860 1500
860 1495
860 1511
860 1525
860 891
860 1993
860 1994
860 2592
860 897
860 899
860 903
860 1552
860 1829
860 2106
860 2107
860 2116
860 1560
860 1998
860 945
860 1735
860 1006
860 1015
860 2537
860 2005
860 1638
860 1639
860 2062
860 1779
860 1668
860 1911
860 1066
860 2139
860 2547
860 2571
860 1069
860 1071
860 1081
860 2151
860 2156
863 854
863 1499
863 957
863 1042
863 1898
863 1596
863 1992
863 2629
863 1473
863 1123
863 1492
863 1466
863 1477
863 1510
863 1511
863 1512
863 1138
863 1529
863 879
863 1535
863 903
863 904
863 913
863 1559
863 2114
863 2118
863 929
863 931
863 1567
863 936
863 1568
863 940
863 1569
863 1570
863 950
863 1182
863 1571
863 974
863 2003
863 1573
863 1588
863 1193
863 2836
863 1409
863 1598
863 1605
863 1612
863 1303
863 1383
863 1384
863 1613
863 1025
863 1623
863 1627
863 2563
863 2005
863 1432
863 1635
863 1637
863 1638
863 1640
863 1644
863 1645
863 1647
863 1043
863 1063
863 2567
863 1072
863 1685
863 1693
863 1694
863 1700
863 1460
863 1721
863 1461
863 2842
863 2020
863 2021
863 2585
2449 2457
2449 2459
2449 2826
865 878
865 1274
865 1870
865 2097
865 2114
865 1478
865 1994
865 1006
865 2011
865 891
865 871
865 897
865 2103
865 1015
865 1995
865 1835
865 1025
865 1525
865 1536
865 1547
865 1997
865 2110
865 2595
865 911
865 2168
865 2116
865 2128
865 2561
865 1911
865 2686
865 2144
865 1071
865 2579
865 2147
865 2155
865 2610
865 2207
865 2530
865 2711
865 2712
866 1481
866 1489
866 1519
866 1158
866 2025
866 1180
866 935
866 939
866 941
866 954
866 1610
866 1019
866 1024
866 1642
866 1660
866 1770
866 1055
866 1814
866 1062
866 1063
866 1681
866 1694
866 1095
866 1448
866 2538
866 2039
873 878
873 1478
873 1520
873 1522
873 1526
873 884
873 2592
873 2171
873 2673
873 921
873 977
873 1006
873 1011
873 2535
873 1046
873 2536
873 1082
873 1099
873 2204
873 2611
873 2860
873 2216
873 2714
867 1116
867 1170
867 1123
867 1466
867 1467
867 1136
867 1137
867 1138
867 1529
867 1174
867 1597
867 1854
867 1295
867 1346
867 1037
868 854
868 1127
868 2554
868 957
868 1042
868 1049
868 1809
868 1870
868 2017
868 1087
868 1489
868 1492
868 1472
868 1488
868 1518
868 1520
868 1529
868 876
868 877
868 2109
868 2168
868 1999
868 986
868 1040
868 2007
868 1747
868 1068
868 1698
868 2022
868 2586
875 1106
875 1554
875 1503
875 1402
875 956
875 2172
875 2097
875 1114
875 2060
875 890
875 2114
875 1041
875 2556
875 891
875 2027
875 1547
875 2593
875 1557
875 1165
875 2112
875 993
875 1025
875 2564
876 1731
876 1024
876 1505
876 932
876 933
876 955
876 894
876 1393
876 1529
876 2022
869 1495
869 1531
869 932
869 974
869 975
869 1084
869 2197
869 1090
871 954
871 957
871 2227
871 1492
871 921
871 940
871 953
871 2001
871 2097
871 889
871 1478
871 2592
871 1553
871 2611
871 1006
871 891
871 978
871 1498
871 1517
871 1995
871 1996
871 2162
871 1997
871 1452
871 2103
871 1453
871 2594
871 1557
871 2107
871 906
871 2550
871 2109
871 909
871 1579
871 2902
871 976
871 985
871 1026
871 1619
871 2177
871 2605
871 1064
871 2180
871 1707
871 2617
871 2619
872 1170
872 1514
872 1175
872 1234
2454 2455
874 1617
2456 1881
2456 2463
2456 2721
2456 2744
2456 2760
2456 2829
877 1127
877 883
877 1584
877 1503
877 940
877 1181
877 885
877 1546
877 889
877 1000
877 1618
877 1519
877 1602
877 1557
877 1589
877 1002
877 1026
877 1657
877 1663
877 1064
877 1068
877 1720
878 854
878 1106
878 1107
878 1122
878 1127
878 1722
878 1131
878 1501
878 1505
878 1525
878 1531
878 880
878 1533
878 1535
878 889
878 1547
878 1995
878 1996
878 1997
878 897
878 898
878 2165
878 904
878 905
878 2106
878 2107
878 1164
878 912
878 2220
878 2552
878 2675
878 1998
878 932
878 935
878 938
878 941
878 1818
878 1725
878 946
878 951
878 952
878 957
878 2001
878 958
878 961
878 1844
878 1229
878 1735
878 1592
878 998
878 1006
878 1015
878 1315
878 1375
878 2127
878 2224
878 1036
878 1039
878 2005
878 1865
878 1640
878 1744
878 1653
878 1049
878 1781
878 1786
878 1814
878 1911
878 1870
878 1895
878 1897
878 1066
878 2138
878 2139
878 2686
878 2140
878 2143
878 2145
878 2180
878 2579
878 2148
878 1687
878 1696
878 1714
878 1081
878 2186
878 2201
878 2012
878 1935
878 2151
878 2610
878 2207
878 2156
878 2210
878 2215
878 2161
879 1122
879 934
879 1042
879 1049
879 1596
879 1503
879 1511
879 2097
879 1512
879 1527
879 2114
879 931
879 936
879 1568
879 940
879 1569
879 1570
879 950
879 952
879 1571
879 2049
879 2003
879 1573
879 1575
879 2836
879 1409
879 1598
879 1258
879 1350
879 1025
879 1623
879 2563
879 2564
879 1637
879 1640
879 1647
879 1662
879 1055
879 1072
879 1677
879 2149
879 1683
879 1075
879 1690
879 1719
879 2582
880 854
880 1127
880 1466
880 986
880 1024
880 1747
881 921
881 955
881 894
881 1520
881 1523
881 882
881 1243
881 1012
881 1013
881 2176
881 2566
881 2194
881 2212
881 2616
882 1824
882 1170
882 1179
882 1237
882 1271
882 1159
882 1520
882 1523
882 911
882 2909
882 2604
882 1874
882 2512
882 2513
882 2212
883 1490
883 1519
883 1546
883 1566
883 1836
883 935
883 939
883 940
883 943
883 951
883 961
883 964
883 2665
883 1584
883 2050
883 1729
883 1595
883 998
883 999
883 1602
883 1000
883 1002
883 1003
883 1603
883 1005
883 1006
883 1010
883 1616
883 1033
883 1738
883 1048
883 1772
883 1051
883 1668
883 1799
883 1808
883 1072
883 1074
883 1716
883 2013
883 1086
883 1090
883 2917
884 1544
884 968
884 1046
884 1099
884 1478
884 1655
884 2164
884 1667
884 2213
884 2860
885 1898
885 995
885 940
885 1466
885 1519
885 1546
885 975
885 1586
885 1002
885 1004
885 1009
885 1026
885 1616
885 1035
885 1618
885 1045
885 1663
885 1064
885 1673
885 1675
885 1696
885 1720
885 2475
886 1120
886 1438
886 1466
886 1837
886 1570
886 1193
886 2174
886 1008
886 2660
886 1259
886 2662
886 1442
886 1447
886 2370
886 2894
2457 2459
2457 2826
887 1728
887 962
887 1995
887 897
887 910
887 981
887 2651
887 1026
887 1029
887 1672
894 1531
894 2101
894 2165
894 921
894 955
894 1119
894 1826
894 1547
894 2100
894 2164
894 2166
894 909
894 2110
894 911
894 919
894 2173
894 1737
894 1013
894 1018
894 2177
894 2182
894 2186
894 2190
894 1083
894 2192
894 2194
894 2196
894 2197
894 2212
894 2616
895 891
895 996
895 1544
895 908
895 940
895 952
895 956
895 2097
895 2222
895 2059
895 2114
895 1993
895 1549
895 1995
895 1551
895 1453
895 1555
895 2499
895 1557
895 2108
895 1558
895 2112
895 1168
895 976
895 1582
895 2556
895 991
895 1593
895 993
895 1598
895 1413
895 1004
895 1607
895 1257
895 1025
895 1418
895 2562
895 1426
895 1619
895 2029
895 1651
895 1674
895 2229
895 2918
888 854
888 1103
888 1105
888 1116
888 1127
888 1512
888 934
888 1726
888 1196
888 1211
888 1242
888 1004
888 1009
888 1014
888 1392
888 1024
888 1060
889 942
889 952
889 2001
889 2097
889 2222
889 1146
889 1547
889 891
889 1995
889 2102
889 1452
889 2103
889 1453
889 1160
889 2107
889 2114
889 2221
889 974
889 1592
889 1002
889 1006
889 1016
889 1025
889 1036
889 1039
889 2566
889 1064
889 2686
889 2180
889 1696
889 1090
889 1937
889 2156
889 2210
898 890
898 891
898 897
898 996
898 1511
898 908
898 1402
898 914
898 2097
898 901
898 2005
898 1993
898 1027
898 2871
898 899
898 904
898 905
898 1830
898 2108
898 910
898 2113
898 915
898 916
898 928
898 985
898 2557
898 1592
898 1594
898 1287
898 1017
898 1025
898 1028
898 1044
898 1059
898 2567
898 1672
898 2138
898 2569
898 2142
898 2576
898 1718
898 1721
898 2582
898 2709
899 897
899 1511
899 2553
899 2114
899 2005
899 1593
899 903
899 904
899 974
899 1592
899 1605
899 1287
899 2563
899 2564
899 1432
899 1067
899 2142
899 1695
899 1718
896 891
896 1166
896 1744
896 1870
896 1531
896 1478
896 1994
896 1996
896 1831
896 986
896 1015
896 2024
897 890
897 891
897 1042
897 1511
897 900
897 914
897 945
897 2097
897 2628
897 901
897 1546
897 2114
897 1036
897 1478
897 1148
897 2117
897 1497
897 1535
897 1536
897 1547
897 1995
897 903
897 904
897 1552
897 905
897 2219
897 1830
897 2107
897 2108
897 910
897 2113
897 915
897 2116
897 2552
897 975
897 985
897 2557
897 1592
897 1287
897 1017
897 1023
897 1613
897 1025
897 1026
897 2560
897 2127
897 1027
897 1028
897 2871
897 1432
897 1637
897 1044
897 1045
897 1059
897 1895
897 1065
897 1066
897 2138
897 1067
897 2569
897 2140
897 2142
897 2576
897 1721
897 2155
897 2081
897 2746
2458 1015
2458 1269
2458 1309
2458 1744
2458 1767
2458 1870
2458 1911
2458 1935
2458 1996
2458 2024
903 891
903 1031
903 1744
903 1722
903 956
903 2097
903 2114
903 1478
903 1148
903 1993
903 1015
903 1995
903 1547
903 904
903 2105
903 905
903 2219
903 1830
903 2113
903 2220
903 915
903 928
903 1592
903 1598
903 1287
903 1640
903 1813
903 2872
903 1895
903 1066
903 2139
903 1067
903 2547
903 2143
903 1071
903 2145
903 1935
903 2709
903 2726
903 2734
904 891
904 901
904 1014
904 1511
904 929
904 940
904 950
904 2114
904 2005
904 1043
904 1993
904 1535
904 1552
904 905
904 1830
904 913
904 2113
904 915
904 928
904 985
904 1592
904 1287
904 1017
904 1025
904 1028
904 2561
904 2563
904 2564
904 1432
904 1640
904 1059
904 2568
904 2138
904 1068
904 2569
904 2576
904 2149
904 1718
904 2709
902 2592
902 991
902 1995
902 1025
902 2608
2459 2826
2460 1185
2460 1229
2460 1289
2460 1382
2460 2134
2460 2680
2460 2482
2460 2461
2460 2941
2461 1229
900 890
900 901
900 914
900 1579
900 1610
900 1045
901 890
901 891
901 1554
901 914
901 905
901 909
901 910
901 1593
901 1023
901 1027
901 2871
901 1044
901 1045
901 1677
901 1721
2463 2721
2463 2744
2463 2760
2463 2796
2463 2797
2463 2816
2354 1026
2354 1048
2354 1512
905 891
905 908
905 945
905 1570
905 952
905 956
905 1036
905 1512
905 1993
905 2871
905 1548
905 2219
905 906
905 910
905 1833
905 2220
905 2168
905 928
905 1592
905 1594
905 1018
905 1383
905 1023
905 1025
905 2051
905 1641
905 1045
905 2138
905 2569
905 2142
905 2575
905 1677
905 1080
905 2215
906 891
906 1499
906 908
906 1104
906 1478
906 2592
906 2104
906 1993
906 2103
906 1548
906 910
906 1835
906 1495
906 1496
906 1146
906 1547
906 2162
906 1453
906 2107
906 2550
906 2109
906 2111
906 2167
906 2551
906 928
906 1269
906 1047
906 1813
906 2569
906 2063
906 2208
907 1543
907 1402
907 2097
907 1573
907 1085
907 1426
907 983
907 1025
907 1431
907 1462
908 890
908 891
908 1121
908 1219
908 1439
908 995
908 1438
908 1722
908 2097
908 1491
908 1514
908 1146
908 1993
908 1549
908 2099
908 1997
908 1453
908 2104
908 2106
908 2108
908 2109
908 1831
908 912
908 2112
908 1402
908 2116
908 1175
908 1178
908 930
908 2902
908 1588
908 1598
908 2121
908 1008
908 2122
908 1259
908 1264
908 1025
908 2518
908 2130
908 2562
908 1426
908 1036
908 2131
908 2133
908 1647
908 1043
908 1058
908 2142
908 2147
908 1073
908 2012
908 1449
908 2152
908 2549
908 2154
908 2209
908 2159
908 2160
909 1492
909 1531
909 2165
909 921
909 948
909 1478
909 1994
909 2104
909 2100
909 2103
909 2164
909 1115
909 1495
909 1496
909 1507
909 1146
909 1997
909 1453
909 2166
909 2107
909 2110
909 910
909 2111
909 911
909 2168
909 2177
909 2179
909 2144
909 2580
909 2181
909 2182
909 2186
909 2187
909 2195
909 2012
909 2158
910 890
910 891
910 1728
910 914
910 1571
910 1478
910 1994
910 1573
910 2104
910 1624
910 2100
910 2108
910 1536
910 1453
910 2107
910 1833
910 2168
910 2116
910 1835
910 928
910 974
910 975
910 2557
910 2651
910 1026
910 1028
910 1029
910 2133
910 1059
910 1672
910 2138
910 2569
910 2179
910 2688
910 2183
910 2155
910 2690
910 2706
910 2707
910 2727
911 1143
911 954
911 1254
911 2165
911 921
911 2099
911 2190
911 2100
911 2103
911 2164
911 2184
911 1400
911 1496
911 1523
911 1525
911 1146
911 1826
911 1547
911 1997
911 1452
911 1453
911 2166
911 2110
911 919
911 2179
911 2579
911 2186
911 2192
911 2194
911 1084
911 2195
911 2196
911 2608
911 2210
911 2158
912 891
912 1722
912 1402
912 1006
912 2104
912 1993
912 1426
912 1549
912 2130
912 2108
912 2112
912 1025
912 1491
912 1536
912 1146
912 1453
912 2107
912 2109
912 2551
912 1178
912 1592
912 1264
912 1269
912 2136
912 2012
912 2151
912 2158
913 854
913 1166
913 1858
913 1042
913 1596
913 950
913 963
913 1043
913 1647
913 1008
913 1830
913 2669
913 2670
913 2671
913 1598
913 1612
913 2051
913 1640
913 1044
914 890
914 985
914 1609
914 1613
914 1028
914 1045
915 891
915 1870
915 1691
915 996
915 1722
915 1492
915 967
915 968
915 2106
915 1994
915 2009
915 2132
915 1028
915 1830
915 2113
915 1011
915 2561
915 1627
915 1813
915 1059
915 2139
915 1068
915 2547
915 2571
915 1071
915 2580
915 2581
916 890
916 891
916 1554
916 1556
916 996
916 2097
916 2114
916 1583
916 1160
916 1867
916 2556
916 991
916 2666
916 2667
916 2027
916 2499
916 1582
916 1547
916 2593
916 1452
916 2550
916 2109
916 2113
916 1592
916 993
916 1025
916 2506
916 2576
917 1541
917 1407
917 1172
917 1408
917 979
917 919
917 925
917 1093
918 2165
918 1207
918 1408
918 2646
918 2100
918 919
918 1176
918 2177
918 2179
918 2188
918 2189
918 1083
918 2192
918 1093
918 2158
919 2165
919 921
919 923
919 1407
919 1440
919 1463
919 992
919 2364
919 1168
919 1207
919 1408
919 1863
919 1096
919 2646
919 2100
919 2164
919 1015
919 979
919 1026
919 2166
919 2171
919 1178
919 2839
919 2179
919 1695
919 2188
919 2189
919 1083
919 2192
919 2196
919 1093
919 2204
919 2158
920 1158
920 1520
920 1523
920 924
920 1200
920 1201
920 1205
921 892
921 1088
921 1531
921 2165
921 1478
921 1826
921 1547
921 2100
921 2103
921 2164
921 2166
921 1560
921 2171
921 923
921 2176
921 1018
921 1025
921 1036
921 1631
921 1046
921 2177
921 2839
921 2139
921 2181
921 2182
921 1075
921 2187
921 2188
921 2189
921 2191
921 1083
921 2192
921 2193
921 2194
921 2196
921 2197
921 2198
921 2199
921 2200
921 1089
921 1099
921 2204
921 2214
922 1105
922 1142
922 1143
922 1144
922 1166
922 1170
922 1197
922 1219
922 1223
922 1261
922 1024
922 1898
922 1128
922 971
922 1104
922 1456
922 1030
922 1260
922 1211
922 1396
922 1662
922 1502
922 1171
922 1192
922 2835
922 1193
922 1224
922 1232
922 1592
922 1282
922 1746
922 2021
922 2479
923 1102
923 1110
923 1164
923 2171
923 2673
923 925
923 927
923 2177
923 2188
923 1083
923 2196
923 1093
923 2204
924 1126
924 938
924 1338
924 1896
924 946
924 1172
924 1705
924 1421
924 1124
924 1177
924 1209
924 2204
925 1103
925 926
925 927
925 946
925 1404
925 1541
925 1110
925 1285
925 1407
925 1411
925 1429
925 2674
925 1186
925 1207
925 1408
925 1257
925 1863
925 2487
925 2129
925 1420
925 1422
925 2635
925 1316
925 2643
925 979
925 1421
925 1178
925 1295
925 2493
926 1110
926 2674
926 1178
926 946
926 1404
926 1186
926 1407
926 979
926 1410
926 1863
926 1285
926 2129
926 1420
926 1428
926 1429
926 1093
927 1172
927 1404
927 1186
927 1422
927 2135
927 1093
927 2204
928 1722
928 945
928 952
928 956
928 1512
928 2572
928 2117
928 1593
928 1025
928 2872
928 2138
928 1070
928 1536
928 1453
928 2219
928 1592
928 2133
928 2566
928 2139
928 2569
928 1069
928 2575
928 2583
2466 2141
2466 2485
929 854
929 891
929 1477
929 1830
929 1553
929 974
929 1026
929 2546
929 1641
929 1048
929 1072
929 2150
929 1074
929 2495
929 2496
929 2497
929 2587
2892 1015
2892 1745
2892 1795
2892 1799
2892 1805
2892 1904
2892 1918
2892 1919
2892 1931
2892 1936
2892 1938
2892 1950
2892 1955
2892 1957
2892 1958
2892 1969
2892 1975
2892 1979
2892 1983
2892 1985
2892 1987
2892 2069
930 949
930 1543
930 1402
930 1491
930 1175
930 1011
930 1084
930 1449
930 2152
931 1531
931 2000
931 1472
931 972
931 1258
931 2004
931 1025
931 2005
931 1671
931 2582
932 1127
932 938
932 1770
932 1896
932 1546
932 933
932 1575
932 1729
932 999
932 1747
932 1458
932 1782
932 1667
932 1061
932 2186
932 2195
932 2199
932 2019
933 1088
933 1476
933 1117
933 1475
933 1118
933 1484
933 1636
933 1458
933 1792
933 1875
933 2186
933 2195
933 2199
933 2927
933 2019
934 1105
934 1127
934 1142
934 1166
934 1110
934 1117
934 1476
934 1483
934 1486
934 1489
934 1512
934 1535
934 2167
934 2220
934 938
934 1569
934 1726
934 1728
934 1199
934 1237
934 998
934 1611
934 1858
934 1015
934 1859
934 1860
934 1281
934 1016
934 1390
934 1865
934 2006
934 1636
934 1744
934 1747
934 1748
934 1907
934 1050
934 1760
934 1761
934 1769
934 1770
934 1458
934 1664
934 1053
934 1785
934 1055
934 2839
934 2872
934 1870
934 1671
934 1896
934 1897
934 2033
934 1087
934 1978
2467 1207
2467 1213
2467 1292
2467 1372
2467 1382
2467 2468
2467 2941
2467 2740
2467 2965
2468 1229
2468 1292
2468 1372
2468 1382
2468 2452
2468 2453
935 854
935 1499
935 1158
935 1519
935 1521
935 2025
935 2000
935 939
935 960
935 964
935 2643
935 1589
935 1844
935 1002
935 1604
935 1019
935 1020
935 1021
935 1024
935 2224
935 1421
935 1458
935 1814
935 1064
935 1694
935 1078
935 1095
935 2204
935 1962
936 1992
936 1466
936 1529
936 2114
936 1568
936 1570
936 950
936 1573
936 1598
936 1025
936 1647
937 854
937 1105
937 1107
937 1121
937 1142
937 1143
937 1144
937 1166
937 1170
937 1179
937 1101
937 1104
937 1825
937 1542
937 1995
937 1161
937 1167
937 1835
937 1171
937 1838
937 1840
937 965
937 1197
937 987
937 1203
937 988
937 1208
937 1209
937 1214
937 1216
937 1219
937 1223
937 1227
937 990
937 1228
937 1232
937 1254
937 1592
937 1255
937 1855
937 1858
937 1334
937 1393
937 1059
937 1872
938 1105
938 1107
938 1824
938 1116
938 1481
938 1127
938 1158
938 1166
938 1117
938 1483
938 1546
938 1167
938 1177
938 1839
938 1726
938 1197
938 1202
938 1591
938 1209
938 1214
938 1223
938 1228
938 1231
938 1237
938 999
938 1859
938 1281
938 2004
938 1019
938 1338
938 1364
938 1022
938 1376
938 1390
938 1024
938 2546
938 1741
938 1744
938 1748
938 1785
938 1870
938 1896
938 2571
938 2033
938 1100
939 1158
939 1546
939 2224
939 1032
939 1058
940 1107
940 1122
940 1481
940 1142
940 1166
940 1180
940 941
940 954
940 1584
940 1229
940 1042
940 1049
940 1077
940 1596
940 1503
940 1511
940 1531
940 1145
940 1566
940 2097
940 1470
940 1510
940 1519
940 1527
940 1147
940 1550
940 1552
940 1553
940 2499
940 1557
940 1558
940 952
940 962
940 1571
940 964
940 2500
940 2003
940 1573
940 1582
940 1186
940 1230
940 2556
940 1595
940 1598
940 1600
940 1000
940 1005
940 1604
940 1854
940 1285
940 1293
940 1378
940 1399
940 1617
940 1428
940 1619
940 1623
940 1624
940 1628
940 1632
940 1432
940 1640
940 1645
940 1647
940 1656
940 1657
940 1658
940 1663
940 1877
940 1064
940 1673
940 1072
940 2578
940 1678
940 1681
940 1074
940 1693
940 1696
940 1078
940 1079
940 1717
940 1721
940 1081
940 2916
940 2202
940 2632
940 2939
941 854
941 1116
941 1180
941 1130
941 1137
941 1141
941 1147
941 949
941 1841
941 958
941 1610
941 1854
941 1293
941 1294
941 1329
941 1865
941 2538
941 2039
941 2939
942 1836
942 1228
942 1237
942 1271
942 1169
942 943
942 1252
942 2222
942 1599
942 1607
942 1277
942 2229
942 1952
943 1127
943 2031
943 2013
943 1495
943 1496
943 963
943 1595
943 999
943 1033
943 2229
944 1404
2469 2470
945 987
945 1865
945 1512
945 2219
945 956
945 1899
945 1636
945 1715
946 1212
946 1818
946 1177
946 1404
946 1436
946 1405
946 980
946 1210
946 1414
946 1420
946 1421
946 2545
946 1422
946 1424
946 1425
946 1428
946 2645
946 1430
946 2647
946 1440
946 2204
946 2648
947 854
947 1105
947 1142
947 1467
947 1123
947 1726
947 1242
947 2544
947 998
947 1859
947 1896
947 1716
947 2018
948 2097
948 1453
948 1833
948 976
948 1025
948 2546
948 2565
948 1775
948 1066
948 2570
948 1075
948 2012
948 2024
949 1119
949 1130
949 1503
949 1509
949 1520
949 1141
949 1549
949 2099
949 1566
949 970
949 1186
949 2174
949 995
949 1604
949 1607
949 1008
949 2175
949 2123
949 1610
949 1326
949 1443
949 2683
949 1046
949 2182
949 2185
949 1693
949 2194
950 1166
950 1223
950 1898
950 1567
950 1512
950 985
950 1598
950 1022
950 2051
950 2518
950 1635
950 1640
950 1647
950 1043
950 1045
950 1051
950 1877
950 1061
950 1072
950 1700
950 2020
950 2021
951 854
951 958
951 1455
951 1900
951 1732
951 1735
951 1015
951 1744
951 1043
951 1910
951 1458
951 1779
951 1792
951 1813
951 2070
951 2193
951 1087
951 1088
952 890
952 891
952 2227
952 1483
952 1402
952 2097
952 1475
952 1148
952 1549
952 1453
952 2533
952 2219
952 2167
952 2220
952 2114
952 2001
952 1594
952 1025
952 2364
952 2562
952 1036
952 1431
952 1058
952 1090
952 2583
952 2157
953 957
953 1468
953 2165
953 1496
953 1498
953 1526
953 2106
953 1041
953 2568
953 1071
953 1695
953 2214
2851 982
2851 983
2851 1113
2851 1510
2851 1553
2851 1580
2851 1581
2851 1582
2851 1586
2851 1601
2851 1712
2851 1867
2851 2600
2851 2608
2851 2639
2851 2641
2851 2854
2851 2861
2851 2863
2473 969
2473 1030
2473 1251
2473 1433
2473 1461
2473 1466
2473 1541
2473 1548
2473 1559
2473 1567
2473 1573
2473 1586
2473 1588
2473 1719
2473 1850
2473 1898
2473 1942
2473 1992
2473 2028
2473 2032
2473 2049
2473 2079
2473 2223
2473 2625
2473 2627
2473 2657
2473 2518
2473 2835
2473 2662
2473 2840
954 854
954 1142
954 1158
954 1490
954 1519
954 1521
954 1525
954 1148
954 2000
954 960
954 1843
954 1844
954 1237
954 1019
954 1020
954 1022
954 1024
954 2128
954 1642
954 1645
954 1747
954 1656
954 1763
954 1457
954 1770
954 1458
954 1669
954 1809
954 1814
954 2225
954 1911
954 2144
954 2579
954 2227
954 1694
954 1702
954 2013
954 1095
954 2206
954 2207
954 2531
955 1543
955 2163
955 1520
955 1826
955 1547
955 2100
955 2164
955 2596
955 1737
955 2176
955 1456
955 2194
956 890
956 891
956 2101
956 1402
956 1565
956 1570
956 2097
956 1993
956 2219
956 2112
956 2114
956 1593
956 2559
956 1383
956 1025
956 2560
956 2128
956 2568
957 854
957 1127
957 1180
957 2554
957 1841
957 1492
957 1130
957 1505
957 1525
957 2220
957 958
957 998
957 1015
957 1022
957 2364
957 1049
957 1813
957 1870
957 2139
957 1071
957 1075
957 1691
957 1698
957 1096
957 2204
957 2584
957 2586
958 854
958 1547
958 1995
958 1162
958 2106
958 2107
958 2552
958 1725
958 2001
958 961
958 1731
958 1842
958 1209
958 1229
958 1735
958 1016
958 1744
958 1653
958 1667
958 1814
958 1911
958 1870
958 1895
958 2139
958 1714
958 2012
958 1935
958 1088
958 2151
958 2156
959 1438
959 1193
959 1847
959 1251
959 1001
959 1414
959 2175
959 1034
959 2131
959 1445
959 2014
959 1449
959 2152
959 2368
959 1451
960 1836
960 1728
960 1753
960 1767
960 1769
960 1807
2474 1368
2474 1723
2474 1755
2474 1761
2474 1912
2474 1915
2474 1931
2474 1932
2474 1989
2474 2045
2474 2061
2474 2074
2474 2076
2474 2084
2474 2515
2474 2528
2474 2477
2474 2481
2475 962
2475 975
2475 981
2475 1015
2475 1025
2475 1030
2475 1048
2475 1282
2475 1494
2475 1533
2475 1564
2475 1616
2475 1675
2475 1688
2475 1784
2475 1922
2475 1995
2475 1997
2475 2097
2475 2596
2475 2871
2475 2651
961 1744
961 1476
961 1725
961 1727
961 2001
961 1994
961 2220
961 980
961 1006
961 2678
961 2225
961 1897
961 2144
961 1074
961 2016
961 2036
961 1086
961 2710
961 2057
962 1995
962 1557
962 985
962 1026
962 1036
962 1048
962 1672
962 1675
963 2013
963 1483
963 1489
963 1490
963 1115
963 964
963 1589
963 1033
963 2007
963 1043
963 1669
963 1055
963 1061
963 1063
964 854
964 1844
964 1347
964 1865
964 1660
964 1473
964 1489
964 1511
964 1559
964 2000
964 1542
964 1118
964 1488
964 1515
964 1548
964 2025
964 1000
964 1604
964 2532
964 1636
964 1667
964 1801
964 2138
964 1072
964 1692
964 1705
964 1448
964 2927
2476 1458
2476 1466
2476 1665
2476 1668
2476 1937
2476 1943
2476 1972
2476 2062
2476 2223
2476 2427
965 1105
965 1143
965 1197
965 1203
965 1208
965 1219
965 1398
965 1104
965 1216
965 1250
965 1737
965 1291
965 2566
965 1949
2477 1807
2477 1912
2477 1915
2477 1926
2477 1931
2477 1932
2477 1945
2477 1979
2477 1989
2477 2045
2477 2061
2477 2074
2477 2515
2477 2481
966 1503
966 1565
966 1404
966 1436
966 1403
966 970
966 1405
966 1573
966 1406
966 1574
966 1576
966 1407
966 980
966 1586
966 1207
966 1243
966 1408
966 1411
966 997
966 1413
966 1001
966 1414
966 1863
966 1285
966 1316
966 2488
966 2130
966 2489
966 2364
966 1424
966 1425
966 1038
966 1620
966 1440
966 1624
966 1625
966 1655
966 2150
966 2370
967 891
967 1691
967 1492
967 1466
967 2106
967 968
967 1006
967 2547
967 2571
967 2009
967 2581
967 1701
967 1719
968 1122
968 1492
968 1511
968 2164
968 2106
968 972
968 1430
968 1627
968 1633
968 1784
968 2147
968 2580
968 2697
2478 1015
2478 1286
2478 1662
2478 1766
2478 1781
2478 1788
2478 1794
2478 1800
2478 1802
2478 1804
2478 1923
2478 1942
2478 1944
2478 1955
2478 2082
2478 2089
2478 2093
2478 2423
2478 2479
2852 977
2852 1470
2852 1510
2852 1579
2852 1580
2852 1581
2852 1582
2852 1601
2852 1615
2852 1646
2852 1867
2852 2038
2852 2059
2852 2524
2852 2548
2852 2600
2852 2609
2852 2858
2852 2861
2852 2855
2852 2859
2479 1015
2479 1051
2479 1396
2479 1666
2479 1729
2479 1772
2479 1794
2479 1800
2479 1805
2479 1903
2479 1929
2479 1933
2479 1936
2479 1944
2479 1968
2479 1978
2479 1980
2479 2089
2479 2423
969 1728
969 1898
969 1992
969 1476
969 1559
969 1466
969 2220
969 2049
969 1588
969 1737
969 1859
969 1311
969 2223
969 2518
969 2662
969 1785
969 1719
969 2055
969 2549
970 1544
970 1466
970 1587
970 1607
970 1648
970 1678
970 1684
970 1434
970 1687
971 1767
971 1770
971 1088
971 1898
971 1466
971 1535
971 1545
971 1575
971 1729
971 1734
971 1737
971 1015
971 1363
971 1367
971 1396
971 2223
971 1903
971 1746
971 1747
971 2604
971 1763
971 1662
971 1766
971 1768
971 1773
971 1778
971 1665
971 1666
971 1796
971 1668
971 1799
971 1874
971 1923
971 1690
971 2612
971 2089
971 1977
972 1466
972 1573
972 1588
972 2580
2480 1309
2480 1368
2480 1369
2480 1743
2480 1745
2480 1803
2480 1808
2480 1904
2480 1914
2480 1918
2480 1924
2480 1925
2480 1928
2480 1929
2480 1930
2480 1945
2480 1955
2480 1960
2480 1970
2480 1977
2480 1982
2480 1989
2480 2092
973 2598
973 1572
973 2909
973 2604
973 1072
973 2590
974 891
974 2101
974 1569
974 1570
974 2553
974 1573
974 2572
974 2117
974 1549
974 2560
974 1613
974 1995
974 1495
974 1552
974 2169
974 975
974 1592
974 1605
974 2127
974 1039
974 2563
974 1695
974 2197
974 2199
974 2233
2481 1015
2481 1226
2481 1309
2481 1458
2481 1768
2481 1772
2481 1787
2481 1798
2481 1802
2481 1805
2481 1912
2481 1915
2481 1916
2481 1926
2481 1931
2481 1945
2481 1959
2481 1979
2481 1989
2481 2045
2481 2072
2481 2074
2481 2094
975 891
975 995
975 2553
975 1546
975 1573
975 2117
975 981
975 2871
975 1833
975 2557
975 1002
975 1608
975 1028
975 1616
975 1065
975 2140
975 2203
976 996
976 1583
976 1630
976 997
976 1646
976 1510
976 1579
976 2600
976 1600
976 1601
976 999
976 1002
976 1004
976 1029
976 1033
976 1643
976 1066
977 2591
977 2598
977 996
977 2522
977 2543
977 2059
977 1470
977 1510
977 1548
977 1549
977 2499
977 1562
977 2117
977 1574
977 1577
977 2633
977 1578
977 1579
977 2523
977 1580
977 1581
977 2026
977 2600
977 1582
977 1586
977 1593
977 2602
977 997
977 1601
977 1329
977 1399
977 1614
977 1615
977 2364
977 2637
977 1629
977 1630
977 2505
977 1867
977 2535
977 2853
977 2854
977 1046
977 1686
977 1076
977 1708
977 1711
977 1712
977 2202
977 2038
977 1099
977 2642
977 2548
977 2609
977 2855
977 2524
977 2858
977 2859
977 2833
977 2619
977 2861
977 2862
977 2863
977 2525
977 2864
978 891
978 1489
978 1900
978 1995
978 2027
978 985
978 1045
978 2604
978 1048
978 1066
978 1707
979 1102
979 2489
979 1285
979 1407
979 1440
979 1168
979 1169
979 1403
979 1186
979 1207
979 1408
979 1410
979 1257
979 1417
979 1863
979 1389
979 1419
979 2487
979 1422
979 2644
979 2635
979 1423
979 1425
979 1426
979 1406
979 1549
979 1316
979 1421
980 1818
980 1285
980 1210
980 1440
980 2674
980 1186
980 2634
980 1207
980 1408
980 1008
980 2487
980 2129
980 1420
980 2838
980 2545
980 1033
980 1427
980 2645
981 995
981 1369
981 1995
981 1602
981 1368
981 1028
981 1065
982 2598
982 2625
982 2628
982 1113
982 2535
982 1553
982 1510
982 1454
982 2523
982 1580
982 1581
982 2026
982 2639
982 2600
982 1582
982 2027
982 2529
982 2893
982 983
982 2620
982 1900
982 1590
982 2555
982 1601
982 1257
982 2506
982 2854
982 1673
982 1712
982 2608
982 2038
982 2855
982 2861
983 891
983 1543
983 1402
983 1553
983 1673
983 2505
983 2027
983 2620
984 1898
984 1992
984 2629
984 1503
984 1567
984 1571
984 2509
984 2003
984 1574
984 2501
984 2631
984 997
984 1604
984 1006
984 1007
984 2649
984 1621
984 2637
985 891
985 995
985 1490
985 2628
985 1546
985 2560
985 1995
985 1497
985 1035
985 1044
985 1045
985 1048
985 1066
985 2139
985 1070
985 1707
985 1080
985 2081
986 854
986 1049
986 1898
986 1543
986 1831
986 2624
986 1466
986 1542
986 1136
986 1040
986 1747
986 1699
987 1105
987 1127
987 1134
987 1135
987 1163
987 1166
987 1170
987 1179
987 1183
987 1731
987 1732
987 1842
987 1102
987 1110
987 1514
987 1157
987 1159
987 1167
987 1840
987 1203
987 1214
987 1215
987 1218
987 1219
987 1223
987 1228
987 1233
987 1238
987 1239
987 1243
987 1852
987 1257
987 1261
987 1263
987 1268
987 1857
987 1612
987 1281
987 1283
987 1333
987 1398
987 1400
987 1865
987 1042
987 1748
987 1059
987 1878
987 2916
988 1223
988 2557
988 1488
988 2915
989 1731
989 1164
989 1199
989 1733
989 1734
989 1846
989 1741
990 854
990 1105
990 1107
990 1481
990 1166
990 1170
990 1183
990 1197
990 1842
990 1254
990 1281
990 1354
990 1837
990 1838
990 1101
990 1211
990 1835
990 1132
990 1176
990 1192
990 1201
990 1202
990 1209
990 1214
990 1250
990 1597
990 1256
990 2677
990 1312
990 1323
990 1325
990 1370
991 890
991 1554
991 996
991 2097
991 2114
991 2500
991 2665
991 2597
991 2556
991 2593
991 1452
991 1552
991 2499
991 2523
991 1592
991 2666
991 2651
991 1601
991 1603
991 1025
991 1624
991 2608
992 2097
992 2114
992 1207
992 1025
993 2059
993 2592
993 2666
993 2029
993 2667
993 1549
993 2523
993 1582
993 2112
993 1551
993 2162
993 2102
993 2594
993 1552
993 2602
993 1651
993 1711
993 2038
994 1898
994 1466
994 2049
994 1535
994 1595
994 1752
994 1679
994 1461
995 891
995 1490
995 1534
995 1833
995 1570
995 2048
995 1602
995 1613
995 2127
995 2565
995 1676
996 890
996 1499
996 1554
996 1556
996 1494
996 1503
996 1510
996 1511
996 1551
996 2102
996 1555
996 1557
996 1559
996 1561
996 1562
996 1571
996 1574
996 2830
996 1581
996 1582
996 1586
996 1589
996 2556
996 1598
996 1600
996 1601
996 1000
996 1004
996 1029
996 1622
996 1626
996 1640
996 1645
996 1646
996 1648
996 1674
996 1711
996 1712
996 1713
996 2856
997 1436
997 2522
997 1285
997 1546
997 1630
997 2895
997 2631
997 1562
997 1403
997 1572
997 2665
997 1406
997 1577
997 1581
997 2556
997 1413
997 1600
997 1001
997 1414
997 1007
997 1008
997 1620
997 2637
997 2854
997 2370
2853 1510
2853 1579
2853 1580
2853 1581
2853 1582
2853 1708
2853 1711
2853 1867
2853 1965
2853 2038
2853 2522
2853 2523
2853 2524
2853 2535
2853 2543
2853 2608
2853 2609
2853 2639
2853 2830
2853 2831
2853 2861
2853 2862
2853 2854
2853 2855
2853 2856
2853 2859
2853 2863
2853 2864
998 1481
998 1180
998 1591
998 1691
998 1077
998 2013
998 1483
998 1489
998 1505
998 1838
998 1727
998 2544
998 1075
998 1798
998 1995
998 1525
998 2220
998 1597
998 1005
998 1381
998 1639
998 1640
998 1645
998 1048
998 1052
998 2571
998 1698
998 1716
998 1100
998 2018
999 1127
999 1896
999 1546
999 1602
999 1782
999 1137
999 2540
999 1069
1000 1499
1000 1180
1000 1814
1000 1556
1000 1503
1000 1511
1000 1559
1000 1411
1000 1588
1000 1553
1000 1072
1000 1562
1000 1574
1000 1586
1000 1510
1000 1519
1000 1548
1000 1557
1000 1558
1000 2600
1000 1589
1000 1593
1000 1601
1000 1001
1000 1005
1000 1604
1000 1607
1000 2224
1000 2364
1000 1617
1000 1618
1000 1619
1000 1622
1000 1624
1000 1625
1000 1626
1000 1627
1000 1656
1000 1669
1000 2010
1000 1681
1000 1076
1000 1078
1000 1707
1001 1439
1001 1438
1001 1503
1001 1436
1001 1285
1001 2153
1001 2364
1001 1656
1001 2667
1001 1403
1001 1186
1001 1408
1001 1414
1001 2545
1001 1424
1001 1425
1001 2130
1001 1655
1001 1519
1001 1008
1001 1851
1001 1034
1001 1118
1001 1595
1001 2175
1001 2838
1001 1427
1001 1643
1001 2136
1001 1434
1001 2368
1001 2370
1002 1474
1002 1499
1002 1181
1002 1546
1002 1618
1002 1602
1002 1589
1002 1026
1002 1529
1002 1597
1002 1005
1002 1616
1002 1663
1002 1061
1002 1064
1002 1675
1002 1696
1002 2040
1003 1584
1003 1229
1003 1818
1003 1996
1003 2050
1003 1603
1003 1005
1003 1033
1003 1716
1003 1090
1003 2917
1003 1942
1004 1077
1004 1898
1004 2097
1004 1540
1004 1545
1004 1546
1004 1561
1004 1572
1004 1562
1004 1515
1004 1995
1004 1614
1004 1555
1004 1598
1004 1599
1004 1010
1004 1029
1004 1064
1004 1675
2854 1470
2854 1553
2854 1580
2854 1582
2854 1630
2854 1711
2854 1867
2854 2026
2854 2038
2854 2522
2854 2523
2854 2524
2854 2525
2854 2535
2854 2600
2854 2608
2854 2609
2854 2619
2854 2633
2854 2639
2854 2713
2854 2857
2854 2858
2854 2861
2854 2862
2854 2855
2854 2859
2854 2863
2854 2864
1005 1180
1005 1042
1005 1691
1005 1527
1005 1075
1005 1937
1005 1519
1005 1694
1005 1575
1005 2062
1005 1458
1005 1479
1005 1595
1005 1022
1005 1645
1005 1747
1005 1657
1005 1763
1005 1052
1005 1668
1005 1681
1005 1709
1006 891
1006 2163
1006 1998
1006 2001
1006 1046
1006 1714
1006 1478
1006 1522
1006 1994
1006 1160
1006 1081
1006 2003
1006 1146
1006 1997
1006 1452
1006 2103
1006 1453
1006 2107
1006 2109
1006 2111
1006 2168
1006 2673
1006 1592
1006 1594
1006 1011
1006 2004
1006 1025
1006 2224
1006 2225
1006 2139
1006 2547
1006 2009
1006 1071
1006 2581
1006 1680
1006 1701
1006 1089
1006 2208
1007 2509
1007 2631
1007 1553
1007 2636
1007 2637
1007 1674
1008 1120
1008 1163
1008 1170
1008 1255
1008 1439
1008 1438
1008 1402
1008 1837
1008 1435
1008 1285
1008 1442
1008 2099
1008 2174
1008 2032
1008 1414
1008 2131
1008 1655
1008 1147
1008 2164
1008 1849
1008 1491
1008 1133
1008 1552
1008 1592
1008 1413
1008 1607
1008 2121
1008 1608
1008 2175
1008 1851
1008 1737
1008 2123
1008 1034
1008 1427
1008 1620
1008 1444
1008 1650
1008 1445
1008 1894
1008 1073
1008 1082
1008 1447
1008 1091
1008 1449
1008 2152
1008 2368
1008 2209
1008 2370
1009 1105
1009 1474
1009 1127
1009 1392
1009 1898
1009 1483
1009 1490
1009 1494
1009 1129
1009 1235
1009 1609
1009 1282
1009 1747
1009 1886
1009 2053
1009 2033
1010 1481
1010 1077
1010 1461
1010 1048
1010 1808
1010 1068
1011 1722
1011 2101
1011 1046
1011 1099
1011 1478
1011 1522
1011 2683
1011 1079
1011 1041
1011 2164
1011 1012
1011 1013
1011 1071
1011 1083
1011 2702
1011 2486
1012 1160
1012 2173
1012 1826
1012 1243
1012 1013
1012 2616
1013 1437
1013 1160
1013 1243
1013 2175
1013 2566
1013 2616
1014 1105
1014 1166
1014 1223
1014 1228
1014 1128
1014 1242
1014 1263
1014 1855
1014 1857
1014 1858
1014 2051
1014 1640
1014 1060
1014 1895
1014 2034
1014 1461
1015 1723
1015 1481
1015 1482
1015 1499
1015 1166
1015 1842
1015 1274
1015 1031
1015 1744
1015 1761
1015 1767
1015 1770
1015 1053
1015 1807
1015 1870
1015 1919
1015 2017
1015 1101
1015 1108
1015 1286
1015 1369
1015 1738
1015 1903
1015 1036
1015 1578
1015 1714
1015 1148
1015 1900
1015 1910
1015 1766
1015 1942
1015 2537
1015 1506
1015 1575
1015 1729
1015 1730
1015 1226
1015 1244
1015 1901
1015 1602
1015 1268
1015 1535
1015 1536
1015 1995
1015 2107
1015 1733
1015 1735
1015 1736
1015 1258
1015 1266
1015 1819
1015 1299
1015 1309
1015 1318
1015 1350
1015 1353
1015 1363
1015 1367
1015 1368
1015 1396
1015 1904
1015 1740
1015 1742
1015 1743
1015 1905
1015 1745
1015 1746
1015 1747
1015 1906
1015 1750
1015 1751
1015 1752
1015 2134
1015 2062
1015 1757
1015 1050
1015 1760
1015 1662
1015 1768
1015 1772
1015 1458
1015 1776
1015 1777
1015 1778
1015 1665
1015 1051
1015 1779
1015 1781
1015 1782
1015 1666
1015 1783
1015 1784
1015 1786
1015 1787
1015 1788
1015 1789
1015 1790
1015 1791
1015 1793
1015 1794
1015 1795
1015 1796
1015 1668
1015 1797
1015 1669
1015 1798
1015 1802
1015 1803
1015 1804
1015 1805
1015 1808
1015 1670
1015 1810
1015 1811
1015 1812
1015 1815
1015 2225
1015 1911
1015 1066
1015 2139
1015 2581
1015 2688
1015 2065
1015 1912
1015 2066
1015 2067
1015 1913
1015 2068
1015 1683
1015 1917
1015 1918
1015 1922
1015 1923
1015 1924
1015 2184
1015 2607
1015 1927
1015 1929
1015 2071
1015 2072
1015 1931
1015 1688
1015 1074
1015 1689
1015 1690
1015 2916
1015 1932
1015 2074
1015 2513
1015 1933
1015 1935
1015 1098
1015 2231
1015 2232
1015 1938
1015 1944
1015 1951
1015 1954
1015 1961
1015 1963
1015 1966
1015 1967
1015 1972
1015 2088
1015 1973
1015 1975
1015 2091
1015 1978
1015 2743
1015 2093
1015 2905
1016 1144
1016 1744
1016 1769
1016 1053
1016 1476
1016 1727
1016 1867
1016 2016
1016 1315
1016 2678
1016 2007
1016 1747
1016 1667
1016 1897
1016 1702
1016 1715
1016 2036
1016 2057
1017 1166
1017 1223
1017 2005
1017 1287
1017 1895
1018 2190
1018 2902
1018 2164
1018 1023
1018 1826
1018 1560
1018 1334
1018 1695
1018 2187
1018 2191
1018 1083
1018 2192
1018 2194
1018 2199
1019 854
1019 1105
1019 1474
1019 1127
1019 1158
1019 1197
1019 1261
1019 1129
1019 1519
1019 1609
1019 1364
1019 1024
1019 2224
1019 1809
1019 1056
1019 1702
1019 2040
1020 1844
1020 1376
1020 1660
1020 1056
1020 1814
1020 2000
1020 1519
1020 1782
1020 1375
1020 1645
1020 1702
1021 1499
1021 1591
1021 1844
1021 1347
1021 1519
1021 2025
1021 1843
1021 1694
1021 1095
1022 854
1022 1122
1022 1170
1022 1180
1022 1732
1022 1376
1022 1024
1022 1809
1022 1691
1022 1490
1022 1505
1022 1701
1022 1131
1022 1294
1022 1096
1022 1458
1022 2070
1022 1676
1022 1455
1022 1231
1022 1270
1022 1275
1022 2004
1022 1665
1022 1051
1022 1813
1022 1680
1022 1689
1022 1698
1022 1702
1022 1709
1022 2206
1022 1976
1023 1481
1023 1898
1023 1570
1023 2223
1023 2871
1023 2220
1023 2168
1023 1045
1023 2575
1023 1677
1023 1699
1023 1080
2958 1135
2958 1152
2958 1156
2958 1176
2958 1217
2958 1246
2958 1339
2958 1340
2958 1341
2958 1362
2958 1374
2958 1395
2958 2959
1024 1105
1024 1481
1024 1127
1024 1158
1024 1726
1024 1196
1024 1261
1024 1364
1024 1392
1024 1483
1024 1490
1024 1519
1024 1521
1024 1843
1024 1211
1024 1239
1024 1242
1024 1597
1024 1282
1024 2603
1024 1055
1024 1809
1024 1886
1024 1892
1024 1702
1024 2206
1025 891
1025 892
1025 1197
1025 1842
1025 1554
1025 1722
1025 1511
1025 1544
1025 2101
1025 1402
1025 2119
1025 2001
1025 2097
1025 1827
1025 2533
1025 2106
1025 2114
1025 1036
1025 1714
1025 1854
1025 1631
1025 2508
1025 1079
1025 1081
1025 2005
1025 2546
1025 2132
1025 2117
1025 2011
1025 1085
1025 2556
1025 2666
1025 2504
1025 1460
1025 1993
1025 2027
1025 1593
1025 1350
1025 1409
1025 1995
1025 1494
1025 1133
1025 1525
1025 1536
1025 1547
1025 1997
1025 1452
1025 1453
1025 1552
1025 1830
1025 2107
1025 2550
1025 2551
1025 1592
1025 1594
1025 2122
1025 1310
1025 1312
1025 1325
1025 1383
1025 2127
1025 2128
1025 2561
1025 1431
1025 2564
1025 1638
1025 1641
1025 1649
1025 1651
1025 2566
1025 1672
1025 2570
1025 2179
1025 2574
1025 2576
1025 2146
1025 2579
1025 2149
1025 1695
1025 1718
1025 2012
1025 1462
1025 2582
1025 1090
1025 2151
1025 2583
1025 2207
1025 2842
1025 2587
1026 1837
1026 2097
1026 1440
1026 1673
1026 1618
1026 1207
1026 1408
1026 1995
1026 1589
1026 2651
1026 1029
1026 1048
1026 1064
1026 1672
1027 2628
1027 2572
1027 1287
1027 2871
1027 1044
1027 1070
1027 1721
1028 2108
1028 1045
1028 1059
1028 1097
1029 1571
1029 1624
1029 1672
1029 2910
1030 1105
1030 1261
1030 1898
1030 1992
1030 1492
1030 2553
1030 1466
1030 1631
1030 2659
1030 2028
1030 2835
1030 1282
1030 1432
1030 1635
1030 1700
1030 1461
1030 2020
1030 2021
2855 1470
2855 1510
2855 1579
2855 1580
2855 1581
2855 1711
2855 2026
2855 2038
2855 2522
2855 2523
2855 2524
2855 2525
2855 2548
2855 2596
2855 2598
2855 2606
2855 2608
2855 2609
2855 2639
2855 2830
2855 2896
2855 2858
2855 2861
2855 2862
2855 2856
2855 2859
2855 2863
2855 2864
1031 1722
1031 2106
1031 2001
1031 1334
1031 1644
1031 1760
1031 1761
1031 1776
1031 1779
1031 1795
1031 1056
1031 1071
1031 1935
1032 1120
1032 1180
1032 1850
1032 1145
1032 2163
1032 1435
1032 2099
1032 1399
1032 1610
1032 1400
1032 1461
2856 1554
2856 1580
2856 1582
2856 1711
2856 1867
2856 2026
2856 2038
2856 2102
2856 2522
2856 2523
2856 2524
2856 2598
2856 2599
2856 2602
2856 2606
2856 2830
2856 2857
2856 2864
1033 2013
1033 1490
1033 1818
1033 1285
1033 2129
1033 1074
1034 1850
1034 1438
1034 1503
1034 1566
1034 1837
1034 1285
1034 2099
1034 1414
1034 2131
1034 1655
1034 1851
1034 1118
1034 1413
1034 1603
1034 2175
1034 2838
1034 2206
1034 2368
1035 1127
1035 1077
1035 1490
1035 1616
1035 2203
1036 1865
1036 2165
1036 1998
1036 2001
1036 2097
1036 2106
1036 2114
1036 1583
1036 1547
1036 1995
1036 2100
1036 2592
1036 1452
1036 1453
1036 1573
1036 1592
1036 1786
1036 2139
1036 2142
1036 2579
1036 2053
1036 1079
1036 1714
1036 1081
1036 2583
1036 1092
1036 2155
1037 1566
1037 1285
1037 1399
1037 1186
1037 1230
1037 2634
1037 2539
1038 1503
1038 1603
1038 1655
2959 1135
2959 1152
2959 1156
2959 1198
2959 1246
2959 1339
2959 1340
2959 1341
2959 1362
2959 1374
2959 1395
2959 2928
2857 1553
2857 1579
2857 1580
2857 1711
2857 2026
2857 2522
2857 2523
2857 2524
2857 2535
2857 2543
2857 2591
2857 2858
2857 2859
2857 2861
2857 2862
2857 2863
1039 2106
1039 1714
1039 2049
1039 1996
1039 2107
1039 1071
1039 1696
1039 2156
1040 1543
1040 1489
1040 1542
1040 1075
1040 1207
1040 1585
1040 1488
1040 1136
1040 1547
1040 1627
2858 1470
2858 1580
2858 1601
2858 1629
2858 1708
2858 1867
2858 2038
2858 2522
2858 2524
2858 2543
2858 2548
2858 2591
2858 2609
2858 2713
2858 2859
2858 2861
2858 2862
2858 2863
2858 2864
1041 1722
1041 1500
1041 2101
1041 2097
1041 2114
1041 1994
1041 1081
1041 1043
1041 1721
1041 1083
1041 1461
1041 1096
1042 854
1042 1127
1042 1865
1042 2006
1042 1472
1042 1476
1042 1527
1042 1530
1042 1238
1042 1598
1042 1612
1042 1283
1042 1295
1042 2051
1042 2007
1042 1640
1042 1744
1042 1647
1042 1769
1042 1663
1042 1809
1042 1671
1042 1877
1042 1061
1042 1892
1042 1075
1042 1693
1042 1721
1042 2016
1042 2017
1043 1499
1043 1744
1043 1087
1043 1635
1043 1535
1043 2557
1043 1598
1043 1604
1043 1902
1043 1640
1043 1647
1043 1779
1043 1072
1043 1700
1043 1721
1044 1562
1044 2871
1044 1070
1044 1080
1044 1094
1045 2628
1045 1546
1045 1613
1045 1995
1045 1066
1046 1583
1046 2535
1046 1478
1046 1526
1046 2592
1046 1160
1046 2673
1046 2683
1046 2536
1046 2182
1046 1076
1046 1082
1046 1083
1046 2202
1046 1099
1046 2611
1046 2860
1046 2701
1047 1673
1047 1593
1047 1615
1047 2910
1047 2918
1048 854
1048 1077
1048 1466
1048 1546
1048 1515
1048 1995
1048 2109
1048 1599
1048 1052
1048 1808
1048 1675
1048 1074
1049 854
1049 1105
1049 1127
1049 2554
1049 1472
1049 1489
1049 1533
1049 1160
1049 2000
1049 1606
1049 1747
1049 1661
1049 1056
1049 1813
1049 2839
1049 1671
1049 1892
1049 1068
1049 1087
1050 1761
1050 1602
1050 2062
1050 1751
1050 1760
1050 1773
1050 1668
1050 1803
1050 1874
1050 2184
1050 1074
1051 1807
1051 1369
1051 1738
1051 1903
1051 1936
1051 2083
1051 1937
1051 1729
1051 1226
1051 1244
1051 1602
1051 1363
1051 1743
1051 1905
1051 1745
1051 1788
1051 1793
1051 1799
1051 1804
1051 1915
1051 1916
1051 1918
1051 1926
1051 1928
1051 1929
1051 1931
1051 1792
1051 1535
1051 2004
1051 1747
1051 1907
1051 1908
1051 1751
1051 1752
1051 1909
1051 1665
1051 1803
1051 1805
1051 1808
1051 1813
1051 1680
1051 1702
1051 1933
1051 2206
1051 1938
1051 1939
1051 1940
1051 1946
1051 1947
1051 1948
1051 1952
1051 1958
1051 1968
1051 1970
1051 1974
1051 2090
1051 1976
1051 1977
1051 1980
1051 1984
1051 1985
1051 1989
1051 1990
1052 1180
1052 1767
1052 1691
1052 1077
1052 1075
1052 1645
1052 1716
1052 2078
1052 1941
1053 1723
1053 1482
1053 1142
1053 1237
1053 1392
1053 1761
1053 1108
1053 1535
1053 1226
1053 1244
1053 1258
1053 1286
1053 1309
1053 1363
1053 1367
1053 1369
1053 1375
1053 1396
1053 1739
1053 1743
1053 2062
1053 1458
1053 1774
1053 1782
1053 1924
1053 1929
1053 1931
1053 2075
1053 1939
1053 1942
1053 1963
1053 1968
1053 2089
1053 1977
2482 1102
2482 1185
2482 1213
2482 1217
2482 1225
2482 1366
2482 1382
2482 1394
2482 1416
2482 2680
1054 1482
1054 1458
1054 1455
1054 1665
1054 1667
1054 1709
1054 1098
1054 1947
1054 1973
2483 1102
2483 1217
2483 1253
1055 1728
1055 1770
1055 2227
1055 1476
1055 1512
1055 1519
1055 2025
1055 1063
1055 1677
1055 1117
1055 1199
1055 1642
1055 1664
1056 854
1056 1105
1056 1127
1056 1809
1056 1477
1056 1530
1056 1454
1056 1588
1056 1758
2859 1470
2859 1510
2859 1577
2859 1579
2859 1580
2859 1581
2859 1582
2859 1601
2859 1711
2859 2038
2859 2059
2859 2522
2859 2523
2859 2524
2859 2525
2859 2535
2859 2543
2859 2548
2859 2596
2859 2598
2859 2599
2859 2600
2859 2602
2859 2609
2859 2613
2859 2619
2859 2633
2859 2833
2859 2861
2859 2862
2859 2863
2859 2864
1057 2603
1057 1160
1057 2100
1057 1452
1057 1900
1057 2566
1057 2579
1057 1092
2484 1185
2484 1394
1058 1436
1058 2150
1058 2002
1058 1574
1058 1632
1058 2695
2893 1442
2893 1454
2893 1553
2893 1709
2893 2027
2893 2185
2893 2625
2893 2636
1059 1167
1059 1215
1059 1592
1059 2143
1059 2148
1060 1105
1060 1166
1060 1228
1060 1858
1060 1392
1060 1512
1060 1242
1060 2872
1060 1061
1060 1895
1060 1896
1061 1476
1061 1505
1061 1466
1061 2016
1061 2020
1062 1814
1062 2538
1062 2039
1063 1844
1063 1347
1063 2227
1063 1559
1063 1725
1063 1519
1063 2224
1063 1694
1063 1664
1063 1095
1064 1540
1064 1545
1064 1546
1064 1618
1064 1602
1064 1995
1064 1589
1064 1997
1064 1069
1064 1675
1064 1707
1064 2035
1065 2553
1065 1562
1065 2025
1065 1648
1065 1995
1065 1592
1066 891
1066 1844
1066 1229
1066 1744
1066 1814
1066 1898
1066 1998
1066 1602
1066 1367
1066 1995
1066 1642
1066 1911
1066 1935
1066 2231
1066 2232
1066 2726
2485 1163
2485 2962
1067 1166
1067 1478
1067 1533
1067 1547
1067 2105
1067 1215
1068 854
1068 1127
1068 2558
1068 1077
1068 1489
1068 1129
1068 1609
1068 1634
1068 1741
2860 1099
2860 1629
2860 2535
2860 2543
2486 1269
2486 1722
1069 1819
1069 1764
1069 2139
1069 2547
1069 1675
1069 2548
2861 1470
2861 1553
2861 1564
2861 1579
2861 1580
2861 1711
2861 1713
2861 1867
2861 2038
2861 2522
2861 2523
2861 2524
2861 2600
2861 2608
2861 2619
2861 2637
2861 2639
2861 2713
2861 2830
2861 2862
2861 2863
2861 2864
1070 2097
1070 2114
1070 2572
1070 2871
1070 2133
1070 1080
1070 2583
1071 891
1071 1744
1071 1722
1071 1511
1071 2106
1071 1654
1071 1631
1071 2107
1071 2561
1071 1813
1071 2139
1071 2547
1071 2581
1071 1720
1071 1089
1071 2584
1071 2586
1071 2214
1072 1122
1072 1691
1072 1898
1072 1992
1072 1503
1072 1505
1072 1570
1072 1527
1072 1519
1072 1830
1072 1600
1072 1604
1072 1605
1072 1383
1072 1632
1072 1633
1072 1640
1072 1647
1072 1672
1072 1074
1072 1075
1072 1693
1072 1700
1072 1460
1072 2549
1072 2021
2862 1470
2862 1553
2862 1579
2862 1580
2862 1711
2862 1867
2862 1965
2862 2038
2862 2523
2862 2524
2862 2535
2862 2543
2862 2598
2862 2609
2862 2639
2862 2830
2862 2863
2862 2864
2863 1470
2863 1553
2863 1564
2863 1579
2863 1580
2863 1708
2863 1711
2863 1867
2863 2038
2863 2522
2863 2523
2863 2524
2863 2525
2863 2535
2863 2543
2863 2598
2863 2609
2863 2619
2863 2639
2863 2713
2863 2864
2961 1185
2961 1225
2962 1185
2962 1394
1073 1285
1073 1442
1073 2153
1073 1450
1073 1607
1073 2175
1073 1427
1073 1449
2963 1185
2963 2900
2963 2967
2963 2964
1074 854
1074 1122
1074 1870
1074 2017
1074 1490
1074 1602
1074 1803
1074 1678
1074 1086
1075 854
1075 1744
1075 1691
1075 1703
1075 1838
1075 1725
1075 1570
1075 1527
1075 1573
1075 2546
1075 1510
1075 1547
1075 2116
1075 1604
1075 1633
1075 2565
1075 1645
1075 1664
1075 1693
1075 1698
1075 1710
1075 2193
1075 2204
1075 2587
2964 1185
2964 2900
1076 1411
1076 1583
1076 1099
1076 1618
1077 854
1077 1118
1077 1519
1077 1597
1077 1642
1078 1591
1078 1622
1078 1656
1078 1589
1078 1607
1078 1625
1078 1626
1079 1999
1079 2106
1079 1817
1079 2164
1079 1604
1079 1624
1079 1081
1079 1089
1080 1481
1080 2006
1080 1534
1080 2836
1080 2569
1080 1699
1081 1998
1081 1999
1081 2106
1081 1994
1081 1817
1081 2118
1081 1604
1081 2139
1081 1089
1081 1096
1081 2022
1082 1099
1082 1478
1082 2164
1082 1133
1082 2203
1082 1091
1083 1088
1083 2101
1083 2165
1083 1096
1083 2100
1083 2164
1083 1826
1083 2166
1083 1178
1083 2177
1083 2182
1083 2187
1083 2192
1083 2194
1083 2197
1083 2204
1083 2214
1084 2099
1084 1854
1084 1147
1084 1737
1084 2184
1084 1118
1084 1826
1084 2110
1084 2181
1084 2183
1084 2186
1084 2191
1084 2195
1084 2019
1084 2210
1085 2101
1085 2097
1085 1827
2864 1470
2864 1579
2864 1580
2864 1601
2864 1711
2864 2038
2864 2522
2864 2523
2864 2524
2864 2543
2864 2598
2864 2600
2864 2609
2864 2613
2864 2830
2864 2833
1086 2122
1086 1269
1086 1911
1086 1715
1086 2231
2487 1138
2487 1169
2487 1186
2487 1187
2487 1207
2487 1257
2487 1277
2487 1279
2487 1285
2487 1316
2487 1326
2487 1389
2487 1403
2487 1407
2487 1408
2487 1414
2487 1415
2487 1418
2487 1419
2487 1421
2487 1422
2487 1423
2487 1424
2487 1425
2487 1440
2487 1449
2487 1863
2487 1956
2487 2131
2487 2489
2487 2667
2487 2674
2487 2545
2487 2644
2487 2635
2487 2645
2487 2539
2487 2491
2487 2492
2487 2498
2488 1207
2488 1257
2488 1316
2488 1404
2488 1408
2488 1410
2488 1413
2488 1419
2488 1422
2488 1424
2488 1427
2488 1428
2488 1429
2488 1863
2488 2644
2488 2492
2489 1102
2489 1168
2489 1178
2489 1186
2489 1257
2489 1285
2489 1316
2489 1389
2489 1403
2489 1406
2489 1410
2489 1415
2489 1417
2489 1419
2489 1422
2489 1423
2489 1424
2489 1425
2489 1426
2489 1427
2489 1431
2489 2130
2489 2838
2489 2644
2489 2635
2489 2490
2489 2491
2489 2492
2489 2493
2489 2494
2489 2667
2490 1207
2490 1316
2490 1404
2490 1407
2490 1410
2490 1420
2490 1421
2490 1422
2490 2644
2490 2491
2490 2493
2490 2838
2490 2494
2490 2498
2491 1169
2491 1186
2491 1257
2491 1316
2491 1403
2491 1407
2491 1411
2491 1415
2491 1418
2491 1419
2491 1423
2491 1424
2491 1863
2491 2635
2491 2492
2491 2493
2492 1186
2492 1207
2492 1316
2492 1326
2492 1408
2492 1423
2492 1424
2492 1427
2492 1863
2492 2542
2492 2644
2492 2635
2493 1207
2493 1404
2493 1407
2493 1420
2493 1422
2493 1620
2493 2644
2493 2646
2493 2838
2493 2494
2494 1316
2494 1407
2494 1410
2494 1419
2494 1420
2494 1423
2494 1424
2494 1541
2494 2644
2494 2645
2494 2838
2494 2498
2495 1569
2495 2497
2495 2496
2496 2497
2497 1461
2497 1569
1087 854
1087 1105
1087 1127
1087 1732
1087 2006
1087 1779
1087 1701
1087 1720
1088 854
1088 1744
1088 1486
1088 1393
1088 1458
1088 2024
1089 892
1089 2106
1089 1631
1089 2581
1089 2193
1090 1229
1090 1402
1090 2097
1090 1827
1090 2114
1090 1996
1090 1264
1090 2583
1091 2227
1091 2164
1091 1133
1091 1518
1091 2116
1091 2203
2498 1186
2498 1285
2498 1407
2498 1410
2498 1414
2498 1419
2498 1423
2498 1440
2498 1620
2498 2674
2498 2545
2498 2539
2498 2645
2498 2681
1092 2114
1092 2103
1092 2579
1092 2233
1092 2789
1093 1207
1093 2644
1093 1428
1093 2204
1094 2046
2499 890
2499 891
2499 1551
2499 1552
2499 1554
2499 1708
2499 2130
2499 2500
2499 2666
2499 2510
2499 2831
2499 2602
2499 2608
2500 1456
2500 1553
2500 1574
2500 1656
2500 1898
2500 2202
2500 2655
2500 2501
2500 2502
2500 2505
2500 2508
2501 1565
2501 1621
2501 2505
2501 2507
2501 2508
2502 1562
2502 1590
2502 1593
2502 1629
2502 2636
2502 2641
2503 2535
2503 2896
2965 1213
2965 2740
2965 2941
2504 1553
2504 2029
2504 2060
2504 2097
2504 2114
2504 2507
2504 2583
2505 1399
2505 1426
2505 1454
2505 1549
2505 1553
2505 1565
2505 1574
2505 1621
2505 1684
2505 2535
2505 2509
2505 2631
2505 2506
2505 2632
2966 1213
2966 1372
2966 1382
2966 2740
2966 2941
1095 1499
1095 1142
1095 1347
1095 2000
1095 1725
1095 1656
1095 1694
2506 1553
2506 2642
2507 2509
2507 2510
2508 1402
2508 1547
2508 1552
2508 1553
2508 1593
2508 1644
2508 1817
2508 1999
2508 2029
2508 2097
2508 2114
2508 2174
2508 2533
2508 2636
2508 2551
2509 1553
2509 2631
2509 2636
2510 2633
2510 2898
2510 2613
2967 1225
2967 1289
1096 854
1096 891
1096 1511
1096 1631
1096 1552
1096 1637
1096 1458
1096 2192
1096 2586
1098 1482
1098 1102
1098 1231
1098 1775
1099 2543
1099 1583
1099 2535
1099 2536
1099 2202
1099 1478
1099 2592
1099 2683
2960 1152
2960 2542
2960 2919
2960 2920
2960 2988
2511 1723
2511 1755
2511 1761
2511 1776
2511 1912
2511 2061
2511 2515
1100 1127
1100 1591
1100 1844
1100 1376
1100 1277
1100 1798
1100 1926
1100 2004
1100 1318
1100 1716
2512 1179
2512 1195
2512 1237
2512 1271
2512 1723
2512 1761
2512 1798
2512 1874
2512 2061
2512 2513
2512 2514
2512 2515
2512 2516
2513 1237
2513 1271
2513 1464
2513 1723
2513 1761
2513 1768
2513 1772
2513 1797
2513 1798
2513 1806
2513 1874
2513 1932
2513 1934
2513 2045
2513 2061
2513 2075
2513 2077
2513 2514
2514 1237
2514 1271
2514 1723
2514 1761
2514 1798
2514 1874
2514 1912
2514 2061
2514 2515
2514 2516
1101 1121
1101 1126
1101 1142
1101 1143
1101 1183
1101 1197
1101 1219
1101 1281
1101 1354
1101 1761
1101 1102
1101 1110
1101 1176
1101 1729
1101 1730
1101 1206
1101 1209
1101 1214
1101 1216
1101 1224
1101 1256
1101 1367
1101 1751
1101 1760
1101 1778
1101 1782
1101 2225
1101 2685
1101 1911
1102 1103
1102 1105
1102 1106
1102 1107
1102 1126
1102 1142
1102 1143
1102 1196
1102 1731
1102 1219
1102 1228
1102 1104
1102 1465
1102 1110
1102 1111
1102 1112
1102 1114
1102 1128
1102 1490
1102 1503
1102 1514
1102 1138
1102 1157
1102 1993
1102 1161
1102 1164
1102 2110
1102 1831
1102 1167
1102 2171
1102 2673
1102 1168
1102 1169
1102 1171
1102 1174
1102 1175
1102 1176
1102 2674
1102 1178
1102 1404
1102 1185
1102 1186
1102 1730
1102 1189
1102 1200
1102 1201
1102 2843
1102 1204
1102 1205
1102 1207
1102 1213
1102 1217
1102 1218
1102 1222
1102 1224
1102 2676
1102 1225
1102 1231
1102 1232
1102 1235
1102 1241
1102 1243
1102 1248
1102 1252
1102 1253
1102 1408
1102 1437
1102 1413
1102 1415
1102 1853
1102 1257
1102 2660
1102 1258
1102 1416
1102 2924
1102 1269
1102 1272
1102 2926
1102 1417
1102 1279
1102 1285
1102 1348
1102 1366
1102 1372
1102 1394
1102 2647
1102 1866
1102 2134
1102 1778
1102 2177
1102 2684
1102 1876
1102 1882
1102 2204
1102 2703
1102 2704
1103 1104
1103 1105
1103 1110
1103 1126
1103 1490
1103 1494
1103 1160
1103 1171
1103 1198
1103 1731
1103 1203
1103 1207
1103 1214
1103 1232
1103 1248
1103 1250
1103 1410
1103 1851
1103 1415
1103 1852
1103 1853
1103 1416
1103 1295
1103 1366
1103 1398
1104 890
1104 891
1104 1105
1104 1106
1104 1107
1104 1122
1104 1126
1104 1142
1104 1170
1104 1197
1104 1203
1104 1212
1104 1261
1104 1274
1104 1109
1104 1110
1104 1112
1104 1495
1104 1496
1104 1547
1104 2162
1104 2103
1104 2104
1104 1160
1104 2550
1104 2109
1104 2114
1104 1171
1104 1188
1104 1200
1104 1216
1104 1592
1104 1260
1104 1264
1104 1266
1104 1611
1104 2133
1104 1813
1104 2569
1104 2208
1105 854
1105 1541
1105 1110
1105 1825
1105 1114
1105 1116
1105 1121
1105 1483
1105 1126
1105 1127
1105 1489
1105 1490
1105 1494
1105 1129
1105 1499
1105 1512
1105 1134
1105 1521
1105 1142
1105 1144
1105 1533
1105 1159
1105 1163
1105 1166
1105 1167
1105 1170
1105 1171
1105 1173
1105 1176
1105 1179
1105 2000
1105 1836
1105 1838
1105 1840
1105 1726
1105 1728
1105 2656
1105 1185
1105 1188
1105 1195
1105 1196
1105 1197
1105 1198
1105 1200
1105 1203
1105 1844
1105 1208
1105 1212
1105 1214
1105 1215
1105 1216
1105 1223
1105 1224
1105 1228
1105 1231
1105 1237
1105 1239
1105 1247
1105 1250
1105 1597
1105 1606
1105 1256
1105 1260
1105 1261
1105 1262
1105 1855
1105 1267
1105 1611
1105 1271
1105 1857
1105 1858
1105 1281
1105 1282
1105 1289
1105 1290
1105 1347
1105 1355
1105 1357
1105 1376
1105 1392
1105 1398
1105 1865
1105 2006
1105 2007
1105 1636
1105 1639
1105 1748
1105 1664
1105 1785
1105 1669
1105 1809
1105 1872
1105 1875
1105 1885
1105 1886
1105 1892
1105 1896
1105 1702
1105 2940
1105 2034
1105 2016
1105 2206
1105 2291
1106 891
1106 1467
1106 1109
1106 1110
1106 1112
1106 1114
1106 1115
1106 1116
1106 1122
1106 1123
1106 1125
1106 1126
1106 1130
1106 1131
1106 1507
1106 1508
1106 1135
1106 1138
1106 1141
1106 1148
1106 1160
1106 1164
1106 1165
1106 1832
1106 1166
1106 1171
1106 1838
1106 1727
1106 1182
1106 2001
1106 1184
1106 1200
1106 1208
1106 1211
1106 1213
1106 1229
1106 1230
1106 1245
1106 1249
1106 1252
1106 1253
1106 2122
1106 1265
1106 1266
1106 1269
1106 1271
1106 1274
1106 1275
1106 1277
1106 1293
1106 1294
1106 1304
1106 1315
1106 1326
1106 1328
1106 1342
1106 1343
1106 1379
1106 1381
1106 2537
1106 1664
1106 2146
1106 1713
1106 2705
1107 1112
1107 1130
1107 1139
1107 1143
1107 1145
1107 1995
1107 1167
1107 1169
1107 1170
1107 1171
1107 1173
1107 1174
1107 1175
1107 1176
1107 1180
1107 1840
1107 1183
1107 1185
1107 1197
1107 1200
1107 2843
1107 1207
1107 1208
1107 1213
1107 1222
1107 1255
1107 1285
1107 1289
1107 1301
1107 1329
1107 1333
1107 1358
1107 1366
1107 1382
1107 1397
1107 1399
1107 1781
1107 1896
1108 1761
1108 1898
1108 1466
1108 1112
1108 1535
1108 2906
1108 2907
1108 1151
1108 2622
1108 1155
1108 1575
1108 1729
1108 1226
1108 1901
1108 1268
1108 1286
1108 1299
1108 1309
1108 1324
1108 1350
1108 1363
1108 1367
1108 1368
1108 1369
1108 1375
1108 1380
1108 1396
1108 2223
1108 1738
1108 1903
1108 1904
1108 1740
1108 1742
1108 1743
1108 1745
1108 1750
1108 1768
1108 1781
1108 1782
1108 1666
1108 1788
1108 1796
1108 1798
1108 1804
1108 1810
1108 1815
1108 2064
1108 2065
1108 1912
1108 1913
1108 1914
1108 1918
1108 2069
1108 1921
1108 1922
1108 1923
1108 1924
1108 1925
1108 1926
1108 1928
1108 1929
1108 2071
1108 2072
1108 2073
1108 1931
1108 1690
1108 1932
1108 2074
1108 1933
1108 2516
1108 2079
1108 2080
1108 1958
1108 1963
1108 2085
1108 1972
1108 2427
1108 2090
1108 2091
1108 1983
1108 2092
1108 2095
1109 1122
1109 1126
1109 1197
1109 1208
1109 1274
1109 1159
1109 1110
1109 1112
1109 1171
1109 1176
1109 1210
1109 1216
1109 1260
1109 1266
1109 1283
1109 1293
1109 1311
1110 1126
1110 1135
1110 1170
1110 1858
1110 1274
1110 1354
1110 1404
1110 1111
1110 1112
1110 1114
1110 1514
1110 2112
1110 1171
1110 1173
1110 1176
1110 2643
1110 1185
1110 1730
1110 1199
1110 1200
1110 2843
1110 1205
1110 1213
1110 1216
1110 1222
1110 1225
1110 1848
1110 1241
1110 1853
1110 2923
1110 1416
1110 1263
1110 1266
1110 1611
1110 2926
1110 1358
1110 2129
1110 1420
1110 1866
1110 2134
1110 1876
1110 1882
1110 2157
1110 2704
1110 2920
1111 1138
1111 1157
1111 1171
1111 1176
1111 1185
1111 1248
1111 1416
1111 1272
1111 1279
1112 1122
1112 1126
1112 1134
1112 1135
1112 1274
1112 1123
1112 1138
1112 1182
1112 1114
1112 1130
1112 1139
1112 1148
1112 2903
1112 1149
1112 2621
1112 2906
1112 1150
1112 2907
1112 1151
1112 1152
1112 1153
1112 1154
1112 2622
1112 1155
1112 1156
1112 1157
1112 1162
1112 1164
1112 1165
1112 1173
1112 1174
1112 1176
1112 1198
1112 1200
1112 1204
1112 1205
1112 1213
1112 1217
1112 1230
1112 1231
1112 1233
1112 1234
1112 1253
1112 1266
1112 1273
1112 1301
1112 1307
1112 1314
1112 1319
1112 1320
1112 1324
1112 1328
1112 1336
1112 1337
1112 1348
1112 1366
1112 1372
1112 1379
1112 1380
1112 2705
1113 1553
1113 1557
1113 2639
1113 1582
1113 1393
1114 891
1114 1143
1114 1255
1114 1138
1114 1130
1114 1506
1114 1507
1114 1164
1114 1165
1114 1832
1114 1176
1114 1185
1114 1189
1114 1213
1114 1416
1114 1266
1114 1269
1114 1328
1114 2146
1114 2705
1115 2013
1115 1898
1115 1230
1115 1293
1115 1118
1115 2111
1115 1176
1115 1245
1115 1249
1115 1379
1116 1467
1116 1121
1116 1123
1116 1493
1116 1130
1116 1148
1116 1165
1116 1832
1116 1170
1116 1176
1116 1184
1116 1200
1116 1229
1116 1247
1116 1249
1116 1250
1116 1735
1116 1262
1116 1271
1116 1275
1116 1277
1116 1304
1116 1329
1116 1375
1116 1392
1116 1658
1116 1809
1116 1875
1116 1896
1117 1127
1117 1726
1117 2654
1117 1854
1117 1475
1117 1118
1117 1199
1117 1265
1117 1303
1117 1346
1117 1390
1117 1636
1117 1664
1117 1875
1117 2186
1117 2191
1117 2940
1117 2927
1117 2019
1117 2938
1118 1503
1118 1285
1118 1509
1118 1854
1118 1524
1118 1186
1118 1737
1118 1200
1118 1603
1118 2186
1118 2191
1119 1338
1119 1469
1119 2101
1119 1567
1119 1465
1119 2190
1119 1854
1119 1175
1119 1491
1119 1518
1119 1520
1119 1526
1119 2116
1119 1177
1119 1819
1119 2182
1120 1469
1120 1121
1120 1143
1120 1147
1120 1163
1120 1170
1120 1435
1120 1206
1120 1219
1120 1227
1120 1232
1120 1607
1120 1608
1120 1255
1120 1852
1120 2660
1120 1854
1120 1261
1120 1271
1120 1381
1120 1400
1120 1441
1120 1447
1120 1450
1121 1126
1121 1127
1121 1494
1121 1514
1121 1142
1121 1143
1121 1169
1121 1175
1121 1179
1121 1183
1121 1206
1121 1208
1121 1227
1121 1228
1121 1847
1121 1237
1121 1243
1121 1254
1121 1851
1121 1259
1121 1271
1121 1275
1121 1277
1121 1323
1121 1337
1121 1400
1121 1439
1121 2131
1121 1449
1121 2152
1122 1123
1122 1126
1122 1501
1122 1503
1122 1511
1122 1515
1122 1138
1122 1145
1122 1148
1122 1829
1122 1164
1122 1560
1122 1174
1122 1180
1122 1182
1122 2003
1122 1199
1122 1208
1122 1210
1122 1217
1122 1229
1122 1230
1122 1236
1122 1273
1122 1274
1122 1293
1122 1348
1122 1384
1122 1633
1122 1741
1122 1654
1122 1661
1122 1664
1122 1678
1122 1685
1122 1691
1122 1694
1122 1701
1122 1719
1122 2587
1123 1127
1123 1170
1123 1726
1123 1274
1123 1809
1123 1466
1123 1467
1123 1130
1123 1501
1123 1502
1123 1136
1123 1137
1123 1138
1123 1139
1123 1140
1123 1141
1123 1529
1123 1148
1123 1174
1123 1182
1123 1200
1123 1245
1123 1266
1123 1275
1123 1295
1123 1303
1123 1358
1123 2223
1123 1875
1123 2940
1124 1126
1124 1338
1124 1172
1124 1176
1124 1177
1124 1185
1124 1200
1124 1209
1124 2679
1124 1881
1124 2699
1124 2700
1125 1471
1125 2544
1125 1130
1125 1245
1125 2212
1126 1127
1126 1134
1126 1135
1126 1137
1126 1138
1126 1139
1126 1140
1126 1142
1126 1154
1126 1159
1126 1160
1126 1170
1126 1171
1126 1172
1126 1173
1126 1174
1126 1176
1126 1177
1126 1724
1126 1197
1126 1198
1126 1200
1126 1201
1126 1203
1126 1208
1126 1209
1126 1210
1126 1212
1126 1214
1126 1216
1126 1217
1126 1219
1126 1221
1126 1222
1126 1224
1126 1227
1126 1238
1126 1250
1126 1260
1126 1261
1126 1263
1126 1264
1126 1267
1126 1268
1126 1269
1126 1611
1126 1271
1126 1274
1126 1275
1126 1291
1126 1294
1126 1295
1126 1319
1126 1347
1126 1354
1126 1355
1126 1357
1126 1358
1126 1361
1126 1421
1126 2679
1127 854
1127 1474
1127 1481
1127 1467
1127 1541
1127 1542
1127 1472
1127 1476
1127 1483
1127 1490
1127 1494
1127 1129
1127 1512
1127 1524
1127 1141
1127 1142
1127 1144
1127 1533
1127 1160
1127 2540
1127 1166
1127 1167
1127 1170
1127 2027
1127 1203
1127 1215
1127 1224
1127 1228
1127 1229
1127 1237
1127 1239
1127 1242
1127 1247
1127 1256
1127 1609
1127 1261
1127 1857
1127 1859
1127 2004
1127 1364
1127 1376
1127 1392
1127 2006
1127 2007
1127 1747
1127 1748
1127 1782
1127 1809
1127 1872
1127 1671
1127 1886
1127 1892
1127 1896
1127 2031
1127 1699
1127 2033
1127 2014
1127 2034
1127 2035
1127 2016
1127 2037
1127 2206
1127 2040
1127 2929
1127 2041
1127 2042
1128 1134
1128 1135
1128 1166
1128 1261
1128 1198
1128 1200
1128 1258
1128 1765
1128 1774
1129 2031
1129 2034
1129 1483
1129 1490
1129 1494
1129 1529
1129 1530
1129 1533
1129 1886
1129 2014
1130 1135
1130 1180
1130 1183
1130 1208
1130 1271
1130 1138
1130 1141
1130 1182
1130 1854
1130 1175
1130 1610
1130 1213
1130 1253
1130 1294
1130 1184
1130 1147
1130 1137
1130 1832
1130 1174
1130 1176
1130 1191
1130 1262
1130 1275
1130 1328
1130 1329
1130 1337
1130 1342
1130 1358
1130 2039
1131 1229
1131 1141
1131 1140
1131 1186
1131 1230
1131 1245
1131 1262
1131 1275
1131 1277
1131 1294
1131 1315
1131 1329
1132 1144
1132 1170
1132 1183
1132 1197
1132 1254
1132 1261
1132 1276
1132 1281
1132 1333
1132 1354
1132 1211
1132 1826
1132 1176
1132 1202
1132 1214
1132 1216
1132 1287
1132 1311
1132 1323
1132 1325
1132 1370
1132 2687
1133 1143
1133 1254
1133 1398
1133 2097
1133 2114
1133 1549
1133 2164
1133 1552
1133 1608
1133 1866
1133 2203
1134 1135
1134 1170
1134 1198
1134 1200
1134 1217
1134 1231
1134 1233
1134 1238
1134 1253
1134 1261
1134 1611
1134 1283
1134 1294
1134 1295
1134 1341
1134 1366
1135 1139
1135 1152
1135 1170
1135 1173
1135 1176
1135 1182
1135 1188
1135 1198
1135 1731
1135 1199
1135 1200
1135 1217
1135 1224
1135 1231
1135 1233
1135 1234
1135 1235
1135 1238
1135 1246
1135 1247
1135 1253
1135 1261
1135 1263
1135 1275
1135 1283
1135 1293
1135 1294
1135 1295
1135 1301
1135 1307
1135 1328
1135 1340
1135 1341
1135 1362
1135 1366
1135 1395
1135 1949
1136 1542
1136 1420
1136 2643
1136 1516
1136 1137
1136 2204
1137 1466
1137 1516
1137 2540
1138 1219
1138 1228
1138 1237
1138 1271
1138 1466
1138 1139
1138 1140
1138 1148
1138 1165
1138 1832
1138 1173
1138 1174
1138 1176
1138 1182
1138 2172
1138 2003
1138 1184
1138 1191
1138 1200
1138 1213
1138 1221
1138 1225
1138 1230
1138 1236
1138 1245
1138 1252
1138 2660
1138 1262
1138 1275
1138 1277
1138 1279
1138 1293
1138 1303
1138 1304
1138 1326
1138 1328
1138 1400
1138 2223
1138 1441
1138 2146
1138 2840
1138 2705
1139 1274
1139 1182
1139 1148
1139 1273
1139 1168
1139 1213
1139 1236
1139 1253
1139 1279
1139 1326
1139 1149
1139 1152
1139 1301
1139 1140
1139 1156
1139 1162
1139 1164
1139 1174
1139 1176
1139 1198
1139 1200
1139 1201
1139 1204
1139 1205
1139 1217
1139 1266
1139 1290
1139 1314
1139 1336
1139 1348
1139 1366
1139 1379
1139 1382
1139 1397
1140 1229
1140 1809
1140 1148
1140 1329
1141 1841
1141 1229
1141 1467
1141 2047
1141 1610
1141 1294
1141 1388
1142 854
1142 1514
1142 1525
1142 1144
1142 1533
1142 1163
1142 1166
1142 1167
1142 1170
1142 1174
1142 1179
1142 2000
1142 1836
1142 1840
1142 1726
1142 1183
1142 1730
1142 1194
1142 1195
1142 1197
1142 1200
1142 1202
1142 1203
1142 1208
1142 1211
1142 1219
1142 1223
1142 1224
1142 1237
1142 1242
1142 1243
1142 1250
1142 1253
1142 1254
1142 1597
1142 1260
1142 1261
1142 1263
1142 1272
1142 1283
1142 1287
1142 1291
1142 1311
1142 1354
1142 1400
1142 1866
1142 1744
1142 1748
1142 1656
1142 1769
1142 1458
1142 2225
1142 1877
1142 2031
1142 1694
1142 1702
1142 1703
1142 2013
1143 1469
1143 1147
1143 2533
1143 1170
1143 1183
1143 2534
1143 1192
1143 1197
1143 1200
1143 1203
1143 1843
1143 1208
1143 1214
1143 1216
1143 1219
1143 1227
1143 1232
1143 1240
1143 1243
1143 1251
1143 1254
1143 1255
1143 1737
1143 1853
1143 2176
1143 1854
1143 1260
1143 1283
1143 1291
1143 1293
1143 1400
1144 1474
1144 1163
1144 1170
1144 1192
1144 1197
1144 1214
1144 1215
1144 1223
1144 1224
1144 1240
1144 1243
1144 1597
1144 1311
1144 1325
1144 1741
1144 1885
1145 1180
1145 1208
1145 1503
1145 1186
1145 1210
1145 1273
1145 1285
1145 1329
1145 1399
1145 1401
1145 2539
1145 1681
1145 1686
1146 891
1146 1219
1146 1490
1146 1492
1146 2101
1146 2163
1146 1831
1146 2592
1146 1160
1146 1993
1146 2103
1146 2108
1146 1495
1146 1496
1146 1547
1146 1997
1146 1453
1146 2105
1146 2550
1146 2109
1146 1164
1146 2111
1146 2551
1146 1178
1146 1592
1146 2122
1146 2147
1146 2580
1146 2154
1146 2160
1147 1183
1147 1219
1147 1255
1147 1439
1147 2174
1147 1854
1147 1829
1147 1852
1147 1400
1147 1441
1147 2030
1147 2019
1147 2939
1148 1842
1148 1844
1148 1274
1148 1744
1148 1489
1148 1725
1148 1727
1148 1157
1148 1996
1148 1162
1148 1164
1148 1833
1148 2220
1148 1174
1148 1204
1148 1213
1148 1230
1148 1249
1148 2122
1148 1266
1148 1293
1148 1304
1148 2134
1148 1670
1148 2225
1148 1911
1148 1897
1148 2140
1148 2571
1148 2186
1148 2232
1148 2690
1148 2704
1148 2710
1148 2733
1148 2734
1148 2735
1148 2800
1148 2819
1149 2903
1149 2621
1149 2907
1149 1151
1149 1153
1149 2622
1149 1155
1149 1217
1149 1301
1149 1308
1149 1320
1149 1322
1149 1332
1149 1380
1150 2903
1150 2906
1150 2907
1150 1151
1150 1155
1150 1157
1150 1156
1151 2903
1151 2906
1151 2907
1151 2621
1151 1152
1151 2908
1151 1153
1151 2622
1151 1155
1151 1319
1151 1320
1151 1324
1151 1380
1152 2542
1152 2903
1152 2907
1152 2908
1152 1156
1152 1198
1152 1217
1152 1246
1152 1307
1152 1320
1152 1324
1152 1339
1152 1340
1152 1341
1152 1362
1152 1374
1152 1395
1152 2928
1152 2919
1153 2903
1153 2906
1153 2907
1153 2621
1153 2622
1153 1155
1153 1307
1153 1319
1153 1320
1153 1332
1153 1380
1154 2903
1154 1155
1154 1319
1154 1320
1154 1324
1155 2903
1155 2906
1155 2907
1155 2622
1155 2621
1155 1156
1155 1157
1155 1319
1155 1320
1155 1324
1155 1380
1156 2903
1156 2906
1156 1301
1156 1176
1156 1198
1156 1217
1156 1220
1156 1339
1156 1340
1156 1362
1156 1366
1156 1395
1156 2928
1157 2903
1157 2906
1157 1167
1157 1176
1157 1204
1157 1272
1157 1301
2364 1186
2364 1431
2364 1503
2364 1519
2364 1549
2364 1574
2364 1607
2364 1646
2364 1655
2364 1656
2364 1657
2364 2097
2364 2150
1158 1519
1158 2025
1158 1589
1158 1591
1158 1843
1158 1844
1158 1364
1158 2224
1158 1642
1158 2227
1158 2186
1158 2195
1159 1824
1159 1163
1159 1166
1159 1179
1159 1208
1159 1219
1159 1227
1159 1271
1159 1827
1159 2653
1159 1724
1159 1840
1159 1235
1159 1272
1159 2909
1159 2604
1160 890
1160 1392
1160 1892
1160 1554
1160 1468
1160 2059
1160 1478
1160 2592
1160 1495
1160 1496
1160 1547
1160 2162
1160 2102
1160 1452
1160 1453
1160 2104
1160 2594
1160 2105
1160 2550
1160 2109
1160 2111
1160 2551
1160 2221
1160 1560
1160 2552
1160 1579
1160 2523
1160 1592
1160 1266
1160 1318
1160 1342
1160 2180
1160 2579
1160 2147
1160 2053
1160 1913
1160 2607
1160 2208
1160 2611
1161 2558
1161 1465
1161 1294
1161 1491
1161 1225
1161 1592
1161 1258
1161 1343
1162 1584
1162 1744
1162 2224
1162 1547
1162 1996
1162 1164
1162 2552
1162 1266
1162 1670
1162 1897
1162 2210
1162 2820
1163 1827
1163 2101
1163 1724
1163 1840
1163 1183
1163 1192
1163 1202
1163 1208
1163 1214
1163 1217
1163 1219
1163 1232
1163 1234
1163 1235
1163 1240
1163 1853
1163 1261
1163 1263
1163 1272
1163 1283
1164 891
1164 2101
1164 1827
1164 1230
1164 2673
1164 1266
1164 1379
1164 1881
1164 1882
1164 2012
1165 891
1165 1228
1165 1237
1165 1271
1165 1230
1165 1277
1165 1176
1165 1266
1165 1269
1165 1401
1165 2146
1166 1512
1166 1521
1166 1830
1166 2669
1166 2670
1166 2671
1166 1171
1166 1173
1166 1838
1166 1727
1166 1188
1166 1194
1166 1195
1166 1196
1166 1203
1166 1214
1166 1215
1166 1223
1166 1231
1166 1261
1166 1855
1166 1857
1166 1858
1166 1612
1166 1859
1166 1860
1166 1281
1166 1311
1166 1323
1166 1338
1166 1741
1166 1640
1166 1744
1166 1748
1166 1664
1166 1785
1166 1670
1166 1877
1167 1183
1167 1196
1167 1197
1167 1203
1167 1228
1167 1261
1167 1281
1167 1476
1167 1831
1167 1825
1167 1185
1167 1200
1167 1202
1167 1214
1167 1215
1167 1846
1167 1232
1167 1240
1167 1256
1167 1859
1167 1868
1167 1875
1167 1886
1167 1891
1167 1893
1167 2014
1168 891
1168 1993
1168 1549
1168 2112
1168 1178
1168 1186
1168 1200
1168 1207
1168 1213
1168 1225
1168 1408
1168 1410
1168 1257
1168 1304
1168 1389
1168 1419
1168 1431
1168 2134
1168 2012
1169 1824
1169 1170
1169 1179
1169 1195
1169 1219
1169 1237
1169 1271
1169 1175
1169 2674
1169 1200
1169 1231
1169 1277
1169 1316
1169 1418
1169 1421
1169 2604
1170 1514
1170 2594
1170 2025
1170 1171
1170 1175
1170 1179
1170 1726
1170 1183
1170 1188
1170 1190
1170 1192
1170 1197
1170 1198
1170 1200
1170 1203
1170 1208
1170 1211
1170 1212
1170 1219
1170 1224
1170 1228
1170 1233
1170 1237
1170 1239
1170 1247
1170 1852
1170 1853
1170 1261
1170 1263
1170 1611
1170 1271
1170 1283
1170 1284
1170 1302
1170 1333
1170 1392
1170 1400
1170 1439
1170 1874
1170 2612
1171 1197
1171 1203
1171 1219
1171 1261
1171 1838
1171 1840
1171 1260
1171 1176
1171 1200
1171 1214
1171 1216
1171 1231
1171 1232
1171 1266
1171 1275
1172 1559
1172 1518
1172 1520
1172 1177
1172 2661
1172 2137
1173 1223
1173 1255
1173 1858
1173 1175
1173 1301
1173 2669
1173 1174
1173 1176
1173 1200
1173 1222
1173 1262
1173 1855
1173 1857
1173 1290
1173 2081
1174 1182
1174 1175
1174 1273
1174 1236
1174 1253
1174 1279
1174 1326
1174 1184
1174 1306
1174 1832
1174 1176
1174 1191
1174 1200
1174 1201
1174 1204
1174 1205
1174 1220
1174 1221
1174 1222
1174 1225
1174 1245
1174 1252
1174 1262
1174 1266
1174 1295
1174 1315
1174 1343
1174 1346
1175 1183
1175 1208
1175 1219
1175 1271
1175 1439
1175 1469
1175 1588
1175 1854
1175 1514
1175 2108
1175 1832
1175 1206
1175 1232
1175 1847
1175 1259
1175 1275
1175 1277
1175 1316
1175 1337
1175 1400
1175 2518
1175 2131
1175 2152
1175 2549
1176 1197
1176 1212
1176 1254
1176 1271
1176 1281
1176 1354
1176 1809
1176 1182
1176 1273
1176 1365
1176 1213
1176 1236
1176 1184
1176 1211
1176 1832
1176 1200
1176 1202
1176 1204
1176 1214
1176 1216
1176 1217
1176 1220
1176 1221
1176 1222
1176 1225
1176 1240
1176 1248
1176 1252
1176 1256
1176 1262
1176 1272
1176 1275
1176 1290
1176 1315
1176 1323
1176 1325
1176 1343
1176 1358
1176 1370
1176 1395
1176 1401
1176 1869
1177 1338
1177 1896
1177 1420
1177 1421
1177 1209
1178 891
1178 1993
1178 1257
1178 1420
1178 1453
1178 2012
1179 1824
1179 1840
1179 1183
1179 1195
1179 1200
1179 1845
1179 1221
1179 1228
1179 1237
1179 1242
1179 1251
1179 1438
1179 1261
1179 1263
1179 1271
1179 1279
1179 1326
1179 1333
1179 1400
1179 2909
1179 2915
1179 2604
1179 1874
1180 1837
1180 1182
1180 2172
1180 1407
1180 1230
1180 1236
1180 1411
1180 1285
1180 1293
1180 1329
1180 1378
1180 1399
1180 2646
1180 1639
1180 1681
1180 1686
1180 1691
1180 1698
1181 2013
1181 1640
1182 1501
1182 1435
1182 1467
1182 1184
1182 1186
1182 1200
1182 1211
1182 1217
1182 1221
1182 1236
1182 1252
1182 1260
1182 1273
1182 1293
1182 1303
1182 1326
1182 1328
1182 1348
1182 2539
1183 1514
1183 1826
1183 1829
1183 1832
1183 1435
1183 1192
1183 1197
1183 1202
1183 1203
1183 1211
1183 1845
1183 1219
1183 1227
1183 1232
1183 1847
1183 1243
1183 1251
1183 2121
1183 1255
1183 1854
1183 1262
1183 1276
1183 1287
1183 1291
1183 1323
1183 1400
1183 1439
1183 1894
1184 2598
1184 1832
1184 1191
1184 1221
1184 1252
1184 1262
1184 1266
1184 1342
1185 1203
1185 1213
1185 1218
1185 1253
1185 1279
1185 1189
1185 2843
1185 1202
1185 1205
1185 1215
1185 1217
1185 1225
1185 1846
1185 1234
1185 1241
1185 1249
1185 2923
1185 2125
1185 2126
1185 1416
1185 2924
1185 2925
1185 2926
1185 1304
1185 1336
1185 1366
1185 1372
1185 1382
1185 1394
1185 2679
1185 1868
1185 1881
1185 1893
1185 2900
1185 2931
1185 2699
1185 2700
1185 2941
1186 1503
1186 1544
1186 1566
1186 1818
1186 2222
1186 1285
1186 1210
1186 1437
1186 2542
1186 1399
1186 1654
1186 1280
1186 2667
1186 2674
1186 2050
1186 1207
1186 1213
1186 1230
1186 1245
1186 1408
1186 1410
1186 1415
1186 1257
1186 1277
1186 1279
1186 1863
1186 1293
1186 1316
1186 1326
1186 1378
1186 1389
1186 1401
1186 1419
1186 1420
1186 2130
1186 2635
1186 1423
1186 1424
1186 1425
1186 2681
1186 1427
1186 1428
1186 2539
1186 1643
1186 2136
1186 1894
1186 1678
1186 1434
1186 1449
1186 2840
1186 2368
1187 1285
1187 1210
1187 1407
1187 1411
1187 2643
1187 1207
1187 1408
1187 1420
1187 1421
1187 2644
1187 1423
1187 1424
1187 1425
1187 1428
1187 2645
1187 2646
1187 1430
1187 2539
1187 2648
1188 1728
1188 1261
1188 1398
1188 1268
1188 1198
1188 1233
1188 1272
1188 1311
1188 1312
1188 1366
1188 2055
1189 1213
1189 2843
1189 1225
1189 1366
1189 2931
1190 1247
1190 1270
1191 1898
1191 2172
1191 1466
1191 1522
1191 2223
1191 1279
1191 1515
1192 1197
1192 1219
1192 1276
1192 1211
1192 1232
1192 1234
1193 1219
1193 1228
1193 1237
1193 1898
1193 1438
1193 1466
1193 2662
1193 1856
1193 2175
1193 1874
1194 1195
1194 1196
1194 1263
1194 1385
1195 1512
1195 1524
1195 1196
1195 1200
1195 2558
1195 1261
1195 1271
1195 1277
1195 1385
1195 1790
1195 2225
1195 1874
1195 2034
1196 1466
1196 1489
1196 2049
1196 1261
1196 1282
1196 1458
1197 1481
1197 1726
1197 1837
1197 1838
1197 1839
1197 1200
1197 1842
1197 1202
1197 1206
1197 1208
1197 1209
1197 1211
1197 1845
1197 1214
1197 1215
1197 1216
1197 1219
1197 1224
1197 1234
1197 1237
1197 1238
1197 1240
1197 1735
1197 1254
1197 1852
1197 1853
1197 1259
1197 1260
1197 1261
1197 1860
1197 1281
1197 1282
1197 1291
1197 1310
1197 1311
1197 1312
1197 1323
1197 1325
1197 1333
1197 1354
1197 1370
1197 1392
1197 2137
1197 1896
1197 1676
1197 2687
1198 1731
1198 1212
1198 1261
1198 1253
1198 1199
1198 1200
1198 1217
1198 1231
1198 1233
1198 1234
1198 1246
1198 1263
1198 1611
1198 1307
1198 1339
1198 1340
1198 1341
1198 1366
1198 1395
1198 2928
1199 1731
1199 1870
1199 1483
1199 1524
1199 1515
1199 1200
1199 1733
1199 1734
1199 1846
1199 1848
1199 1741
1199 1457
1199 1664
1199 1670
1200 1731
1200 1254
1200 1280
1200 1253
1200 1293
1200 1211
1200 1226
1200 1201
1200 1202
1200 1204
1200 1205
1200 1206
1200 1214
1200 1216
1200 1222
1200 1225
1200 1233
1200 1240
1200 1246
1200 1275
1200 1290
1200 1292
1200 1323
1200 1328
1201 1253
1201 1211
1201 1204
1201 1205
1201 1217
1201 1222
1201 1366
1202 1481
1202 1203
1202 1281
1202 1839
1202 1214
1202 1215
1202 1216
1202 1846
1202 1263
1202 1323
1202 1325
1202 1370
1202 1891
1203 1476
1203 1514
1203 1838
1203 1727
1203 2921
1203 2922
1203 1208
1203 1209
1203 1214
1203 1215
1203 1216
1203 1231
1203 1250
1203 1255
1203 1256
1203 1261
1203 1611
1203 1859
1203 1281
1203 1333
1203 1398
1203 1886
1203 1896
1203 2014
1203 2932
2517 1309
2517 1318
2517 1740
2517 1768
2517 1798
2517 1806
2517 1912
2517 1926
2517 1931
2517 1934
2517 1959
2517 1989
2517 2045
2517 2061
2517 2066
2517 2074
2517 2077
1204 1306
1204 1217
1204 1220
1204 1222
1204 1235
1204 1366
1205 1213
1205 1253
1205 1217
1205 1222
1205 1225
1205 1314
1205 1348
1205 1395
1206 1208
1206 1219
1206 1400
1206 1243
1206 1259
1206 1283
1206 1337
1207 1212
1207 1544
1207 1404
1207 1285
1207 1407
1207 1411
1207 1440
1207 1463
1207 1403
1207 1406
1207 2643
1207 1213
1207 1218
1207 1225
1207 1253
1207 1408
1207 1410
1207 1413
1207 1257
1207 1863
1207 1419
1207 1420
1207 1421
1207 2838
1207 2545
1207 1422
1207 2644
1207 1424
1207 1425
1207 2562
1207 1427
1207 2645
1207 2646
1207 1620
1207 1434
1207 1449
1208 1514
1208 1838
1208 1724
1208 1840
1208 1210
1208 1212
1208 1845
1208 1216
1208 1238
1208 1248
1208 1259
1208 1260
1208 1611
1208 1271
1208 1273
1208 1274
1208 1276
1208 1342
1208 1400
1208 1439
1208 2130
1208 2012
1209 1281
1209 1338
1209 1354
1209 1896
1209 1837
1209 1214
1209 1216
1209 1312
1209 1653
1210 1229
1210 1285
1210 1260
1210 1273
1210 1428
1211 1261
1211 1281
1211 1236
1211 1260
1211 1214
1211 1216
1211 1233
1211 1247
1211 1311
1211 1323
1212 1216
1212 1408
1212 1261
1212 1263
1212 1611
1212 1863
1212 2129
1212 2839
1213 2674
1213 1217
1213 1220
1213 1225
1213 1234
1213 1241
1213 1249
1213 2923
1213 1416
1213 1292
1213 1304
1213 1328
1213 1336
1213 1348
1213 1355
1213 1366
1213 1372
1213 1379
1213 1382
1213 1389
1213 2680
1213 2134
1213 2705
1213 2941
1213 2735
1213 2740
1213 2752
1213 2790
1213 2791
1214 1481
1214 1219
1214 1254
1214 1860
1214 1281
1214 1354
1214 1838
1214 1839
1214 1215
1214 1216
1214 1224
1214 1231
1214 1232
1214 1234
1214 1250
1214 1310
1214 1312
1214 1323
1214 1325
1214 1370
1214 2137
1215 1481
1215 1228
1215 1237
1215 1261
1215 1281
1215 1896
1215 1840
1215 1524
1215 1846
1215 1231
1215 1240
1215 1250
1215 1256
1215 1859
1215 1311
1215 1325
1215 1868
1215 1762
1215 1875
1215 1886
1215 1893
1215 2014
1216 1254
1216 1261
1216 1281
1216 1260
1217 1301
1217 1225
1217 1233
1217 1234
1217 1235
1217 1241
1217 1246
1217 1314
1217 1339
1217 1340
1217 1348
1217 1362
1217 1366
1217 1394
1217 1395
1217 1869
1218 1846
1218 1253
1218 1257
1218 1394
1219 1549
1219 1827
1219 2108
1219 1730
1219 1225
1219 1232
1219 1847
1219 1243
1219 1250
1219 1255
1219 1852
1219 2660
1219 1854
1219 1268
1219 1271
1219 1276
1219 1277
1219 1347
1219 1366
1219 1398
1219 1400
1219 1439
1219 1441
1219 1788
1219 2157
1220 1306
1220 1221
1220 1222
1220 1225
1220 1241
1220 1868
1221 1294
1221 1832
1221 1252
1221 1262
1221 1275
1221 1295
1222 1236
1222 1306
1222 1248
1222 1252
1222 1275
1222 1290
1222 1342
1223 1824
1223 1840
1223 1228
1223 1237
1223 1239
1223 1735
1223 1253
1223 1259
1223 1263
1223 1855
1223 1857
1223 1858
1223 1877
1223 2916
1224 1354
1224 1730
1224 1311
1224 1390
1225 1407
1225 1253
1225 1279
1225 2843
1225 2676
1225 1241
1225 1249
1225 1258
1225 1272
1225 1304
1225 1336
1225 1366
1225 1394
1225 1868
1225 2931
1225 2941
1226 1723
1226 1761
1226 1767
1226 1770
1226 1807
1226 1919
1226 1286
1226 1369
1226 1738
1226 1903
1226 1766
1226 1942
1226 1937
1226 1506
1226 1575
1226 1729
1226 1730
1226 1535
1226 1244
1226 1901
1226 1602
1226 1736
1226 1268
1226 1299
1226 1309
1226 1314
1226 1318
1226 1350
1226 1351
1226 1353
1226 1363
1226 1367
1226 1368
1226 1377
1226 1396
1226 1400
1226 1902
1226 1904
1226 1740
1226 1742
1226 1743
1226 1905
1226 1745
1226 1747
1226 1907
1226 1908
1226 1750
1226 1751
1226 1752
1226 2062
1226 1662
1226 1768
1226 1663
1226 1458
1226 1773
1226 1776
1226 1778
1226 1665
1226 1779
1226 1781
1226 1782
1226 1783
1226 1787
1226 1788
1226 1789
1226 1791
1226 1794
1226 1795
1226 1796
1226 1668
1226 1669
1226 1798
1226 1799
1226 1802
1226 1803
1226 1804
1226 1805
1226 1806
1226 1808
1226 1810
1226 1811
1226 1815
1226 2065
1226 1912
1226 1913
1226 1914
1226 1683
1226 1918
1226 2069
1226 1922
1226 1923
1226 1924
1226 1926
1226 1928
1226 1929
1226 2072
1226 2073
1226 1931
1226 1690
1226 1932
1226 2074
1226 2075
1226 1933
1226 2515
1226 1939
1226 2077
1226 2528
1226 1947
1226 2080
1226 1955
1226 1958
1226 1963
1226 2084
1226 2085
1226 1970
1226 2086
1226 1972
1226 2427
1226 2090
1226 2091
1226 1977
1226 1978
1226 2092
1226 2093
1226 2094
1226 1989
1227 1840
1227 1259
1227 1261
1227 1283
1228 891
1228 1723
1228 1824
1228 1481
1228 1840
1228 1237
1228 1242
1228 1261
1228 1271
1228 1858
1228 1277
1228 1281
1228 1333
1228 1338
1228 1741
1228 2909
1228 2915
1228 2604
1228 1763
1228 1767
1228 1874
1228 1886
1229 1842
1229 1844
1229 1490
1229 1996
1229 1725
1229 2049
1229 1230
1229 1274
1229 1292
1229 1293
1229 1315
1229 1329
1229 1372
1229 1382
1229 1744
1229 2134
1229 1814
1229 1911
1229 1870
1229 1897
1229 1691
1229 2017
1229 2231
1229 2232
1229 2452
1229 2453
1230 1285
1230 1437
1230 1245
1230 1249
1230 1293
1230 1294
1230 1304
1230 1315
1230 1326
1230 1329
1230 1337
1230 1378
1230 1379
1230 2539
1230 1881
1230 2146
1231 1271
1231 1392
1231 1838
1231 1859
1232 1255
1232 1261
1232 1276
1232 1435
1232 1514
1232 1852
1232 1853
1232 2108
1232 1847
1232 1248
1232 1251
1232 1607
1232 1381
1232 1749
1233 1261
1233 1294
1233 1238
1233 1283
1233 1295
1234 2120
1234 1253
1234 1235
1234 1247
1234 1864
1234 1869
1234 1871
1234 1876
1234 1878
1234 1880
1234 1883
1234 2286
1235 1836
1235 1237
1235 1483
1235 1253
1235 1514
1235 1272
1235 1278
1235 1357
1235 1390
1235 2291
1236 1384
1236 1273
1236 1252
1236 1253
1236 1279
1236 1293
1236 1294
1236 1295
1236 1326
1237 1723
1237 1824
1237 1481
1237 1836
1237 1726
1237 1727
1237 1242
1237 1250
1237 1261
1237 1271
1237 1277
1237 1333
1237 1338
1237 2061
1237 2909
1237 2604
1237 1761
1237 1767
1237 1772
1237 1815
1237 1874
1237 1886
1237 1896
1237 1912
1237 1932
1237 2074
1237 2515
1237 2516
1238 1261
1238 1838
1238 1514
1238 1851
1238 1248
1238 1283
1239 1261
1239 1858
1239 1892
1239 1250
1239 1857
1239 1886
1239 1702
1240 1261
1240 1243
1241 2843
1242 1261
1242 1271
1242 1338
1242 1392
1242 1597
1242 1263
1242 1283
1242 1886
1243 1254
1243 1255
1243 1261
1243 1503
1243 1436
1243 2099
1243 1365
1243 1621
1243 2230
1243 1406
1243 1617
1243 1853
1243 1547
1243 2175
1243 1283
1243 2566
1243 1884
1244 1723
1244 2048
1244 1286
1244 1369
1244 1738
1244 1739
1244 1936
1244 1937
1244 1506
1244 1730
1244 1535
1244 1268
1244 1299
1244 1309
1244 1318
1244 1350
1244 1353
1244 1363
1244 1367
1244 1368
1244 1377
1244 1904
1244 1740
1244 1743
1244 1747
1244 1906
1244 1908
1244 1750
1244 1752
1244 1909
1244 1760
1244 1762
1244 1662
1244 1458
1244 1778
1244 1779
1244 1793
1244 1795
1244 1796
1244 1668
1244 1669
1244 1805
1244 1810
1244 2067
1244 1914
1244 1918
1244 2607
1244 1706
1244 2075
1244 1939
1244 2045
1244 2085
1244 1971
1244 2086
1244 1972
1244 1977
1245 1809
1245 1285
1245 1293
1245 1277
1245 1249
1245 1265
1245 1266
1245 1315
1245 1328
1245 1379
1246 1340
1246 1341
1246 1362
1246 1395
1246 2928
1247 1726
1247 1398
1247 1270
1247 1864
1247 1349
1247 1880
1248 1850
1248 1831
1248 1838
1248 1514
1248 1851
1248 1852
1248 1853
1248 1609
1248 1315
1249 1293
1249 1304
1249 1336
1249 1348
1249 1379
1250 1261
1250 1276
1250 1347
1250 1392
1250 1398
1250 1251
1250 1702
1250 2014
1251 1255
1251 1850
1251 1466
1251 2518
1251 1847
1251 1874
1251 2152
1252 1271
1252 1435
1252 1285
1252 1277
1252 1832
1253 1853
1253 1272
1253 1348
1253 2931
1254 1509
1254 2100
1254 1828
1254 1853
1254 2176
1254 1281
1254 1283
1254 1323
1254 1325
1254 1354
1254 1370
1254 2181
1255 2112
1255 1852
1255 1854
1255 1276
1255 1400
1255 1439
1255 1441
1256 1474
1256 1281
1256 1333
1256 1859
1256 1291
1256 1886
1256 2040
1257 1438
1257 1543
1257 1541
1257 1285
1257 1407
1257 1817
1257 2674
1257 1408
1257 1415
1257 1863
1257 1316
1257 1401
1257 1418
1257 1419
1257 2644
1257 1423
1257 1444
2368 1273
2368 1285
2368 1401
2368 1424
2368 1427
2368 1434
2368 1438
2368 1445
2368 1446
2368 1449
2368 1464
2368 1650
2368 2131
2368 2153
2368 2175
2368 2644
2368 2370
1258 1286
1258 1519
1258 2062
1258 1458
1258 1747
1258 1756
1258 1759
1258 1765
1258 1774
1259 1276
1259 1860
1259 1439
1259 1534
1259 1838
1259 1724
1259 1840
1259 1514
1259 1851
1259 2123
1259 1833
1259 1400
1259 1337
1259 1390
1259 1897
1259 2570
1260 1261
1260 1439
1261 1726
1261 2558
1261 2625
1261 1898
1261 1592
1261 1852
1261 1263
1261 1271
1261 1858
1261 1282
1261 1283
1261 1333
1261 1338
1261 1364
1261 1743
1261 1874
1261 1886
1261 1892
1261 1702
1261 2014
1262 1832
1262 1275
1262 1290
1263 1271
1263 1858
1263 1840
1263 1283
1263 1290
1263 1385
2518 1439
2518 1461
2518 1466
2518 1588
2518 1719
2518 1737
2518 1847
2518 1850
2518 1898
2518 1949
2518 1992
2518 2049
2518 2131
2518 2152
2518 2223
2518 2657
2518 2658
2518 2660
2518 2662
2518 2549
1264 1402
1264 1827
1264 1426
1264 2130
1264 2175
1264 2562
1264 1627
1264 1687
1264 2012
1266 1274
1266 1761
1266 1673
1266 2230
1266 1506
1266 1730
1266 1760
1266 2067
1266 2607
1266 1318
1266 1342
1266 1790
2519 1433
2519 1466
2519 1898
2519 2049
2519 2541
2519 2655
2519 2659
1268 1919
1268 1286
1268 1730
1268 1288
1268 1299
1268 1309
1268 1318
1268 1904
1268 1740
1268 1745
1268 1747
1268 1749
1268 1750
1268 1909
1268 1760
1268 1788
1268 1793
1268 1804
1268 1810
1268 2067
1268 1922
1268 1939
1268 1944
1268 1976
1268 1978
1269 2101
1269 2592
1269 2611
1269 2025
1269 2607
1269 2138
1269 1536
1269 1996
1269 2102
1269 2107
1269 2110
1269 2111
1269 2168
1269 2122
1269 1627
1269 2569
1269 2688
1269 1679
1269 1680
1269 2183
1269 2035
1269 2154
1269 2232
1269 2690
1269 2450
1269 2158
1269 2698
1269 2711
1269 2713
1269 2731
1269 2756
1269 2784
1271 1824
1271 1832
1271 1840
1271 1277
1271 1316
1271 1333
1271 1338
1271 1347
1271 1401
1271 2909
1271 2915
1271 2604
1271 1874
1272 1366
1273 1285
1273 1420
1273 1421
1273 2644
1273 1424
1274 1536
1274 1996
1274 1315
1274 1744
1274 1777
1274 1870
1274 1897
1275 2537
1275 1294
1275 1832
1275 1290
1275 1337
1275 1342
1275 1716
2520 1461
2520 1466
2520 1898
2520 2046
2520 2049
2520 2626
2520 2521
1276 1541
1276 1845
1276 1400
1276 1439
1276 1894
2370 1285
2370 1401
2370 1403
2370 1413
2370 1427
2370 1503
2370 1620
2370 1837
2370 2174
1277 1824
1277 1435
1277 1285
1277 1399
1277 1610
1277 1508
1277 1279
1277 1293
1277 1294
1277 1326
1277 2644
1277 2539
1277 1856
1277 1316
1277 1329
1277 1337
1277 1401
1277 2681
1277 2008
1277 2685
1277 1894
1277 2146
1277 1713
1277 1716
1277 2840
1279 1326
1279 1419
1279 2539
1279 1434
1280 2542
1280 1996
1280 1929
1281 1481
1281 1860
1281 1524
1281 1837
1281 1838
1281 1839
1281 1840
1281 1727
1281 1859
1281 1311
1281 1323
1281 1325
1281 1354
1281 1370
1281 1748
1281 1763
1282 1726
1282 2603
1282 1865
1282 1898
1282 2625
1282 1545
1282 2537
1282 1502
1283 1354
1283 1293
1283 1287
1284 1861
1284 1862
1284 1864
1285 1503
1285 1513
1285 1544
1285 1837
1285 1818
1285 1435
1285 1404
1285 1487
1285 1517
1285 1817
1285 2674
1285 1405
1285 2050
1285 1407
1285 1408
1285 1410
1285 1437
1285 2542
1285 1411
1285 1413
1285 1414
1285 1863
1285 1293
1285 1326
1285 1378
1285 1389
1285 1399
1285 1401
1285 2129
1285 1420
1285 1421
1285 2644
1285 2635
1285 1423
1285 1424
1285 1425
1285 2681
1285 1427
1285 1428
1285 2645
1285 2646
1285 1430
1285 1620
1285 2539
1285 1440
1285 1624
1285 1643
1285 1653
1285 2136
1285 1458
1285 1894
1285 1678
1285 1820
1285 1821
1285 1822
1285 1684
1285 1434
1285 1449
1285 2648
1285 2667
1285 2022
1285 2618
1286 1723
1286 1767
1286 1919
1286 1535
1286 1575
1286 1729
1286 1730
1286 1299
1286 1350
1286 1363
1286 1367
1286 1368
1286 1369
1286 1377
1286 2537
1286 1738
1286 1903
1286 1904
1286 1740
1286 1742
1286 1743
1286 1905
1286 1745
1286 1746
1286 1747
1286 1906
1286 1750
1286 2134
1286 2062
1286 1760
1286 1762
1286 1662
1286 1766
1286 1778
1286 1781
1286 1783
1286 1788
1286 1793
1286 1794
1286 1796
1286 1798
1286 1799
1286 1802
1286 1804
1286 1810
1286 1815
1286 1912
1286 2066
1286 1913
1286 1683
1286 1922
1286 1923
1286 1927
1286 1929
1286 1931
1286 1944
1286 1961
1286 2093
1286 2905
1287 891
1287 1722
1287 1511
1287 2097
1287 2114
1287 2005
1287 2871
1287 1995
1287 2565
1287 1552
1287 1605
1287 2576
1287 1718
1287 2582
1287 2585
1289 1355
1289 1356
1289 2941
1290 1342
1290 1358
1291 1591
1291 1844
1291 1858
1291 1541
1292 1372
1292 1382
1292 2740
1293 1566
1293 1437
1293 1399
1293 1384
1293 1326
1293 1328
1293 1329
1293 1337
1293 1343
1293 1378
1293 1379
1293 2539
1293 1653
1294 891
1294 1467
1294 1454
1294 2633
1294 1295
1294 1315
1294 1329
1294 1343
1294 1375
1294 1388
1295 1489
1295 1467
1295 1346
1296 1306
1296 1297
1296 1300
1296 1327
1297 1306
1297 1300
1297 1327
1298 1305
1298 1317
1298 1321
1298 1373
1299 1767
1299 1807
1299 1919
1299 1369
1299 1738
1299 1903
1299 1936
1299 1766
1299 1942
1299 1506
1299 1535
1299 1309
1299 1314
1299 1318
1299 1350
1299 1351
1299 1353
1299 1363
1299 1367
1299 1368
1299 1377
1299 1396
1299 1904
1299 1740
1299 1742
1299 1743
1299 1905
1299 1745
1299 1907
1299 1750
1299 1662
1299 1781
1299 1788
1299 1795
1299 1799
1299 1804
1299 1810
1299 2066
1299 1913
1299 1914
1299 1918
1299 1927
1299 1928
1299 1931
1299 1944
1299 1958
1299 1963
1299 2086
1299 1978
1299 2093
1300 1306
1300 1327
1301 1374
2968 1317
2968 1321
2968 2969
2968 2972
2968 2990
2968 2973
2969 1317
2969 1321
2969 2972
2969 2990
2969 2973
1303 1346
1303 2938
1304 1336
1304 1348
1304 1379
1304 2731
1305 1306
1305 1373
1306 1319
1306 1327
1307 1308
1307 1332
1307 1335
1307 1341
1307 1374
1307 2291
2521 1461
2521 1599
2521 2575
2871 1677
2871 1721
2871 2572
1308 1322
1308 1335
1308 1374
1309 1767
1309 1807
1309 1919
1309 1691
1309 1369
1309 1766
1309 1942
1309 1937
1309 1506
1309 1730
1309 1602
1309 1535
1309 1318
1309 1350
1309 1353
1309 1363
1309 1367
1309 1368
1309 1904
1309 1740
1309 1743
1309 1905
1309 1745
1309 1908
1309 1749
1309 1750
1309 1751
1309 1909
1309 2062
1309 1662
1309 1772
1309 1458
1309 1665
1309 1779
1309 1787
1309 1793
1309 1794
1309 1795
1309 1668
1309 1798
1309 1799
1309 1802
1309 1803
1309 1804
1309 1805
1309 1806
1309 1808
1309 1810
1309 2066
1309 1914
1309 1683
1309 1918
1309 1922
1309 1924
1309 1928
1309 1931
1309 1706
1309 1932
1309 2085
1309 2086
1309 1972
1309 2088
1309 1975
1309 1978
1309 2092
1309 2093
1309 1989
1310 1676
1310 1312
1310 1383
1311 1728
1311 1731
1311 1858
1311 1354
1311 1748
1311 1840
1311 1524
1311 2220
1311 1859
1311 1312
1311 1323
1311 1325
1311 1370
1311 1785
1311 2014
1311 2055
1312 1837
1312 1676
1312 1323
1312 1325
1312 1370
1312 1383
1312 2916
1314 1506
1314 1322
1314 1332
1314 1397
1315 891
1315 1722
1315 1365
1315 1530
1315 1343
1315 1381
1315 2133
1315 2225
1315 2157
2872 1512
2872 2005
2872 2219
1316 1824
1316 1403
1316 1410
1316 1419
1316 2644
1316 1424
1317 1321
1318 1919
1318 2048
1318 1738
1318 1739
1318 1936
1318 1937
1318 1506
1318 1730
1318 1901
1318 1350
1318 1363
1318 1367
1318 1368
1318 1904
1318 1740
1318 1743
1318 1745
1318 1906
1318 1750
1318 2062
1318 1760
1318 1458
1318 1796
1318 1804
1318 1810
1318 2066
1318 2067
1318 1914
1318 1683
1318 1918
1318 1921
1318 1922
1318 1924
1318 1925
1318 2607
1318 1929
1318 1930
1318 1535
1318 1353
1318 1377
1318 1908
1318 1749
1318 1752
1318 1909
1318 1776
1318 1779
1318 1795
1318 1668
1318 1805
1318 1811
1318 1706
1318 2075
1318 1939
1318 1940
1318 1941
1318 1946
1318 1958
1318 1961
1318 2045
1318 1962
1318 1963
1318 1965
1318 2084
1318 1966
1318 2085
1318 1970
1318 1971
1318 2086
1318 1976
1318 1980
1318 1981
1318 1982
1318 1983
1318 2094
1318 1989
1318 2095
1319 2907
1319 2622
1319 1320
1319 1324
1319 1380
1320 2907
1320 2622
1320 2621
1320 1324
1320 1380
1321 1373
1322 1332
1322 1335
1322 1397
1323 1354
1323 1597
1323 1325
1323 1370
1323 2137
1323 2687
1324 2907
1324 2622
1324 1380
1325 1860
1325 1354
1325 1370
1325 2225
1325 2687
1326 1440
1326 1508
1326 1419
1326 1428
1326 2539
1326 2146
1326 1434
2895 1555
2895 1577
2895 1603
2895 1630
2895 2038
2895 2115
1327 1949
1329 1686
1329 1343
1329 1382
1330 1331
1330 1391
2970 1337
2970 2971
2971 1337
1333 1824
1333 1726
1333 1392
1333 1398
1333 2909
1333 2604
1333 1872
1333 2932
1334 1489
1334 1515
2972 2990
1335 1374
2973 2990
2973 2974
1337 1378
1337 1514
1337 1400
1337 1832
1338 1824
1338 1785
1338 1896
1339 1340
1339 1341
1339 1362
1339 1374
1339 1395
1340 1341
1340 1362
1340 1374
1340 1395
1340 2928
1341 1362
1341 1395
1341 2928
1342 2603
1342 1580
1342 1581
1342 1902
1342 2619
1343 1399
1343 1365
1343 2146
1346 2938
1347 1499
1347 1836
1347 1844
1347 1660
1347 1667
2896 1578
2896 1961
2896 2083
2896 2534
2896 2634
1348 1372
1348 1379
1348 2740
1350 1761
1350 1919
1350 1570
1350 1738
1350 1506
1350 1575
1350 1730
1350 1602
1350 1535
1350 1351
1350 1353
1350 1363
1350 1367
1350 1368
1350 1740
1350 1746
1350 1906
1350 1750
1350 1751
1350 2062
1350 1760
1350 1662
1350 1777
1350 1778
1350 1788
1350 1790
1350 1794
1350 1795
1350 1810
1350 2066
1350 2067
1350 1913
1350 1683
1350 1917
1350 1690
1350 1963
1351 1368
2897 1590
2897 1615
2897 2593
2897 2613
2897 2634
2897 2640
2897 2642
2897 2899
1353 1753
1353 1919
1353 1369
1353 1506
1353 1575
1353 1901
1353 1363
1353 1368
1353 1904
1353 1743
1353 1745
1353 1750
1353 1760
1353 1662
1353 1796
1353 1798
1353 1799
1353 1802
1353 1810
1353 1922
1353 1924
1353 1779
1353 1790
1353 1794
1353 1932
1353 2078
1353 1957
1353 2085
1353 1978
1353 2093
1354 1370
1354 2687
2898 2613
2898 2667
2898 2831
2898 2832
2898 2834
1355 1356
1355 1357
1355 2134
1356 1357
2899 2589
2899 2613
1359 1835
2522 1470
2522 1510
2522 1553
2522 1579
2522 1580
2522 1581
2522 1601
2522 1708
2522 1711
2522 1712
2522 1713
2522 1867
2522 2026
2522 2038
2522 2598
2522 2594
2522 2597
2522 2523
2522 2600
2522 2543
2522 2642
2522 2609
2522 2524
2522 2619
2522 2525
2522 2526
2522 2527
2523 1470
2523 1510
2523 1552
2523 1554
2523 1579
2523 1580
2523 1581
2523 1582
2523 1711
2523 1712
2523 1713
2523 1867
2523 1965
2523 2026
2523 2038
2523 2162
2523 2591
2523 2543
2523 2535
2523 2606
2523 2666
2523 2639
2523 2593
2523 2594
2523 2830
2523 2599
2523 2600
2523 2601
2523 2602
2523 2524
2523 2615
2524 1470
2524 1510
2524 1579
2524 1580
2524 1581
2524 1708
2524 1711
2524 2026
2524 2038
2524 2591
2524 2598
2524 2535
2524 2596
2524 2830
2524 2600
2524 2609
2524 2608
2524 2548
2525 1580
2525 1601
2525 1708
2525 2038
2525 2598
2525 2535
2525 2609
2525 2619
2526 2619
2526 2527
2527 2619
1362 1374
1362 1395
1362 2928
1363 1807
1363 1369
1363 1738
1363 1766
1363 1942
1363 2083
1363 1506
1363 1729
1363 1535
1363 1367
1363 1368
1363 1902
1363 1742
1363 1743
1363 1747
1363 1907
1363 1908
1363 1750
1363 1752
1363 1662
1363 1663
1363 1458
1363 1665
1363 1779
1363 1781
1363 1782
1363 1783
1363 1788
1363 1791
1363 1792
1363 1794
1363 1795
1363 1796
1363 1808
1363 2065
1363 1913
1363 2068
1363 1923
1363 1926
1363 1928
1363 2071
1363 2072
1363 2073
1363 1931
1363 1690
1363 1933
1363 1939
1363 2528
1363 2079
1363 2080
1363 1963
1363 2085
1363 1970
1363 2088
1363 2427
1363 2090
1363 2091
1363 1977
1363 1978
1363 1982
1363 2093
1363 2094
1364 1836
1364 1483
1364 1490
1364 1545
1364 1606
1364 1375
1364 1376
1364 2537
1364 1634
1364 1680
1365 1436
1365 2175
1365 1655
1365 1656
1366 1398
1366 1394
1366 1866
1367 1744
1367 1761
1367 1919
1367 1766
1367 2083
1367 1506
1367 1729
1367 1901
1367 1368
1367 1396
1367 1740
1367 1743
1367 1745
1367 1750
1367 1760
1367 1662
1367 1458
1367 1778
1367 1790
1367 1794
1367 1796
1367 1799
1367 1815
1367 1912
1367 2067
1367 1923
1367 2074
1367 2078
1367 2091
1367 1977
1368 1767
1368 1770
1368 1807
1368 1898
1368 1369
1368 1738
1368 1936
1368 1506
1368 1729
1368 1730
1368 1901
1368 1535
1368 1396
1368 1904
1368 1740
1368 1742
1368 1743
1368 1905
1368 1745
1368 1908
1368 2061
1368 1750
1368 1768
1368 1458
1368 1665
1368 1795
1368 1796
1368 1799
1368 1805
1368 1806
1368 1811
1368 2064
1368 2065
1368 1912
1368 2066
1368 1914
1368 1915
1368 1916
1368 1683
1368 1917
1368 1918
1368 1924
1368 1925
1368 1926
1368 1928
1368 2071
1368 2072
1368 2074
1368 1933
1368 2076
1368 1939
1368 2077
1368 2079
1368 1955
1368 1957
1368 1961
1368 1963
1368 2084
1368 1967
1368 1970
1368 1977
1368 1983
1368 2092
1368 2094
1369 1506
1369 1535
1369 1901
1369 1602
1369 1396
1369 1400
1369 1738
1369 1904
1369 1742
1369 1743
1369 1905
1369 1745
1369 1908
1369 1749
1369 1750
1369 1662
1369 1766
1369 1773
1369 1795
1369 1796
1369 1668
1369 1799
1369 1803
1369 1805
1369 1682
1369 1914
1369 2068
1369 1917
1369 1918
1369 2069
1369 1921
1369 1924
1369 1925
1369 1928
1369 1929
1369 2071
1369 2072
1369 1931
1369 1690
1369 1706
1369 1933
1369 1936
1369 1939
1369 2079
1369 1945
1369 2080
1369 2423
1369 1955
1369 1958
1369 1959
1369 1960
1369 1961
1369 2083
1369 1963
1369 1964
1369 1966
1369 1967
1369 2085
1369 1970
1369 2088
1369 2427
1369 2091
1369 1977
1369 1979
1369 1980
1369 1982
1369 1983
1369 2092
1369 2094
1370 1860
1370 2137
1372 1416
1372 1382
1372 2680
1372 2740
1374 1395
1374 2928
1374 2291
1375 1836
1375 1376
1375 1535
1375 2144
1375 1680
1375 2035
1375 2206
1375 2724
1375 2725
1376 1591
1376 2222
1376 2004
1376 1665
1376 2017
1376 2206
1376 1990
2528 1743
2528 1767
2528 1772
2528 1805
2528 1926
2528 1931
2528 1932
2528 1939
2528 1940
2528 1959
2528 1989
2528 2074
2528 2076
2528 2078
2528 2084
2528 2830
1377 1723
1377 1937
1377 1740
1377 1906
1377 1798
1377 1922
1377 1535
1377 1908
1377 1806
1377 1939
1377 2082
1377 2045
1377 2085
1377 2086
1377 2094
1378 1437
1378 1399
1378 1401
1379 1382
1379 2941
1379 2740
1380 2907
1380 2622
1381 1744
1381 1670
1382 2452
1382 2453
1382 2941
1382 2740
1383 1842
1383 2127
1383 1594
1383 2574
1383 2151
1384 892
1384 1511
1384 2114
1384 1562
1384 2150
1384 1687
2975 1504
2975 2933
2975 2934
2975 2935
2975 2976
2975 2977
2976 1504
2976 2933
2976 2935
2976 2977
2977 1504
2977 2933
2977 2934
2977 2935
1386 1387
1388 1474
1388 1481
1388 1521
1388 1466
1388 1515
1388 2040
1389 1407
1389 1403
1389 1406
1389 2129
1389 1420
1389 2545
1389 1422
1389 1423
1389 1424
1389 1425
1389 2681
1389 1427
1389 2647
1390 1726
1390 1870
1390 1483
1390 1838
1390 1840
1390 1727
1390 1741
1392 854
1392 1533
1392 2005
1392 1809
1392 1870
1392 1886
1392 2033
1393 1865
1393 1899
1393 1524
1393 2167
1393 1636
2529 1454
2529 1553
2529 1900
2529 2027
2529 2625
2529 2620
2529 2640
2529 2530
2529 2531
2530 2116
2531 1525
2531 1906
2531 1911
2531 2011
2531 2017
2531 2100
2531 2128
2531 2186
2531 2215
2531 2579
2531 2610
1394 1476
1394 1846
1395 2928
1396 1903
1396 1766
1396 1942
1396 1729
1396 1535
1396 1743
1396 1745
1396 1907
1396 1752
1396 1773
1396 1780
1396 1781
1396 1666
1396 1810
1396 2066
1396 1931
1396 1944
1396 2423
1396 2082
1396 1955
1396 1956
1396 2088
1396 2427
1396 2089
1396 1986
1397 1936
1397 1780
1397 1950
1398 1514
1398 2921
1398 2922
1398 1857
1398 1866
1398 1872
1398 2932
1399 1553
1399 1454
1399 1428
1399 2539
1399 1653
1399 1717
1400 1439
1400 1850
1400 1838
1400 1435
1400 1854
1400 1443
1400 2660
1400 2131
1400 1464
1400 1514
1400 1851
1400 1853
1400 2123
1400 1441
1400 1826
1400 1845
2532 1489
2532 1571
2532 1573
2532 1635
2532 2557
1401 1435
1401 1437
1401 2539
1401 1464
1401 2681
1401 1650
1401 1894
1401 1449
1402 890
1402 891
1402 1543
1402 2097
1402 1491
1402 1547
1402 1827
1402 1550
1402 1453
1402 1552
1402 1830
1402 2108
1402 1833
1402 2112
1402 2551
1402 2114
1402 2116
1402 2169
1402 2003
1402 1408
1402 1594
1402 2666
1402 1411
1402 2559
1402 2560
1402 1431
1402 2060
1402 2565
1402 1443
1402 1641
1402 2839
1402 2568
1402 2577
1402 1721
1402 2152
1402 2585
1403 1565
1403 1407
1403 1411
1403 1576
1403 2002
1403 1405
1403 1406
1403 1408
1403 1415
1403 1417
1403 1863
1403 1418
1403 1424
1403 1426
1403 2681
1403 2645
1403 1620
1403 1434
1404 2643
1404 1407
1404 1408
1404 1410
1404 1863
1404 1419
1404 1420
1404 2838
1404 1422
1405 1563
1405 1576
1405 1624
1405 1424
1405 1425
1405 1430
1405 1406
1406 1503
1406 1407
1406 1411
1406 1576
1406 1408
1406 1415
1406 1863
1406 1424
1406 2681
1407 1541
1407 1408
1407 2666
1407 1411
1407 1413
1407 1414
1407 1863
1407 1418
1407 1419
1407 1420
1407 1421
1407 2838
1407 2545
1407 1422
1407 2644
1407 2635
1407 1423
1407 1424
1407 1425
1407 2681
1407 2645
1407 2647
1407 1440
1407 2131
1407 2648
1408 1544
1408 1411
1408 1440
1408 1549
1408 2170
1408 1413
1408 1414
1408 1851
1408 1415
1408 1417
1408 1863
1408 1419
1408 1420
1408 1421
1408 2545
1408 1422
1408 2644
1408 1424
1408 1425
1408 2562
1408 1426
1408 1427
1408 2645
1408 1620
1408 1431
1408 2136
1408 1434
1408 1462
1409 2097
1409 1623
1409 1641
1409 1661
1409 2587
1410 1541
1410 2674
1410 1549
1410 2112
1410 2634
1410 1607
1410 1419
1410 1420
1410 1423
1410 1424
1410 1425
1410 1426
1410 1428
1410 1620
1410 1434
1410 2152
1411 1837
1411 2170
1411 1863
1411 1420
1411 1421
1411 2644
1411 1423
1411 1424
1411 2646
1411 2647
1411 1618
1411 2648
1412 1596
1413 1438
1413 1503
1413 1544
1413 2556
1413 1674
1413 2674
1413 1414
1413 1415
1413 1418
1413 2545
1413 2131
1413 1427
1413 1620
1413 2177
1414 1439
1414 1438
1414 1503
1414 1818
1414 1436
1414 2674
1414 2175
1414 1851
1414 2545
1414 1620
1414 2131
1415 1503
1415 1568
1415 1993
1415 1607
1415 1417
1415 1863
1415 1418
1415 1419
1415 1424
1415 1620
1415 1434
1416 2680
1417 1831
1417 2097
1417 2114
1417 1993
1417 1549
1417 1426
1417 1431
1418 2666
1418 1549
1418 1419
1418 1423
1418 2562
1418 1426
1418 1431
1418 2177
1419 1863
1419 2644
1419 2635
1419 1423
1419 1424
1419 1425
1419 1427
1420 1440
1420 1429
1420 2674
1420 1863
1420 2129
1420 2170
1420 2643
1420 2634
1420 1421
1420 2838
1420 2545
1420 1422
1420 2644
1420 2635
1420 1423
1420 1424
1420 1425
1420 2681
1420 1428
1420 2646
1420 2647
1420 2204
1420 2648
1421 1440
1421 1705
1421 2545
1421 1422
1421 2644
1421 1423
1421 1424
1421 2170
1421 2643
1421 2838
1421 2645
1421 2204
1421 2648
1422 1863
1422 2545
1422 2635
1422 1423
1422 2647
1423 2542
1423 1429
1423 2674
1423 2635
1423 1424
1423 1425
1423 2681
1423 2645
1423 1430
1423 1643
1424 1863
1424 2129
1424 2644
1424 1607
1424 1425
1424 2681
1424 1427
1424 1428
1424 2645
1424 2646
1424 1430
1424 1643
1424 2136
1424 2578
1424 1434
1424 2204
1424 2648
1425 2542
1425 1624
1425 2674
1425 2644
1425 2635
1425 2681
1425 1427
1425 2646
1425 1430
1425 1643
1425 2136
1425 2648
1425 2919
1426 2097
1426 2635
1426 1549
1426 2112
1426 2130
1426 2562
1426 1431
1426 1462
2568 1511
2568 1722
2568 1830
2568 2005
2568 2106
2568 2114
2568 2132
2568 2214
2568 2582
2568 2610
2568 2585
1427 1837
1427 1440
1427 1863
1427 2644
1427 2646
1427 1643
1427 2136
1427 1434
1428 1429
1428 2674
1428 2129
1428 2644
1428 2646
1428 2204
1428 2648
1429 2644
1429 1430
1430 2114
1430 2644
1430 2645
1430 2646
1430 1627
1430 2580
1430 2648
1430 2814
1431 1993
1431 1549
1431 1829
1431 2112
1431 2562
1431 1462
1432 2558
1432 1898
1432 1511
1432 2553
1432 2114
1432 1576
1432 2005
1432 1535
1432 1552
1432 1592
1432 1637
1432 2149
1432 1700
1432 1718
1432 2021
1433 1898
1433 1466
1433 1588
1433 2655
1433 2658
1433 2662
1433 1719
1433 2549
1434 1544
1434 2644
1434 2646
1434 2578
1434 1607
1434 1643
1434 2136
2569 1495
2569 1496
2569 1835
2569 2006
2569 2133
2569 2138
2569 2142
2569 2208
2569 2219
2569 2557
2569 2567
2569 2576
1435 1439
1435 1503
1435 1436
1435 1437
1435 1607
1435 1608
1435 1856
1435 2131
1435 1441
1435 1442
1435 1443
1435 1894
1435 2032
1435 2228
1435 1447
1435 1449
1435 2840
1436 1503
1436 2002
1436 1574
1436 1576
1436 1437
1436 2130
1436 1621
1436 1655
1436 1447
1437 2108
1437 2174
1437 2131
1437 1654
1437 1894
1437 1449
1437 2840
1438 1824
1438 1439
1438 1608
1438 2175
1438 1856
1438 2131
1438 1441
1438 2909
1438 2915
1438 2604
1438 1445
1438 1874
1438 2032
1438 2549
1438 1450
1439 1514
1439 1829
1439 1588
1439 1850
1439 1851
1439 1853
1439 1894
1439 2203
1440 2643
1440 1863
1440 2545
1440 2644
1440 2635
1440 2539
1441 1837
1441 1450
1441 1854
1441 2660
1441 1446
1441 1447
1441 1449
2900 2104
1442 2222
1442 1608
1442 1709
1442 1447
1443 1469
1443 2099
1443 1509
1443 1854
1443 1535
1443 2108
1443 2121
1443 1608
1443 1773
1443 2185
1443 1451
1444 1543
1444 1503
1444 1511
1444 1571
1444 2153
1444 2032
1444 1510
1444 1581
1444 1464
1444 1737
1444 1856
1444 1550
1444 1601
1444 2175
1444 1626
1444 1638
1444 2228
1444 1449
1444 2910
1444 2918
1445 1471
1445 2123
1445 1447
1445 2152
1445 1451
1446 1849
1446 2175
1446 1447
1447 1450
1447 2032
1447 1608
1447 1449
1448 1499
1448 1865
1448 1656
1448 2025
1448 2224
1448 2010
1448 1488
1448 1642
1448 1692
1449 1543
1449 2099
1449 2539
1449 2131
1449 1655
1449 1849
1449 2123
1449 1491
1449 2175
1449 1650
1449 1894
1449 2152
1449 2209
1450 2153
1450 2915
1451 1471
1451 2099
1451 1585
1451 2123
1451 2185
1451 1520
1451 1523
1451 2152
1451 2212
2533 890
2533 891
2533 1722
2533 2026
2533 2097
2533 2114
2534 1574
2534 2597
2535 1553
2535 1578
2535 1579
2535 1711
2535 2038
2535 2543
1452 2163
1452 2001
1452 2097
1452 2114
1452 2592
1452 2596
1452 2108
1452 1495
1452 1536
1452 1547
1452 2162
1452 2102
1452 1997
1452 1453
1452 2594
1452 2107
1452 2552
1452 1592
1452 2566
1452 2180
1452 2582
1452 2155
1452 2208
1452 2618
1453 890
1453 891
1453 2001
1453 2097
1453 2114
1453 1994
1453 2592
1453 2611
1453 2104
1453 2025
1453 2224
1453 2010
1453 2100
1453 1913
1453 2108
1453 1833
1453 1494
1453 1495
1453 1496
1453 1525
1453 1536
1453 1547
1453 2162
1453 2105
1453 2109
1453 2111
1453 2116
1453 2552
1453 1592
1453 1651
1453 2566
1453 1897
1453 2579
1453 2147
1453 2583
1453 2155
1453 2208
2536 1478
2536 2592
1454 2598
1454 2625
1454 1553
1454 1510
1454 2639
1454 2027
1454 2620
1455 1731
1455 1732
1455 1691
1455 1722
1455 1458
1455 1747
1455 1457
1455 1665
1455 1667
1455 1943
1456 1898
1456 2163
1456 1567
1456 2553
1456 2172
1456 1466
1456 1541
1456 2656
1456 1583
1456 2835
1456 2659
1456 2028
1456 1631
1457 1482
1457 1731
1457 1732
1457 1691
1457 1458
1457 1747
1458 1482
1458 1731
1458 1732
1458 1761
1458 1767
1458 1769
1458 1770
1458 1703
1458 1898
1458 1738
1458 1739
1458 1900
1458 1910
1458 1766
1458 1937
1458 1575
1458 1729
1458 1901
1458 1602
1458 1740
1458 1743
1458 1905
1458 1745
1458 2062
1458 1662
1458 1472
1458 1479
1458 1535
1458 1902
1458 1639
1458 1747
1458 1907
1458 1908
1458 1751
1458 1752
1458 1754
1458 1773
1458 1774
1458 1778
1458 1665
1458 1779
1458 1783
1458 1667
1458 1789
1458 1790
1458 1792
1458 1793
1458 1796
1458 1668
1458 1808
1458 1811
1458 1912
1458 1683
1458 1917
1458 2070
1458 1926
1458 2073
1458 1931
1458 1706
1458 1709
1458 2193
1458 1932
1458 2056
1458 2841
1458 2078
1458 1941
1458 1943
1458 1947
1458 1948
1458 1958
1458 1962
1458 1963
1458 1965
1458 2084
1458 2085
1458 1971
1458 1972
1458 2427
1458 1973
1458 1976
1458 1977
1458 1978
1458 2094
1460 1503
1460 1604
1460 1632
1461 1898
1461 1992
1461 1567
1461 1466
1461 2541
1461 1588
1461 2655
1461 2223
1461 2049
1461 2656
1461 2659
1461 2661
1461 2662
1461 1701
1461 1719
1461 1548
1461 2837
1461 1679
1461 2549
1461 2020
1461 2585
1461 2664
1462 1543
1462 2097
1462 2114
1462 2029
1462 1549
1462 1552
1462 2562
2537 1560
2537 1695
2537 1740
2537 1781
2537 1796
2537 1815
2537 1816
2537 1902
2537 2065
2537 2139
2537 2603
2537 2626
2537 2604
2538 1591
2538 2039
2539 2644
2540 1491
2540 1588
2540 1756
2540 1781
2540 1898
2540 2220
1464 1850
1464 2153
1464 2174
1464 1849
1464 2175
1464 2061
1464 1768
1464 2077
1464 2045
2541 1466
2541 1518
2541 1520
2541 1534
2541 1567
2541 1588
2541 1898
2541 2048
2541 2182
2541 2223
2541 2835
2541 2659
2541 2662
1465 1531
1465 1567
1465 1491
1465 1520
1465 2116
1465 2662
1465 2181
1465 2182
1465 2588
1466 892
1466 1499
1466 1865
1466 1898
1466 1850
1466 1992
1466 1473
1466 1505
1466 1521
1466 1534
1466 1559
1466 1999
1466 1567
1466 1839
1466 1571
1466 2625
1466 2626
1466 1541
1466 1515
1466 1529
1466 1545
1466 1546
1466 1547
1466 1548
1466 2550
1466 2221
1466 1561
1466 2655
1466 2049
1466 2003
1466 1573
1466 2656
1466 1586
1466 2657
1466 1588
1466 2658
1466 2835
1466 2659
1466 2222
1466 1599
1466 1610
1466 2028
1466 2223
1466 2837
1466 2661
1466 1620
1466 1631
1466 1634
1466 1635
1466 2662
1466 1646
1466 1654
1466 1661
1466 1784
1466 1673
1466 2010
1466 2575
1466 2032
1466 2228
1466 1692
1466 1698
1466 1699
1466 1700
1466 1705
1466 1719
1466 1720
1466 2663
1466 2840
1466 2549
1466 2056
1466 2842
1466 2020
1466 2021
1466 1942
1466 2079
1466 1949
1466 2698
1466 2083
1467 1726
1467 1809
1467 1540
1467 2626
1467 2627
1467 1502
1468 1496
1468 1510
1468 1526
1468 2103
1468 1564
1468 1575
1468 1733
1468 1746
1468 1823
1469 1478
1469 1490
1469 1501
1469 1522
1469 2108
1469 1854
1470 2598
1470 1503
1470 1571
1470 2543
1470 1644
1470 1527
1470 1621
1470 1580
1470 2026
1470 2600
1470 2609
1470 2548
1470 2619
1471 1543
1471 1564
1471 2123
1471 2212
2542 2681
2542 2919
1472 854
1472 1870
1472 1892
1472 2017
1472 2000
1472 1486
1472 1671
1472 1672
1472 2024
1473 1865
1473 1490
1473 1492
1473 2657
1473 1609
1473 1627
1473 1633
1473 1692
1473 1699
1473 2040
1474 1476
1474 1481
1474 1489
1474 1494
1474 1519
1474 1898
1474 1609
1474 2004
1474 2006
1474 2053
1474 1680
1474 2040
1475 1483
1475 1490
1475 2654
1475 1524
1475 1875
1475 1484
1476 854
1476 1481
1476 1728
1476 1731
1476 1744
1476 1769
1476 1494
1476 1512
1476 1996
1476 2220
1476 1838
1476 1724
1476 1727
1476 1859
1476 1636
1476 2565
1476 2133
1476 1671
1476 2014
1476 2016
1476 2055
1476 2668
1476 2708
1477 854
1477 1641
1477 1672
1478 890
1478 891
1478 1870
1478 1492
1478 1531
1478 2098
1478 1533
1478 1547
1478 1993
1478 2100
1478 2592
1478 2164
1478 2105
1478 2595
1478 2168
1478 2116
1478 2169
1478 2673
1478 1735
1478 1906
1478 2683
1478 1658
1478 1784
1478 2137
1478 2144
1478 2606
1478 1687
1478 1688
1478 2186
1478 2195
1478 2205
1478 2611
1478 2701
1478 2702
1478 2714
1478 2728
1478 2729
1478 2730
1478 2731
1478 2732
1479 2062
1479 1633
1479 1645
1479 1668
1480 1481
1480 2554
1480 1575
1480 1530
1480 1670
1480 2156
1481 1489
1481 1490
1481 1500
1481 1521
1481 1837
1481 1898
1481 1842
1481 2004
1481 1639
1481 1642
1481 1670
1481 1911
1481 1875
1481 1699
1481 2013
1481 2040
1482 1731
1482 1747
1482 1756
1482 1763
1482 1769
1482 1770
1482 1775
1483 1870
1483 2013
1483 1490
1483 1494
1483 1524
1483 1833
1483 2220
1483 1838
1483 1725
1483 1727
1483 2678
1483 2007
1483 1741
1483 1886
1483 2571
1483 2033
1483 2014
1483 2036
1483 2057
1484 1875
2543 1510
2543 1564
2543 1580
2543 1581
2543 1582
2543 2038
2543 2639
2978 1788
2978 2979
1485 1637
1485 2144
2979 1788
1486 854
1486 1836
1486 1744
1486 1819
1486 1487
1486 2033
1486 2024
1487 1513
1487 1994
1487 1817
1487 1821
1487 1517
1487 2839
1487 1820
1487 1822
1487 2022
2544 1716
2544 2018
2544 2212
2544 2917
1488 1489
1488 2561
1488 1636
1488 1692
1489 854
1489 1836
1489 1726
1489 1584
1489 2558
1489 1865
1489 2013
1489 1596
1489 1825
1489 1542
1489 1512
1489 1515
1489 1527
1489 1557
1489 1558
1489 1564
1489 2049
1489 1600
1489 2051
1489 1636
1489 2604
1489 1875
1489 1692
1490 1731
1490 1809
1490 1870
1490 2013
1490 1492
1490 1494
1490 1497
1490 1500
1490 1522
1490 1524
1490 1529
1490 1996
1490 1569
1490 1609
1490 1616
1490 2007
1490 1642
1490 1886
1490 2571
1490 1699
1490 1702
1490 2033
1490 2014
1490 2206
1490 2040
1491 2112
1491 2152
1492 1898
1492 2625
1492 1545
1492 1994
1492 1552
1492 1560
1492 2169
1492 1567
1492 2655
1492 1585
1492 1627
1492 2563
1492 1634
1492 2009
1492 2580
1492 2581
1492 2022
1494 1728
1494 1731
1494 1564
1494 1524
1494 2016
1494 1519
1494 1529
1494 2835
1494 1530
1494 1651
1494 1671
1494 1698
1494 2040
1495 2163
1495 2106
1495 2114
1495 1994
1495 2592
1495 2104
1495 1993
1495 1995
1495 2594
1495 2579
1495 2210
1495 1547
1495 2109
1495 1496
1495 1536
1495 2162
1495 1997
1495 2105
1495 2107
1495 2550
1495 2111
1495 2551
1495 2169
1495 1592
1495 2179
1495 2147
1495 2186
1495 2197
1495 2199
1495 2208
1495 2616
1496 2163
1496 2114
1496 1994
1496 2592
1496 2611
1496 2104
1496 2026
1496 2599
1496 1995
1496 2594
1496 1547
1496 2109
1496 1536
1496 2162
1496 1997
1496 2105
1496 2107
1496 2550
1496 2110
1496 2111
1496 2551
1496 1560
1496 1592
1496 2605
1496 2690
1496 2208
1497 2081
1497 2087
1497 2096
1498 2592
1498 1553
1498 1510
1498 2102
1498 1557
1498 1579
1498 1581
1498 2902
1498 2053
1498 2617
1499 1503
1499 1510
1499 1511
1499 1521
1499 1533
1499 1547
1499 1548
1499 2107
1499 2550
1499 2109
1499 2000
1499 1898
1499 1571
1499 1586
1499 1588
1499 1842
1499 1591
1499 1844
1499 1593
1499 2678
1499 2224
1499 1622
1499 1744
1499 1642
1499 1656
1499 2010
1499 2013
1499 2017
1500 1505
1500 1565
1500 1652
1501 1841
1501 1735
1502 2603
1502 1875
1502 2940
1503 1584
1503 1596
1503 2097
1503 1510
1503 1511
1503 1515
1503 1519
1503 1522
1503 1527
1503 1544
1503 1548
1503 1552
1503 1553
1503 1557
1503 1831
1503 2112
1503 1562
1503 1563
1503 1565
1503 1566
1503 1837
1503 1571
1503 1576
1503 1586
1503 2836
1503 1604
1503 1607
1503 1615
1503 2545
1503 1617
1503 1620
1503 1623
1503 1626
1503 1628
1503 1631
1503 1632
1503 2564
1503 1638
1503 1645
1503 1646
1503 1647
1503 1655
1503 1657
1503 1684
1503 2632
1503 2697
1504 2933
1504 2934
1504 2935
2545 2130
2545 2838
2545 2647
2546 1511
2546 1637
2546 1727
2546 1741
2546 1993
2546 2005
2546 2678
2546 2565
2546 2570
2546 2571
2547 891
2547 1552
2547 1701
2547 1722
2547 1764
2547 1813
2547 2009
2547 2106
2547 2139
1505 1591
1505 1691
1505 1548
1505 1640
1505 1645
1505 1665
1505 1686
1505 1687
1505 1698
2548 1510
2548 1580
2548 1581
2548 1582
2548 1601
2548 1614
2548 1646
2548 2059
2548 2600
2548 2609
2548 2642
1506 891
1506 1761
1506 1919
1506 1541
1506 2060
1506 2083
1506 1508
1506 1507
1506 1535
1506 1730
1506 1901
1506 1904
1506 1740
1506 1743
1506 1745
1506 1906
1506 1750
1506 1751
1506 1760
1506 1662
1506 1779
1506 1781
1506 1790
1506 1792
1506 1794
1506 1795
1506 1796
1506 1668
1506 1798
1506 1799
1506 1802
1506 1810
1506 1816
1506 2225
1506 1911
1506 2066
1506 2067
1506 1913
1506 1914
1506 1683
1506 1920
1506 1924
1506 1925
1506 1926
1506 2184
1506 2607
1506 1706
1506 1932
1506 2232
1506 1939
1506 2078
1506 1957
1506 1958
1506 1963
1506 1964
1506 2084
1506 2085
1506 1970
1506 1976
1506 1982
1506 2093
1506 2094
1507 891
1507 2106
1507 1508
1507 2151
1508 891
1508 1588
1509 2190
1509 1518
1509 1520
1509 2100
1509 1829
1509 2181
1509 2182
1510 854
1510 1511
1510 1559
1510 1564
1510 1569
1510 2059
1510 1646
1510 1553
1510 1644
1510 1867
1510 2150
1510 1590
1510 2117
1510 1562
1510 1586
1510 1604
1510 1622
1510 2639
1510 1548
1510 1550
1510 2102
1510 1555
1510 1557
1510 1579
1510 1580
1510 1581
1510 2902
1510 2600
1510 1582
1510 1587
1510 1593
1510 2602
1510 1598
1510 1601
1510 1614
1510 1615
1510 1619
1510 1623
1510 1626
1510 1638
1510 1641
1510 1643
1510 1648
1510 1649
1510 1651
1510 1657
1510 1693
1510 1711
1510 1712
1510 1713
1510 2038
1510 2609
1510 2619
1511 854
1511 891
1511 2558
1511 1596
1511 1722
1511 2097
1511 1512
1511 1527
1511 1548
1511 1552
1511 2105
1511 1830
1511 1553
1511 1555
1511 2114
1511 1562
1511 2553
1511 1571
1511 1576
1511 1577
1511 1586
1511 1592
1511 2059
1511 1598
1511 1604
1511 1605
1511 2560
1511 1624
1511 1626
1511 1627
1511 2563
1511 1631
1511 1632
1511 2005
1511 2564
1511 1633
1511 1635
1511 1637
1511 1638
1511 1639
1511 1642
1511 1646
1511 1647
1511 1649
1511 2139
1511 1674
1511 2652
1511 1685
1511 1693
1511 1718
1511 1720
1511 2632
1511 2582
1511 2585
1512 1726
1512 1860
1512 1865
1512 1567
1512 1569
1512 1588
1512 1524
1512 1527
1512 2219
1512 1859
1512 2051
1512 1636
1512 1640
1512 1647
1512 1785
1512 2138
1512 2575
1512 1677
1512 2016
1513 1994
1513 1817
1513 1602
1513 1665
1513 1808
1513 1822
1513 2022
1513 2618
1514 1850
1514 1838
1514 2549
1514 1610
1514 2674
1514 2131
1514 2108
1514 1847
1514 1851
1514 2123
1514 1866
1514 2937
1515 1839
1515 1571
1515 1522
1515 2108
1515 1599
1515 1639
1515 1661
1515 2573
1515 1675
1517 1994
1517 1817
1517 2830
1517 2902
1517 2599
1517 2594
1517 2605
1517 1822
1517 2022
1517 2618
1518 1544
1518 1854
1518 1520
1518 1819
1518 2182
1519 1591
1519 1660
1519 1814
1519 2013
1519 2000
1519 1566
1519 1527
1519 1673
1519 1656
1519 1552
1519 1843
1519 1600
1519 2224
1519 1642
1519 1645
1519 1659
1519 1702
1519 1707
1519 2040
1520 1544
1520 2174
1520 1523
1520 1819
1520 1619
1520 2182
1521 1591
1521 2025
1521 1843
1521 2224
1521 1669
1521 2206
1522 2222
1522 1547
1522 2111
1522 1561
1522 2147
1522 2229
1523 1819
1523 2182
1523 2579
2549 1534
2549 1561
2549 1588
2549 1719
2549 1737
2549 1839
2549 1898
2549 1992
2549 2032
2549 2049
2549 2223
2549 2657
2549 2658
2549 2659
2549 2662
1524 1728
1524 2031
1524 1840
1524 1545
1524 1634
1524 1636
1524 1741
1524 2014
1525 1844
1525 1744
1525 2017
1525 1722
1525 2011
1525 2100
1525 1730
1525 1906
1525 1930
1525 2579
1525 1536
1525 2595
1525 2220
1525 2168
1525 2225
1525 1911
1525 2179
1525 2144
1525 1935
1525 2610
1525 2207
1525 2215
1525 2726
1526 2165
1526 2599
1526 2594
1526 2171
1526 1820
1526 2187
1526 2191
1526 2197
1526 2199
1526 2204
1526 2618
1527 1865
1527 1570
1527 1545
1527 1576
1527 1553
1527 1631
1527 1604
1527 1624
1527 1632
1527 2564
1527 1633
1527 1650
1527 2142
1529 1896
1529 1999
1529 1530
1529 1597
1529 1664
1529 1685
1529 2014
1529 2022
1530 1670
1530 1698
1530 2156
1530 2157
2902 1579
2902 1581
2902 2162
2902 2599
2902 2605
2902 2642
1531 1865
1531 1573
1531 2004
1531 2729
1531 2745
1532 2649
1532 1553
1533 1844
1533 1744
1533 1870
1533 1892
1533 1786
1533 1911
1533 1935
1534 1833
1534 1838
1534 1724
1534 1725
1534 2048
1534 2658
1534 2565
1534 2570
1534 2140
1534 2571
1535 1723
1535 1865
1535 1753
1535 1767
1535 1898
1535 1992
1535 1567
1535 1573
1535 1766
1535 1937
1535 1729
1535 1593
1535 1901
1535 1743
1535 1662
1535 1781
1535 1796
1535 1798
1535 2070
1535 1926
1535 1736
1535 1746
1535 1747
1535 1907
1535 1908
1535 2061
1535 1751
1535 1752
1535 1773
1535 1776
1535 1665
1535 1779
1535 1786
1535 1787
1535 1794
1535 1795
1535 1668
1535 1669
1535 1800
1535 1806
1535 1811
1535 1911
1535 2063
1535 1700
1535 1706
1535 1932
1535 2074
1535 2075
1535 1939
1535 2077
1535 2842
1535 2021
1535 2084
1535 2085
1535 2086
1535 1972
1535 2089
1535 1978
1536 891
1536 1994
1536 2117
1536 2011
1536 2104
1536 1593
1536 2108
1536 1835
1536 2565
1536 2579
1536 1547
1536 2109
1536 2162
1536 2219
1536 2110
1536 2595
1536 1558
1536 2220
1536 2551
1536 2116
1536 2552
1536 1592
1536 2128
1536 2133
1536 2225
1536 2567
1536 2155
1536 2208
1536 2158
1538 1539
1540 2626
1540 2627
1540 1545
1540 2915
1540 1760
1540 2178
1541 890
1541 891
1541 1547
1541 1994
1541 2114
1541 2657
1541 2835
1541 1856
1541 2662
1541 1747
1541 2062
1541 1754
1541 2136
1542 2006
1542 1825
1542 2007
1542 1692
1542 1696
1543 2175
1543 1856
1543 2228
1543 2918
1544 2097
1544 2104
1544 1563
1544 1582
1544 2631
1544 1607
1544 1620
1544 2136
1544 2578
1544 2150
1545 2603
1545 1898
1545 2626
1545 1560
1545 2655
1545 2049
1545 2837
1545 1634
1545 2662
1545 1661
1545 1760
1545 1680
1546 1896
1546 1898
1546 1581
1546 1600
1546 1616
1546 1782
1547 891
1547 1554
1547 2163
1547 2165
1547 2001
1547 2097
1547 2222
1547 2099
1547 2114
1547 1994
1547 2592
1547 2104
1547 1993
1547 2560
1547 2100
1547 2103
1547 2164
1547 1593
1547 2229
1547 1548
1547 2561
1547 2210
1547 2162
1547 1552
1547 2105
1547 2107
1547 2550
1547 2109
1547 2595
1547 2111
1547 2551
1547 2116
1547 1560
1547 2552
1547 2171
1547 1592
1547 2559
1547 2177
1547 1897
1547 2140
1547 2142
1547 2577
1547 2186
1547 2188
1547 2189
1547 2191
1547 2196
1547 2197
1547 2198
1547 2199
1547 2200
1547 2012
1547 2151
1547 2155
1547 2208
1547 2587
1547 2158
1548 1898
1548 1559
1548 1567
1548 1571
1548 1588
1548 2656
1548 1562
1548 1586
1548 2010
1548 1580
1548 2600
1548 2109
1548 1601
1548 1642
1548 1669
2551 891
2551 1552
2551 1592
2551 1593
2551 1651
2551 1833
2551 1993
2551 2104
2551 2111
2551 2114
2551 2550
2551 2592
2551 2559
2552 1592
2552 1897
2552 1996
2552 2001
2552 2012
2552 2107
2552 2116
2552 2151
2552 2155
2552 2162
2552 2167
2552 2197
1549 891
1549 2097
1549 2114
1549 2029
1549 1555
1549 1557
1549 2112
1549 1592
1549 1607
1549 2130
1549 2562
1550 1660
1550 1646
1550 1581
1550 2565
1550 1601
1550 1551
1550 1555
1550 1557
1550 1619
1550 1651
1550 1657
1550 2910
1550 2918
1551 1554
1551 1646
1551 2104
1551 2556
1551 2666
1551 1581
1551 1582
1551 1555
1551 1557
1551 1619
1551 1651
1551 2918
2550 891
2550 1554
2550 1592
2550 1751
2550 1911
2550 1935
2550 2102
2550 2103
2550 2104
2550 2105
2550 2107
2550 2109
2550 2177
2550 2592
2550 2579
2553 1552
2553 1576
2553 1631
2553 1993
2553 1995
2553 2028
2553 2117
2553 2659
2553 2564
1552 891
1552 1554
1552 2101
1552 2097
1552 2222
1552 2114
1552 1576
1552 1631
1552 2005
1552 2666
1552 1604
1552 2029
1552 1674
1552 1993
1552 2131
1552 1632
1552 1593
1552 2565
1552 1577
1552 2602
1552 2593
1552 1555
1552 2113
1552 1594
1552 1902
1552 2563
1552 2564
1552 1633
1552 1637
1552 1638
1552 2576
1552 1695
1552 1720
1552 2582
1552 2584
1552 2586
1553 2591
1553 2598
1553 1563
1553 1568
1553 2625
1553 2628
1553 1630
1553 1576
1553 2631
1553 2636
1553 2637
1553 1574
1553 2633
1553 1579
1553 1580
1553 1581
1553 2639
1553 2600
1553 1582
1553 2620
1553 1586
1553 1590
1553 1617
1553 1626
1553 1631
1553 1637
1553 1648
1553 1867
1553 1674
1553 1708
1553 1711
1553 1712
1553 2038
1553 2619
1554 890
1554 891
1554 2593
1554 2102
1554 2104
1554 1555
1554 1556
1554 2109
1554 1571
1554 2830
1554 2027
1554 2602
1554 2060
1554 1711
2554 854
2554 1698
2554 1813
2554 2009
2554 2586
1555 1646
1555 2104
1555 1581
1555 1598
1555 1603
1555 1557
1555 1607
1555 1615
1555 1587
1555 1619
1555 1651
1555 2918
1556 2593
1556 1557
1556 2556
1556 2666
1556 2651
1556 1619
2556 1557
2556 1582
2556 1620
2556 2097
2556 2112
2556 2119
2556 2555
2556 2666
2556 2651
2556 2578
1557 1646
1557 1590
1557 2104
1557 1574
1557 1622
1557 2010
1557 1581
1557 2600
1557 1582
1557 2578
1557 1589
1557 1598
1557 1601
1557 2609
1557 1587
1557 1607
1557 1619
1557 1626
1557 1649
1557 1657
1557 1661
2555 891
2555 1641
2555 1835
2555 2097
2555 2651
1558 1723
1558 1584
1558 1761
1558 2001
1558 2222
1558 2592
1558 2229
1558 1592
1558 1594
1558 2061
1558 1933
1558 2155
1558 2079
1558 1955
1559 1814
1559 1898
1559 1992
1559 1994
1559 2592
1559 2108
1559 2025
1559 2221
1559 2655
1559 2049
1559 1586
1559 1588
1559 2835
1559 2223
1559 2837
1559 2661
1559 2662
1559 1800
1559 2228
1559 1690
1559 2012
1559 2055
1559 2079
2557 1640
2557 1744
2557 2138
1560 2165
1560 2164
1560 2182
1560 1634
1560 2177
1561 1898
1561 1995
1561 1562
1562 1596
1562 2636
1562 1686
1562 1572
1562 1590
1562 1995
1562 1581
1562 1593
1562 1600
1562 1601
1562 1614
1562 1615
1562 1641
1562 1648
1563 1565
1563 1573
1563 2630
1563 1582
1563 2641
1563 2650
1564 1767
1564 1737
1564 1741
1564 1747
1564 1784
1565 2097
1565 2114
1565 1837
1565 2002
1565 1576
1565 1620
1565 1684
1565 2632
1566 1600
1566 1602
1566 1663
1567 1898
1567 1992
1567 2629
1567 1569
1567 1570
1567 2655
1567 2002
1567 2003
1567 1573
1567 1586
1567 1588
1567 2658
1567 1737
1567 1852
1567 2223
1567 2837
1567 2662
1567 2575
1567 1700
1567 2663
1567 2840
1567 2842
1567 2020
1567 2021
1567 2585
1568 1569
1568 2634
1568 2636
1569 2003
1569 1588
1569 1613
1569 1652
1569 2584
2558 1592
2558 1902
2558 2128
2558 2149
2559 890
2559 891
2559 1594
2559 1993
2559 2102
2559 2114
2560 891
2560 1594
2560 1638
2560 2106
2561 1722
2561 1830
2561 1906
2561 1935
2561 2140
2561 2220
2562 1619
2562 1993
2562 2097
2562 2114
2562 2185
2562 2910
2562 2918
1570 1898
1570 1992
1570 2629
1570 1573
1570 1575
1570 1588
1570 2836
1570 2062
1570 2575
1570 1677
1570 1683
1570 1719
1571 1732
1571 1898
1571 2598
1571 1596
1571 1839
1571 1835
1571 1573
1571 1598
1571 1604
1571 1615
1571 2837
1571 1624
1571 1626
1571 1633
1571 1635
1571 1636
1571 1638
1571 1640
1571 1644
1571 1672
1571 2573
1571 1685
1571 1700
1572 1995
1573 1898
1573 1596
1573 1992
1573 2172
1573 2049
1573 2116
1573 2117
1573 2002
1573 2656
1573 2027
1573 1598
1573 1604
1573 2127
1573 1623
1573 1632
1573 1635
1573 2572
1573 2149
1573 2842
1573 2020
1573 2021
1573 2587
1574 2637
1574 2150
1574 2002
1574 2666
1574 1621
1574 1622
1574 1625
1574 1626
1574 1629
1575 1723
1575 1770
1575 1766
1575 1937
1575 1729
1575 1901
1575 1745
1575 1746
1575 1747
1575 2062
1575 1754
1575 1760
1575 1662
1575 1773
1575 1665
1575 1779
1575 1667
1575 1786
1575 1788
1575 1792
1575 1796
1575 1668
1575 1669
1575 1812
1575 1682
1575 1913
1575 1683
1575 2070
1575 1690
1575 1706
1575 1941
1575 1943
1575 1954
1575 1957
1575 1972
1575 2088
2563 1592
2563 1637
2563 1638
2563 2005
2563 2097
2563 2114
2563 2586
2563 2564
1576 2114
1576 1586
1576 1604
1576 1631
1576 1632
1576 2564
1576 1637
1576 2652
1576 2230
1576 2632
1576 2910
2564 1631
2564 1638
2564 1993
1577 2059
1577 1580
1577 2594
1577 1664
1577 1711
1577 2609
1578 2633
1578 1736
1578 2637
1578 1743
1578 1768
1578 1799
1578 1803
1578 1815
1578 1929
1578 1958
1578 1977
2565 1664
2565 1725
2565 1833
2565 1993
2565 2048
2565 2157
2565 2570
2565 2571
1579 2591
1579 2598
1579 2059
1579 2592
1579 1867
1579 2596
1579 2162
1579 2594
1579 1580
1579 2830
1579 1581
1579 2026
1579 2599
1579 2600
1579 1582
1579 2601
1579 1733
1579 1601
1579 2605
1579 2053
1579 1711
1579 1713
1579 2038
1579 2609
1579 2617
1580 2598
1580 2628
1580 2059
1580 1646
1580 1867
1580 1586
1580 2639
1580 2596
1580 2102
1580 2633
1580 2830
1580 1581
1580 2026
1580 2599
1580 2600
1580 1582
1580 2602
1580 1601
1580 1615
1580 1708
1580 1711
1580 1712
1580 2608
1580 2038
1580 2609
1580 2619
1581 2059
1581 1646
1581 1586
1581 2639
1581 2830
1581 2600
1581 1582
1581 1598
1581 1600
1581 1601
1581 1615
1581 1623
1581 1657
1581 1693
1581 1710
1581 1711
1581 2038
1581 2609
1581 2619
1582 2059
1582 2649
1582 1867
1582 2117
1582 2104
1582 2639
1582 2830
1582 2600
1582 2102
1582 2651
1582 1598
1582 1601
1582 1615
1582 1651
1582 2578
1582 1711
1582 1712
1582 1713
1582 2038
1582 2609
1583 1630
1583 2202
1585 1627
1586 1898
1586 1992
1586 2059
1586 2223
1586 2600
1586 1589
1586 2835
1586 1601
1586 1614
1586 1625
1586 1649
1586 1711
1587 1646
1587 1590
1587 1604
1587 2600
1587 2609
1587 1592
1587 1619
1587 1649
1588 1898
1588 1992
1588 2629
1588 2221
1588 2655
1588 2049
1588 2003
1588 1900
1588 2657
1588 2658
1588 2028
1588 2223
1588 2837
1588 2661
1588 2662
1588 1654
1588 1910
1588 2572
1588 2032
1588 2185
1588 1700
1588 1719
1588 2663
1588 2152
1588 2040
1588 2020
1588 2021
1588 2585
1589 1844
1589 1814
1589 1618
1589 1622
1589 1656
1589 2025
1589 2224
1589 1607
1589 1625
1589 1626
1589 1642
1589 1707
2566 1819
2566 1949
2566 2001
2566 2053
2566 2175
2566 2592
2566 2579
2567 891
2567 2108
2567 2138
2941 2740
1590 2636
1590 1646
1590 1615
1590 1649
1591 2025
1591 2000
1591 1843
1591 1844
1591 1597
1591 2004
1591 2224
1591 1640
1591 1645
1591 1669
1591 1809
1591 2013
1591 2206
1592 890
1592 891
1592 2101
1592 2001
1592 2097
1592 2114
1592 1994
1592 2592
1592 1604
1592 1993
1592 1995
1592 2108
1592 1833
1592 2909
1592 2583
1592 1996
1592 2105
1592 2219
1592 2111
1592 2128
1592 2140
1592 2149
1592 1695
1592 2155
1593 891
1593 2097
1593 2114
1593 1686
1593 2117
1593 1674
1593 1993
1593 1647
1593 1598
1593 1601
1593 1614
1593 1640
1593 1649
1593 1672
1593 2578
1593 1693
1594 891
1594 2097
1594 2127
1594 2219
1594 1612
1594 1685
1595 1616
1596 1598
1596 1612
1596 2051
1596 1633
1596 1640
1596 1647
2570 1833
2570 2140
2570 2571
2571 1664
2571 1725
2571 1727
2571 1741
2571 1744
2571 1833
2571 1838
2571 2009
2571 2140
2571 2220
2571 2286
1597 2603
1597 1645
1598 1646
1598 1635
1598 1604
1598 1632
1598 1647
1598 1623
1598 1721
1598 1605
1598 1612
1598 1640
1598 1693
1599 2222
1599 2229
1599 1675
1600 1601
1600 1605
1601 2591
1601 2059
1601 1646
1601 1686
1601 2597
1601 2639
1601 2600
1601 2593
1601 1657
1601 1708
1601 2642
1601 2609
1601 2619
2572 2018
2572 2133
1602 1767
1602 1770
1602 1738
1602 1766
1602 2083
1602 1729
1602 1995
1602 1642
1602 1745
1602 1747
1602 1749
1602 1751
1602 1662
1602 1663
1602 1665
1602 1783
1602 1667
1602 1788
1602 1791
1602 1792
1602 1668
1602 1799
1602 1803
1602 1808
1602 1810
1602 1682
1602 1918
1602 1690
1602 1706
1602 1933
1602 1941
1602 1947
1602 1948
1602 1952
1602 1960
1602 1962
1602 1976
1602 1980
1602 1981
1603 2115
1603 1630
1603 2665
1603 1655
1603 2038
2573 1839
2573 1993
2574 2011
2575 1641
2575 1677
2575 1898
2575 2138
2575 2168
2575 2661
2576 891
2576 1605
2576 1722
2576 1830
2576 1995
2576 2097
2576 2101
2576 2113
1604 2097
1604 2631
1604 1644
1604 1635
1604 2002
1604 1607
1604 1615
1604 1624
1604 1632
1604 1633
1604 1640
1604 1645
1604 1672
1604 1693
1604 1721
1605 1898
1605 1992
1605 2097
1605 2005
1605 1830
1605 1640
1605 1672
1605 1700
1605 1718
1605 2582
1605 2207
1605 2021
2577 891
2577 2097
2577 2114
2577 2116
2577 2169
2577 2587
1606 2636
1606 2641
1606 1659
1606 1661
1607 2222
1607 1646
1607 2229
1607 2175
1607 1608
1607 1625
1607 1643
1607 1657
1607 2136
1607 2152
1608 891
1608 2032
2578 891
2578 1993
2578 2059
2578 2104
2578 2112
2578 2649
1609 1613
1609 1634
1609 1741
1609 1699
1609 2033
1609 2040
1609 2058
1610 1898
1610 1850
1610 1837
1610 2663
1611 2921
1611 2922
1611 1636
1612 1647
1612 1640
1612 1857
1612 1877
1612 1685
2579 891
2579 1619
2579 1688
2579 1819
2579 2011
2579 2100
2579 2102
2579 2103
2579 2104
2579 2105
2579 2128
2579 2155
2579 2162
2579 2179
2579 2195
2579 2207
2579 2215
2579 2225
2579 2592
2579 2611
2579 2599
2579 2602
2579 2610
2580 1627
2580 1633
2580 2111
2580 2147
2580 2581
2580 2697
1613 2027
1613 1995
2581 1676
2581 1691
2581 1813
2581 1842
2581 2009
2581 2586
1614 1995
1614 2609
1615 2665
1615 2600
1615 1623
1615 1639
1616 2203
1617 2230
1618 1656
1618 1707
1619 2599
1619 2594
1619 2601
1619 1651
1619 2910
1619 2918
1620 2674
1620 2645
1621 2631
1621 2649
1621 1628
1622 1626
2582 1718
2582 2005
2582 2097
2582 2585
1624 2631
1624 1835
1624 2651
1624 1641
1624 1650
1624 1672
1624 1684
1624 1693
1624 2230
2583 891
2583 1913
2583 2097
2583 2114
1627 1687
1627 1633
1627 2697
1628 2631
1628 2002
1628 2630
1628 1674
1628 1678
1628 1684
1628 2230
1629 2591
1629 1710
1630 2172
1630 2115
1630 2593
1630 2633
1630 2202
1631 891
1631 892
1631 1898
1631 1654
1631 1817
1631 2659
1631 2028
1631 2584
1631 2586
1632 2097
1632 2230
1632 1693
2584 1654
2584 1870
2584 2009
2584 2097
2584 2586
1633 1674
1633 1693
1633 1710
1634 1731
1634 1898
1634 1658
1634 1680
1635 1640
1635 1647
1635 1700
1635 2842
1635 2020
1636 1728
1636 1865
1636 1899
1636 2167
1636 1859
1636 1715
1636 2927
1636 2668
1637 2097
1637 2114
1637 2005
1637 1718
1637 2585
1638 854
1638 2114
1638 2005
1638 1639
1638 2585
1639 854
1639 1660
1639 1691
1639 2013
1639 2115
1639 1654
1639 2005
1639 1747
1639 1668
1639 1698
1639 1709
1639 1941
1640 1744
1640 1870
1640 1691
1640 1647
1640 1721
1640 1645
1640 1668
1640 1877
1640 1698
1640 1716
1640 2018
1641 891
1641 1993
1641 2651
1641 1672
1642 854
1642 1844
1642 1814
1643 2667
1643 2635
1643 2681
1644 1898
1644 1999
1644 1817
1644 2002
1645 1691
1645 1937
1645 1665
1645 1668
1645 1698
1645 1702
1646 1660
1646 2600
1646 2835
1646 1649
1646 1651
1646 1657
1647 1898
1647 2020
1647 2632
1647 1684
1647 1693
1647 1700
1647 1718
1647 1721
1647 2021
1648 1995
1649 891
1649 2059
1650 2644
1650 2131
1650 2121
1650 2175
1650 2209
1651 2601
1651 2910
1651 2918
2585 1992
2585 2005
2585 2114
2903 2621
2903 2622
2903 2906
2903 2907
2903 2908
1652 1697
1654 1691
1654 1898
1654 2174
1654 1813
1654 1685
1654 1686
1654 1701
1654 2586
2586 1698
2586 1764
2586 1813
2586 1870
2586 2009
2586 2097
2586 2114
1656 2000
1656 2224
1656 1694
1656 1707
1657 1660
1657 2600
2587 891
2587 2003
2587 2097
2587 2116
2587 2155
1658 891
1658 1731
1658 1875
1659 1660
1659 1661
1660 1844
1660 2224
1660 1747
1660 1667
1660 1814
1660 1681
1660 2039
1661 2049
1662 1753
1662 1767
1662 1919
1662 1738
1662 1903
1662 1739
1662 1766
1662 1942
1662 2083
1662 1937
1662 1729
1662 1904
1662 1745
1662 1750
1662 2062
1662 1736
1662 1746
1662 1773
1662 1778
1662 1779
1662 1780
1662 1781
1662 1666
1662 1788
1662 1792
1662 1794
1662 1796
1662 1668
1662 1798
1662 1799
1662 1802
1662 1803
1662 1804
1662 1805
1662 1808
1662 1810
1662 1816
1662 1682
1662 1683
1662 1923
1662 1924
1662 2073
1662 1931
1662 1690
1662 1706
1662 2078
1662 1944
1662 1946
1662 1947
1662 1948
1662 1951
1662 1953
1662 2423
1662 1954
1662 1955
1662 1956
1662 1957
1662 1958
1662 1961
1662 1963
1662 1972
1662 2088
1662 2089
1662 1974
1662 2090
1662 1975
1663 1770
1663 1729
1663 1743
1663 1782
1663 1747
1663 1665
1663 1811
1663 1812
1664 1896
1664 1838
1664 1727
1664 1833
1664 2014
1664 2678
1664 1747
1665 1761
1665 1767
1665 1770
1665 1691
1665 1703
1665 2048
1665 1738
1665 1900
1665 1937
1665 1729
1665 1737
1665 1743
1665 2062
1665 1788
1665 1793
1665 1796
1665 2067
1665 1683
1665 2070
1665 1792
1665 1741
1665 1746
1665 1747
1665 1907
1665 1751
1665 1773
1665 1783
1665 1667
1665 1784
1665 1789
1665 1668
1665 1808
1665 1706
1665 2078
1665 1943
1665 1947
1665 1963
1665 2427
1665 1973
1665 1976
1665 1978
1666 1753
1666 1767
1666 1738
1666 1903
1666 1729
1666 1778
1666 1781
1666 1773
1666 1798
1666 2073
1666 2074
1667 1744
1667 1769
1667 1691
1667 1729
1667 2062
1667 2220
1667 1747
1667 1668
1667 1813
1667 1709
1667 1941
1667 1947
1668 1723
1668 1767
1668 1770
1668 1870
1668 1691
1668 2048
1668 1738
1668 1903
1668 1739
1668 1910
1668 1766
1668 1937
1668 1730
1668 1901
1668 1743
1668 2062
1668 1778
1668 1796
1668 1683
1668 2070
1668 1792
1668 1902
1668 1908
1668 1754
1668 1762
1668 1773
1668 1774
1668 1779
1668 1795
1668 1669
1668 1812
1668 1682
1668 1706
1668 2078
1668 1941
1668 1943
1668 1947
1668 1954
1668 1962
1668 2085
1668 1971
1668 2086
1668 1972
1668 2088
1668 1973
1669 1844
1669 1761
1669 1767
1669 1770
1669 1814
1669 2227
1669 1760
1669 1782
1669 1920
1669 1929
1669 2221
1669 1843
1669 1909
1669 1754
1669 1811
1669 1812
1670 1744
1670 1770
1670 1870
1670 1848
1670 1747
1670 1751
1670 2156
1671 1728
1671 2006
1671 1744
1671 1809
1671 1892
1671 2000
1671 2016
1672 1993
1672 1830
1672 2651
1673 1995
1673 2135
1673 1791
1673 2230
1674 2631
1674 2637
1674 2630
1675 1995
1675 2168
1675 1696
1675 2035
1676 1842
1676 2127
1676 1695
1676 2916
1678 1687
1678 1697
1679 2063
1680 2227
1680 1886
1680 2168
1680 2004
1680 1813
1680 2035
1680 2206
1680 1976
1680 2725
1681 2039
2904 1801
1682 2098
1682 1901
1682 1683
1682 1917
1682 1964
1682 1779
1682 1690
1682 1706
1682 1941
1682 2079
1682 1963
1682 2088
1683 1836
1683 1691
1683 1738
1683 1739
1683 1936
1683 1766
1683 1942
1683 1743
1683 1905
1683 1745
1683 1750
1683 2062
1683 1781
1683 1788
1683 1796
1683 1798
1683 1799
1683 1802
1683 1810
1683 1913
1683 1736
1683 1779
1683 1783
1683 1787
1683 1795
1683 1816
1683 1917
1683 1922
1683 1927
1683 1930
1683 2073
1683 1690
1683 1706
1683 2078
1683 1950
1683 1955
1683 1957
1683 1963
1683 2085
1683 1971
1683 1972
1683 2088
1683 2427
1683 1973
1684 2630
1685 2097
1685 2114
1685 2032
1685 1701
1685 1694
1686 1823
1687 2592
1687 2150
1687 2605
1687 2053
1687 1688
1687 1697
1688 2599
1688 2103
1688 2617
1689 2067
1689 2909
1690 2223
1690 1766
1690 2083
1690 1743
1690 2062
1690 1788
1690 1913
1690 1808
1690 2079
1690 1947
1690 1961
1690 2088
1690 2091
1691 854
1691 1744
1691 1769
1691 1870
1691 2220
1691 1813
1691 2009
1691 1698
1691 1701
1691 1703
1691 1706
1691 1710
1691 1937
1692 1865
1692 2657
1692 1696
1693 2097
2515 1723
2515 1729
2515 1755
2515 1761
2515 1772
2515 1798
2515 1815
2515 1874
2515 1912
2515 2061
2515 2074
2515 2076
2515 2516
1694 1844
1694 1814
1694 2000
1694 1725
1695 891
1695 1994
1696 2916
1696 2156
1698 1870
1698 1996
1698 2837
1699 1703
1699 1898
1699 1747
1699 2040
1700 1898
1700 1992
1700 2020
1700 2051
1700 2842
1700 2021
2516 1723
2516 1761
2516 1772
2516 1797
2516 1815
2516 1874
2516 1912
2516 1932
2516 2061
2516 2074
1701 1898
1701 2106
1701 2049
1701 2009
1701 1719
1702 1836
1702 1809
1702 2013
1702 2000
1702 1867
1702 2116
1702 2004
1702 2206
1703 1836
1703 2222
1703 2013
1703 1939
1703 2080
2588 2116
1705 2643
1705 2927
1705 2204
1706 2048
1706 1739
1706 1766
1706 1937
1706 1901
1706 1743
1706 2062
1706 1796
1706 1810
1706 1922
1706 2070
1706 1927
1706 2073
1706 1902
1706 1762
1706 1779
1706 1795
1706 1941
1706 2079
1706 1947
1706 1948
1706 1962
1706 1963
1706 1971
1706 1972
1706 2088
1707 1843
1708 2598
1708 2609
1708 2619
1708 2713
1709 1769
1709 1877
1711 2598
1711 2059
1711 1867
1711 2606
1711 2830
1711 2026
1711 2599
1711 2600
1711 2602
1711 2609
1711 2102
1711 2605
1711 1712
1711 1713
1711 2608
1711 2038
1712 2600
1712 2594
1712 1713
1712 2608
1712 2038
1713 1867
1713 2830
1713 2594
1714 1995
1714 1911
1714 2068
1714 1935
1715 1865
1715 1899
1715 1911
1715 2231
1716 1753
1716 1832
1716 2018
1716 2917
1718 2097
1718 2005
1719 1898
1719 1992
1719 2049
1719 1900
1719 2657
1719 2658
1719 2659
1719 2028
1719 2661
1719 1910
1719 1997
854 2000
854 1836
854 1840
854 1731
854 2005
854 1865
854 1747
854 1809
854 1813
854 1870
854 1892
854 1720
854 2024
1720 891
1720 2009
1720 2193
2843 2931
1722 891
1722 892
1722 1844
1722 2097
1722 1993
1722 1994
1722 2100
1722 2101
1722 2108
1722 2114
1722 2001
1722 1733
1722 2132
1722 2133
1722 1906
1722 1813
1722 2225
1722 2011
1722 1935
1722 2610
1722 2207
1722 2156
1722 2215
1723 1740
1723 1747
1723 2061
1723 1754
1723 1755
1723 1757
1723 1761
1723 1762
1723 1763
1723 1767
1723 1786
1723 1796
1723 1797
1723 1798
1723 1802
1723 1806
1723 1815
1723 1874
1723 1912
1723 2066
1723 1932
1723 2074
1723 2075
1723 1933
1723 2076
1723 1934
1724 1838
1724 1725
1725 1744
1725 2165
1725 1838
1725 1996
1725 1833
1725 2220
1725 1727
1725 2001
1725 2678
1725 1897
1725 2140
1725 2036
1725 2214
1725 2710
1725 2057
1726 1785
1726 1896
1727 1744
1727 1838
1727 2220
1727 2678
1727 1897
1727 2016
1727 2036
1727 2710
1727 2057
1728 2167
1728 2220
1728 1899
1728 1859
1728 2223
1728 1865
1728 2133
1728 1744
1728 1769
1728 2014
1728 2016
1728 2055
1728 2668
1729 1761
1729 1767
1729 1770
1729 1919
1729 1738
1729 1766
1729 1730
1729 1736
1729 1740
1729 1745
1729 1746
1729 1747
1729 1751
1729 2062
1729 1762
1729 1768
1729 1773
1729 1776
1729 1778
1729 1781
1729 1782
1729 1783
1729 1786
1729 1788
1729 1789
1729 1792
1729 1799
1729 1815
1729 1913
1729 1931
1729 1941
1729 1976
1730 1919
1730 1904
1730 1743
1730 1747
1730 1906
1730 1749
1730 2062
1730 1788
1730 1790
1730 1793
1730 1803
1730 1913
1730 1914
1730 1920
1730 1930
1730 1947
1731 1995
1731 1732
1731 1842
1731 1846
1731 1744
1731 1747
1732 1842
1732 1747
1732 1763
1732 2070
1732 2193
1733 1870
1733 2599
1733 1778
1733 2225
1733 1734
1733 1846
1733 1741
1733 1765
1733 2605
1733 2144
1733 2610
1734 1846
1734 1741
1734 1746
1734 1756
1734 1763
1734 1765
1734 1786
1735 1744
1735 1870
1735 1924
1735 1995
1735 2127
1735 2139
1735 1911
1735 1779
1736 1919
1736 1766
1736 1942
1736 1743
1736 1750
1736 1768
1736 1788
1736 1799
1736 2069
1736 2073
1736 1953
1736 2082
1736 1954
1736 1955
1736 1956
1736 1957
1736 1958
1736 1961
1736 2088
1736 2093
1736 1987
1737 2655
1737 2032
1737 2100
1737 1826
1737 2121
1737 1852
1737 1741
1737 1747
1737 1778
1737 1784
1737 2183
1737 2186
1737 2191
1737 2195
1737 2213
1738 1903
1738 1742
1738 1745
1738 1747
1738 1906
1738 1750
1738 2134
1738 2062
1738 1762
1738 1778
1738 1783
1738 1792
1738 1793
1738 1798
1738 1799
1738 1808
1738 1810
1738 1912
1738 1914
1738 1918
1738 2069
1738 1928
1738 1929
1738 2071
1738 1931
1738 1976
1738 1977
1738 2905
1739 1767
1739 2048
1739 1906
1739 1909
1739 1760
1739 1796
1739 1921
1739 2607
1739 1929
1739 1930
1739 1937
1739 1939
1739 1947
1739 1960
1739 1961
1739 1965
1739 1970
1739 1971
1739 2086
1739 1972
1739 1981
1740 1919
1740 1743
1740 1745
1740 1795
1740 1802
1740 1804
1740 1810
1740 1815
1740 2066
1740 1922
1740 1923
1740 1972
1740 1989
1741 1870
1741 1846
1741 1746
1741 1747
1741 1756
1741 1765
1741 1784
1741 1786
1742 1904
1742 1743
1742 1768
1742 1808
1742 2065
1742 1914
1742 1918
1742 1921
1742 1923
1742 1925
1742 1928
1742 1929
1743 1936
1743 2083
1743 1901
1743 1904
1743 1902
1743 1905
1743 1745
1743 1747
1743 1750
1743 1752
1743 2062
1743 1768
1743 1773
1743 1779
1743 1782
1743 1790
1743 1791
1743 1795
1743 1796
1743 1799
1743 1803
1743 1805
1743 1808
1743 1810
1743 1811
1743 2065
1743 1912
1743 2067
1743 1914
1743 1918
1743 1923
1743 1924
1743 1925
1743 1926
1743 1927
1743 1928
1743 1929
1743 2071
1743 2072
1743 1931
1743 2074
1743 1939
1743 2079
1743 1945
1743 1955
1743 1958
1743 1960
1743 1961
1743 2045
1743 1963
1743 1964
1743 2084
1743 1966
1743 1967
1743 2085
1743 1970
1743 2086
1743 1972
1743 2427
1743 2090
1743 2091
1743 1978
1743 1980
1743 1982
1743 1983
1743 2092
1743 2094
1744 1842
1744 1844
1744 1995
1744 1996
1744 2106
1744 2167
1744 2220
1744 2122
1744 2133
1744 1748
1744 1750
1744 1769
1744 1777
1744 1779
1744 1789
1744 2684
1744 2225
1744 1911
1744 1870
1744 1897
1744 2139
1744 2140
1744 2184
1744 2186
1744 2014
1744 2016
1744 1935
1744 2017
1744 2232
1744 2690
1744 2024
1744 2710
1744 2733
1745 1753
1745 1919
1745 1936
1745 1900
1745 1910
1745 1942
1745 1901
1745 1904
1745 1905
1745 1902
1745 1906
1745 1749
1745 1751
1745 1909
1745 1754
1745 1762
1745 1768
1745 1773
1745 1779
1745 1788
1745 1791
1745 1792
1745 1795
1745 1799
1745 1803
1745 1805
1745 1808
1745 1810
1745 1811
1745 1914
1745 1917
1745 1918
1745 1921
1745 1922
1745 1924
1745 1925
1745 1927
1745 1928
1745 1929
1745 1930
1745 1931
1745 1933
1745 1938
1745 1940
1745 1946
1745 1947
1745 1948
1745 1950
1745 1952
1745 1955
1745 1957
1745 1958
1745 1960
1745 1961
1745 1963
1745 1964
1745 1966
1745 1967
1745 1968
1745 2085
1745 1969
1745 1970
1745 1971
1745 1972
1745 1974
1745 1975
1745 1977
1745 1979
1745 1980
1745 1981
1745 1982
1745 1984
1745 1985
1745 1986
1745 1987
1745 2095
1745 1990
1746 1782
1746 1793
1746 1747
1746 1773
1746 1783
1746 1786
1747 1761
1747 1769
1747 1770
1747 1778
1747 1788
1747 1751
1747 1907
1747 1908
1747 1752
1747 1756
1747 1759
1747 1762
1747 1763
1747 1765
1747 1771
1747 1776
1747 1780
1747 1783
1747 1784
1747 1786
1747 1789
1747 1791
1747 1794
1747 1795
1747 1813
1747 2064
1747 2078
1747 2623
1747 1976
1747 1978
1748 1865
1748 1838
1748 1859
1748 1769
1748 1785
1748 2033
1749 1750
1749 1914
1749 1918
1749 1922
1749 1924
1749 1927
1749 1928
1749 1929
1749 1803
1749 1808
1749 1949
1749 1950
1749 1980
1749 1981
1750 1761
1750 1919
1750 1766
1750 1904
1750 1905
1750 1906
1750 2062
1750 1760
1750 1763
1750 1778
1750 1788
1750 1790
1750 1794
1750 1795
1750 1796
1750 1802
1750 1810
1750 1812
1750 1815
1750 1912
1750 2066
1750 2067
1750 1914
1750 1918
1750 1920
1750 1922
1750 1925
1750 2074
1750 1961
1750 2085
1750 1978
1750 2743
1750 2093
1750 2095
1751 1761
1751 1767
1751 1770
1751 1919
1751 1906
1751 1760
1751 1778
1751 1788
1751 2685
1751 2067
1751 1913
1751 2184
1751 2607
1751 1792
1751 1752
1751 1783
1751 1789
1751 1790
1751 1794
1751 1795
1751 2225
1751 1911
1751 1933
1751 1935
1751 1958
1751 1973
1751 1976
1751 1978
1751 2093
1752 1807
1752 1796
1752 1926
1752 1792
1752 1907
1752 1908
1752 1773
1752 1776
1752 1795
1752 2063
1752 2075
1752 1939
1752 2077
1752 2078
1752 2084
1752 2086
1752 2091
1752 1977
1752 1991
2980 2143
2980 2145
2980 2148
1753 1767
1753 1772
1753 1776
1753 1781
1753 1798
1753 1805
1753 1807
1753 1812
1753 1919
1753 2073
1753 1932
1753 2074
1753 1938
1753 1945
1753 1946
1753 1947
1753 1948
1754 1844
1754 1767
1754 1770
1754 1814
1754 1782
1754 1798
1754 2221
1754 2061
1754 1811
1754 1812
1755 1761
1755 1767
1755 1912
1755 2061
1755 1756
1755 1757
1755 1758
1755 1759
1755 1774
1756 1770
1756 1898
1756 1778
1756 1764
1756 1757
1756 1758
1756 1759
1756 1763
1756 1765
1756 1774
1757 1761
1757 1767
1757 1778
1757 1912
1757 2061
1757 1758
1757 1763
1757 1774
1757 1786
1758 1767
1758 1798
1758 1815
1758 1764
1758 2061
1758 1759
1758 1765
1758 1774
1758 1932
1758 2078
1759 1778
1759 1764
1759 1765
1759 1774
1759 1811
1760 1761
1760 1919
1760 1901
1760 1906
1760 1763
1760 1778
1760 1779
1760 1786
1760 1790
1760 1793
1760 1811
1760 1911
1760 1912
1760 2066
1760 1913
1760 1920
1760 2607
1760 1930
1760 2074
1760 2093
1761 1995
1761 2122
1761 1906
1761 2061
1761 1910
1761 1763
1761 1767
1761 1772
1761 1773
1761 1776
1761 1777
1761 1778
1761 1779
1761 1782
1761 1783
1761 1786
1761 1788
1761 1789
1761 1797
1761 1798
1761 1802
1761 1811
1761 1815
1761 2685
1761 1911
1761 1912
1761 2066
1761 2067
1761 1919
1761 1923
1761 2184
1761 1932
1761 2074
1761 1933
1761 2232
1761 1973
1762 1767
1762 1770
1762 1937
1762 1778
1762 1931
1762 1783
1762 1932
1763 1767
1763 1778
1763 2604
1763 1786
1763 1874
1763 2612
1764 1870
1764 2097
1764 2009
1764 1993
1764 1765
1764 1774
1764 2139
1765 1778
1765 1911
1765 2105
1765 1774
1766 1919
1766 2223
1766 1904
1766 2062
1766 1768
1766 1781
1766 1788
1766 1793
1766 1799
1766 1800
1766 1803
1766 1805
1766 1810
1766 1922
1766 1924
1766 1931
1766 1942
1766 1944
1766 2079
1766 1953
1766 2423
1766 1954
1766 1955
1766 1956
1766 1957
1766 1958
1766 1961
1766 2083
1766 1972
1766 2088
1766 2091
1766 1983
1766 2093
1767 1904
1767 2061
1767 1768
1767 1770
1767 1772
1767 1778
1767 1786
1767 1787
1767 1797
1767 1798
1767 1802
1767 1806
1767 1807
1767 1815
1767 1816
1767 1912
1767 2066
1767 1918
1767 1919
1767 1932
1767 2074
1767 1938
1767 1939
1767 2078
1768 1807
1768 1919
1768 1942
1768 2221
1768 2061
1768 1909
1768 1772
1768 1773
1768 1796
1768 1798
1768 1806
1768 1811
1768 1812
1768 2065
1768 1912
1768 2068
1768 2069
1768 1926
1768 2072
1768 2074
1768 2075
1768 1939
1768 2077
1768 1940
1768 2082
1768 1955
1768 1961
1768 2045
1768 2084
1768 2092
1768 2094
1768 1988
1768 2095
1769 2220
1769 1770
1769 1779
1770 2025
1770 2221
1770 1775
1770 1787
1770 1809
1770 1811
1770 1812
1770 1920
1770 1973
1771 890
1771 2623
1772 1807
1772 1903
1772 1798
1772 1802
1772 1815
1772 1912
1772 1926
1772 2061
1772 1909
1772 1787
1772 1795
1772 1932
1772 1939
1772 1940
1772 2078
1773 2062
1773 1778
1773 1796
1773 1917
1773 2070
1773 1902
1773 1907
1773 1779
1773 1963
1774 2061
1774 1973
1775 2024
1776 1777
1776 1778
1776 2066
1776 2594
1776 2061
1776 1789
1776 2075
1777 1870
1777 1778
1777 1788
1777 1789
1777 1897
1777 2731
1778 1870
1778 1919
1778 1937
1778 1904
1778 1906
1778 2062
1778 1781
1778 1782
1778 1783
1778 1784
1778 1788
1778 1789
1778 1802
1778 1815
1778 2225
1778 1911
1778 2067
1778 1913
1778 2607
1778 1935
1778 2232
1778 2690
1778 1947
1778 1972
1779 1900
1779 1910
1779 2025
1779 2224
1779 1901
1779 1906
1779 2062
1779 1796
1779 1917
1779 2070
1779 1926
1779 1902
1779 1786
1779 1795
1779 1803
1779 2078
1779 1941
1779 2084
1779 1972
1779 1977
1780 1936
1780 1938
1780 1946
1780 1949
1780 1950
1780 1951
1780 1955
1780 1956
1780 1957
1780 2089
1780 1974
1781 1901
1781 1904
1781 2062
1781 1786
1781 1788
1781 1796
1781 1798
1781 1802
1781 1815
1781 1816
1781 1911
1781 2065
1781 1917
1781 1923
1781 2073
1781 2078
1781 2423
1781 1956
1781 2089
1781 2093
1782 1896
1782 2013
1782 2000
1782 1843
1782 1815
1782 1912
1782 2074
1783 2062
1783 1913
1783 1789
1783 1976
1784 2164
1785 2014
1785 2055
1785 2916
1786 2017
1786 1901
1786 1906
1786 1793
1786 2607
1786 1930
1786 1911
1786 1935
1786 2450
1786 1941
1787 1798
1787 1802
1787 1917
1787 1805
1787 1932
1787 2076
1787 2078
1788 1919
1788 1903
1788 2062
1788 1789
1788 1794
1788 1796
1788 1804
1788 1810
1788 2065
1788 2067
1788 1913
1788 1933
1788 2690
1788 1947
1788 1976
1788 2093
1789 1815
1789 1913
1789 2184
1789 1790
1789 1797
1789 2074
1789 1973
1790 1919
1790 1906
1790 1796
1790 2067
1790 1920
1790 2225
1790 2061
1791 2060
1791 1914
1791 1927
1791 1808
1791 2228
1791 1947
1791 1971
1791 1982
1792 1796
1792 1799
1792 2070
1792 1800
1792 1813
1792 2078
1792 1958
1792 1959
1792 1973
1792 2090
1792 1977
1793 1805
1793 1976
1794 1919
1794 1802
1794 1804
1794 1907
1794 1795
1794 2690
1794 1978
1794 2093
1795 1919
1795 1904
1795 2062
1795 1799
1795 1810
1795 1914
1795 1922
1795 1907
1795 1908
1795 1938
1795 1950
1795 1978
1795 2093
1796 2048
1796 1901
1796 2062
1796 1902
1796 1798
1796 1800
1796 1802
1796 1816
1796 2065
1796 2068
1796 2070
1796 1926
1796 2072
1796 2073
1796 1939
1796 2077
1796 1947
1796 1954
1796 1963
1796 1965
1796 2084
1796 2085
1796 1971
1796 2086
1796 1972
1796 1978
1797 2061
1797 1874
2590 2593
1798 1904
1798 2061
1798 1802
1798 1805
1798 1806
1798 1815
1798 1816
1798 1912
1798 2066
1798 1917
1798 1923
1798 1931
1798 1932
1798 2074
1798 2078
1798 1951
1798 2087
1798 2089
1798 1979
1799 1919
1799 1936
1799 1942
1799 1904
1799 1905
1799 1909
1799 1803
1799 1805
1799 1808
1799 1810
1799 2064
1799 1912
1799 1914
1799 1918
1799 1921
1799 1922
1799 1923
1799 1924
1799 1925
1799 1927
1799 1928
1799 1929
1799 2073
1799 1931
1799 1933
1799 1945
1799 1946
1799 1950
1799 1951
1799 1953
1799 1955
1799 1956
1799 1957
1799 1958
1799 1959
1799 1960
1799 1961
1799 1964
1799 1966
1799 1967
1799 1968
1799 1969
1799 1970
1799 2088
1799 2427
1799 1974
1799 1975
1799 1977
1799 1979
1799 1980
1799 1981
1799 1983
1799 1984
1799 2094
1799 1985
1799 1986
1799 1987
1799 1988
1799 2095
1799 1990
1800 1936
1800 1904
1800 1907
1800 1805
1800 1944
1800 2079
1800 2423
1800 1963
1800 1968
1800 2088
1800 2089
1800 2090
1800 1978
1800 2093
1801 2025
2982 2983
2982 2984
2982 2985
2982 2986
1802 1904
1802 2062
1802 2061
1802 1804
1802 1815
1802 1816
1802 2065
1802 1917
1802 1932
1802 2078
1802 1975
2984 2985
2985 2986
1803 1936
1803 1942
1803 1914
1803 1918
1803 1924
1803 1925
1803 1928
1803 1929
1803 1931
1803 1964
1803 1909
1803 1805
1803 1808
1803 1811
1803 2064
1803 1933
1803 1947
1803 1950
1803 1952
1803 1955
1803 1956
1803 1958
1803 1960
1803 1962
1803 1967
1803 1970
1803 1971
1803 2088
1803 1975
1803 1977
1803 1980
1803 1981
1803 1982
1803 1983
1803 2092
1803 1984
1804 1904
1804 1908
1804 1810
1804 1913
1804 1929
1804 2093
1805 1919
1805 1936
1805 1942
1805 1904
1805 1905
1805 1810
1805 1912
1805 1914
1805 1918
1805 1926
1805 1929
1805 2073
1805 1964
1805 1909
1805 1808
1805 1811
1805 1932
1805 2074
1805 1933
1805 1938
1805 1940
1805 1945
1805 1946
1805 1947
1805 1950
1805 1951
1805 1952
1805 1953
1805 1954
1805 1955
1805 1956
1805 1957
1805 1958
1805 1959
1805 1960
1805 2045
1805 1962
1805 2084
1805 1966
1805 1967
1805 1968
1805 2085
1805 1969
1805 1970
1805 2086
1805 2088
1805 1974
1805 1975
1805 1977
1805 1978
1805 1979
1805 1980
1805 1983
1805 1984
1805 1985
1805 1986
1805 1987
1805 1988
1805 1989
1805 1990
1806 1807
1806 2061
1806 1932
1806 2075
1806 1939
1806 2077
1806 2084
1806 2086
1806 1972
1807 2221
1807 1908
1807 1909
1807 1811
1807 1812
1807 1912
1807 1918
1807 1926
1807 1932
1807 2074
1807 1939
1807 1940
1807 2084
1807 1989
2591 2594
2591 2598
2591 2600
2591 2601
2591 2602
2591 2609
1808 1936
1808 1942
1808 1914
1808 1918
1808 1927
1808 1929
1808 1931
1808 1933
1808 1947
1808 1948
1808 1958
1808 1960
1808 1963
1808 1968
1808 2085
1808 1970
1808 1971
1808 2088
1808 2091
1808 1980
1808 1981
1808 1982
2592 1867
2592 1897
2592 1994
2592 2001
2592 2053
2592 2102
2592 2103
2592 2104
2592 2105
2592 2106
2592 2107
2592 2109
2592 2110
2592 2128
2592 2147
2592 2155
2592 2157
2592 2162
2592 2163
2592 2208
2592 2594
2592 2602
2592 2605
2592 2652
2592 2611
2592 2617
2593 2027
2593 2628
2593 2665
2593 2597
2593 2666
2593 2634
2593 2594
2594 1823
2594 1994
2594 1997
2594 2059
2594 2103
2594 2162
2594 2163
2594 2234
2594 2611
2594 2606
2594 2597
2594 2599
2594 2600
2594 2601
2594 2602
2594 2605
2594 2609
2594 2612
2594 2615
2594 2618
2594 2619
1809 1836
1809 1832
1809 1875
1809 2033
1809 2206
2595 891
2595 1817
2595 1993
2595 1997
2596 2038
2596 2053
2596 2618
2597 2102
2597 2601
2597 2634
2598 1905
2598 2026
2598 2830
2598 2599
2598 2620
2598 2605
2598 2606
2598 2609
2598 2615
2598 2617
1810 1919
1810 1942
1810 1904
1810 2062
1810 1908
1810 1914
1810 1922
1810 1924
1810 1927
1810 1931
1810 1944
1810 2080
1810 1955
1810 1956
1810 1961
1810 2088
1810 1991
2599 1867
2599 2026
2599 2029
2599 2038
2599 2102
2599 2103
2599 2122
2599 2231
2599 2611
2599 2830
2599 2602
2599 2605
2599 2688
2599 2615
2599 2617
2600 2038
2600 2059
2600 2639
2600 2601
2600 2602
2600 2608
2600 2609
2601 1867
2601 2102
2601 2602
2601 2910
2601 2918
2602 890
2602 1867
2602 2102
2602 2162
2602 2606
2602 2830
1811 1936
1811 1920
1811 1929
1811 2221
1811 1907
1811 1909
1811 1812
1811 1969
1811 1977
1812 2221
2604 1824
2604 1874
2604 2909
2604 2612
2605 2026
2605 2053
2605 2830
2605 2617
1813 1870
1813 2132
1813 2103
1813 1830
1813 2063
1813 2022
2606 1867
2606 2026
2606 2098
2606 2102
2606 2611
2606 2830
1814 1844
1814 2219
1814 2224
1814 2225
1814 2227
1814 2186
1814 2195
2607 1906
2607 1911
2607 1965
2607 2067
2607 2184
2607 2450
1815 1919
1815 2062
1815 2061
1815 1816
1815 2065
1815 1912
1815 1932
1815 2074
1815 2078
1816 2078
1816 1951
1816 2089
1817 890
1817 1998
1817 1999
1817 1994
1817 2639
1817 1867
1817 2839
1817 2139
1817 1820
1817 1821
1817 1822
1817 2609
1817 2022
1817 2618
1818 2101
1818 2674
1818 2050
1818 2129
2608 2038
2608 2639
2608 2713
1819 2182
2609 2026
2609 2038
2609 2059
2609 2639
2609 2642
2609 2833
2610 1870
2610 1911
2610 2011
2610 2100
2610 2114
2610 2132
2610 2207
2610 2215
1820 1998
1820 1999
1820 1994
1820 1821
1820 1822
1821 1994
1821 1822
2611 1823
2611 1867
2611 2102
2611 2103
2611 2104
2611 2105
2611 2713
2611 2714
1822 2022
1822 2618
2612 1874
2613 2833
2615 2103
2616 2099
1824 2909
1824 2915
1824 1874
1825 1831
1825 2835
1826 2165
1826 2173
1826 2170
1826 2100
1826 2164
1826 2181
1826 2210
1826 2171
1826 2166
1826 2183
1826 2187
1826 2188
1826 2189
1826 2192
1826 2194
1826 2197
1826 2213
1827 891
1827 2101
1827 2119
1827 2097
1827 2104
1827 2106
1827 2107
1827 2111
1827 2168
1827 2114
1827 1854
1827 2137
1827 2139
1828 2099
1828 1854
1828 2100
1828 2110
1829 1993
1829 1853
1829 2121
1829 2181
1830 891
1830 1858
1830 2097
1830 2005
1830 1993
1830 2669
1830 2670
1830 2113
1830 2168
1830 2671
2617 2026
2617 2053
2618 1994
2618 2022
2618 2210
1831 1850
1831 2624
1831 2660
1832 1854
1833 891
1833 2097
1833 2140
1834 1858
1834 2669
1834 2670
1834 2672
1834 1855
1835 891
1835 2097
1835 1993
1835 1995
1835 2128
1835 2133
1835 2909
1836 2000
1836 2222
1836 2033
1836 2036
1836 1952
1837 1842
1837 1898
1837 2174
1837 2127
1837 2646
1838 1851
1838 1859
1838 2678
1838 2036
1838 2057
1839 1898
1839 2658
1840 1858
1840 1860
1840 1857
1842 891
1842 1995
1842 2107
1842 2117
1842 1846
1842 2127
1842 2137
1842 2009
1842 2063
1842 2722
1842 2723
1842 2742
1842 2777
1842 2818
1843 1844
1843 2025
1843 2224
1843 2225
1844 2168
1844 2224
1844 2225
1844 2138
1844 2144
1844 2227
1844 2186
1844 2195
1844 2230
2988 2919
2988 2920
1846 1893
1847 2099
1847 1851
1847 2123
1847 1856
1847 2152
1849 2174
1849 2112
1849 2175
1849 1851
1849 2123
1849 1856
1849 1894
1849 2209
1850 2163
1850 2121
1850 1851
1850 2123
1850 2124
1850 2131
1851 2175
1851 2123
1851 1856
1851 2937
1852 2655
1852 1854
1852 1853
1854 2174
1854 2100
1854 2164
1854 2186
1854 2191
1854 2195
1854 2019
1854 2939
1855 1858
1855 2669
1855 1857
1856 2175
1856 1894
1857 1858
1857 1877
1858 2669
1858 2670
1858 1877
1858 2081
1859 1860
1859 2014
1861 1862
1863 2674
1863 2112
1863 2644
1863 2136
1865 1899
1865 1878
1865 2668
1867 2102
1867 2103
1867 2830
1867 2639
1867 2038
1867 2619
1870 2097
1870 1996
1870 2220
1870 2132
1870 2225
1870 1911
1870 1897
1870 2139
1870 2009
1870 2011
1870 2017
1870 2024
1872 891
1872 1892
1874 2909
1874 2061
1875 2940
1875 2019
1881 1882
1881 2700
1883 2911
1886 2031
1886 2034
1886 2037
1887 2731
1889 1891
1889 1890
1890 1891
2715 2716
2715 2717
1892 2031
1892 2017
1892 2041
1894 2203
1895 2106
1896 2014
1897 1899
1897 1996
1897 2122
1897 2167
1897 2668
1897 2678
1897 2140
1897 2220
1897 2036
1897 2208
1897 2197
1897 2157
1897 2710
1897 2057
1897 2783
1898 2625
1898 1992
1898 2220
1898 2221
1898 2655
1898 2049
1898 2657
1898 2658
1898 2835
1898 2659
1898 2223
1898 2837
1898 2661
1898 2662
1898 2135
1898 2009
1898 2032
1898 2228
1898 2663
1898 2840
1898 2842
1898 2020
1898 2021
1899 2167
1899 2055
1899 2668
1900 2027
1900 1910
1901 1905
1901 2062
1901 1914
1901 1917
1901 1921
1901 1925
1901 1929
1901 1941
1901 2079
1901 1950
1901 1955
1901 1957
1901 1961
1901 2084
1901 2092
1901 2094
1901 1986
1901 2095
1902 2626
1902 2062
1902 1917
1902 2139
1903 1912
1903 1929
1903 1936
1903 1972
1903 2089
1903 1980
1904 1919
1904 1905
1904 1908
1904 1913
1904 1917
1904 1918
1904 1922
1904 1927
1904 1928
1904 1931
1904 1932
1904 1950
1904 1955
1904 1956
1904 1963
1904 1969
1904 2086
1904 2090
1904 1975
1904 2092
1904 2093
1904 1985
1904 1986
1905 2098
1905 1914
1905 1917
1905 1918
1905 2069
1905 1927
1905 1928
1905 2071
1905 1950
1905 1955
1905 1957
1905 1958
1905 1959
1905 1962
1905 1963
1905 1964
1905 1966
1905 1967
1905 1968
1905 2085
1905 1969
1905 1970
1906 1919
1906 2017
1906 2011
1906 2133
1906 1909
1906 1911
1906 1913
1906 1914
1906 1918
1906 1920
1906 1921
1906 1924
1906 2184
1906 1927
1906 1929
1906 1930
1906 2186
1906 1935
1906 1965
1906 1971
1906 2086
1906 1981
1907 1908
1907 1978
1908 2090
1908 2085
1908 2086
1908 1977
1908 1978
1909 1936
1909 1918
1909 1926
1909 1929
1909 1931
1909 1933
1909 1939
1909 1940
1909 1945
1909 1952
1909 1959
1909 1965
1909 1968
1909 1970
1909 1971
1909 1977
1909 1981
1909 1989
1910 2627
1910 2028
1910 2062
1910 2070
1911 2017
1911 1998
1911 2011
1911 2225
1911 1996
1911 2105
1911 2168
1911 2122
1911 2689
1911 1935
1911 2231
1911 2232
1911 2690
1911 2450
1911 2024
1911 2157
1911 2726
1912 2065
1912 2061
1912 2066
1912 1915
1912 2068
1912 1923
1912 1925
1912 1926
1912 2072
1912 1931
1912 1932
1912 2074
1912 2076
1912 1934
1912 1939
1912 2077
1912 1959
1912 2045
1912 2084
1912 1966
1912 2087
1912 1977
1912 1979
1912 2092
1912 2093
1912 1989
1913 2114
1913 2062
1913 2067
1913 2053
1913 1920
1913 2093
1914 1919
1914 1936
1914 1918
1914 1921
1914 1924
1914 1925
1914 1927
1914 1928
1914 1929
1914 1930
1914 1931
1914 1946
1914 2080
1914 1955
1914 1958
1914 1960
1914 1963
1914 1964
1914 1966
1914 1967
1914 2085
1914 1970
1914 1971
1914 1981
1914 1982
1914 1983
1914 2095
1914 1991
1915 1936
1915 1916
1915 1926
1915 2072
1915 1931
1915 2074
1915 2045
1915 1968
1915 1969
1915 1979
1915 1989
1915 1990
1916 1936
1916 1926
1916 2072
1916 1931
1916 2045
1916 1968
1916 1989
1917 2062
1917 2069
1917 1932
1917 1955
1917 1963
1917 1964
1917 1986
1918 1919
1918 1936
1918 1924
1918 1928
1918 1929
1918 1931
1918 1933
1918 1956
1918 1958
1918 1968
1918 1969
1918 1970
1918 1980
1918 1981
1918 1982
1918 1983
1918 2092
1918 1985
1919 2062
1919 2066
1919 1920
1919 1922
1919 1924
1919 1927
1919 1930
1919 1931
1919 1932
1919 1938
1919 1942
1919 1944
1919 1946
1919 1950
1919 1955
1919 1957
1919 1958
1919 2088
1919 2090
1919 1975
1920 1936
1920 1929
1920 1967
1920 1974
1920 1977
1921 1936
1921 2069
1921 1924
1921 1925
1921 1929
1921 1930
1921 1958
1921 1961
1921 1966
1921 1967
1921 1971
1921 2092
1921 1986
1921 2095
1922 1942
1922 2062
1922 2066
1922 1923
1922 1924
1922 1928
1922 1938
1922 1946
1922 1950
1922 1953
1922 2082
1922 1954
1922 1955
1922 1956
1922 1957
1922 2090
1922 1980
1923 1924
1923 2072
1923 2073
1923 2074
1923 2076
1923 2079
1923 1955
1923 2090
1923 1977
1923 1983
1923 2092
1923 2094
1923 1987
1924 1925
1924 1927
1924 1928
1924 1929
1924 1930
1924 1931
1924 1946
1924 1956
1924 1958
1924 1959
1924 1960
1924 1970
1924 2088
1924 1980
1924 1982
1924 1983
1924 2092
1924 1986
1924 1987
1925 1942
1925 1927
1925 1928
1925 1930
1925 1939
1925 1944
1925 1955
1925 1958
1925 1960
1925 1961
1925 1963
1925 1964
1925 1966
1925 1967
1925 2085
1925 1969
1925 1982
1925 1983
1925 2092
1925 2094
1925 1985
1925 1987
1925 1988
1925 2095
1925 1990
1926 1942
1926 2068
1926 1928
1926 2072
1926 1931
1926 1932
1926 2074
1926 2076
1926 1939
1926 1940
1926 2079
1926 1945
1926 1952
1926 2045
1926 2084
1926 1968
1926 2092
1926 2094
1926 1989
1927 2062
1927 1928
1927 1930
1927 2080
1927 1950
1927 1954
1927 1957
1927 1958
1927 1963
1927 2085
1927 1971
1927 2088
1927 1976
1927 1982
1927 2092
1927 1991
1928 1936
1928 1929
1928 1931
1928 1939
1928 1950
1928 1958
1928 1960
1928 1963
1928 1964
1928 1966
1928 1967
1928 1976
1928 1980
1928 1981
1928 1982
1928 1983
1928 2092
1928 2094
1929 1936
1929 1942
1929 2064
1929 1930
1929 1931
1929 1933
1929 1940
1929 1950
1929 1952
1929 1955
1929 1958
1929 1964
1929 1967
1929 1969
1929 1970
1929 1971
1929 2086
1929 1975
1929 1977
1929 1980
1929 1981
1929 1982
1929 1984
1929 1986
1929 1988
1929 1990
1930 1940
1930 1950
1930 1955
1930 1969
1930 1970
1930 1971
1930 1981
1930 1982
1930 1983
1930 1985
1930 1990
1931 1936
1931 1942
1931 2069
1931 2071
1931 2064
1931 2074
1931 1933
1931 2076
1931 1940
1931 1944
1931 1945
1931 1946
1931 1950
1931 1951
1931 1952
1931 1954
1931 1955
1931 1957
1931 1958
1931 1959
1931 2045
1931 1966
1931 1967
1931 1968
1931 1969
1931 1970
1931 2088
1931 1974
1931 1975
1931 1977
1931 1979
1931 1980
1931 1983
1931 1984
1931 1985
1931 1988
1931 1989
1932 2830
1932 2066
1932 2061
1932 2074
1932 2076
1932 2077
1932 2078
1932 1979
1932 1989
1933 2071
1933 2061
1933 2079
1933 2080
1933 1952
1933 1953
1933 1954
1933 1955
1933 1958
1933 1960
1933 1961
1933 1969
1933 2091
1933 1977
1933 1985
1933 1990
1933 1991
1934 2061
1934 2074
1934 2076
1934 1989
1935 2017
1935 2231
1935 2232
1935 2156
1935 2157
1935 2726
1936 2064
1936 1938
1936 1942
1936 1945
1936 1946
1936 1947
1936 1948
1936 1950
1936 1955
1936 1957
1936 1958
1936 1959
1936 1960
1936 2083
1936 1962
1936 1964
1936 1966
1936 1967
1936 1968
1936 1969
1936 1970
1936 1974
1936 2090
1936 1977
1936 1980
1936 1984
1936 1985
1936 1986
1936 1987
1936 1989
1936 1990
1937 2048
1937 2062
1937 2070
1937 1943
1937 1947
1937 2423
1937 1962
1937 1963
1937 2085
1937 2086
1937 1972
1937 2427
1937 1973
1938 2090
1938 1939
1938 1946
1938 1947
1938 1948
1938 1951
1938 1957
1938 1968
1938 1970
1938 1979
1938 1989
1939 2072
1939 2074
1939 2075
1939 2080
1939 1983
1939 2092
1939 2077
1939 1940
1939 1944
1939 1946
1939 1950
1939 2045
1939 2084
1939 2094
1939 1989
1939 1990
1939 1991
1940 1958
1940 1944
1940 1945
1940 1952
1940 1959
1940 1968
1940 1969
1940 1970
1940 1981
1940 1989
1940 1990
1941 2062
1941 2078
1942 2059
1942 2223
1942 2072
1942 2073
1942 1944
1942 2079
1942 1945
1942 1951
1942 1953
1942 2423
1942 2082
1942 1956
1942 1957
1942 1958
1942 1959
1942 1961
1942 1965
1942 1969
1942 1971
1942 2088
1942 2089
1942 1979
1942 1986
1942 1987
1942 1989
1943 1972
1943 2427
1943 1947
1943 1962
1943 1973
1943 1976
1944 2083
1944 1955
1944 1956
1944 1961
1944 2091
1944 1950
1944 2423
1944 1969
1944 2089
1944 1978
1944 1990
1945 1955
1945 2064
1945 1958
1945 1946
1945 1952
1945 1953
1945 1959
1945 2045
1945 1968
1945 1970
1945 1977
1945 1979
1945 1989
1946 2088
1946 1958
1946 1983
1946 1947
1946 1948
1946 1951
1946 1953
1946 1954
1946 1957
1946 1959
1946 1968
1946 1969
1946 1970
1946 1974
1946 1979
1946 1986
1946 1989
1947 2062
1947 1972
1947 2427
1947 2078
1947 1948
1947 2423
1947 1957
1947 1962
1947 1968
1947 1970
1947 1973
1947 1976
1947 1977
1948 1957
1948 1962
1948 1968
1948 1970
1948 1977
1948 1991
1949 2174
1949 2209
1950 2088
1950 1955
1950 1958
1950 1983
1950 1957
1950 1959
1950 1968
1950 1969
1950 1970
1950 2089
1950 1974
1950 1975
1950 1984
1950 1985
1950 1986
1950 1987
1951 1956
1951 1957
1951 1959
1951 2089
1952 2068
1953 2660
1953 1955
1953 1956
1953 1958
1953 2423
1953 2082
1953 1954
1953 1957
1953 1959
1954 2080
1954 1955
1954 1956
1954 1958
1954 1957
1954 1968
1955 2069
1955 2079
1955 2080
1955 2064
1955 2423
1955 1956
1955 1957
1955 1958
1955 1959
1955 1960
1955 1961
1955 1963
1955 1966
1955 1968
1955 1969
1955 1970
1955 1974
1955 2091
1955 1980
1955 1982
1955 1984
1955 1985
1955 1987
1955 1988
1955 2095
1955 1991
1956 2088
1956 1957
1956 1961
1957 2073
1957 2064
1957 1958
1957 1959
1957 1968
1957 1969
1957 2089
1957 1974
1957 1975
1957 1977
1957 1984
1957 1985
1957 1986
1957 1987
1958 2069
1958 2073
1958 1964
1958 2088
1958 1959
1958 1960
1958 1963
1958 1966
1958 1967
1958 1968
1958 2085
1958 1969
1958 1970
1958 2086
1958 1974
1958 1975
1958 1977
1958 1979
1958 1980
1958 1983
1958 1984
1958 1985
1958 1986
1958 1987
1958 1988
1958 2095
1958 1990
1959 2069
1959 2073
1959 2074
1959 2076
1959 2082
1959 1960
1959 2045
1959 1966
1959 1967
1959 1968
1959 1974
1959 1977
1959 1979
1959 1984
1959 1985
1959 1986
1959 1987
1959 1988
1959 1989
1960 1970
1960 1980
1960 1982
1961 2083
1961 2079
1961 2080
1961 2082
1961 1963
1961 1966
1961 2085
1961 2092
1961 2095
1961 1990
1962 2062
1962 1964
1962 1966
1962 1973
1962 1977
1963 2062
1963 1964
1963 1966
1963 1967
1963 2085
1963 1972
1963 2427
1963 1973
1963 2091
1963 1978
1963 1979
1963 2094
1963 1989
1964 2069
1964 1966
1964 1967
1964 1977
1964 1988
1964 2095
1965 2059
1965 1972
1965 1971
1966 2074
1966 2085
1966 1983
1966 1967
1966 1977
1966 1979
1966 1988
1967 2074
1967 2085
1967 1974
1967 1988
1968 2083
1968 2076
1968 2090
1968 1970
1968 1974
1968 1978
1968 1984
1968 2093
1968 1985
1968 1989
1968 1990
1969 2073
1969 2088
1969 1983
1969 1970
1969 1974
1969 1979
1969 1985
1969 1986
1969 1987
1969 1990
1970 2083
1970 2071
1970 2090
1970 1983
1970 1977
1970 1985
1970 1989
2621 2907
2621 2622
1971 2048
1971 1972
1971 1980
1971 1981
1971 1982
2622 2906
2622 2907
1972 2062
1972 2064
1972 2423
1972 2427
1972 2091
1973 2062
1973 2078
1973 1976
1974 1984
1974 1985
1974 1987
1974 1990
1975 2064
1975 1986
1975 1987
1976 2067
1976 2206
1976 2085
1976 2094
1977 2074
1977 1979
1977 1989
1978 2093
1979 2073
1979 2074
1979 2076
1979 1984
1979 1986
1979 1987
1979 1989
1980 2088
1980 1981
1980 1982
1981 2092
1982 2085
1983 2088
1983 2092
1983 1990
1984 1985
1984 1990
1985 1990
1986 2088
1986 2089
1986 1987
1987 2082
1988 2069
1988 2095
1989 2066
1989 2074
1989 2076
1989 2077
1989 2082
1989 2045
1989 2084
1990 2222
1990 2080
1990 1991
1991 2080
1991 2064
890 2099
890 891
890 1993
890 1994
890 1995
890 2104
890 2109
890 2114
890 2117
890 2133
890 2180
1992 2629
1992 2049
1992 2002
1992 2003
1992 2656
1992 2657
1992 2836
1992 2223
1992 2662
1992 2663
1992 2840
1992 2842
1992 2020
1992 2021
1993 891
1993 2101
1993 2117
1993 1995
1993 2103
1993 2108
1993 2112
1994 891
1994 892
1994 1999
1994 1996
1994 1997
1994 2107
1994 2109
1994 2110
1994 2116
1994 2839
1994 2225
1994 2139
1994 2144
1994 2010
1994 2147
1994 2022
1994 2695
1995 2097
1995 2114
1995 2067
1995 1997
1995 2107
1995 2109
1995 2168
1995 2122
1995 2128
1995 2233
1995 2155
1996 2010
1996 2220
1996 2122
1996 2140
1996 2186
1996 2231
1996 2232
1996 2024
1996 2783
1997 2163
1997 2097
1997 2114
1997 2107
1997 2168
1997 2179
1998 1999
1998 2224
1998 2144
1999 2022
2000 2010
2000 2011
2001 2163
2001 2097
2001 2107
2001 2114
2001 2155
2002 2020
2002 2665
2002 2630
2002 2842
2003 2629
2003 2049
2003 2221
2003 2836
2003 2662
2003 2842
2004 2035
2004 2206
2004 2725
891 2101
891 2097
891 2106
891 2114
891 2132
891 2219
891 2107
891 2108
891 2109
891 2111
891 2112
891 2168
891 2116
891 2675
891 2027
891 2127
891 2136
891 2839
891 2139
891 2147
891 2012
891 2158
2005 2097
2005 2114
2005 2049
2005 2657
2005 2032
2006 2007
2007 2013
2008 2912
2011 2017
2011 2225
2011 2179
2011 2186
2011 2207
2011 2215
2012 2130
2012 2100
2012 2118
2012 2107
2012 2151
2014 2033
2014 2055
2016 2055
892 2150
2017 2167
2017 2225
2017 2207
2017 2215
2017 2726
2018 2917
2019 2940
2020 2629
2020 2223
2020 2842
2020 2021
2021 2222
2021 2028
2021 2051
2021 2842
2022 2839
2025 2219
2025 2107
2025 2221
2025 2224
2025 2206
2026 2639
2026 2830
2026 2103
2026 2038
2027 2636
2027 2112
2028 2049
2028 2659
2029 2097
2029 2114
2029 2038
2030 2718
2030 2719
2030 2720
2031 2035
2031 2037
2031 2929
2031 2042
2032 2049
2032 2657
2032 2175
2032 2837
2032 2131
2032 2839
2032 2185
2905 2134
2035 2168
2035 2144
2035 2037
2035 2929
2035 2718
2035 2724
2036 2678
2036 2220
2036 2710
2036 2057
2037 2929
2037 2041
2037 2042
2038 2059
2038 2639
2038 2633
2038 2713
2040 2049
2906 2907
2907 2908
2041 2929
2041 2042
2042 2929
2909 2229
2909 2915
2625 2655
2625 2640
2625 2837
2625 2661
2626 2627
2627 2178
2627 2915
2628 2639
2628 2634
2629 2837
2629 2842
2630 2230
2630 2649
2630 2632
2631 2649
2631 2636
2631 2637
2631 2632
2632 2230
2633 2059
2633 2098
2634 2641
2634 2640
2634 2642
2635 2667
2635 2644
2635 2681
2636 2174
2636 2641
2910 2918
2640 2642
2641 2642
2450 2763
2450 2769
2450 2781
2045 2068
2045 2072
2045 2061
2045 2074
2045 2077
2045 2084
2643 2204
2644 2170
2644 2204
2644 2838
2644 2645
2644 2646
2644 2648
2645 2129
2645 2674
2645 2646
2645 2648
2646 2204
2646 2648
2647 2170
2647 2674
2647 2838
2648 2204
2648 2681
2452 2453
2047 2097
2048 2140
2049 2655
2049 2223
2049 2656
2049 2662
2050 2674
2050 2149
2050 2917
2050 2696
2055 2167
2055 2668
2057 2678
2423 2072
2423 2082
2423 2089
2651 2097
2651 2666
2427 2077
2427 2085
2427 2094
2914 2120
2915 2178
2060 2118
2061 2066
2061 2225
2061 2074
2061 2075
2061 2076
2061 2077
2062 2070
2062 2073
2063 2113
2064 2098
2064 2079
2064 2183
2065 2223
2065 2663
2065 2074
2066 2074
2066 2077
2066 2082
2066 2089
2066 2093
2067 2184
2068 2075
2068 2077
2068 2079
2068 2084
2068 2088
2069 2071
2069 2095
2070 2193
2071 2090
2072 2076
2072 2077
2072 2084
2072 2092
2072 2094
2073 2090
2074 2076
2074 2077
2074 2084
2074 2093
2074 2094
2075 2077
2075 2084
2076 2092
2076 2094
2077 2084
2079 2223
2079 2083
2079 2088
2079 2080
2079 2090
2080 2085
2080 2091
2081 2669
2082 2084
2082 2089
2083 2088
2083 2090
2083 2091
2655 2223
2655 2657
2655 2658
2655 2659
2655 2837
2655 2661
2655 2662
2656 2661
2657 2223
2657 2658
2657 2662
2658 2223
2658 2661
2658 2662
2659 2222
2659 2835
2659 2662
2659 2839
2661 2835
2661 2662
2662 2185
2662 2223
2662 2228
2662 2837
2084 2092
2084 2094
2085 2086
2087 2096
2088 2089
2088 2090
2088 2091
2663 2223
2663 2837
2090 2091
2092 2094
2092 2095
2097 2119
2097 2105
2097 2219
2097 2114
2097 2666
2097 2130
2097 2132
2097 2155
2097 2209
2098 2183
2099 2174
2099 2175
2099 2123
2099 2185
2099 2209
2100 2165
2100 2173
2100 2103
2100 2164
2100 2166
2100 2181
2100 2183
2100 2184
2100 2186
2100 2192
2100 2195
2100 2196
2100 2199
2100 2155
2100 2210
2100 2158
2100 2215
2101 2165
2101 2111
2101 2114
2101 2115
2101 2119
2101 2137
2101 2190
2102 2830
2102 2103
2102 2162
2102 2147
2102 2208
2102 2713
2103 2165
2103 2164
2103 2122
2103 2176
2103 2177
2103 2186
2103 2208
2103 2210
2104 2163
2104 2162
2104 2105
2104 2107
2104 2109
2104 2111
2104 2133
2105 2114
2105 2109
2105 2162
2106 2107
2106 2214
2107 2224
2107 2109
2107 2177
2107 2156
2107 2111
2107 2162
2107 2142
2107 2180
2107 2151
2107 2155
2108 2114
2108 2112
2108 2133
2108 2138
2108 2688
2108 2690
2108 2208
2109 2162
2109 2111
2109 2168
2109 2147
2110 2165
2110 2210
2110 2168
2110 2179
2110 2187
2110 2191
2110 2196
2110 2198
2110 2199
2110 2200
2110 2158
2111 2114
2111 2118
2111 2168
2112 2175
2112 2136
2112 2159
2114 2162
2114 2168
2114 2132
2115 2119
2116 2227
2116 2163
2116 2168
2116 2169
2116 2155
2117 2836
2117 2127
2118 2139
2118 2151
2919 2920
2120 2841
2121 2175
2122 2685
2122 2688
2122 2154
2122 2231
2122 2232
2122 2690
2123 2131
2123 2175
2124 2735
2124 2761
2125 2126
2127 2142
2127 2151
2128 2149
2129 2681
2130 2681
2131 2175
2133 2138
2133 2688
2133 2183
2133 2690
2133 2706
2133 2707
2133 2708
2134 2704
2134 2740
2137 2722
2137 2723
2137 2736
2137 2742
2137 2777
2137 2818
2138 2219
2138 2142
2138 2688
2138 2690
2138 2693
2138 2706
2138 2707
2138 2708
2139 2165
2139 2220
2140 2220
2140 2186
2140 2195
2141 2148
2141 2160
2142 2207
2142 2219
2142 2155
2143 2219
2143 2148
2143 2145
2143 2161
2144 2724
2145 2148
2145 2161
2146 2840
2147 2711
2147 2712
2148 2161
2149 2696
2151 2156
2151 2180
2921 2922
2154 2758
2154 2825
2157 2227
2157 2679
2157 2177
2157 2839
2157 2186
2157 2726
2157 2199
2667 2831
2158 2165
2158 2177
2158 2168
2158 2186
2158 2179
2158 2188
2158 2189
2158 2196
2158 2199
2159 2160
2927 2167
2668 2167
2669 2670
2669 2671
2669 2672
2670 2671
2670 2672
2673 2171
2673 2683
2673 2701
2674 2680
2675 2757
2678 2220
2678 2710
2679 2684
2679 2699
2679 2703
2681 2742
2684 2703
2686 2234
2688 2225
2688 2690
2688 2706
2688 2708
2690 2232
2690 2706
2698 2835
2699 2700
2706 2183
2706 2707
2706 2708
2707 2183
2162 2225
2163 2164
2163 2165
2164 2165
2164 2190
2164 2176
2164 2177
2164 2182
2164 2187
2164 2194
2164 2214
2165 2166
2165 2171
2165 2176
2165 2177
2165 2839
2165 2178
2165 2181
2165 2182
2165 2186
2165 2187
2165 2188
2165 2189
2165 2191
2165 2192
2165 2193
2165 2194
2165 2196
2165 2197
2165 2198
2165 2199
2165 2200
2165 2201
2165 2214
2166 2173
2166 2171
2166 2186
2166 2192
2166 2194
2166 2196
2710 2220
2167 2225
2167 2220
2168 2179
2168 2233
2169 2731
2711 2183
2711 2712
2711 2755
2711 2788
2170 2838
2171 2173
2171 2839
2171 2192
2171 2196
2171 2204
2712 2788
2172 2223
2173 2187
2173 2188
2173 2189
2173 2192
2173 2194
2720 2718
2720 2719
2174 2209
2175 2209
2718 2719
2726 2778
2726 2779
2721 2744
2721 2760
2722 2723
2722 2742
2722 2777
2722 2818
2723 2742
2723 2777
2723 2818
2724 2755
2177 2204
2177 2187
2177 2194
2177 2196
2179 2205
2728 2205
2729 2745
2180 2210
2180 2221
2731 2756
2181 2187
2181 2210
2181 2213
2183 2213
2184 2186
2184 2191
2184 2197
2184 2200
2735 2761
2736 2737
2736 2738
2736 2739
2737 2738
2737 2739
2738 2739
2186 2210
2186 2839
2186 2191
2186 2195
2186 2196
2186 2197
2186 2199
2187 2188
2187 2197
2187 2199
2187 2213
2188 2204
2188 2189
2188 2192
2188 2194
2188 2196
2188 2198
2188 2200
2740 2752
2742 2777
2743 2750
2743 2751
2189 2192
2189 2196
2189 2198
2189 2199
2189 2200
2189 2213
2744 2796
2744 2797
2744 2816
2744 2829
2191 2195
2191 2196
2191 2197
2191 2199
2191 2200
2191 2213
2192 2194
2192 2196
2748 2749
2750 2751
2194 2196
2195 2199
2196 2198
2196 2199
2196 2213
2197 2210
2197 2198
2197 2199
2197 2200
2197 2213
2758 2825
2198 2199
2198 2200
2199 2839
2199 2200
2199 2213
2199 2214
2200 2213
2766 2767
2772 2218
2772 2773
2773 2218
2774 2775
2778 2779
2789 2233
2789 2823
2790 2791
2793 2794
2796 2797
2796 2816
2204 2213
2207 2215
2816 2829
2210 2213
2211 2841
2212 2213
2933 2934
2933 2935
2215 2225
2934 2935
2835 2222
2840 2223
2219 2220
2222 2229
2224 2227
2231 2232
