0 1
0 2
0 3
0 4
0 5
0 6
0 7
0 8
0 9
0 10
0 11
0 12
0 13
0 14
0 15
0 16
0 17
0 18
0 19
0 20
0 21
0 22
0 23
0 24
0 25
0 26
0 27
0 28
0 29
0 30
0 31
0 32
0 33
1 34
1 35
1 36
1 37
1 38
1 39
1 40
1 41
1 42
1 16
1 43
1 44
1 45
1 32
1 9
1 46
2 47
2 9
2 48
2 49
2 50
2 51
2 52
2 53
2 54
2 55
2 56
2 57
2 58
2 59
2 60
2 61
2 62
2 63
2 64
2 65
2 66
3 67
3 9
3 68
3 25
3 69
3 15
3 57
3 70
3 71
3 20
3 41
3 72
3 73
3 74
4 47
4 37
4 9
4 75
4 39
4 76
4 77
4 28
4 78
4 79
4 80
4 81
4 82
4 68
4 83
4 84
4 85
4 86
4 87
4 34
4 88
4 89
4 90
4 13
4 91
4 92
4 93
4 94
4 22
4 95
4 96
4 31
4 97
4 49
4 98
4 99
4 100
4 101
4 102
4 103
4 104
4 105
4 106
4 107
4 108
4 109
4 110
4 111
4 112
4 113
4 114
4 17
4 115
4 116
4 117
4 59
4 118
4 26
4 119
4 120
4 50
4 121
4 122
4 123
4 124
5 125
6 126
6 127
6 128
7 9
7 129
7 130
7 131
7 132
7 133
7 105
7 134
7 135
7 136
7 137
7 138
7 42
7 139
7 140
7 141
7 142
7 143
7 144
7 145
7 146
7 147
7 148
8 149
8 87
8 25
8 150
8 151
8 152
8 153
8 154
8 155
8 156
9 16
9 157
9 158
9 88
9 159
9 15
9 25
9 160
9 161
9 162
9 163
9 164
9 165
9 166
9 33
9 122
9 31
9 40
9 27
9 24
9 34
9 127
9 90
9 167
9 168
9 13
9 17
9 11
9 23
9 169
9 170
9 171
9 75
9 91
9 80
9 172
9 173
9 76
9 29
9 114
10 75
10 127
10 174
11 47
11 175
11 16
11 75
11 39
11 176
11 177
11 46
11 109
11 178
11 134
11 179
11 180
11 181
11 182
11 183
11 184
11 185
11 169
11 186
11 187
11 188
11 189
11 190
11 76
11 191
11 13
11 192
11 193
11 194
11 58
11 195
11 196
11 197
11 198
11 199
11 165
11 200
11 83
11 201
11 68
11 202
11 203
11 55
11 204
11 129
11 205
11 206
11 207
11 41
11 208
11 209
11 210
11 211
11 212
11 213
11 214
11 125
11 215
11 52
11 216
11 217
11 218
11 219
11 220
11 26
11 221
11 222
11 93
11 223
11 224
11 225
11 160
11 226
11 227
11 173
11 228
11 229
11 73
11 230
11 231
11 232
11 233
11 234
11 235
12 39
12 236
12 237
12 238
12 239
13 39
13 240
13 241
13 213
13 242
13 243
13 244
13 245
13 246
13 247
13 248
13 249
13 250
13 251
13 190
13 252
13 134
13 253
13 254
13 255
13 256
13 257
13 258
13 259
13 207
13 260
13 261
13 262
13 263
13 264
13 121
13 265
13 266
13 267
13 268
13 269
13 218
13 42
14 39
14 270
14 271
14 262
14 272
14 273
15 67
15 68
15 87
15 274
15 25
15 275
15 71
15 276
15 277
15 73
15 20
15 278
15 279
15 72
16 37
16 32
16 34
16 25
16 280
16 85
16 281
16 127
16 282
16 152
16 283
16 75
16 96
16 284
16 40
16 285
16 286
16 242
16 119
16 45
16 287
16 39
16 288
16 289
16 114
16 290
16 76
16 291
16 292
16 293
16 294
16 295
16 296
16 80
16 77
16 297
16 298
16 53
16 299
16 88
16 300
16 84
16 301
16 302
16 112
16 169
17 43
17 39
17 81
17 149
17 303
17 83
17 304
17 87
17 182
17 305
17 306
17 307
17 308
17 309
17 151
17 253
17 51
17 246
17 310
17 311
17 50
17 96
17 312
17 313
17 314
17 315
17 316
17 181
17 317
17 318
17 319
17 320
17 321
17 322
17 323
17 324
17 325
17 326
17 327
17 328
17 329
17 330
17 331
17 235
17 332
17 333
17 334
17 100
17 335
17 22
17 207
17 336
17 122
17 180
17 154
17 337
18 306
18 308
18 321
18 338
18 339
19 340
19 160
19 101
19 97
19 123
20 77
20 341
20 69
20 342
20 105
20 343
20 344
20 345
20 346
20 347
20 348
20 349
20 350
20 351
20 352
20 353
20 354
20 355
20 356
21 126
21 127
21 128
22 357
22 157
22 43
22 168
22 77
22 28
22 358
22 78
22 282
22 80
22 359
22 360
22 68
22 84
22 361
22 302
22 362
22 363
22 88
22 364
22 89
22 90
22 99
22 365
22 366
22 126
22 119
22 112
22 283
22 367
22 55
22 31
22 368
22 369
22 103
22 370
22 98
22 153
22 371
22 372
22 96
22 373
22 374
22 127
22 375
22 376
22 122
22 377
22 378
22 379
22 380
22 381
22 382
22 30
22 383
22 125
22 296
22 384
22 385
22 300
22 386
22 387
23 388
25 47
25 39
25 389
25 176
25 149
25 390
25 304
25 87
25 391
25 165
25 160
25 242
25 243
25 392
25 393
25 166
25 292
25 394
25 395
25 186
25 396
25 216
25 268
25 256
25 397
25 398
25 399
25 248
25 400
25 59
25 272
25 401
25 402
25 271
25 403
25 264
25 211
25 404
25 405
25 235
25 331
25 406
25 407
25 51
25 408
25 190
25 409
25 410
25 263
25 411
25 50
25 412
25 252
25 118
25 109
25 123
25 257
25 413
25 296
25 134
25 183
25 414
25 251
25 415
25 156
25 416
25 417
25 418
25 419
25 420
25 121
25 421
25 422
25 244
25 262
25 155
25 423
25 265
26 276
26 424
26 268
26 403
26 235
26 398
26 425
26 422
26 155
27 47
27 426
27 427
27 55
27 51
27 50
27 54
27 49
27 56
27 64
27 155
27 65
27 60
28 75
28 39
28 176
28 341
28 428
28 150
28 429
28 430
28 431
28 432
28 433
28 434
28 435
28 436
28 151
28 437
28 438
28 439
28 440
28 441
28 398
28 442
28 443
28 124
28 444
28 445
28 446
28 447
28 448
28 449
28 103
28 450
28 451
28 452
28 262
28 453
28 454
28 455
28 456
28 72
28 135
28 457
28 458
28 459
28 460
28 461
28 462
28 463
28 464
28 465
28 466
28 467
28 468
28 74
28 469
28 470
28 471
28 198
28 319
28 472
28 473
28 116
28 474
28 142
28 475
28 163
28 165
28 476
28 477
28 478
28 479
28 480
28 481
28 100
28 482
28 483
28 484
28 189
28 485
28 486
28 257
28 394
28 487
28 488
28 271
28 489
28 490
28 491
28 492
28 493
28 304
28 82
28 494
28 495
28 241
28 265
28 496
28 497
28 83
28 498
28 499
28 500
28 501
28 502
30 494
30 124
30 503
30 462
30 463
30 470
30 435
30 398
30 504
30 439
30 451
30 474
30 490
30 478
30 505
31 39
31 79
31 165
31 116
31 173
31 506
31 434
31 507
31 73
31 508
31 486
31 509
31 474
31 473
31 510
31 418
31 216
31 511
31 435
32 39
32 512
32 44
32 87
32 41
32 513
32 394
32 207
32 514
32 515
32 516
32 287
32 517
32 518
32 173
33 37
33 359
33 84
33 302
33 519
33 520
33 103
33 170
33 521
33 522
33 523
33 524
33 387
33 525
33 526
34 175
34 39
34 87
34 527
34 394
34 399
34 528
34 529
34 530
34 253
34 120
34 402
34 131
34 165
34 292
34 421
34 531
34 51
34 281
34 532
34 173
34 134
34 206
34 207
34 533
34 41
34 534
34 535
34 516
34 536
34 537
34 513
34 538
34 539
34 540
34 541
34 542
34 160
34 543
35 168
35 309
35 506
35 544
35 545
35 546
35 547
35 477
37 548
37 199
37 432
37 124
37 150
37 549
37 550
37 551
37 552
37 553
37 116
37 166
37 554
37 555
37 556
37 557
37 558
37 559
37 560
37 561
37 562
37 129
37 253
37 563
37 564
37 565
37 566
37 296
37 567
37 298
37 181
37 87
37 39
37 73
37 44
37 173
37 266
37 568
37 569
38 168
38 570
39 75
39 43
39 571
39 279
39 88
39 126
39 365
39 514
39 119
39 55
39 41
39 572
39 573
39 574
39 575
39 576
39 40
39 80
39 199
39 276
39 78
39 577
39 290
39 76
39 578
39 579
39 580
39 104
39 216
39 167
39 127
39 581
39 128
39 399
39 342
39 343
39 169
39 281
39 376
39 302
39 87
39 68
39 582
39 583
39 288
39 287
39 122
39 300
40 47
40 168
40 176
40 55
40 124
40 584
40 50
40 170
40 127
40 53
40 121
40 41
40 142
40 59
40 264
40 419
40 384
40 585
40 586
40 587
40 169
41 292
41 283
41 114
41 257
41 343
41 148
41 588
41 169
42 47
42 68
42 589
42 590
43 301
43 87
43 246
43 66
43 591
43 256
43 592
43 236
43 165
43 593
43 594
43 595
43 152
43 596
43 597
43 598
43 238
43 199
43 599
43 79
43 355
43 600
43 601
43 302
43 77
43 602
43 603
44 604
44 605
44 77
44 358
44 359
44 68
44 236
44 606
44 607
44 608
44 289
44 609
44 610
44 611
44 612
44 258
44 613
44 614
44 615
44 616
44 617
44 376
44 387
44 618
44 619
44 566
44 369
44 620
44 621
44 622
44 623
44 624
44 625
44 395
44 626
44 627
44 628
44 181
44 45
44 629
44 630
44 631
44 632
44 633
44 634
44 635
44 636
44 637
44 638
44 639
44 640
44 641
44 95
44 642
44 643
44 490
44 644
44 645
44 646
44 570
44 375
44 647
44 648
44 649
44 650
44 651
44 652
44 130
44 653
44 654
44 655
44 656
44 657
44 658
44 659
44 660
44 287
44 661
44 364
44 662
44 663
44 664
44 665
44 666
44 667
44 668
44 669
44 670
44 671
44 672
44 673
44 292
44 674
44 227
44 675
44 676
44 677
44 678
44 435
44 679
44 680
44 371
44 681
44 169
44 682
44 683
44 684
44 685
44 686
44 687
44 688
44 689
44 690
44 119
44 126
44 691
44 393
44 692
44 98
44 693
44 694
44 579
44 695
44 99
44 367
44 112
44 696
44 697
44 698
44 699
44 700
44 701
44 702
44 362
44 703
45 358
45 606
45 87
45 704
45 415
46 99
46 368
46 705
46 706
47 67
47 126
47 420
47 1004
47 1037
47 519
47 1038
47 50
47 422
47 114
47 1039
47 167
48 1530
48 421
48 1836
49 75
49 855
50 262
50 519
50 126
50 1004
50 1037
50 1038
50 1189
50 1447
50 686
50 55
50 1424
50 584
50 214
50 114
50 167
50 422
50 376
50 72
50 102
50 191
51 987
51 76
51 68
51 296
51 855
51 89
51 358
51 380
51 868
51 606
51 359
51 698
51 626
51 282
51 286
51 119
51 292
51 163
51 90
51 2241
51 2248
51 364
51 810
51 393
51 592
51 236
51 276
51 581
51 806
51 825
51 108
51 844
51 1333
51 392
51 2403
51 686
51 856
51 661
51 370
51 2440
51 2631
51 1018
51 980
51 2431
51 665
51 2632
51 1951
51 2633
51 2412
51 1530
51 1007
51 1922
51 2634
51 646
51 1618
51 1661
51 1585
51 1938
51 1878
51 2635
51 2473
51 2384
51 970
51 1404
52 68
52 519
52 287
52 868
52 167
52 101
52 84
52 2241
52 575
52 899
52 1059
52 2316
52 1949
52 999
52 1828
52 2453
53 433
53 741
53 262
53 763
53 76
53 287
53 119
53 340
53 87
53 796
53 173
53 1825
53 1530
53 156
53 1903
53 131
53 72
53 1310
53 1838
53 1461
53 1904
53 1861
54 2915
55 470
55 241
55 262
55 777
55 782
55 519
55 689
55 855
55 167
55 1166
55 281
55 84
55 112
55 124
55 552
55 129
55 566
55 181
55 266
55 1969
55 165
55 91
55 851
55 931
55 340
55 988
55 82
55 149
55 83
55 306
55 393
55 271
55 103
55 2239
55 1162
55 435
55 211
55 370
56 287
57 470
57 76
57 855
57 358
57 121
57 165
57 122
57 577
57 216
57 370
57 2616
57 2617
58 68
58 287
58 77
58 663
58 285
58 87
58 365
58 583
58 1374
58 2601
58 1879
58 2504
59 519
59 1038
59 1039
60 285
62 519
62 287
62 855
62 89
62 648
62 2241
62 104
62 882
62 977
62 918
62 686
62 370
62 2173
62 2316
62 933
62 2596
62 2597
62 2598
62 1913
62 844
62 1828
63 101
63 313
63 188
63 1010
65 380
65 535
65 2533
66 586
67 76
67 68
67 75
67 1034
67 519
67 287
67 302
67 77
67 663
67 296
67 689
67 375
67 855
67 1035
67 1036
67 89
67 358
67 380
67 868
67 127
67 606
67 613
68 723
68 151
68 100
68 241
68 262
68 175
68 1166
68 1167
68 340
68 77
68 1168
68 1169
68 82
68 1170
68 1171
68 1172
68 411
68 390
68 1173
68 216
68 1125
68 797
68 112
68 149
68 70
68 1174
68 264
68 181
68 1081
68 221
68 186
68 1175
68 704
68 103
68 207
68 296
68 246
68 1176
68 83
68 72
68 1135
68 1177
68 474
68 1178
68 1179
68 1180
68 1181
68 1182
68 1183
68 1184
68 876
68 1185
68 124
68 1067
68 1057
68 84
68 1186
68 1187
68 1188
68 165
68 166
68 211
68 862
68 218
68 1189
68 658
68 437
68 395
68 1162
68 431
68 1190
68 188
68 134
68 73
68 248
68 87
68 398
68 1191
68 1192
68 1193
68 1194
68 1195
68 229
68 595
68 251
68 1118
68 405
68 1196
68 1197
68 1198
68 180
68 1199
69 242
69 112
69 893
70 564
70 76
70 287
70 855
70 167
70 359
70 101
70 80
70 170
70 628
70 1689
70 78
70 581
70 2614
70 154
70 1324
70 1620
71 75
71 89
71 112
71 918
72 75
72 287
72 302
72 77
72 89
72 358
72 698
72 283
72 119
72 88
72 84
72 87
72 91
72 786
72 103
72 787
72 807
72 363
72 370
72 2400
72 622
72 2401
72 379
73 76
73 75
73 287
73 302
73 77
73 663
73 296
73 855
73 89
73 868
73 1004
73 114
73 359
73 293
73 805
73 96
73 112
73 977
73 274
73 581
73 91
73 393
73 365
73 372
73 945
73 999
73 1939
73 154
73 979
73 593
74 75
74 161
74 628
74 267
74 828
74 1026
75 116
75 723
75 253
75 729
75 738
75 742
75 602
75 764
75 770
75 771
75 1166
75 1041
75 1141
75 173
75 1200
75 1104
75 266
75 84
75 1201
75 218
75 197
75 269
75 103
75 1202
75 1076
75 418
75 1062
75 123
75 1203
75 242
75 396
75 437
75 296
75 1204
75 931
75 165
75 260
75 1205
75 1109
75 837
75 1139
75 1206
75 1207
75 1064
75 93
75 811
75 1208
75 1209
75 153
75 1095
75 261
75 272
75 1053
75 1210
75 1211
75 1187
75 251
75 83
75 109
75 1212
75 1213
75 1107
75 254
75 211
75 405
75 1214
75 1052
75 332
75 932
75 313
75 1215
75 1122
75 1216
75 1132
75 487
75 1217
75 1218
75 1081
75 230
75 1072
75 1157
75 1150
75 292
75 1162
75 1050
75 1219
75 1131
75 1220
75 183
75 149
75 247
75 1221
75 244
75 407
75 1222
75 1143
75 1147
75 1048
75 1069
75 1223
75 1224
75 417
75 166
75 1225
75 1190
75 1145
75 1226
75 87
75 1227
75 1105
75 1057
75 134
75 82
75 1098
75 258
75 1148
75 1228
75 1113
75 257
75 1229
75 389
75 1230
75 1231
75 1047
75 1124
75 181
75 265
75 180
75 1149
75 199
75 155
75 400
75 408
75 1232
75 1233
75 240
75 965
75 1234
75 1055
75 1134
75 121
75 243
75 1235
75 1097
75 221
75 928
75 246
75 1156
75 248
75 1236
75 190
75 255
75 264
75 1237
75 1238
75 267
75 393
75 252
76 433
76 713
76 116
76 716
76 303
76 717
76 718
76 719
76 721
76 722
76 723
76 253
76 317
76 728
76 729
76 100
76 488
76 512
76 333
76 738
76 310
76 241
76 741
76 742
76 743
76 745
76 494
76 747
76 748
76 602
76 262
76 391
76 504
76 498
76 499
76 762
76 764
76 765
76 767
76 444
76 768
76 770
76 774
76 776
76 777
76 175
76 781
76 782
76 1040
76 1041
76 240
76 340
76 389
76 1009
76 1042
76 1043
76 595
76 265
76 124
76 1044
76 689
76 1045
76 1046
76 1047
76 1048
76 266
76 1049
76 1050
76 560
76 1051
76 1052
76 1053
76 319
76 1054
76 1055
76 1056
76 311
76 1057
76 1058
76 1059
76 1060
76 1061
76 1062
76 1063
76 1064
76 1065
76 1066
76 844
76 1067
76 1068
76 121
76 1069
76 1070
76 1071
76 1072
76 1073
76 437
76 263
76 528
76 1074
76 1075
76 160
76 1076
76 903
76 403
76 1077
76 1078
76 1079
76 1080
76 1081
76 487
76 197
76 529
76 1082
76 1083
76 304
76 305
76 485
76 1084
76 269
76 1085
76 1086
76 1087
76 1088
76 1089
76 418
76 221
76 477
76 1090
76 1091
76 1092
76 1093
76 1094
76 1095
76 1096
76 134
76 925
76 341
76 1097
76 501
76 1098
76 254
76 1099
76 1100
76 1015
76 1101
76 1102
76 181
76 87
76 1103
76 1104
76 1105
76 1106
76 1107
76 218
76 1108
76 1109
76 1110
76 1111
76 1112
76 811
76 332
76 1113
76 244
76 308
76 248
76 252
76 165
76 247
76 249
76 180
76 1114
76 1115
76 1116
76 182
76 1117
76 259
76 323
76 1118
76 837
76 1119
76 411
76 103
76 1120
76 260
76 396
76 320
76 243
76 1121
76 951
76 1122
76 438
76 1123
76 83
76 1124
76 250
76 1125
76 1126
76 405
76 296
76 1127
76 1128
76 1129
76 201
76 258
76 1130
76 1131
76 1132
76 484
76 1133
76 536
76 1134
76 1135
76 117
76 307
76 398
76 1136
76 797
76 149
76 393
76 1137
76 1138
76 1139
76 156
76 1140
76 1141
76 1142
76 93
76 251
76 474
76 84
76 1143
76 1144
76 1145
76 553
76 1146
76 1147
76 271
76 166
76 1148
76 82
76 1149
76 1150
76 1151
76 939
76 1152
76 835
76 1153
76 173
76 1154
76 1155
76 1156
76 429
76 982
76 207
76 1157
76 219
76 1158
76 601
76 449
76 451
76 1159
76 1160
76 1161
76 1162
76 988
76 1163
76 408
76 331
76 1164
76 235
76 594
76 1165
76 932
76 257
77 151
77 767
77 287
77 1166
77 240
77 1363
77 390
77 1364
77 583
77 1365
77 797
77 1076
77 166
77 1070
77 87
77 370
77 256
77 149
77 419
77 812
77 1108
77 197
77 1057
77 408
77 1183
77 235
77 101
77 292
77 704
77 876
77 1018
77 509
77 257
77 83
77 1058
77 1366
77 1367
77 82
77 1114
77 1368
78 262
78 124
78 266
78 1040
78 340
78 1009
78 1837
78 149
78 393
78 1063
78 311
78 83
78 1118
78 2081
78 2016
78 398
78 1820
78 1764
78 449
78 271
78 493
78 1098
78 1106
78 1884
78 197
78 1765
78 1078
78 1520
78 1303
78 932
78 396
78 156
78 1885
78 1872
78 1366
79 698
79 282
79 290
79 172
79 2464
80 151
80 1166
80 242
80 988
80 87
80 166
80 405
80 403
80 581
80 123
80 1896
80 211
80 407
80 516
80 1076
80 437
80 83
80 134
80 307
80 394
80 254
80 1595
80 180
80 198
80 165
80 246
80 1411
80 372
81 282
81 648
81 99
81 806
81 1928
81 370
81 832
81 2404
81 2513
81 2708
81 923
81 2709
82 470
82 753
82 564
82 287
82 663
82 296
82 89
82 358
82 380
82 126
82 862
82 286
82 119
82 289
82 88
82 112
82 122
82 168
82 786
82 931
82 531
82 808
82 362
82 98
82 99
82 364
82 371
82 374
82 367
82 811
82 794
82 376
82 2429
82 2430
82 1941
82 393
82 370
82 361
82 1530
82 368
82 108
82 1029
82 365
82 1936
82 436
82 1938
82 1828
82 999
82 2316
82 1023
82 309
82 1760
82 236
82 1727
83 519
83 287
83 127
83 126
83 359
83 283
83 285
83 119
83 88
83 84
83 112
83 87
83 687
83 103
83 806
83 366
83 579
83 376
83 1914
83 95
84 241
84 89
84 868
84 127
84 242
84 340
84 786
84 807
84 149
84 977
84 304
84 337
84 1520
84 1884
84 1911
84 1302
84 1912
84 104
84 1885
84 274
84 482
84 797
84 91
84 1913
84 393
84 686
84 308
84 1914
84 221
84 180
85 151
85 253
85 317
85 391
85 775
85 782
85 1040
85 806
85 988
85 149
85 1798
85 390
85 837
85 1799
85 242
85 1800
85 1272
85 1801
85 1214
85 156
85 416
85 1350
85 1327
85 304
85 1253
85 1213
85 473
85 1788
85 1732
85 1802
85 1135
85 1334
85 1803
85 1125
85 1804
85 595
85 1431
85 1805
85 1806
85 1644
85 1807
85 474
85 87
85 1808
85 930
85 1809
85 161
85 1810
85 1811
85 1059
85 1098
85 1122
85 331
85 173
85 311
85 1812
85 166
85 1358
85 1361
85 440
85 1384
85 1813
85 1020
85 468
85 1814
85 265
85 1357
85 1815
85 1707
85 1816
85 693
85 1699
85 393
85 1817
85 1417
85 1818
85 1819
85 932
85 1820
85 97
85 1340
85 1821
85 266
85 666
85 1822
85 1823
85 1345
85 1173
85 1824
85 1825
85 1826
85 1827
85 231
86 734
86 564
86 89
86 698
86 862
86 285
86 168
86 172
86 531
86 98
86 604
86 236
86 1117
86 99
86 916
86 1897
86 1941
86 794
86 1492
86 1767
86 910
86 374
86 992
86 1945
86 1021
86 2333
86 790
87 391
87 287
87 89
87 126
87 862
87 292
87 88
87 112
87 169
87 199
87 124
87 181
87 1040
87 240
87 168
87 1168
87 1393
87 362
87 364
87 790
87 230
87 810
87 578
87 875
87 1956
87 431
87 628
87 1351
87 337
87 235
87 118
87 251
87 138
87 1057
87 393
87 156
87 581
87 1436
87 305
87 243
87 1076
87 573
87 1111
87 1877
87 370
87 1461
87 264
87 792
87 437
87 104
87 161
87 248
87 278
87 411
87 165
87 501
87 1957
87 412
87 394
87 398
88 433
88 116
88 303
88 151
88 512
88 333
88 241
88 743
88 262
88 777
88 973
88 281
88 1040
88 240
88 340
88 176
88 341
88 149
88 1117
88 213
88 462
88 1906
88 331
88 1327
88 1907
88 256
88 1135
88 394
88 932
88 134
88 254
88 797
88 165
88 1421
88 156
88 207
88 1908
88 1909
88 1092
88 271
88 235
88 1910
88 219
88 1408
88 1455
89 433
89 116
89 303
89 717
89 723
89 317
89 732
89 512
89 310
89 744
89 494
89 262
89 767
89 777
89 175
89 781
89 782
89 869
89 987
89 1166
89 1040
89 240
89 340
89 988
89 835
89 149
89 563
89 1393
89 837
89 304
89 213
89 1123
89 1281
89 467
89 1422
89 1423
89 182
89 117
89 1424
89 257
89 1225
89 1425
89 103
89 1107
89 1196
89 1426
89 1427
89 1428
89 1429
89 1302
89 309
89 1069
89 332
89 1312
89 797
89 879
89 1135
89 1430
89 1116
89 1057
89 1304
89 1151
89 1431
89 403
89 350
89 462
89 320
89 1129
89 326
89 587
89 1125
89 180
89 246
89 1432
89 1433
89 1434
89 876
89 1435
89 1136
89 1215
89 437
89 1436
89 155
89 1437
89 1438
89 1439
89 344
89 1440
89 1252
89 398
89 503
89 501
89 219
89 1118
89 235
89 1441
89 1442
89 221
89 1443
89 416
89 166
89 1386
89 1444
89 321
89 306
89 1445
89 181
89 553
89 454
89 1159
89 1446
89 1389
89 93
89 1447
89 1448
89 265
89 1449
89 1327
89 308
89 1328
89 1450
89 311
89 482
89 429
89 487
89 432
89 1038
89 118
89 1451
89 156
89 1144
89 1182
89 881
89 1452
89 315
90 310
90 562
90 553
90 181
90 266
90 165
90 340
90 988
90 305
90 246
90 2048
90 406
90 207
90 2049
90 198
90 254
90 206
90 142
90 219
90 419
90 1111
90 400
90 1177
90 1125
90 211
90 1521
90 268
90 221
91 720
91 253
91 512
91 333
91 241
91 742
91 494
91 602
91 262
91 757
91 760
91 771
91 772
91 777
91 782
91 869
91 1035
91 1669
91 291
91 129
91 566
91 181
91 1968
91 165
91 2065
91 786
91 787
91 807
91 817
91 808
91 236
91 304
91 363
91 1292
91 306
91 1297
91 2066
91 2067
91 1350
91 2068
91 534
91 1917
91 2069
91 2070
91 109
91 517
91 2071
91 2072
91 2073
91 2074
91 2075
91 224
91 2076
91 937
91 2077
91 2078
91 409
91 803
91 477
91 922
91 1716
91 2079
91 222
91 478
91 2080
91 2081
91 1471
91 218
91 2082
91 484
91 2083
91 785
91 416
91 2084
91 473
91 911
91 2085
91 1201
91 2086
91 2087
91 1539
91 434
91 921
91 410
91 2088
91 1500
91 2089
91 1753
91 2090
91 793
91 1073
91 486
91 2091
91 2092
91 2093
91 1504
91 617
91 2094
91 192
91 278
91 1180
91 800
91 1714
91 2095
91 2096
91 2097
91 1866
91 2098
91 790
91 2099
91 246
91 2100
91 1648
91 2101
91 2102
91 2103
91 2104
91 1135
91 2105
91 2106
91 2107
91 2108
91 369
91 1188
91 1651
91 2109
91 1700
91 1818
91 155
91 929
91 2110
91 311
91 1572
91 2111
91 649
91 2112
91 2113
91 920
91 1512
91 2114
91 1739
91 668
91 1511
91 2115
91 1768
91 938
91 2116
91 2117
91 2118
91 2119
91 791
91 2044
91 1401
91 307
91 2120
91 2121
91 823
91 2122
91 2123
91 1378
91 201
91 2124
91 2125
91 2126
91 2127
92 418
92 305
92 517
92 2906
92 2847
93 127
93 286
93 680
93 2331
93 806
93 392
93 393
93 2403
93 1659
93 2203
93 825
93 1242
93 1952
93 1848
93 231
93 2404
93 899
93 372
94 253
94 1231
95 310
95 257
95 982
95 1495
95 1445
95 200
95 205
95 1183
95 704
95 1820
95 2825
95 2826
95 1321
95 2827
95 2721
95 2828
95 2720
95 2829
95 335
96 433
96 488
96 310
96 241
96 602
96 262
96 391
96 1040
96 1837
96 149
96 1675
96 393
96 166
96 112
96 440
96 370
96 1135
96 1425
96 1057
96 1825
96 122
96 1483
96 138
96 271
96 1838
96 500
96 1467
96 1015
96 547
97 287
97 1035
97 280
97 1851
97 2462
97 844
97 2572
98 470
98 317
98 100
98 767
98 193
98 336
98 298
98 199
98 124
98 563
98 2247
98 340
98 341
98 149
98 1916
98 1243
98 1044
98 309
98 440
98 458
98 2275
98 473
98 398
98 2276
98 1999
98 462
98 1183
98 1382
98 2277
98 2278
98 1135
98 454
98 2279
98 435
98 1247
98 2280
98 2281
98 2282
98 2283
98 878
98 2284
98 2022
98 1411
98 798
98 1986
98 2137
98 1449
98 1577
98 2285
98 2286
98 2287
98 2288
98 2289
98 2290
98 950
98 2291
98 2292
98 2293
98 1149
98 1662
98 1336
98 1112
98 337
98 2129
98 2294
98 622
98 2295
98 2296
98 2297
98 2298
98 2299
98 330
98 2300
98 1625
98 2301
98 388
98 2302
98 2303
98 117
98 2304
98 536
98 2305
98 2306
98 1828
98 2307
98 102
98 812
98 2308
98 2309
98 1365
98 813
98 1692
98 2310
98 2176
98 1996
98 2311
98 2312
98 1349
98 2313
98 2314
98 1666
98 2069
98 2315
98 1487
98 2316
98 2317
98 2041
98 501
98 2318
98 1518
98 1877
98 120
98 1327
99 303
99 253
99 512
99 262
99 782
99 553
99 563
99 181
99 1040
99 988
99 1392
99 1107
99 311
99 1116
99 117
99 1637
99 246
99 456
99 2349
99 1661
99 1441
99 1111
99 257
99 890
99 1283
99 1520
99 454
99 2350
99 118
99 332
99 397
99 2058
99 344
99 1302
99 1451
99 1252
99 889
99 473
99 536
99 1608
99 879
99 2351
99 267
99 1127
99 2332
99 2352
99 451
99 1144
99 335
100 357
100 700
100 840
100 112
100 862
100 863
101 116
101 723
101 175
101 987
101 663
101 1166
101 309
101 161
101 103
101 982
101 257
101 934
101 1777
101 120
101 1778
101 356
101 1321
101 1779
101 1431
101 1278
101 1780
101 1328
101 117
101 451
101 155
102 288
102 112
102 342
103 470
103 310
103 241
103 262
103 296
103 689
103 380
103 868
103 127
103 126
103 1038
103 286
103 242
103 124
103 274
103 364
103 374
103 340
103 807
103 149
103 977
103 304
103 305
103 581
103 393
103 2397
103 686
103 1302
103 1912
103 1911
103 2398
103 1520
103 405
103 337
103 1913
103 798
103 797
103 180
103 1914
103 221
104 855
104 242
104 181
104 171
104 260
104 149
104 180
104 221
104 276
104 1422
104 207
104 1661
104 2341
105 129
105 168
105 1934
105 1937
106 698
106 1127
106 2929
106 2930
107 512
107 333
107 164
107 1365
107 2830
107 1354
107 2831
107 2299
107 2265
108 253
108 738
108 742
108 752
108 391
108 499
108 764
108 869
108 292
108 2241
108 932
108 1215
108 230
108 389
108 575
108 1325
108 1189
108 1745
108 982
108 1759
108 482
108 911
108 914
108 249
108 825
108 1412
108 176
108 1281
108 1044
108 111
108 930
108 1165
108 2577
108 1434
108 1293
108 1665
108 1154
108 936
108 322
108 2578
108 2579
108 2556
108 1385
108 1660
108 2580
108 1099
108 319
108 1257
108 1356
108 421
108 1173
108 1763
108 1419
108 2581
108 1848
109 126
109 1004
109 114
109 293
109 153
109 1658
109 113
109 2343
110 127
110 167
110 586
110 2931
111 519
111 868
111 698
111 2893
111 2862
111 2894
112 116
112 728
112 488
112 512
112 333
112 738
112 241
112 262
112 757
112 780
112 287
112 359
112 862
112 1040
112 149
112 1392
112 1760
112 1916
112 390
112 837
112 304
112 306
112 166
112 1917
112 266
112 1143
112 933
112 1055
112 1633
112 1111
112 1918
112 1868
112 271
112 1116
112 797
112 1338
112 825
112 1400
112 1075
112 473
112 528
112 1385
112 1132
112 161
112 1080
112 219
112 1919
112 1215
112 475
112 903
112 1920
112 1387
112 1162
112 1069
112 536
112 1921
112 1922
112 235
112 331
112 124
112 1883
112 1196
112 1088
112 1923
112 1528
112 1924
112 502
112 1245
112 246
112 1090
112 1467
112 319
112 932
112 1135
112 398
112 1070
112 197
112 501
112 247
112 257
113 116
113 181
113 628
113 1205
113 1935
113 2877
114 1004
114 389
114 176
114 149
114 304
114 281
114 160
114 242
114 129
114 199
114 392
114 393
114 292
114 1171
114 244
114 1180
114 405
114 418
114 1162
114 260
114 134
114 1367
114 1601
114 155
114 252
114 263
114 235
114 190
114 181
114 251
114 412
114 419
114 248
114 1403
114 264
114 180
115 116
115 1689
116 357
116 359
116 119
116 127
116 124
117 564
117 375
117 358
117 380
117 168
117 1679
117 362
117 364
117 371
117 2320
117 666
117 508
117 377
117 670
117 2446
118 855
118 286
118 242
118 704
118 795
118 2092
119 433
119 303
119 717
119 718
119 722
119 253
119 317
119 728
119 729
119 512
119 738
119 310
119 241
119 741
119 744
119 749
119 751
119 262
119 391
119 767
119 444
119 773
119 448
119 193
119 777
119 780
119 420
119 422
119 336
119 1166
119 1040
119 1041
119 240
119 340
119 1837
119 988
119 149
119 1208
119 837
119 304
119 1369
119 165
119 704
119 393
119 1044
119 1455
119 266
119 911
119 1217
119 1151
119 1222
119 1370
119 315
119 930
119 1857
119 1858
119 553
119 1183
119 1425
119 1859
119 1860
119 547
119 1215
119 440
119 1332
119 449
119 247
119 254
119 1105
119 474
119 1861
119 1116
119 1862
119 311
119 1863
119 1864
119 1865
119 493
119 207
119 1866
119 485
119 1867
119 982
119 1868
119 1838
119 1566
119 173
119 181
119 538
119 1329
119 797
119 1078
119 1869
119 1057
119 156
119 330
119 1015
119 1552
119 505
119 1380
119 1091
119 1309
119 1307
119 1870
119 132
119 500
119 1303
119 1279
119 124
119 1075
119 257
119 1108
119 1871
119 1872
119 1155
119 1085
119 134
119 1084
119 1873
119 1631
119 502
119 1794
119 1788
119 1055
119 932
119 1874
119 331
119 1875
119 1876
119 1285
119 1507
119 271
119 1877
119 1098
119 1878
119 477
119 1575
119 1576
119 1879
119 198
119 138
119 405
119 1115
119 1128
120 375
120 393
120 686
120 833
120 2869
120 2409
121 548
121 562
121 567
121 236
121 213
121 274
121 292
121 840
121 1650
121 867
121 544
121 216
121 212
121 990
121 1082
121 1651
121 517
121 399
121 128
121 215
121 248
121 1652
121 1653
121 588
121 1654
121 579
122 241
122 262
122 564
122 1004
122 1453
122 236
122 1844
122 794
122 307
122 308
122 309
122 790
122 427
122 246
122 2044
122 1635
122 932
122 2045
122 1401
122 1135
122 207
122 2046
122 1114
122 937
122 905
122 2047
122 1926
123 296
123 1760
123 1887
124 470
124 564
124 296
124 167
124 293
124 242
124 290
124 304
124 362
124 364
124 794
124 393
124 365
124 579
124 1935
124 371
124 1936
124 545
124 1937
124 1938
124 374
125 432
125 503
125 2319
126 175
126 1166
126 988
126 306
126 704
126 1107
126 166
126 394
126 655
126 484
126 516
126 503
126 798
126 265
126 1183
126 230
126 1438
126 1593
126 513
126 198
126 233
126 207
126 1594
126 876
126 1530
126 536
126 180
126 181
126 1595
127 262
127 193
127 296
127 176
127 988
127 149
127 837
127 1117
127 560
127 165
127 160
127 562
127 166
127 292
127 308
127 394
127 1513
127 796
127 1514
127 1515
127 276
127 153
127 503
127 311
127 1516
127 207
127 936
127 1517
127 1518
127 592
127 505
127 378
127 1448
127 1519
127 1371
127 1520
127 214
127 1521
127 181
127 405
127 474
127 320
127 1224
127 1522
127 530
127 1112
127 146
127 1523
127 331
127 437
127 271
127 1524
127 418
127 1525
127 264
127 256
127 319
127 1526
127 251
127 1527
127 313
127 501
127 407
127 234
127 408
127 248
127 1528
127 398
127 1529
127 1530
127 142
127 252
127 198
127 1531
127 553
127 206
127 421
127 1532
127 502
127 402
127 1533
128 1216
128 134
128 1044
128 1183
129 519
129 296
129 358
129 288
129 786
129 787
129 1023
129 376
129 671
129 1355
129 1944
129 233
129 586
129 1945
129 825
129 1946
129 1947
129 1948
129 1949
130 161
130 851
130 531
130 1173
130 2843
130 2844
130 2845
130 2227
130 1350
131 272
131 411
131 2281
131 2133
131 1618
131 1285
132 287
132 242
132 143
134 302
134 169
134 272
134 1851
134 393
134 2425
134 2426
134 1959
134 238
134 2427
134 2428
138 564
141 698
141 2455
141 883
142 236
142 1856
142 1021
143 917
143 235
143 704
143 148
143 2926
144 700
144 371
144 1209
144 660
145 947
145 1556
145 659
145 1317
146 301
148 299
148 400
148 514
148 1928
148 233
148 331
148 1948
148 2872
148 2873
149 519
149 287
149 689
149 167
149 359
149 283
149 2417
149 1887
149 366
149 582
149 376
149 154
149 581
149 2418
149 895
150 470
150 689
150 855
150 293
150 1000
150 883
150 977
150 364
150 1939
151 357
151 786
151 663
151 364
151 365
151 367
151 830
151 831
151 832
151 371
151 833
151 231
151 834
152 519
152 287
152 698
152 168
152 704
152 570
152 924
152 1830
152 285
152 907
152 1831
152 1832
152 403
152 1833
152 1834
153 181
153 917
153 207
153 1877
154 317
154 742
154 778
154 553
154 162
154 1190
154 400
154 1013
154 1054
154 189
154 191
154 229
154 844
154 1118
154 1844
154 1692
154 1516
154 2800
154 1360
154 1653
154 2035
154 2481
154 2801
154 2802
154 2168
155 974
155 883
155 2435
155 590
155 662
155 623
155 1767
155 679
155 2436
155 2437
155 2438
155 1952
155 654
155 2439
156 287
156 663
156 167
156 592
156 1887
156 686
156 1350
156 2201
157 173
157 584
159 166
160 358
160 606
160 242
160 787
160 363
160 268
160 409
160 2029
161 519
161 302
161 689
161 286
161 1967
161 857
161 811
161 393
161 309
161 1644
161 638
161 650
161 998
161 969
161 2030
161 2031
161 1439
161 1536
161 516
161 2032
161 2033
161 371
161 672
161 637
161 383
161 2034
161 1680
161 659
161 2035
161 1681
161 2036
161 931
161 2037
161 1585
161 2038
161 2039
161 1391
162 604
163 1004
163 167
163 213
163 393
163 308
163 686
163 370
163 2040
163 408
163 1440
163 2041
163 1331
163 909
163 1853
165 606
165 242
165 288
165 169
165 236
165 363
165 1023
165 1851
165 832
165 588
165 1934
165 2042
165 365
165 840
165 2043
165 573
166 287
166 855
166 300
166 304
166 365
166 795
166 342
166 1848
166 1940
167 988
167 1044
167 1071
167 1188
167 1269
167 370
167 311
167 301
167 982
167 432
167 337
167 181
167 1444
167 1323
167 1602
167 1603
167 465
167 1604
167 1605
167 1350
167 451
167 1606
167 349
167 1607
167 1413
167 1608
167 1609
167 1610
167 415
167 230
167 207
167 408
168 253
168 563
168 2050
168 1798
168 1123
168 2051
168 1113
168 1905
168 320
168 2052
168 2053
168 2054
168 1621
168 1928
168 1431
168 1153
168 1135
168 1851
168 1015
168 2055
168 2056
168 1479
168 2057
168 2058
168 876
168 2038
168 481
168 1499
168 1486
169 393
169 800
169 344
169 207
169 486
169 1449
169 434
169 272
169 505
169 419
169 1925
169 1926
169 676
169 1927
170 987
170 296
170 282
170 340
170 628
170 811
170 528
170 1133
170 1182
170 1316
170 1615
170 408
170 2059
170 2060
170 1196
170 507
170 1129
170 501
170 321
170 1717
170 398
170 2061
170 271
170 2062
170 2063
170 939
170 2064
171 754
171 1393
171 1189
171 421
171 451
171 1420
171 1708
171 1280
171 1331
172 340
172 1844
172 1760
172 2128
172 335
172 1508
172 1330
172 473
172 2129
172 1714
172 678
172 2130
172 1700
172 1347
172 337
172 2131
172 1111
172 2132
173 734
173 1004
173 973
173 292
173 1670
173 1958
173 571
173 1959
174 286
174 1292
174 2914
175 357
175 760
175 971
175 293
175 972
175 318
175 626
175 805
175 973
175 862
175 974
175 613
175 282
175 975
175 700
175 976
176 663
176 371
176 374
176 365
176 570
178 519
178 698
178 575
178 1532
180 734
180 757
180 760
180 519
180 287
180 606
180 698
180 293
180 700
180 242
180 288
180 786
180 787
180 363
180 393
180 365
180 795
180 825
180 372
180 2434
180 1725
180 1939
180 231
180 646
181 519
181 302
181 855
181 698
181 293
181 286
181 288
181 1850
181 883
181 304
181 364
181 393
181 899
181 686
181 376
181 1444
181 863
181 579
181 545
181 1955
181 593
181 1902
182 287
182 302
182 296
182 380
182 868
182 606
182 359
182 288
182 1393
182 885
182 376
182 2599
182 2462
182 370
184 946
184 1703
185 890
186 287
187 302
187 299
188 1169
189 782
189 287
189 302
189 359
189 885
189 395
190 1888
191 1677
191 1680
191 370
191 2600
191 1594
192 698
192 393
192 1311
192 541
193 357
193 302
193 233
194 309
194 979
194 2184
196 1687
197 302
197 295
197 573
197 591
198 986
198 287
198 283
198 581
198 376
198 995
198 1613
198 1622
198 2573
198 2576
198 2574
198 1067
199 562
199 1928
199 1929
199 1930
199 225
199 1931
199 1932
199 1933
200 2025
200 2602
201 519
201 606
201 698
201 1671
201 898
201 1412
201 590
201 582
203 284
205 607
205 2025
205 2602
207 302
207 663
207 300
207 1002
207 942
207 885
207 573
207 574
207 581
207 342
207 788
207 619
207 1856
207 962
207 844
208 358
208 698
208 575
210 283
211 287
211 663
211 788
211 581
211 831
211 582
213 375
213 1677
213 1002
213 1243
213 2603
213 2604
213 2605
213 2403
213 1878
213 1829
214 788
214 2535
216 2248
216 2478
216 792
217 831
217 2606
217 999
218 754
218 302
218 358
218 868
218 606
218 293
218 1677
218 369
218 787
218 304
218 363
218 824
218 342
218 1939
218 2335
218 2396
219 663
219 283
219 368
220 760
220 855
220 868
220 422
220 286
220 531
220 594
220 601
220 342
220 795
220 2607
220 2404
220 2384
221 519
221 296
221 689
221 358
221 380
221 606
221 805
221 369
221 363
221 393
221 671
221 825
221 831
221 2173
221 706
222 293
222 1939
222 2608
222 2609
222 2610
224 582
224 2559
224 1922
224 2552
226 698
226 508
227 866
227 690
227 1725
228 2611
230 782
230 519
230 606
230 805
230 282
230 700
230 292
230 648
230 362
230 374
230 2187
230 2414
230 1614
230 393
230 401
230 923
230 1941
230 978
230 2415
230 2416
230 847
230 1530
230 844
231 782
231 257
231 246
231 393
231 1733
231 982
231 988
231 1165
231 1331
232 242
233 283
233 800
235 287
235 302
235 296
235 380
235 359
235 893
235 788
235 392
235 1887
235 370
235 933
235 2245
235 2246
236 714
236 519
236 1004
236 292
236 563
236 2327
236 257
236 686
236 2455
236 1945
236 2456
236 704
236 2457
236 2458
236 1919
236 2459
236 577
236 1910
236 1044
236 2358
236 2460
236 2461
236 268
237 708
237 917
237 913
237 2913
238 290
238 1117
238 343
239 363
239 787
239 809
239 841
239 2604
240 302
240 358
240 283
240 786
240 808
240 788
240 363
240 787
240 809
241 357
241 786
241 787
241 362
241 897
241 363
241 358
241 283
241 519
241 374
241 812
241 302
241 872
241 871
241 367
241 807
241 369
241 825
241 757
241 606
241 372
241 860
241 375
241 861
241 271
241 262
241 818
241 790
241 380
242 770
242 287
242 868
242 1166
242 786
242 1850
242 808
242 1851
242 589
242 398
242 1059
242 1804
242 1604
242 894
242 288
242 372
242 411
242 1618
242 1185
242 501
242 1852
242 1853
242 1854
242 315
242 1855
242 1856
242 408
246 287
246 302
246 663
246 296
246 358
246 380
246 868
246 606
246 973
246 285
246 786
246 885
246 371
246 367
246 787
246 304
246 363
246 393
246 365
246 368
246 818
246 370
246 831
246 575
246 376
247 287
247 302
247 606
247 1967
247 628
247 786
247 1682
247 369
247 2248
247 787
247 376
247 2000
247 694
247 2419
248 2344
248 581
249 754
249 757
249 525
249 358
249 868
249 606
249 786
249 808
249 581
249 363
249 787
249 809
249 304
249 2201
249 2568
249 1810
250 923
250 2625
253 357
253 805
253 358
253 807
253 808
253 835
253 836
253 837
253 302
253 363
253 663
253 519
253 838
253 292
253 700
253 839
253 840
253 825
253 841
253 734
253 842
253 843
253 844
253 845
253 371
253 675
253 846
253 705
253 272
253 285
253 847
253 557
253 848
253 849
253 850
253 851
253 852
253 853
253 662
253 854
253 823
253 855
253 370
254 663
254 579
254 2408
254 921
255 519
257 519
257 287
257 302
257 663
257 296
257 689
257 855
257 380
257 868
257 606
257 613
257 1004
257 698
257 318
257 290
257 857
257 584
257 1670
257 664
257 648
257 680
257 369
257 1002
257 367
257 304
257 581
257 1887
257 795
257 899
257 831
257 373
257 845
257 2412
257 1834
257 854
257 1960
257 614
257 579
257 1523
257 1913
257 828
257 646
258 720
258 721
258 754
258 771
258 772
258 302
258 868
258 606
258 805
258 786
258 817
258 369
258 808
258 819
258 787
258 807
258 304
258 809
258 363
258 914
258 826
258 938
258 824
258 900
258 922
258 825
258 1560
258 2431
258 929
258 1504
258 964
258 877
258 791
258 1503
258 2432
258 979
258 2398
258 2433
258 370
258 920
259 358
259 363
261 358
261 606
261 787
261 363
262 357
262 786
262 787
262 358
262 807
262 808
262 606
262 302
262 362
262 363
262 519
262 364
262 872
262 283
262 790
262 367
262 825
262 287
262 368
262 369
262 856
262 698
262 818
262 908
262 372
262 374
262 375
262 380
262 909
262 757
262 343
262 379
262 885
262 910
262 871
262 383
262 300
262 897
263 1888
265 287
265 302
265 663
265 296
265 868
265 359
265 283
265 369
265 942
265 787
265 304
265 365
265 795
265 831
265 1852
266 564
266 359
266 283
266 806
266 607
266 628
266 581
266 1691
266 371
266 1807
266 812
266 1960
266 856
266 839
266 366
266 579
266 1834
266 372
266 1824
266 1961
266 1962
267 742
267 519
267 302
267 606
267 862
267 786
267 817
267 369
267 808
267 787
267 807
267 304
267 809
267 363
267 872
267 818
267 824
267 929
267 1846
267 641
267 1503
267 2445
267 2446
267 922
267 1425
267 1410
267 703
267 1825
267 998
267 822
267 1500
267 2205
267 2433
267 2203
267 2447
267 920
267 2448
267 2097
268 855
268 581
269 820
270 290
270 535
271 470
271 287
271 663
271 380
271 606
271 359
271 293
271 628
271 364
271 367
271 816
271 891
271 815
271 393
271 365
271 579
271 376
271 363
271 787
271 807
271 797
271 607
271 643
271 671
271 2385
271 840
271 831
271 372
271 2623
271 2386
271 2630
272 1166
272 408
272 2167
272 1852
272 2168
273 2378
273 953
274 626
274 862
274 297
274 567
274 693
274 894
274 604
274 1377
274 691
274 811
274 1661
274 886
274 2346
274 1957
274 1189
274 833
274 1898
274 665
274 2015
274 2347
275 797
275 1441
276 470
276 375
276 301
276 885
276 603
276 1851
276 1016
276 1336
276 1896
276 670
277 2951
278 1830
278 2804
280 723
280 333
280 759
280 389
280 1514
280 1552
280 1412
280 1518
280 1794
280 1135
280 1795
280 1367
280 1439
280 1796
280 931
280 500
280 1445
280 1797
280 954
280 988
280 1666
281 1169
281 578
281 1828
281 600
281 1115
281 1829
281 572
281 292
282 308
282 1771
282 1772
282 1624
282 655
282 1773
282 394
282 988
282 1265
282 1774
282 1775
282 1327
282 1776
282 517
283 303
283 743
283 602
283 1040
283 988
283 1835
283 393
283 1455
283 394
283 1071
283 440
283 1252
283 932
283 1192
283 311
283 313
283 331
283 337
283 1836
283 500
283 1354
283 1113
283 1112
283 1012
284 738
284 698
284 704
284 1839
284 1516
284 1840
284 1385
284 1841
284 1144
284 1842
284 298
284 1304
285 606
285 340
285 787
285 393
285 840
285 370
285 1325
285 503
285 337
285 403
285 1638
285 1708
285 1328
285 1843
286 760
286 987
286 562
286 805
286 806
286 567
286 836
286 1844
286 393
286 1189
286 955
286 1845
286 1415
286 959
286 1416
286 1846
286 1693
286 958
286 978
286 1740
286 949
286 1376
286 1735
286 821
286 1847
286 1621
286 421
286 356
286 424
286 956
286 1752
286 1848
286 1093
286 1420
286 503
286 1020
286 933
286 544
286 989
286 1361
286 957
286 541
286 1742
286 1699
286 1849
286 1748
286 1707
286 887
287 303
287 724
287 317
287 729
287 738
287 742
287 744
287 499
287 767
287 777
287 869
287 987
287 1166
287 340
287 389
287 1009
287 988
287 835
287 606
287 304
287 1064
287 628
287 428
287 1281
287 392
287 1107
287 393
287 308
287 309
287 394
287 911
287 1225
287 1143
287 876
287 396
287 1298
287 982
287 1299
287 1283
287 1197
287 1116
287 345
287 1300
287 1301
287 1302
287 1184
287 1303
287 456
287 321
287 332
287 413
287 684
287 1098
287 1304
287 1305
287 689
287 1162
287 1306
287 1307
287 1308
287 1309
287 1310
287 449
287 797
287 1251
287 1311
287 1095
287 331
287 561
287 412
287 451
287 1312
287 1313
287 1314
287 1315
287 1132
287 549
287 881
287 950
287 1125
287 335
287 1090
287 1057
287 1316
287 970
287 1317
287 403
287 1165
287 1318
287 1129
287 595
287 1319
287 1135
287 1320
287 1321
287 1322
287 501
287 400
287 438
287 1323
287 912
287 1226
287 1245
287 1324
287 398
287 432
287 1325
287 1326
287 479
287 1252
287 424
287 474
287 455
287 1080
287 1327
287 1111
287 1328
287 1329
287 856
287 597
287 1330
287 1331
287 1332
287 493
288 723
288 341
288 988
288 394
288 1245
288 370
288 311
288 1125
288 493
288 1880
288 474
288 1881
288 331
288 1098
288 1308
288 1717
288 1111
289 1882
289 1883
289 978
290 340
290 1884
290 482
290 301
290 1322
290 479
290 1885
290 1827
290 1782
290 474
290 1312
290 1886
290 1327
291 1670
291 898
291 1412
292 712
292 732
292 986
292 869
292 1009
292 883
292 1001
292 393
292 1887
292 1006
292 1888
292 686
292 908
292 1889
292 503
292 332
292 1703
292 667
292 1797
292 816
292 415
292 1598
292 982
293 470
293 723
293 333
293 1722
293 1723
293 1412
293 1378
293 1367
293 1162
293 1724
294 1890
294 1891
294 880
295 869
295 1844
295 390
295 304
295 306
295 911
295 840
295 1302
295 1269
295 931
295 1214
295 1892
295 1893
295 332
295 1291
295 1703
295 1279
295 1894
295 1184
295 352
295 436
295 1895
296 470
296 317
296 488
296 733
296 777
296 358
296 1392
296 1393
296 304
296 1394
296 364
296 1265
296 309
296 876
296 1302
296 368
296 311
296 797
296 584
296 1395
296 438
296 982
296 601
296 313
296 798
296 1116
296 594
296 486
296 1396
296 434
296 1397
296 1398
296 476
296 473
296 1090
296 1399
296 1400
296 1401
296 1112
296 398
297 782
297 788
297 1850
297 362
297 1897
297 581
297 392
297 875
297 1898
297 1661
297 1899
297 1900
297 1536
298 1901
298 1347
298 1902
299 857
299 393
299 1905
299 418
299 351
300 777
300 988
300 1125
301 343
301 421
301 535
301 1915
302 303
302 317
302 728
302 512
302 333
302 738
302 310
302 602
302 753
302 504
302 765
302 770
302 780
302 341
302 1333
302 390
302 837
302 304
302 1334
302 1059
302 1335
302 1272
302 416
302 1336
302 422
302 1337
302 1114
302 1338
302 1190
302 1339
302 529
302 1340
302 415
302 405
302 313
302 412
302 331
302 1215
302 1341
302 407
302 1327
302 1143
302 1342
302 1343
302 393
302 1344
302 319
302 1345
302 1346
302 581
302 1347
302 932
302 432
302 1348
302 1349
302 1350
302 321
302 1351
302 1352
302 527
302 1353
302 553
302 1125
302 1354
302 1355
302 919
302 1356
302 876
302 1357
302 1358
302 1359
302 1360
302 1361
302 1362
302 513
303 357
303 805
303 788
303 806
303 358
303 359
303 807
303 808
303 369
303 372
303 363
303 704
303 663
303 581
303 606
303 809
303 361
303 810
303 811
303 812
303 376
303 813
303 374
304 470
304 663
304 689
304 855
304 358
304 606
304 931
304 808
304 332
304 1225
304 595
304 581
304 413
304 363
304 911
304 914
304 825
304 826
304 1070
304 977
304 370
304 2416
304 686
304 2179
304 306
304 2450
304 436
304 1421
304 992
304 1931
304 379
304 818
305 1829
306 757
306 1004
306 1005
306 1023
306 1887
306 686
306 795
306 388
306 983
306 2679
306 1848
307 519
307 663
307 358
307 606
307 862
307 369
307 808
307 363
307 787
307 807
308 470
308 519
308 855
308 868
308 698
308 2241
308 364
308 810
308 393
308 573
308 825
308 977
308 1799
308 850
308 2440
308 1824
308 2622
308 377
308 980
308 1807
308 865
308 2339
309 380
309 630
309 805
309 628
309 810
309 575
309 1136
309 1936
309 2500
309 1197
309 671
309 1334
309 1553
309 686
309 833
309 2303
309 933
309 2501
310 357
310 893
310 805
310 359
310 857
310 607
310 361
310 663
310 581
310 365
310 367
310 894
310 376
310 816
310 895
310 383
310 896
311 564
311 380
311 362
311 364
311 371
311 374
311 583
311 368
311 839
311 872
312 571
312 388
312 2467
313 839
313 579
314 654
315 805
315 700
315 806
316 2240
316 671
316 1188
316 345
316 1750
316 1361
317 357
317 628
317 663
317 856
317 376
318 1725
318 1726
319 663
319 359
319 1000
320 663
320 358
320 805
320 374
320 1914
321 519
321 698
321 1928
321 1614
322 757
322 519
322 606
322 393
322 979
322 825
322 818
322 1614
326 663
326 786
326 369
326 788
326 787
326 860
326 363
326 856
326 861
327 357
327 882
327 806
327 807
327 606
327 883
327 825
327 531
327 370
327 812
331 663
331 581
331 806
331 2320
331 1169
331 392
331 1365
332 519
332 375
332 855
332 1004
332 370
332 1914
332 1252
332 1005
332 2410
332 575
332 1913
333 357
333 788
333 358
333 359
333 363
333 663
333 581
333 790
333 698
333 812
333 884
333 579
333 885
334 839
335 774
335 519
335 698
335 631
335 369
335 365
335 363
335 1395
335 980
336 359
336 968
336 362
336 1670
336 838
336 700
336 839
336 367
336 368
336 666
336 371
336 374
336 851
336 343
337 663
337 358
337 369
337 808
337 917
337 371
337 374
337 897
337 1760
337 688
337 2490
337 2735
337 2736
337 833
337 846
340 359
340 1000
340 2545
340 2546
340 1928
340 2320
340 2378
340 368
340 384
341 579
342 869
342 1974
342 437
342 1149
342 595
342 597
342 365
342 988
342 2475
342 1180
342 424
342 1994
342 2215
342 416
342 2482
342 2483
342 1090
342 1355
342 1495
342 1129
342 1251
342 1376
343 603
343 2472
343 1896
343 1364
343 1451
343 2038
343 2052
344 380
344 868
344 862
344 374
344 2409
346 358
346 786
346 363
346 787
351 1703
351 2899
351 2589
352 698
352 370
352 674
352 643
352 2718
355 899
356 680
356 882
356 1010
356 2228
356 681
357 707
357 710
357 711
357 433
357 712
357 713
357 714
357 715
357 470
357 716
357 717
357 718
357 719
357 720
357 721
357 722
357 723
357 724
357 725
357 726
357 727
357 728
357 729
357 730
357 731
357 488
357 732
357 512
357 733
357 734
357 735
357 736
357 737
357 738
357 739
357 740
357 741
357 742
357 743
357 744
357 745
357 746
357 494
357 747
357 748
357 749
357 602
357 750
357 751
357 752
357 753
357 754
357 755
357 756
357 391
357 757
357 758
357 504
357 498
357 759
357 499
357 760
357 761
357 762
357 763
357 764
357 765
357 766
357 767
357 444
357 768
357 769
357 770
357 771
357 772
357 773
357 774
357 448
357 775
357 776
357 777
357 778
357 779
357 780
357 781
357 466
357 782
358 710
358 711
358 433
358 715
358 470
358 717
358 719
358 720
358 721
358 725
358 729
358 488
358 512
358 734
358 738
358 742
358 746
358 747
358 749
358 602
358 750
358 755
358 391
358 498
358 766
358 444
358 768
358 771
358 772
358 773
358 779
358 781
358 466
358 782
358 1166
358 1453
358 786
358 787
358 1454
358 1455
358 1456
358 1353
358 1457
358 483
358 1133
358 363
358 1458
358 1089
358 1079
358 1459
358 1460
358 1140
358 1461
358 1462
358 938
358 1463
358 1464
358 1465
358 954
358 393
358 369
358 1466
358 476
358 1467
358 1468
358 1124
358 454
358 1469
358 1470
358 1105
358 1471
358 1127
358 1135
358 1219
358 1237
358 467
358 920
358 1472
358 1473
358 1474
358 1092
358 1338
358 1475
358 547
358 1476
358 1119
358 1233
358 1116
358 928
358 1145
358 808
358 1477
358 1104
358 1478
358 1479
358 1480
358 1156
358 534
358 1481
358 1482
358 965
358 1210
358 1091
358 911
358 1207
358 1483
358 1484
358 606
358 1208
358 477
358 1343
358 817
358 1102
358 932
358 1485
358 1088
358 1486
358 1487
358 876
358 1488
358 871
358 1094
358 927
358 1401
358 1489
358 1490
358 608
358 1491
358 1492
358 1074
358 1162
358 1493
358 1494
358 1495
358 1496
358 1497
358 1112
358 595
358 903
358 1498
358 531
358 925
358 1499
358 1307
358 1500
358 453
358 797
358 1501
358 1502
358 1503
358 1158
358 1504
358 1505
358 1506
359 718
359 728
359 504
359 767
359 781
359 548
359 1040
359 1623
359 1624
359 1625
359 1626
359 1370
359 1627
359 1184
359 1628
359 1629
359 1630
359 1162
359 1070
359 1091
359 1410
359 1171
359 1427
359 1158
359 544
359 1631
359 394
359 1632
359 1401
359 1486
359 991
359 1633
359 967
359 1634
359 1385
359 560
359 1069
359 1635
359 1047
359 1636
359 1513
359 1637
359 931
359 1638
359 393
359 584
359 1639
359 1640
359 911
359 965
359 1479
359 990
359 1641
359 413
359 993
359 1642
359 1467
359 1643
359 408
359 1644
359 1645
359 1621
359 1646
359 1647
359 1111
359 1648
359 1649
359 451
360 1169
361 1393
361 1119
361 431
361 493
361 1353
361 1171
361 2542
361 2647
362 488
362 744
362 494
362 776
362 777
362 1166
362 566
362 495
362 1123
362 1020
362 907
362 1524
362 1015
362 398
362 1116
362 2238
362 451
362 370
362 1173
362 1609
362 1661
362 1017
362 2096
362 1302
362 458
363 711
363 715
363 717
363 718
363 719
363 720
363 721
363 725
363 488
363 512
363 734
363 738
363 741
363 742
363 744
363 746
363 494
363 747
363 749
363 602
363 391
363 757
363 762
363 763
363 765
363 766
363 444
363 771
363 772
363 773
363 777
363 780
363 466
363 782
363 606
363 817
363 369
363 808
363 819
363 1162
363 1207
363 1208
363 1132
363 1219
363 1223
363 1145
363 1105
363 1233
363 965
363 928
363 1156
363 1237
363 393
363 595
363 1080
363 1467
363 820
363 1101
363 1430
363 1455
363 1453
363 787
363 809
363 1119
363 1460
363 935
363 1478
363 911
363 2198
363 1472
363 1459
363 1475
363 1302
363 1110
363 930
363 1146
363 822
363 1158
363 1465
363 1088
363 938
363 1471
363 1385
363 1449
363 1486
363 2185
363 1084
363 1140
363 1448
363 1458
363 1343
363 1547
363 1100
363 1473
363 818
363 927
363 1056
363 1489
363 1504
363 929
363 1501
363 1128
363 1583
363 914
363 1479
363 1940
363 790
363 534
363 2542
363 1456
363 825
363 904
363 1462
363 920
363 1544
364 488
364 777
364 563
364 628
364 1040
364 837
364 1812
364 2353
364 1512
364 1903
364 2354
364 2237
364 702
364 2337
364 501
364 1717
364 1127
364 982
364 790
364 431
364 1941
364 1116
364 398
364 505
364 2355
364 1396
364 1710
364 2356
364 1449
365 656
365 1057
365 370
365 2467
365 2468
365 1125
365 2469
365 501
365 1327
365 486
365 1346
365 434
365 1697
365 398
365 403
365 475
365 2470
366 744
366 749
366 1966
366 1976
366 1978
366 1982
366 1983
366 500
366 1322
366 474
366 1486
366 1094
366 797
366 492
366 943
366 1177
366 2344
366 2747
366 2793
366 2725
366 1262
366 2756
366 2759
366 2755
366 2754
366 1993
366 1700
366 2744
366 2794
366 1390
366 2758
366 1925
366 2795
366 2297
366 796
366 1842
366 2796
366 2750
366 2749
366 1816
366 1548
366 2797
366 2176
366 2798
366 2757
366 2730
366 1722
366 2799
367 499
367 563
367 1040
367 441
367 1782
367 1862
367 370
367 1400
368 777
368 1098
368 1302
368 2394
368 939
368 451
368 477
368 1520
369 718
369 719
369 721
369 729
369 730
369 512
369 738
369 742
369 745
369 749
369 602
369 757
369 498
369 762
369 766
369 444
369 771
369 772
369 779
369 782
369 606
369 1166
369 786
369 817
369 787
369 807
369 820
369 808
369 809
369 1143
369 825
369 1471
369 1200
369 1543
369 928
369 929
369 965
369 1462
369 1541
369 1589
369 2196
369 920
369 487
369 935
369 1578
369 534
369 1500
369 1135
369 1385
369 1560
369 819
369 1101
369 1481
369 922
369 1207
369 1501
369 938
369 966
369 930
369 2197
369 1504
369 824
369 1555
369 2198
369 1145
369 1131
369 877
369 1343
369 1256
369 1564
369 1546
369 1075
369 1307
369 2199
370 470
370 494
370 760
370 782
370 869
370 663
370 689
370 868
370 584
370 390
370 1420
370 816
370 579
370 921
370 398
370 911
370 426
370 1844
370 1292
370 431
370 970
370 2637
370 1512
370 1359
370 1279
370 2638
370 372
370 1705
370 2433
370 2113
370 1418
370 1503
370 1301
370 1708
370 1414
370 2597
370 436
371 744
371 777
371 563
371 566
371 1040
371 656
371 458
371 435
371 1044
371 1188
371 2360
371 1717
371 2237
371 1329
371 2058
371 1401
371 1017
371 2361
371 2362
371 1364
372 777
372 487
372 393
372 595
372 886
372 797
372 426
372 2729
373 1081
373 1106
373 1401
373 1868
373 1128
373 1803
373 1899
373 2193
373 1892
374 488
374 740
374 767
374 777
374 564
374 836
374 1040
374 1162
374 1071
374 988
374 704
374 1329
374 454
374 1411
374 1706
374 694
374 2056
374 2068
374 1091
374 1909
374 1183
374 1866
374 2363
374 982
375 1405
375 473
375 1406
375 1407
375 1408
375 1070
375 451
376 512
376 408
376 988
376 1455
376 1118
376 496
376 2412
376 1116
376 1401
377 488
377 563
377 408
377 1116
377 1015
377 426
377 2047
377 2782
379 1016
380 470
380 723
380 488
380 512
380 602
380 767
380 777
380 1394
380 1265
380 876
380 1302
380 797
380 584
380 438
380 982
380 432
380 601
380 798
380 1116
380 1112
380 1396
380 1383
380 1088
380 1414
380 434
380 1507
380 1397
380 473
380 398
380 476
380 1401
380 502
380 991
381 734
381 1329
383 759
383 772
383 782
383 398
383 1506
383 1661
383 1304
383 1299
384 506
384 1364
384 1911
384 1486
385 1777
385 2979
385 2980
386 1265
387 512
387 499
387 2641
388 581
388 1886
388 896
388 1530
388 2792
389 663
389 805
389 581
389 579
389 825
390 519
390 855
390 550
390 1967
390 1682
390 650
390 2248
390 701
390 581
390 2378
390 575
390 2379
390 1129
390 899
390 2380
390 661
390 2220
390 694
390 1189
390 2259
391 720
391 754
391 805
391 786
391 787
391 807
391 817
391 808
391 606
391 809
391 918
391 919
391 824
391 920
391 921
391 922
391 923
391 757
391 819
391 826
391 581
391 825
391 924
391 925
392 714
392 1675
392 393
392 528
392 1245
392 1520
392 2787
392 2786
393 488
393 732
393 753
393 781
393 987
393 519
393 855
393 606
393 562
393 698
393 805
393 700
393 563
393 656
393 810
393 1420
393 1107
393 408
393 787
393 426
393 883
393 1614
393 918
393 1292
393 2449
393 662
393 1424
393 1699
393 1269
393 2209
393 982
393 1700
393 946
393 579
393 827
393 2184
393 1893
393 790
393 1116
393 2450
393 2173
393 2451
393 2452
393 423
393 2213
393 398
393 844
393 501
393 1553
393 1070
393 431
393 1180
393 999
393 2453
393 1011
393 1447
393 451
393 1512
393 1351
393 911
393 587
393 886
393 2218
393 2016
393 1005
394 663
394 960
394 811
394 2320
395 839
395 1771
395 2617
395 2789
396 2402
397 827
397 2409
398 855
398 868
398 579
398 788
398 1962
398 1901
398 1530
399 514
399 527
401 1188
401 898
402 2029
403 1934
403 831
403 1279
405 2409
407 663
407 581
407 686
407 827
408 519
408 805
408 806
408 2414
408 1807
408 573
408 1824
408 2440
408 850
408 706
408 2441
408 847
408 2442
411 923
411 849
412 646
413 699
413 698
413 805
413 2241
413 913
413 1189
413 2511
414 986
415 628
415 909
416 470
416 855
416 810
416 825
416 913
416 977
416 2068
418 1851
418 503
419 519
419 704
419 2436
419 2439
419 2473
421 573
421 503
421 2453
422 796
422 1600
422 447
423 1523
424 663
424 577
424 839
424 1934
424 1725
424 1691
426 825
426 1962
426 913
426 1324
426 814
426 590
426 1613
426 2339
427 596
427 1189
427 797
427 1941
427 1536
427 1473
427 1530
427 1175
427 676
427 1350
427 2853
427 2593
427 2860
427 856
427 2861
427 2862
427 2194
427 1880
427 961
427 1278
427 545
427 2703
427 2809
428 788
428 686
428 2541
429 531
431 613
431 531
431 2241
431 1962
431 903
431 797
431 704
431 2462
431 2403
431 790
431 686
431 703
431 1938
431 662
431 2446
431 2631
431 2567
432 663
432 788
432 1169
432 1934
433 788
433 789
433 790
434 2248
434 661
435 866
435 628
435 1673
435 836
435 531
435 604
435 814
435 1000
435 608
435 794
435 704
435 671
435 508
435 702
435 1240
435 1710
435 2337
435 1936
435 2338
435 813
436 1940
436 1116
436 903
436 794
436 796
436 930
436 462
436 1914
436 1449
436 1867
436 943
437 663
438 2248
438 604
439 2702
440 868
440 2462
440 2414
440 2721
441 1683
441 836
441 531
441 604
441 794
441 671
441 856
441 702
441 2348
441 1828
441 1240
444 788
444 786
444 787
444 807
444 606
444 962
445 857
447 1667
448 788
450 2722
451 519
451 787
451 794
451 2173
451 2341
451 847
451 1922
451 670
451 1894
453 788
454 663
454 581
454 671
455 581
456 2409
457 1658
457 1386
458 628
458 1673
458 836
458 531
458 604
458 794
458 1962
458 813
458 1240
458 2337
458 2338
458 2339
461 628
462 470
462 1658
463 531
463 581
463 608
463 813
463 1962
463 794
463 2406
465 470
465 1719
466 787
467 2320
467 1949
469 564
469 973
469 838
470 794
470 795
470 796
470 797
470 798
470 799
470 800
470 801
470 802
470 803
470 804
472 791
473 862
473 1018
474 581
474 1928
474 2332
474 890
475 942
475 2710
476 953
477 786
477 807
477 790
478 1067
478 2723
479 604
480 1395
481 663
481 973
481 581
481 2589
482 581
483 788
484 831
484 1725
484 884
486 2248
486 661
486 1511
487 606
487 787
487 824
487 2404
488 788
488 787
488 807
488 808
488 839
488 790
488 864
488 844
488 664
488 865
488 866
488 867
488 579
488 868
490 531
490 1214
490 813
490 702
490 1962
490 794
490 2566
493 816
493 643
494 805
494 809
494 790
494 903
494 496
494 904
494 545
494 531
494 905
494 906
494 907
494 795
495 812
496 1088
497 1332
498 790
499 805
499 856
499 531
500 604
500 999
501 868
501 579
501 1962
501 1901
501 1530
502 1827
502 904
502 807
502 2559
502 2560
503 1675
503 1211
503 1914
503 2416
503 2238
503 2409
503 586
504 531
505 813
505 1934
507 635
508 712
508 732
508 1420
508 1619
508 1922
508 2769
508 2956
509 698
509 581
509 704
509 841
509 2649
509 2434
509 2339
509 2660
512 786
512 787
512 807
512 817
512 808
512 606
512 860
512 519
512 825
512 870
512 861
512 757
512 871
512 809
513 573
513 1829
513 588
513 2863
514 2471
516 1618
517 2721
517 2465
517 2604
517 2740
519 738
519 742
519 602
519 869
519 1243
519 1239
519 1244
519 1245
519 1190
519 1246
519 644
519 1247
519 1248
519 1249
519 1250
519 1251
519 596
519 1252
519 1253
519 1254
519 1255
519 1256
519 1257
519 1258
519 1259
519 1260
519 1261
519 1076
519 1104
519 881
519 1262
519 1263
519 1264
519 1265
519 1074
519 1266
519 1267
519 1268
519 1269
519 1270
519 1271
519 1272
519 1273
519 1212
519 965
519 1274
519 1275
519 1107
519 1276
519 1277
519 1278
519 1135
519 1279
519 1280
519 1281
519 1282
519 1283
519 1284
519 1285
519 1081
519 1206
519 1286
519 1287
519 1142
519 1070
519 937
519 1288
519 1289
519 911
519 541
519 1082
519 1290
519 1185
519 1291
519 1292
519 1293
519 1294
519 1132
519 1295
519 932
519 1296
519 1297
520 1180
520 645
520 898
520 2702
521 894
523 657
523 1188
523 2212
523 2601
523 2224
525 1032
525 911
527 1004
527 1374
528 579
528 666
528 953
529 806
529 856
529 2535
531 731
531 736
531 775
531 1166
531 976
531 563
531 1071
531 955
531 2014
531 2213
531 702
531 1322
531 2214
531 1883
531 2006
531 1738
531 982
531 956
531 1519
531 1020
531 2215
531 2216
531 1730
531 2217
531 959
531 1727
531 958
531 2218
531 1717
531 957
531 1014
531 1135
532 1374
532 2344
532 2024
533 805
533 806
533 856
533 2513
534 606
534 808
534 2248
534 787
534 809
534 824
536 657
536 2248
536 806
536 704
536 1934
541 698
541 883
541 2382
543 1830
544 774
544 986
544 562
544 805
544 1674
544 836
544 1734
544 915
544 1621
544 1169
544 1690
544 1916
544 1928
544 1123
544 955
544 867
544 818
544 959
544 2169
544 948
544 1182
544 957
544 2178
544 989
544 1746
544 2495
544 1627
544 1849
544 956
544 2496
544 939
544 2497
544 1642
544 1920
544 949
544 2190
544 1752
544 2498
544 2499
544 892
544 958
544 1758
544 886
544 947
544 2211
544 1628
545 1070
545 1194
545 609
545 1700
545 2865
547 786
547 788
547 790
548 1611
548 550
548 1612
548 699
549 564
549 795
550 760
550 568
550 562
550 1655
550 567
550 887
550 1656
550 1650
550 1420
550 1357
550 805
552 699
553 1277
555 663
555 855
557 881
560 663
560 805
560 806
560 836
560 857
560 1614
560 1941
560 1942
560 1943
560 581
561 606
561 857
562 986
562 1611
562 805
562 567
562 857
562 995
562 1613
562 1614
562 1395
562 1615
562 1616
562 1617
562 1618
562 1619
562 859
562 1620
562 1324
562 1621
562 1622
562 818
563 1636
563 1950
563 1492
563 794
563 1941
563 1659
563 910
563 838
563 1945
564 744
564 762
564 985
564 1009
564 1010
564 1011
564 1012
564 1013
564 1014
564 1015
564 881
564 705
564 1016
564 1017
564 1018
564 1019
564 1020
564 1021
564 1022
565 812
566 794
566 813
566 1951
566 1952
566 1953
567 1612
567 1615
567 1619
567 1954
567 1661
567 1849
567 1656
568 1611
570 1153
573 2472
573 1530
573 2473
573 1594
575 738
575 987
575 805
575 1107
575 1081
575 1225
575 2128
575 1292
575 911
575 1260
575 1415
575 909
575 1920
575 1251
575 925
575 1271
575 1328
575 2474
575 1282
577 1945
577 1376
578 1934
579 723
579 988
579 977
579 1117
579 1298
579 1422
579 2475
579 800
579 1641
579 2476
579 874
579 2477
579 1175
579 586
581 718
581 738
581 759
581 765
581 777
581 628
581 1055
581 1514
581 1112
581 1306
581 1638
581 1141
581 1213
581 1107
581 932
581 1215
581 1122
581 1132
581 1143
581 1225
581 1098
581 596
581 597
581 988
581 1798
581 977
581 1613
581 1265
581 1634
581 1426
581 672
581 2479
581 2480
581 991
581 1177
581 2481
581 2185
581 912
581 1820
581 1661
581 1165
581 1129
581 1841
581 2175
581 1111
581 1513
581 2225
581 1317
581 1300
581 1633
582 1076
582 1148
582 1658
582 2011
582 1723
582 1852
582 1275
582 1003
582 2484
582 2485
582 2486
583 1231
583 2487
583 702
583 1706
583 2488
583 1921
583 2350
583 1710
584 2133
584 1365
584 1629
585 704
586 1224
586 2908
586 2312
586 2550
586 2359
587 805
587 827
589 1421
589 619
590 733
590 1133
590 704
590 1421
590 1916
590 2534
590 945
590 2521
590 2777
590 1182
590 1923
590 1920
590 1787
590 2177
590 2778
590 896
590 1282
590 2779
590 2780
590 2781
590 1919
590 2553
590 1697
590 2166
590 2498
590 2719
590 2291
591 849
592 2454
592 1422
592 1868
593 868
593 698
593 933
594 1850
594 2462
595 686
595 791
595 1853
596 698
596 1000
596 795
596 839
596 1268
596 2463
597 868
597 1853
598 782
598 2239
601 868
601 1928
601 2462
601 852
601 2465
602 788
602 787
602 807
602 808
602 606
603 2466
604 728
604 1112
604 1040
604 656
604 2321
604 1695
604 2322
604 2323
604 2324
604 1153
604 2325
604 1135
604 1048
604 1393
604 1162
604 1226
604 1071
604 2326
604 2327
604 1377
604 1306
604 1662
604 2328
604 2329
604 1638
605 1683
605 1689
605 882
605 813
605 702
605 1962
606 711
606 716
606 717
606 718
606 720
606 721
606 728
606 729
606 730
606 738
606 742
606 745
606 748
606 749
606 764
606 765
606 766
606 772
606 773
606 779
606 780
606 1041
606 786
606 787
606 1454
606 807
606 817
606 808
606 835
606 1208
606 1064
606 1078
606 1534
606 1467
606 1535
606 1536
606 809
606 1144
606 791
606 1537
606 1538
606 1539
606 1540
606 1463
606 1541
606 704
606 1542
606 1543
606 1544
606 1353
606 1149
606 927
606 1500
606 922
606 1545
606 1253
606 1255
606 1546
606 1147
606 1102
606 1124
606 1215
606 1095
606 1123
606 1497
606 1179
606 1547
606 1548
606 1141
606 1549
606 1219
606 1550
606 819
606 1233
606 1115
606 1551
606 1458
606 1552
606 1150
606 1553
606 1100
606 1145
606 1146
606 1212
606 821
606 1554
606 1226
606 1132
606 1206
606 1207
606 1555
606 1052
606 1556
606 1557
606 1558
606 1464
606 1559
606 1560
606 1055
606 1101
606 965
606 1561
606 1562
606 1072
606 1158
606 1563
606 1564
606 1156
606 837
606 929
606 1050
606 1075
606 1565
606 1154
606 914
606 1162
606 1287
606 1456
606 1566
606 911
606 1053
606 1567
606 1307
606 1119
606 1568
606 1569
606 1128
606 877
606 1570
606 1571
606 1465
606 1572
606 1573
606 1080
606 1157
606 1574
606 930
606 1575
606 932
606 1576
606 1282
606 1577
606 1235
606 1578
606 1579
606 1237
606 1580
606 920
606 1581
606 928
606 1478
606 1582
606 1121
606 1470
606 1492
606 1077
606 1583
606 1472
606 1584
606 1585
606 1084
606 1586
606 1587
606 938
606 682
606 1232
606 1143
606 1161
606 1588
606 925
606 1589
606 1474
606 1590
606 935
606 822
606 1200
606 1501
606 1229
606 1591
606 1592
607 717
607 728
607 1495
607 954
607 988
607 2761
607 796
607 2391
607 1637
608 1612
608 699
608 857
608 786
608 917
608 787
608 814
608 813
608 1646
608 2569
608 2348
608 676
608 704
608 2547
608 818
609 862
609 2539
609 904
609 1940
609 2170
609 2051
609 702
609 704
609 1005
609 1661
609 1397
609 2360
609 2837
609 620
609 1011
609 2479
609 906
609 624
609 681
612 813
613 1265
613 982
613 676
613 1408
614 1153
614 1134
614 813
614 1693
614 1331
614 2041
615 813
615 702
617 837
618 794
619 1421
619 1334
620 2385
620 684
620 1011
620 2336
620 2386
620 2837
620 906
621 1032
623 628
623 635
623 1347
623 2527
623 2595
623 1519
623 2695
623 2218
623 2838
623 1780
624 813
624 684
624 1011
626 1023
626 866
626 1720
626 1727
626 1661
627 698
627 2651
627 842
628 729
628 742
628 779
628 1166
628 1674
628 2134
628 2135
628 1124
628 1898
628 2136
628 629
628 2137
628 955
628 2138
628 932
628 1196
628 2139
628 2140
628 2015
628 1115
628 956
628 2141
628 1252
628 958
628 2142
628 2143
628 2144
628 1697
628 959
628 1811
628 1660
628 679
628 1347
628 2145
628 2146
628 2147
628 2148
628 654
628 2149
628 2150
628 2151
628 2152
628 2153
628 1342
628 2154
628 957
628 1153
628 2155
628 1788
628 1641
628 2156
628 2157
628 1908
628 2158
628 2159
628 2160
628 1351
628 2161
628 2162
628 2163
628 2164
628 2165
629 2527
630 968
630 698
630 1018
631 1166
631 1782
631 2194
631 2041
631 881
635 702
635 1710
635 654
635 2802
635 2214
635 679
636 813
637 1044
637 1441
638 1328
638 2227
641 1153
641 704
641 691
641 2839
641 2041
641 2840
641 2648
643 717
643 718
643 766
643 1688
643 2323
643 1116
643 1119
643 1144
643 1164
643 930
643 2016
643 2206
643 2392
643 2387
643 2390
643 2659
643 2336
643 2655
643 2785
644 698
645 2841
645 2702
646 1122
646 1044
646 1152
646 2412
647 813
648 1166
648 1244
648 704
648 1188
648 1661
648 1183
648 1431
648 2179
648 1571
650 1166
650 2228
652 2842
654 1347
654 2527
654 2595
654 2218
654 1519
654 2695
654 1780
655 1682
655 1381
655 1374
655 1810
656 814
656 794
656 1887
656 839
657 1166
658 698
658 908
659 862
659 1661
659 1843
659 2817
659 1371
659 2239
660 844
660 898
661 773
661 1162
661 1889
661 1658
661 1177
661 2267
661 2820
661 2254
661 2260
661 2846
661 1989
661 2149
661 1991
661 2001
661 2258
661 2268
661 1996
661 1998
661 1986
661 2259
661 2270
661 1995
661 2263
661 2261
661 2273
661 2597
661 1999
661 2269
661 1523
661 2256
661 2847
661 2003
662 890
662 889
663 717
663 728
663 756
663 774
663 1166
663 988
663 1369
663 1344
663 1370
663 1141
663 1371
663 878
663 1251
663 1372
663 1252
663 1108
663 1373
663 1374
663 1375
663 1376
663 1377
663 1306
663 1378
663 1247
663 1379
663 1380
663 1381
663 1382
663 1383
663 1353
663 1145
663 1137
663 876
663 1134
663 1384
663 1151
663 1385
663 1386
663 1071
663 1125
663 1112
663 1053
663 1387
663 1058
663 1388
663 1389
663 1057
663 1338
663 1390
663 1329
663 1177
663 1391
664 767
664 1166
664 704
664 989
665 866
665 1720
665 1125
665 1661
665 1023
665 1727
666 813
666 1044
666 1643
666 676
667 689
667 1682
667 1436
667 1015
667 1381
667 1374
667 1585
667 1924
667 2189
668 1718
668 1721
671 876
671 1183
671 704
671 1402
671 2728
671 1361
672 857
672 1018
672 2554
672 2555
673 813
674 869
674 987
674 1782
674 1797
674 2742
674 1511
675 1173
675 2188
677 2371
678 698
678 1239
678 899
678 1240
679 1661
679 1347
679 2527
679 2595
679 2848
679 1780
679 2838
679 2218
679 1519
680 1166
680 704
680 2186
680 844
680 1431
680 1404
681 1468
681 1402
681 684
681 2849
681 2319
681 2682
682 1166
682 808
682 825
684 862
684 2539
684 904
684 1940
684 2170
684 2051
684 702
684 704
684 1005
684 2479
684 2850
684 2488
684 2360
684 1011
684 906
684 2392
684 1397
685 1430
685 704
685 1936
686 759
686 782
686 931
686 1393
686 1107
686 932
686 2783
686 1693
686 1423
686 2068
686 823
686 1708
686 1853
687 749
687 1166
687 1993
687 2176
687 1986
687 2177
687 2178
687 1531
687 1663
688 876
688 1044
688 812
688 1183
688 1422
689 1040
689 805
689 977
689 1402
689 876
689 931
689 932
689 1015
689 1283
689 1191
689 1403
689 1404
690 1166
691 1322
692 1166
693 1166
693 966
693 2219
693 1900
693 1350
694 871
694 1044
694 990
694 2254
694 1021
694 1988
694 1991
694 1531
694 2255
695 1166
698 714
698 738
698 767
698 775
698 869
698 987
698 968
698 1669
698 1690
698 1239
698 1148
698 1244
698 1281
698 1292
698 1691
698 911
698 1188
698 1200
698 1245
698 1059
698 1269
698 1692
698 703
698 1258
698 1247
698 1284
698 1283
698 909
698 1270
698 1693
698 1278
698 1272
698 1694
698 1695
698 1696
698 1076
698 1114
698 1241
698 1413
698 1180
698 967
698 1697
698 1698
698 1315
698 1699
698 1700
698 1701
698 1702
698 871
698 1214
698 1494
698 1259
698 1703
698 1304
698 1704
698 925
698 1705
698 1260
698 1706
698 881
698 1274
698 1416
698 1707
698 1325
698 1341
698 1263
698 1186
698 1290
698 1708
698 1070
698 1171
698 1295
698 1709
698 1231
698 1266
698 1268
698 819
698 1710
698 1249
698 1296
698 1364
698 1533
698 1482
698 1319
698 1711
698 1129
698 1297
698 1294
698 1532
698 1271
698 1196
698 1712
698 1361
698 1713
698 1299
698 1081
698 1714
698 1246
698 1715
698 1330
698 1165
698 1282
698 821
698 1288
698 1716
698 1673
698 1717
698 939
699 1166
699 1658
699 1402
699 1247
699 1659
699 1387
699 1660
699 1174
699 1518
699 1268
699 1661
699 1560
699 1662
699 1663
699 1664
699 1665
699 1666
700 869
700 987
700 1782
700 811
700 704
700 1071
700 1329
700 982
700 1783
700 1784
700 1785
700 1280
700 1786
700 1710
700 1787
700 1116
701 839
701 1351
702 877
702 1000
702 1011
702 2595
702 2474
702 2214
704 869
704 987
704 1670
704 1673
704 817
704 836
704 808
704 837
704 1107
704 1214
704 1905
704 1129
704 2646
704 1844
704 1281
704 913
704 1292
704 944
704 1245
704 2647
704 2648
704 2649
704 1530
704 2650
704 2350
704 2630
704 2651
704 2387
704 1264
704 1713
704 2477
704 2639
704 1938
704 2652
704 1291
704 1269
704 1180
704 2466
704 1700
704 1315
704 2386
704 1536
704 1872
704 1022
704 2653
704 2072
704 2654
704 2351
705 1710
705 937
705 2958
706 1135
706 932
706 1486
706 1127
706 1364
706 1440
706 2857
1004 869
1004 960
1004 987
1004 1008
1004 1006
1004 1596
1004 1597
1004 1598
1004 1361
1038 899
1038 1599
1039 1191
1530 856
1530 1082
1530 1183
1530 1599
1530 2192
1530 2783
855 777
855 782
855 987
855 1393
855 1394
855 1292
855 1107
855 911
855 1245
855 1409
855 1269
855 1171
855 1070
855 1410
855 1129
855 1081
855 1411
855 982
855 936
855 1412
855 1251
855 1190
855 1413
855 1414
855 932
855 1415
855 1416
855 1417
855 1418
855 1263
855 1419
855 1420
855 1082
855 1271
855 1162
1189 805
1189 909
1189 914
1189 918
1189 1975
1189 1979
1189 1621
1189 2520
1189 1614
1189 2521
1189 2382
1189 2522
1189 2523
1189 1447
1189 2116
1189 2524
1189 2525
1189 1923
1189 2407
1189 2341
1189 1920
1447 811
1447 899
1447 913
1447 999
1424 811
1424 899
1424 913
987 815
987 816
987 838
987 874
987 985
987 1023
987 1018
987 1024
987 1025
987 1026
987 1027
987 1028
987 1029
987 1030
987 998
987 1031
868 782
868 844
868 1422
868 1351
868 1508
868 1416
868 1509
868 1510
868 1439
868 1511
868 909
868 1512
2241 856
2241 893
2241 909
2241 911
2241 1292
2241 1324
2241 1328
2248 943
2248 1044
2248 1162
2248 1183
2248 1354
2248 1486
2248 1513
2248 1531
2248 1625
2248 1985
2248 1986
2248 1989
2248 1991
2248 1993
2248 1995
2248 1996
2248 1998
2248 2003
2248 2054
2248 2195
2248 2247
2248 2254
2248 2255
2248 2256
2248 2257
2248 2258
2248 2259
2248 2260
2248 2261
2248 2262
2248 2263
2248 2264
2248 2265
2248 2266
2248 2267
2248 2268
2248 2269
2248 2270
2248 2271
2248 2272
2248 2273
2248 2274
810 774
810 777
810 1040
810 883
810 955
810 958
810 956
810 959
810 957
806 758
806 782
806 805
806 2329
806 811
806 1157
806 951
806 1732
806 1325
806 1180
806 2503
806 867
806 1889
806 1323
806 1941
806 1421
806 1769
806 1010
806 852
806 1151
806 1411
806 1155
806 2504
806 2462
806 1710
806 2505
806 2506
806 2507
806 2508
806 2509
806 1016
806 909
806 1152
806 1717
806 1322
806 1245
806 2077
806 2290
806 839
806 2510
825 721
825 742
825 749
825 765
825 771
825 772
825 773
825 786
825 787
825 807
825 808
825 809
825 817
825 819
825 822
825 931
825 1135
825 1162
825 1104
825 1206
825 1208
825 1095
825 1081
825 1148
825 928
825 1630
825 1465
825 1245
825 1539
825 1077
825 2570
825 1268
825 920
825 1557
825 2528
825 2127
825 1564
825 2544
825 1762
825 1549
825 2445
825 1588
825 1509
825 1269
825 1580
825 1400
825 1253
825 929
825 922
825 1417
825 935
825 1511
825 1256
844 1744
844 982
844 2469
844 1776
1333 1044
1333 2412
1333 2411
1333 2502
2403 1321
856 728
856 765
856 2326
856 2329
856 1157
856 877
856 1155
856 1754
856 1759
856 1504
856 1164
856 1661
856 1188
856 2004
856 2009
856 2012
856 1567
856 1803
856 1347
856 1341
856 1342
856 919
856 2556
856 2936
856 2571
856 1519
856 981
856 2773
856 2374
856 2580
2440 841
2440 1772
2631 2965
1018 911
1018 1673
1018 1239
1018 1020
1018 1282
1018 1314
1018 2655
1018 2656
1018 2657
1018 1417
1018 2658
1018 1359
1018 2659
980 782
980 982
2431 2526
2632 2637
2632 2891
2632 2966
1951 1246
2412 1122
2412 1152
2412 1319
2412 1432
1007 869
1007 2055
1007 1793
1007 2805
1007 2272
1007 2806
1922 835
1922 936
1922 1110
1922 1818
1922 1827
1922 2551
2634 1776
1618 919
1618 1129
1618 1431
1618 1689
1618 2908
1618 2909
1661 845
1661 854
1661 1850
1661 2534
1661 2417
1661 2166
1661 2650
1661 2389
1661 2342
1661 1856
1661 2703
1585 787
1585 808
1585 817
1585 947
1585 1065
1585 1132
1585 1502
1585 2526
1585 1858
1938 790
1938 909
1938 1116
1938 2784
1878 1138
1878 1948
1878 2780
2635 2637
2635 2891
2635 2966
2384 1412
2384 1420
970 777
970 839
1404 1378
1404 1709
1404 1880
1404 2967
1404 2968
1404 1781
1404 2969
899 742
899 823
899 911
899 937
899 1265
899 1646
899 1239
899 2852
899 1292
899 1859
899 1704
899 1273
899 1261
899 1267
899 2640
899 2705
1059 808
1059 1294
1059 2613
1059 2550
1059 1407
1059 2441
1059 2469
2316 2785
1949 894
1949 2726
999 869
999 892
999 982
999 1324
999 1182
999 1927
999 2786
999 2787
1828 1619
1828 2785
2453 911
2453 1396
2453 2660
763 786
763 807
763 790
763 953
763 954
796 894
796 872
796 943
796 2133
1903 2330
777 931
777 969
777 862
777 902
782 757
782 760
782 786
782 787
782 817
782 814
782 808
782 883
782 977
782 809
782 918
782 864
782 978
782 979
782 981
782 982
782 983
782 819
782 984
1166 786
1166 805
1166 808
1166 817
1166 819
1166 836
1166 851
1166 917
1166 931
1166 942
1166 968
1166 984
1166 1002
1166 1671
1166 1670
1166 1672
1166 1673
1166 1674
1166 1675
1166 1676
1166 1677
1166 1678
1166 1679
1166 1680
1166 1681
1166 1682
1166 1683
1166 1684
1166 1685
1166 1686
1166 1687
1166 1688
1166 1689
1969 1963
1969 1980
851 1306
851 1291
851 1346
931 757
931 805
931 883
931 2171
931 1200
931 1395
931 2200
931 2201
931 2202
931 1365
931 2203
931 2204
931 2205
988 839
988 986
988 2573
988 2574
988 2575
988 1984
988 1934
988 1622
988 2061
988 2576
988 1324
1162 786
1162 831
1162 2342
1162 2130
2616 2042
2617 1168
2617 1509
2617 1510
1374 921
1374 990
1374 991
1374 993
1374 1174
1374 1195
1374 1202
1374 1207
1374 1363
1374 1367
1374 2249
1374 2250
1374 1650
1374 2591
1374 2661
1374 2700
1374 2693
1374 2662
1374 2686
1374 2494
1374 2685
1374 2698
1374 2579
1374 1562
1374 2669
1374 2676
1374 2681
1374 2226
1374 2530
1374 2672
1374 2497
1374 2690
1374 2505
1374 2506
1374 2675
1374 2674
1374 2696
1374 2665
1374 2673
1374 2677
1374 2701
1374 2670
1374 2694
1374 2699
1374 2664
1374 1767
1374 2215
1374 2682
1374 2692
1374 2688
1374 2684
1374 2680
1374 2687
1374 2678
1374 2257
1374 2265
1374 2697
1374 1388
1374 2689
1374 2671
1374 2507
1374 2695
1374 2668
1374 1652
1374 2666
1374 2667
1374 2663
1374 2166
2601 2487
2504 909
882 2591
977 933
977 1107
977 1715
977 2707
977 2832
977 1895
918 1393
918 932
918 951
918 982
918 930
918 1277
918 2556
918 2332
2173 1638
2173 1675
2173 2174
933 757
933 1183
933 2362
933 1516
933 2652
933 1899
2597 2842
1913 880
1913 911
1913 1171
1913 1188
1913 1297
1913 1402
1913 2833
1010 1071
1010 2329
1010 1148
1010 1815
1010 2493
1010 1179
2533 867
1034 903
1034 1239
1034 1240
1034 1241
1034 1242
1035 903
1035 1208
1035 1240
1035 1421
1036 1360
723 788
723 827
723 828
723 829
723 760
1167 2065
1167 2005
1167 2364
1167 2365
1167 2187
1167 2366
1167 2367
1167 2368
1168 817
1168 1725
1169 1044
1169 1627
1170 1936
1171 1675
1171 1244
1171 1691
1171 2718
1172 2065
1172 2005
1172 2364
1172 2365
1172 2187
1172 2366
1172 2367
1172 2368
1173 2605
1173 1195
1173 2788
1125 831
1125 1727
797 789
797 790
797 862
797 904
797 871
797 954
797 1070
797 1658
797 1960
1174 1501
1174 2116
1081 2201
1135 831
1135 836
1135 846
1135 1928
1135 1691
1135 1820
1177 1381
1178 917
1178 1299
1179 2068
1180 2702
1181 917
1181 1299
1182 992
1183 836
1183 913
1183 1670
1183 1905
1184 1773
876 734
876 790
876 827
876 845
876 854
876 1676
876 1687
876 1760
876 2417
876 2582
876 2588
1185 2413
1057 788
1188 1005
1188 1678
862 833
862 1760
862 1148
862 1402
862 1761
862 1762
862 1763
862 1764
862 1518
862 919
862 1347
862 1336
862 1700
862 1765
862 1766
862 1272
862 1767
862 1768
862 1769
862 1327
862 1770
1190 2422
1190 1517
1190 2423
1190 2424
1191 2790
1192 1941
1195 1074
1195 1381
1195 2128
1195 1780
1118 2320
1118 2623
1196 992
1196 1621
1196 1760
1196 2410
1197 1023
1197 2409
1199 2065
1199 2005
1199 2364
1199 2365
1199 2187
1199 2366
1199 2367
1199 2368
893 2240
893 894
893 1750
893 1055
1689 944
1689 946
1689 1107
1689 1415
1689 1638
1324 789
1324 790
1324 838
1324 1315
1324 1914
1324 1619
1324 1615
1324 2762
1324 1616
1324 2704
1620 1518
1620 1666
1620 1700
786 711
786 720
786 721
786 735
786 746
786 750
786 757
786 766
786 771
786 772
786 779
786 1453
786 1493
786 911
786 1467
786 861
786 928
786 1430
786 1460
786 1471
786 1465
786 1476
786 1208
786 1470
786 820
786 907
786 822
786 1132
786 808
786 1462
786 819
786 1307
786 1110
786 817
786 979
786 1940
786 1504
786 1401
786 1116
786 914
786 2169
786 938
786 860
786 1158
786 1455
786 1101
786 871
786 1469
786 1061
786 2170
786 920
786 1100
786 1343
786 2171
786 826
786 1495
786 935
786 809
786 1501
786 1868
786 1088
786 965
786 877
787 711
787 718
787 719
787 720
787 721
787 729
787 738
787 742
787 745
787 746
787 748
787 757
787 764
787 771
787 772
787 776
787 1668
787 817
787 808
787 819
787 1200
787 837
787 1206
787 1207
787 1064
787 1208
787 1095
787 1132
787 1219
787 1143
787 1124
787 1149
787 1233
787 965
787 1234
787 928
787 877
787 820
787 1101
787 821
787 1463
787 1430
787 1453
787 1471
787 1500
787 1508
787 930
787 1465
787 904
787 1083
787 1454
787 2543
787 1555
787 1123
787 1462
787 1353
787 1116
787 1102
787 1543
787 1536
787 1138
787 935
787 1472
787 1459
787 1475
787 1161
787 1482
787 1100
787 871
787 1110
787 1144
787 1456
787 1111
787 1158
787 1466
787 2544
787 929
787 1128
787 1343
787 1458
787 1256
787 822
787 1501
787 1121
787 1287
787 911
787 1255
787 1940
787 1762
787 1504
787 1470
787 920
787 1590
787 927
787 938
787 1557
787 1469
787 1307
787 809
787 1497
787 937
787 1546
787 1699
787 925
787 1544
807 718
807 720
807 721
807 735
807 742
807 747
807 749
807 750
807 757
807 766
807 768
807 772
807 773
807 779
807 780
807 781
807 817
807 808
807 819
807 1208
807 1467
807 820
807 1455
807 809
807 1453
807 1489
807 2171
807 927
807 1473
807 2170
807 914
807 938
807 860
807 1501
807 1061
807 1482
807 1116
807 920
807 1495
807 1505
807 1460
807 930
807 1504
807 826
807 861
807 1465
807 1868
807 1462
805 717
805 727
805 728
805 731
805 736
805 738
805 752
805 754
805 758
805 760
805 761
805 767
805 769
805 773
805 774
805 775
805 1630
805 1728
805 887
805 1080
805 1382
805 1729
805 1730
805 1467
805 1731
805 877
805 1348
805 951
805 1732
805 1733
805 888
805 916
805 1734
805 1735
805 1736
805 915
805 1737
805 1738
805 1621
805 1325
805 1739
805 1740
805 1632
805 1741
805 1013
805 1742
805 1352
805 1160
805 1224
805 886
805 1155
805 1743
805 1674
805 921
805 827
805 1744
805 1745
805 1106
805 957
805 1707
805 958
805 1498
805 1318
805 1746
805 1747
805 1748
805 820
805 955
805 1749
805 956
805 1750
805 1534
805 1638
805 1751
805 1752
805 982
805 867
805 1101
805 1753
805 946
805 1754
805 1755
805 1756
805 821
805 1757
805 959
805 1758
805 1759
945 760
945 795
945 1540
945 2622
945 2435
979 817
979 823
1026 1265
729 817
729 860
729 824
729 861
738 788
738 754
738 891
738 818
738 892
738 857
742 817
742 809
742 898
742 824
742 826
742 757
742 819
742 900
764 824
770 963
771 757
771 817
771 820
771 808
771 809
771 964
771 965
771 818
771 824
771 877
771 966
771 826
771 819
1041 815
1041 816
1041 891
1200 808
1200 2335
1202 930
1202 1013
1202 1381
1202 2399
1076 1824
1076 2264
837 788
1206 1670
1207 2344
1207 1381
811 728
811 781
811 803
811 858
811 2405
811 1031
811 2106
811 895
811 1507
811 1467
811 1422
811 859
811 2406
811 2407
811 1164
811 1411
811 2363
1208 808
1209 943
1095 819
1053 1539
1107 1395
1107 1582
1214 1005
1214 2201
1052 816
932 757
932 808
932 817
932 824
932 832
932 897
932 923
932 2411
932 1582
932 964
932 1888
932 2202
1215 976
1215 1412
1216 2413
1218 842
1218 847
1218 2203
1157 1510
1157 1509
1131 913
1222 1654
1143 817
1143 2420
1069 808
1069 1834
1223 1638
1224 1851
1224 2421
1225 836
1225 857
1225 2385
1145 857
1145 887
1105 800
1105 1834
1098 942
1124 1914
965 809
965 817
965 819
965 920
965 929
965 964
1097 1691
928 757
928 809
928 817
928 2443
1156 891
1236 2444
1237 2187
717 788
717 814
717 815
717 816
718 788
718 817
718 808
718 818
718 816
718 815
718 819
719 808
721 817
721 808
721 809
721 824
721 819
721 757
721 826
728 857
728 858
728 816
728 859
728 815
743 788
747 877
748 860
748 861
765 857
765 955
765 956
765 957
765 958
765 959
767 754
767 960
767 961
774 836
774 886
774 877
774 791
776 968
776 790
781 891
1040 885
1040 2330
1040 2331
1009 2574
1044 814
1044 942
1044 976
1044 1680
1044 1683
1044 2534
1044 2587
1044 1362
1044 2489
1049 1078
1049 1892
1049 2612
1054 788
1054 815
1054 816
1054 2187
1070 2336
1070 2615
1071 840
1071 916
1071 1928
1071 2228
1071 2343
1073 1353
1074 883
1074 1671
1075 818
903 835
1078 857
1078 2618
1080 808
1084 812
1085 790
1085 2619
1088 815
1088 904
1089 916
1091 885
1092 2535
1092 1936
1093 2378
1094 1658
1094 2620
925 817
925 914
925 917
925 2513
1100 808
1015 953
1101 871
1110 790
1110 835
1110 2559
1110 2560
1111 2621
1112 960
1114 916
1116 790
1116 885
1116 904
1116 1691
1116 2385
1116 2209
1116 2386
1116 1960
1116 1610
1116 1727
1116 2566
1116 2567
1117 1600
1119 2624
1120 808
951 760
951 836
951 955
951 956
951 958
951 959
951 957
1123 1928
1123 1798
1127 953
1127 2338
1129 795
1129 833
1129 995
1129 1612
1129 1680
1129 1914
1129 1426
1129 2626
1129 1783
1129 2627
1129 2628
1133 790
1136 2467
1138 818
1140 2420
1144 866
1144 942
1144 1622
1144 2629
1146 857
939 757
939 845
939 854
939 1000
835 1827
835 2414
835 2551
835 1867
835 2559
835 1818
835 2584
835 2560
835 2552
1153 910
1153 2340
1154 824
982 827
982 833
982 890
982 978
982 1850
982 1614
982 1941
1159 1691
1164 816
1363 1381
1364 1670
1364 1658
1364 2636
1365 831
1365 994
1365 2462
1365 1702
812 773
812 919
812 2581
812 2639
812 2572
812 2640
812 2641
812 2642
812 2643
812 2644
812 2645
1366 1252
1367 1381
1367 1641
2081 2026
2016 815
2016 816
2016 857
2016 2385
2016 2737
2016 2336
2016 2386
1820 1622
1884 895
1884 2534
1885 895
1885 2534
1872 2336
1411 2556
1928 993
1928 1318
1928 1394
1928 1609
1928 1621
1928 1633
1928 2066
1928 2183
2513 955
2513 956
2513 957
2513 958
2513 959
2513 1700
2513 1817
2513 2014
2513 2191
2513 2532
2708 2523
2708 2525
923 1940
923 2044
923 1452
923 1957
923 1594
923 2767
923 1826
923 2185
2709 2768
808 720
808 730
808 735
808 746
808 772
808 817
808 820
808 824
808 927
808 1471
808 896
808 978
808 1343
808 922
808 920
808 818
808 938
808 1501
808 2006
808 914
808 1534
808 2199
808 1458
808 819
808 935
794 759
794 1016
794 2592
794 1883
794 1700
794 1298
794 2175
1941 894
1941 1416
1941 1637
1941 1693
1941 1708
1941 1717
1941 1844
1941 1854
1941 2279
1941 2519
1029 1635
1029 1429
1936 1396
1936 1441
1936 1524
1936 1717
1936 1771
1936 2351
1023 2547
1023 2245
1023 2060
1023 1840
1760 1916
1760 2548
1760 1923
1760 1919
1760 2778
1760 2521
1914 1244
1914 1736
1911 1491
1911 2320
1302 840
775 967
1798 992
1799 867
1799 2855
1272 839
1272 866
1272 2184
1801 1577
1350 1020
1350 2556
1350 2177
1327 1887
1327 1361
1253 2203
1788 976
1788 2527
1334 913
1803 953
1803 1772
1431 1269
1431 2583
1807 867
1807 1329
1807 1332
1807 2855
930 757
930 809
930 817
930 818
930 819
930 824
930 920
930 922
930 929
930 938
930 1614
930 2557
1810 1662
1810 2344
1812 2563
1358 2856
1361 966
1361 2244
1020 841
1020 2857
1020 2858
1020 2582
1357 818
1357 841
1357 1655
1815 913
1815 917
1815 2509
1707 955
1707 956
1707 957
1707 958
1707 959
1707 1849
1707 2512
1816 2511
1699 914
1817 867
1817 909
1818 1391
1818 2171
1818 2552
1824 867
1824 1329
1824 1332
1824 2855
1824 2492
1826 924
1827 898
1827 2551
1827 2552
1827 2553
734 875
734 877
734 878
734 879
734 880
734 881
916 754
916 915
916 2327
916 1731
916 2235
916 1849
916 1283
916 1787
916 1407
916 2493
916 1741
916 922
916 2215
1897 1635
1897 2042
1492 2327
1767 798
1767 1280
1767 2327
1767 2344
910 1637
992 947
992 986
992 2327
992 1916
992 2819
1945 2327
1945 2658
790 869
790 1455
790 2056
790 2567
790 2360
790 2730
790 1313
790 1883
790 1400
1393 1362
1393 1503
1393 2341
875 1486
1351 838
1351 1467
1436 840
1436 960
1436 2319
1877 1301
792 714
792 1990
973 1501
973 1379
1421 2704
1908 1967
1408 1851
1455 788
1455 809
1455 2420
732 869
744 901
744 902
869 757
869 838
869 865
869 985
869 994
869 995
869 957
869 956
869 955
869 996
869 959
869 997
869 998
869 1000
869 1001
869 1002
869 1003
869 958
869 1005
869 1006
869 1008
1281 1984
1281 1362
1422 885
1423 2885
1425 2605
1425 1700
1425 1766
1428 1444
1430 788
1304 1887
1438 883
1441 1240
1386 2013
1386 2753
1386 2888
1386 2889
1386 2861
1386 2890
1444 2279
1444 2214
1444 2904
1389 885
1449 1962
1328 2509
1328 2901
1328 2562
1328 2375
1328 2833
1451 894
1451 2604
881 757
881 2242
720 820
720 772
720 821
720 822
720 757
720 823
757 926
757 817
757 820
757 809
757 927
757 911
757 929
757 772
757 920
757 822
757 934
757 922
757 935
757 892
757 819
757 936
757 823
757 759
757 937
757 938
757 940
760 836
760 944
760 886
760 946
760 947
760 915
760 948
760 949
760 950
760 827
760 952
772 817
772 820
772 809
772 824
772 826
772 819
1669 883
1669 968
1968 1963
1968 1964
1968 1980
817 773
817 809
817 820
817 826
817 914
817 1471
817 920
817 1343
817 922
817 1462
817 2184
817 818
817 1796
817 1539
817 819
817 938
817 2185
1292 883
1292 2409
1297 2629
2068 1532
2068 2561
1917 1684
1917 2508
2069 2729
2070 2881
937 883
937 2726
937 2227
2078 1658
2078 2344
2078 2753
2078 2745
922 818
922 820
922 1462
1471 820
1471 824
1471 826
1471 964
785 708
785 709
2084 917
911 754
911 818
911 848
911 883
911 1680
911 921
911 1614
911 914
911 2554
911 2555
911 2556
911 1254
911 2409
911 1500
911 1396
911 2557
911 2203
1539 892
921 822
921 2344
921 1343
921 935
921 2514
1500 809
1500 935
1500 1343
1753 836
793 714
2091 1882
1504 913
1504 2561
2094 2916
800 829
800 2898
1714 2721
2096 2324
2096 2874
2097 1279
1866 953
1866 1934
1866 2870
2105 2344
1651 917
1651 2646
1700 2402
1700 2227
929 818
929 820
929 1343
2110 2753
2110 2478
2110 2917
920 809
920 818
920 819
920 820
920 824
920 914
920 1343
920 2199
1512 858
1512 1005
1512 1412
1511 827
1511 2762
1511 2043
1511 1761
1511 2897
938 818
938 820
2118 2569
2118 2918
791 714
791 1742
791 820
1401 2462
1401 2562
1401 2563
1401 2564
1401 2565
2120 788
2120 883
823 795
823 1016
823 2360
823 2439
1378 2887
2847 2478
2331 1842
1659 898
1659 1402
2203 1560
2203 2707
1242 2875
1952 909
1848 1412
1848 1851
2826 2720
1321 1002
2721 1256
2721 1260
2721 1703
2720 839
2720 2871
1675 1846
1675 2174
1675 2175
1467 818
1851 1476
2462 1409
2462 2710
2462 2711
2247 960
1916 2025
1243 2344
2276 788
1999 1967
1999 2582
1382 859
1382 2489
2281 889
2281 890
2281 2332
878 942
878 943
878 1834
2022 1975
2022 1976
2022 1980
2022 1981
2022 1982
1986 1967
1577 2575
1577 2535
2285 2964
2288 2619
2289 943
2290 1296
950 827
950 942
1662 2344
1662 2345
1336 2260
1336 2613
1336 2483
2297 2023
1625 2478
2304 2344
2307 2806
813 2592
813 1245
813 2593
813 2360
813 2392
813 2594
813 1880
813 1397
1996 1967
2317 2187
2041 2340
2318 2743
2318 2896
1518 942
1392 2807
890 737
890 889
890 2321
890 1844
890 2332
890 1858
890 2225
890 2501
890 2813
890 2814
890 2217
889 737
889 2321
889 1337
889 2814
889 2715
889 2202
889 2582
2351 1887
2351 2841
2332 1017
2332 1337
2332 2202
2332 2225
2332 2321
2332 2501
2332 2715
2332 2875
2332 2814
2332 2813
840 2900
863 2782
934 838
934 857
934 2803
1777 2985
1278 827
2397 1898
2397 1900
2341 1263
2341 1280
2341 1420
2341 1708
1934 1376
1354 1967
1354 2478
1354 2465
1354 2486
752 857
752 886
1325 955
1325 956
1325 957
1325 958
1325 959
1325 1614
1759 857
1759 2535
914 754
914 809
914 820
914 826
914 857
914 877
914 913
914 2011
914 1412
914 1503
914 2433
1412 783
1412 784
1412 795
1412 1852
1293 2898
936 906
936 1000
936 2816
2580 909
1257 976
1419 2970
1658 943
1658 1490
1658 1979
1658 2520
1658 2747
1658 2748
1658 2749
1658 2750
1658 2751
1658 1993
1658 2752
1658 2753
1658 2754
1658 2755
1658 2756
1658 2757
1658 2758
1658 2744
1658 2027
1658 2759
2343 2781
2862 1409
1633 2771
1338 892
1400 2379
1920 2025
1920 2834
1920 1955
1920 2499
1920 2835
1387 885
1923 831
1923 966
1923 2025
1923 2499
1923 1955
1923 2834
1923 2345
1245 1002
1245 2717
1245 2718
1245 1268
2446 896
2446 2177
2446 2719
795 2866
773 857
773 818
1332 816
1332 888
1332 2387
1332 2218
1332 2390
1332 2336
1332 1701
1332 1603
1332 2227
1332 2950
1862 913
1864 809
1867 1683
1307 2244
1871 877
2409 919
1650 1381
1650 1677
1650 1943
1650 1954
1650 2382
867 836
867 957
867 958
867 955
867 956
867 2531
867 2532
867 959
990 947
990 986
990 1381
1652 1381
1453 819
1453 904
1453 1489
1844 1000
1844 2777
1844 2811
1844 2604
1844 2812
2045 1725
905 913
1887 1013
1887 1797
1887 2792
1514 960
1515 2380
1517 2322
1517 2454
1517 2775
1371 2885
1523 2582
1526 2187
1531 1682
1531 2932
1532 1262
1532 2962
2227 942
883 1752
883 1754
883 2128
883 944
883 2515
883 1259
883 1347
917 754
917 827
917 886
917 915
917 2229
917 955
917 956
917 1398
917 1638
917 2230
917 1731
917 2231
917 959
917 1693
917 2232
917 2233
917 2234
917 2235
917 2169
917 2236
917 958
917 957
917 948
947 1000
1556 2817
1317 2874
2872 2344
895 944
1000 2547
1000 1954
1000 1615
1000 2548
1000 2060
1000 1657
1000 2549
830 2574
830 1622
831 2323
831 2011
831 1553
831 2957
1832 2867
1834 1251
1013 839
1013 2502
2168 2194
2168 2905
2201 1881
2201 2818
2029 1605
2029 2907
1967 1963
1967 1985
1967 1987
1967 1988
1967 1989
1967 1990
1967 1991
1967 1992
1967 1993
1967 1994
1967 1995
1967 1997
1967 1998
1967 2000
1967 2001
1967 2002
1967 2003
857 1964
857 1971
857 1835
857 1580
857 2004
857 1849
857 2005
857 1746
857 2006
857 896
857 2007
857 948
857 1738
857 2008
857 2009
857 2010
857 2011
857 915
857 2012
857 2013
857 2014
857 946
857 2015
998 892
969 1416
2034 2959
1680 2189
1680 2190
1680 2191
1680 2192
1681 2193
2038 2582
1391 2560
1391 2553
1331 1249
909 2530
909 2567
909 1316
909 2714
909 1289
909 1030
909 2715
2043 2471
1940 919
1940 1011
1940 2187
1269 2378
1269 2564
1323 2378
1606 2988
1609 2871
1610 827
2052 2002
2052 2582
1621 821
1621 836
1621 892
1621 946
1621 949
1621 955
1621 956
1621 957
1621 958
1621 959
1621 991
1621 1943
1621 2011
1621 2494
1621 2208
1621 2495
2056 2584
1479 901
1479 2585
1479 2355
1479 2582
1479 2586
1479 2587
1479 1953
1479 2002
1486 2585
1486 2449
1486 2023
1486 2582
1486 2586
1486 2590
1486 1953
1316 839
1615 859
1615 1420
1615 2769
1717 2716
2061 2731
2061 2451
2061 2732
2061 2733
2064 897
2064 1942
2064 2732
2064 2975
754 818
754 820
754 912
754 913
754 915
754 877
1420 948
1420 1619
1420 1849
1420 2383
1420 1616
1280 818
1280 2897
1280 2858
2128 1670
1508 852
1508 1265
2130 981
2130 2790
1347 2199
1347 2463
1347 2859
1347 2383
1347 2583
2131 2187
2132 2011
1670 1782
1670 1792
1670 2166
971 866
971 1718
971 1719
971 1720
971 1721
972 866
972 1720
972 1721
972 1719
975 1781
976 1375
976 1789
976 1790
1725 1376
1725 2776
1725 2223
1850 1715
1850 2764
1850 2765
1955 2978
885 761
885 874
885 2358
885 2359
946 859
946 1614
946 2184
946 1691
946 1954
946 2382
946 2492
1703 2934
2600 1016
1311 2952
1687 1676
1687 2183
1687 2182
1687 2181
1687 2180
986 985
986 989
986 991
986 993
995 908
995 2791
995 1008
1613 816
1613 1001
1613 1006
1613 1315
1613 2762
1622 874
1622 2478
1622 1791
2574 1591
1933 1638
2025 1697
2025 1979
2025 2820
2025 2821
2025 2778
2025 2822
2025 2823
2025 2524
2025 2824
2025 2521
2602 943
898 2510
898 978
898 2883
942 759
942 2222
942 2223
942 2224
942 2216
942 2225
942 1842
942 2226
942 1377
788 2253
788 1476
788 2536
788 1463
788 1405
788 1496
788 2537
788 2538
788 2539
2605 1786
2605 2891
2535 1626
2478 2003
2478 2254
2478 2269
2478 2846
2478 2946
2606 880
2606 1372
2606 2918
2606 2997
824 820
824 822
824 1458
824 1286
2335 1628
2335 1695
2335 2815
2396 871
2607 1629
2607 2231
2608 964
2610 964
2559 2552
2559 2553
2559 2782
866 1762
866 1734
866 1320
866 1791
2187 1008
2187 1457
2187 1573
2187 1581
2187 1678
2187 1743
2187 1795
2187 1842
2187 2370
2187 2371
2187 2372
2187 2262
2187 2373
2187 2361
2187 2374
2187 2375
2187 2188
2187 2376
2187 2377
2187 2362
978 845
978 854
1733 827
2245 1781
2245 2219
2246 1797
714 733
2459 2810
708 707
708 783
708 784
708 726
913 877
913 886
913 1734
913 1741
913 1747
913 1534
913 2169
913 2229
913 2232
913 2235
913 2230
913 2738
913 2739
913 1291
913 2234
913 2233
913 2006
913 2557
913 2491
913 2643
809 746
809 820
809 822
809 2196
809 1343
809 1563
841 1713
841 1694
897 2727
872 733
872 2728
871 877
871 1474
860 1463
860 1489
860 2558
861 1463
861 1489
861 2558
818 1755
818 822
818 935
818 2528
818 1480
894 1898
894 1710
894 2242
894 2243
1852 2256
1852 2910
1852 2779
1855 2911
1682 1629
1682 2195
1682 1995
1682 1991
1682 1988
1682 1987
1682 1992
1682 1997
2000 1988
2000 1991
2000 2195
2344 1388
2344 1503
2344 1567
2344 1588
2344 2591
2344 2505
2344 2506
2344 2433
2344 2878
2344 2691
2344 2684
2344 2695
2344 2690
2344 2698
2344 2879
2344 2376
2344 2630
2344 2693
2344 2880
2344 2701
2344 2752
2344 2667
2344 2881
2344 2682
2344 2696
2344 2882
2344 2680
2344 2883
2344 2688
2344 2668
2344 2754
2344 2669
2568 2444
836 736
836 827
836 1674
836 1730
836 886
836 958
836 1742
836 2208
836 915
836 2014
836 2209
836 2210
836 956
836 1743
836 948
836 959
836 955
836 2211
836 1731
836 1752
836 957
836 949
836 1755
836 1746
836 2212
836 1751
838 2787
838 2786
838 2621
839 758
839 2321
839 2517
839 1488
839 2377
839 1271
839 1761
839 1709
839 2706
839 2719
845 854
848 1276
852 1409
852 2705
852 2661
852 2375
852 2706
852 2707
852 2236
853 2520
2408 994
1960 1251
819 820
819 1543
819 1343
819 935
826 820
826 821
826 877
826 1343
826 1543
826 2197
826 2185
826 2571
826 935
826 1555
964 820
964 935
964 1343
877 820
877 1742
877 1534
877 2491
1503 820
1503 2199
2432 940
2432 1343
2433 820
2433 2185
908 2864
908 2637
1691 1246
1691 1339
1691 1376
1691 2210
1691 2812
1691 2657
1691 2935
1691 2640
1961 1723
1961 2865
1962 1017
1962 2450
1962 2216
2445 2489
1410 814
822 820
2205 2136
2205 2763
2447 1705
2448 2734
820 2528
820 2529
816 736
816 2385
816 2336
816 2386
816 2387
816 2388
816 2389
816 2390
816 2391
816 2392
816 2393
816 1790
816 2394
816 1789
816 888
816 1738
891 1688
891 2392
815 736
815 2336
815 2394
815 2389
815 2391
815 2387
815 1738
815 2395
815 2390
2385 1482
2385 1489
2385 1738
2385 2336
2385 2391
2385 2387
2385 2392
2385 2390
2385 2394
2385 2927
2386 1482
2386 1489
2386 2336
2386 2391
2386 2387
2386 2927
2386 2390
2386 2566
2167 2987
2167 2994
2378 1596
2378 1597
2378 2264
2378 2550
953 799
953 2392
953 2594
886 736
886 1731
886 915
886 1737
886 1751
886 2006
2346 2347
2347 1900
2347 2243
2347 2784
2951 2995
2804 997
759 941
759 943
1797 859
1797 1008
1772 2587
1265 2194
1265 2411
1840 2547
1843 1395
1843 2904
955 1674
955 1729
955 1743
955 957
955 958
955 2526
955 956
955 959
955 1752
955 2375
955 2527
1845 2781
1415 2171
1415 2454
1415 2775
959 956
959 957
959 958
959 1674
959 1729
959 1743
959 1752
959 2527
959 2526
959 2375
958 956
958 957
958 1674
958 1729
958 1743
958 2527
958 1752
958 2526
958 2375
1376 2370
1847 2383
956 1674
956 1729
956 1743
956 957
956 1752
956 2527
956 2526
956 2375
1752 957
1752 2530
989 827
989 2496
957 1674
957 1729
957 1743
957 2526
957 2527
957 2375
1742 2512
1849 1782
1849 2208
1748 2509
1748 2383
887 736
887 2014
887 948
887 1738
1298 2921
1299 2717
1305 2738
1251 1510
1251 2886
1315 2868
1319 2649
1319 2512
1320 1720
1320 2895
1326 1005
1782 2026
1598 2636
1724 2615
1890 2992
1890 2990
1891 2992
1891 2990
880 2683
880 2990
880 2944
733 873
733 874
1394 2870
1395 2174
1396 2902
1397 1011
1399 2983
1900 966
1343 2529
1359 2775
2179 963
2450 2590
1005 2520
983 1390
983 2793
983 2748
983 2919
983 2799
983 2920
2679 1381
2339 1713
2500 996
1750 870
1750 2244
1726 2424
2410 1277
968 1667
968 1668
2490 1730
2490 2876
2546 1596
2546 1597
2546 2550
1974 1964
2475 2907
2215 1381
2215 2228
2899 1943
2228 915
2228 1409
2228 1746
707 709
727 814
736 888
739 827
755 789
1457 1990
1459 2420
1470 2420
1472 2725
1473 2420
1475 1721
1477 2734
1481 2443
1484 2420
1490 1964
1490 2019
1490 2020
1490 2021
1627 1381
1628 1381
1629 2463
991 2770
1636 2772
1636 2773
1641 2687
993 858
993 859
993 1381
993 2166
993 2774
1649 2508
935 2529
904 2360
2353 2901
2354 2563
2237 1688
1710 2449
1710 2595
1710 2474
2468 2523
1697 2527
1697 2770
1966 1963
1966 1964
1966 1984
1976 1964
1976 2023
1978 1964
1982 1964
1983 1964
1983 1971
943 1972
943 1979
943 1728
943 2520
943 1262
943 1270
943 2743
943 1390
943 2413
943 2724
943 2744
943 2620
943 2010
943 2745
943 2746
2747 2381
2793 2753
2725 2923
1262 2743
1262 2896
2756 2026
2756 2753
2759 2026
1993 1786
1993 2922
1993 2582
2744 2019
2794 2026
1390 941
1390 2836
2758 2020
2758 2027
2795 2024
2796 2023
2796 2413
2750 2019
2750 2028
2750 2836
2750 2917
2797 2026
2798 2836
2757 2019
2394 2388
2394 2393
1543 2724
1541 902
966 2521
966 2216
1705 2200
2360 1011
2360 2850
2729 2973
1406 2892
2979 2985
2980 2985
2380 2853
2380 2854
2220 1545
2220 1686
2220 2221
2259 1509
2259 1510
2449 1751
827 2515
827 1749
827 2516
827 2517
827 2518
827 1784
827 2519
827 2480
2451 2588
2452 944
1011 2584
1011 2488
1011 1789
1011 1790
1011 2850
2218 1240
2218 1789
2218 1790
960 2249
960 2250
960 2251
960 2252
960 2253
2789 2776
2402 2498
814 2008
2853 2854
2593 2953
2593 2954
2860 2194
2860 2905
2861 2955
2194 2905
2703 2357
2703 2503
2809 1950
2541 2892
2567 2784
1240 1014
1240 2834
2338 2702
2702 2773
1683 1769
2348 1954
804 873
2710 2935
2560 2553
1619 859
1619 2769
2769 1616
2649 1713
2660 2763
2863 2989
2740 2815
1239 2454
1239 2775
1250 2895
1271 2553
1273 2816
1277 1025
1277 2172
1294 2711
2212 859
1032 1033
2216 2531
2024 1979
1674 2172
2190 1381
2499 2521
2499 2944
2865 2996
1612 1657
1656 2381
1950 1756
1950 1973
1950 2808
985 926
1022 2879
1953 2976
2476 2492
874 2781
2485 2870
2550 1984
2534 1757
2521 2835
2778 2820
2780 2553
2780 2642
2781 873
2166 1381
2166 1792
2454 2422
1695 2334
2323 888
2323 2336
1545 1686
1545 2221
1562 1381
1582 2818
1586 2819
2569 1711
2569 2151
2569 2222
2569 2851
2336 2387
2336 2390
2336 2927
2527 2134
2527 2141
2527 2875
2695 1381
1720 1792
2136 2876
2144 2737
2145 1025
2157 2540
2157 2739
2157 2688
2839 1770
2840 2734
2206 1685
2659 2811
2655 2811
2785 2832
2841 2772
2842 1991
2842 2254
2842 2269
1381 2249
1381 2250
1381 2252
1381 2591
1381 2661
1381 2662
1381 2530
1381 2663
1381 2664
1381 2665
1381 2666
1381 2667
1381 2668
1381 2669
1381 2670
1381 2671
1381 2672
1381 2673
1381 2674
1381 2675
1381 2676
1381 1388
1381 2677
1381 2506
1381 2678
1381 2680
1381 2681
1381 2373
1381 2682
1381 2683
1381 2684
1381 2505
1381 2685
1381 2686
1381 2687
1381 2688
1381 2689
1381 2690
1381 2257
1381 2691
1381 2507
1381 2692
1381 2693
1381 2694
1381 2494
1381 2696
1381 2697
1381 2698
1381 2699
1381 2700
1381 2226
2267 941
2820 2724
2820 2821
1989 2582
1991 2582
2003 2932
1373 2790
1721 1793
1402 2942
1402 2833
2728 2886
2742 2741
2742 2760
2188 1678
2371 2531
2848 2984
2682 2514
1698 2960
1698 2961
1701 2564
1712 2334
1715 2570
1664 2653
1784 2788
2654 2928
2958 2972
2857 2858
1975 1964
1979 1964
1979 2018
1979 2026
1979 2027
1979 2028
2520 1657
2520 2741
2522 2661
2524 2002
1031 2864
2264 2943
2266 2028
2272 2531
2274 2944
2503 2357
2506 2712
2509 2713
2502 2763
1754 2383
2936 2582
2965 2909
1793 2991
2805 2991
2806 2983
2389 888
2967 2887
2968 2887
1781 2887
2969 2887
2330 2357
1676 2180
1676 2181
1676 2182
1676 2183
1685 2207
1686 2221
1963 1964
1963 1971
1963 1965
1963 1970
1980 1964
2200 2564
2204 2974
2693 2514
2226 2514
2226 2903
2174 952
829 1033
2364 2369
2365 2369
2413 2549
1761 2867
1761 2940
2424 2920
2762 2867
888 2492
2399 2937
2489 2007
2612 2618
2620 2019
2620 2753
2620 2745
2620 2933
2624 2884
2629 1791
994 2791
2645 2767
2026 2746
2026 2753
2026 2027
2026 2808
2183 2181
2768 2998
2592 2876
2548 2815
2235 2334
2013 2018
2013 2028
2753 2745
2753 2751
2753 2923
2753 2924
2753 2925
2888 2948
2889 2955
2890 2018
2890 2019
2890 2947
2890 2948
2890 2949
940 2916
1964 1971
1964 1972
1964 1973
1964 1977
1964 1970
1964 1981
2745 2019
2745 2933
2514 2715
2917 2982
2897 2867
2564 2950
2023 1977
2023 2882
2023 2924
2023 2982
2807 2518
2803 2002
783 2760
784 2760
2748 2019
2771 2683
2531 2963
2905 2960
2905 2961
2007 2770
2959 2943
2731 2727
2732 2727
2383 2516
2764 2766
2765 2766
2182 2181
2181 2180
2821 2941
2822 2018
2823 2836
2824 2019
2537 2540
2946 2734
2739 2912
2558 2019
2878 2712
2517 2938
2517 2939
2388 2393
2987 2986
2994 2995
2868 2945
2919 2021
2920 2019
2019 1973
2019 2925
2019 2971
2019 2972
2028 2977
2953 2981
2954 2981
1973 2017
1973 2018
2851 2999
2540 2912
2938 2993
2939 2993
2018 2977
2947 2017
