1311 10
1311 110
1311 281
1311 652
1311 373
1311 881
1311 677
1311 2642
0 69
0 70
0 71
0 72
0 73
0 5
0 74
0 75
0 76
0 77
0 78
0 6
0 79
0 7
0 80
0 8
0 81
0 10
0 82
0 83
0 12
0 84
0 13
0 14
0 85
0 15
0 86
0 87
0 88
0 16
0 89
0 17
0 18
0 90
0 19
0 91
0 92
0 93
0 20
0 94
0 95
0 96
0 97
0 98
0 99
0 22
0 100
0 101
0 102
0 24
0 25
0 103
0 104
0 105
0 26
0 106
0 107
0 27
0 108
0 28
0 30
0 109
0 31
0 110
0 111
0 112
0 113
0 114
0 35
0 115
0 116
0 117
0 118
0 119
0 120
0 121
0 122
0 123
0 124
0 125
0 126
0 127
0 128
0 38
0 129
0 130
0 131
0 132
0 133
0 134
0 39
0 135
0 136
0 137
0 40
0 41
0 138
0 42
0 139
0 140
0 141
0 142
0 143
0 144
0 145
0 146
0 147
0 44
0 45
0 148
0 149
0 150
0 151
0 51
0 52
0 54
0 55
0 57
0 59
0 62
0 63
0 64
0 65
0 152
0 153
0 66
0 154
0 155
0 156
0 157
0 158
0 159
0 160
0 161
0 162
0 163
0 164
0 165
0 166
0 167
0 168
0 169
0 170
0 171
0 172
0 173
0 174
0 175
0 176
0 177
0 178
0 179
0 180
0 181
0 182
0 183
0 184
0 185
0 186
0 187
0 188
0 189
0 190
0 191
0 192
0 193
0 194
0 195
0 196
0 197
0 198
0 199
0 200
0 201
0 202
0 203
0 204
0 205
0 206
0 207
0 208
0 209
0 210
0 211
0 212
0 213
0 214
0 215
0 216
0 217
0 218
0 219
0 220
0 221
0 222
0 223
0 224
0 225
0 226
0 227
0 228
0 229
0 230
0 231
0 232
0 233
0 234
0 235
0 236
0 237
0 238
0 239
0 240
0 241
0 242
0 243
0 244
0 245
0 246
0 247
0 248
0 249
0 250
0 251
0 252
0 253
0 254
0 255
511 8
511 46
511 144
511 147
511 155
511 161
511 184
511 242
511 299
511 482
511 431
511 454
511 460
511 630
511 477
511 480
511 483
511 814
511 451
511 459
511 484
511 628
511 635
511 643
511 843
511 847
511 1450
511 1921
511 1922
511 841
511 1952
765 8
765 12
765 24
765 39
765 77
765 85
765 93
765 146
765 164
765 187
765 195
765 225
765 229
765 230
765 240
765 242
765 246
765 251
765 264
765 273
765 283
765 288
765 319
765 347
765 496
765 759
765 574
765 766
765 1300
766 29
766 90
766 108
766 177
766 198
766 230
766 239
766 264
766 321
766 573
1 304
1 305
1 69
1 70
1 274
1 71
1 72
1 306
1 73
1 5
1 74
1 307
1 77
1 80
1 8
1 9
1 12
1 15
1 258
1 18
1 19
1 94
1 104
1 308
1 42
1 49
1 187
1 190
2 71
2 75
2 77
2 6
2 316
2 79
2 275
2 80
2 8
2 10
2 12
2 84
2 317
2 318
2 85
2 90
2 19
2 91
2 319
2 280
2 320
2 20
2 95
2 281
2 104
2 308
2 296
2 108
2 30
2 266
2 321
2 322
2 111
2 32
2 283
2 37
2 126
2 323
2 133
2 324
2 303
2 145
2 146
2 298
2 55
2 160
2 165
2 325
2 326
2 327
2 328
2 329
2 175
2 330
2 331
2 179
2 332
2 333
2 185
2 334
2 335
2 336
2 197
2 198
2 218
2 337
2 338
2 339
2 340
2 341
2 342
2 343
2 344
2 345
2 346
2 225
2 227
2 229
2 287
2 288
2 240
2 290
2 347
2 251
3 69
3 274
3 73
3 5
3 74
3 77
3 78
3 79
3 7
3 11
3 380
3 12
3 13
3 15
3 276
3 87
3 16
3 278
3 17
3 18
3 19
3 91
3 280
3 94
3 22
3 25
3 27
3 108
3 516
3 29
3 31
3 111
3 309
3 33
3 487
3 112
3 114
3 118
3 119
3 490
3 40
3 42
3 502
3 146
3 284
3 49
3 50
3 51
3 54
3 55
3 58
3 59
3 61
3 65
3 66
3 473
3 159
3 641
3 596
3 874
3 294
3 190
3 195
3 334
3 517
3 198
3 1085
3 1109
3 1145
3 1295
3 1296
3 314
3 1297
3 542
4 71
4 5
4 7
4 13
4 87
4 16
4 97
4 617
4 103
4 27
4 266
4 110
4 32
4 112
4 34
4 35
4 37
4 123
4 549
4 627
4 134
4 412
4 303
4 44
4 52
4 55
4 267
4 152
4 269
4 447
4 652
4 299
4 621
4 607
4 358
4 285
4 622
4 663
4 722
4 207
4 286
4 562
4 988
4 999
4 1518
4 1889
4 1593
4 1890
4 229
4 531
4 235
4 236
4 287
4 240
4 757
4 245
4 246
1128 8
1128 399
1128 1285
5 69
5 70
5 71
5 72
5 306
5 73
5 307
5 514
5 75
5 264
5 76
5 77
5 78
5 6
5 79
5 485
5 275
5 7
5 8
5 81
5 10
5 82
5 11
5 83
5 380
5 12
5 84
5 13
5 317
5 318
5 14
5 85
5 276
5 525
5 86
5 258
5 87
5 260
5 16
5 89
5 277
5 278
5 279
5 90
5 19
5 91
5 93
5 319
5 320
5 20
5 497
5 94
5 265
5 95
5 616
5 281
5 98
5 99
5 21
5 22
5 23
5 100
5 101
5 102
5 24
5 25
5 105
5 26
5 486
5 106
5 429
5 308
5 350
5 107
5 27
5 296
5 516
5 28
5 503
5 29
5 30
5 498
5 109
5 266
5 430
5 321
5 31
5 110
5 520
5 322
5 111
5 376
5 351
5 377
5 32
5 536
5 487
5 112
5 539
5 34
5 283
5 113
5 114
5 533
5 115
5 116
5 118
5 119
5 37
5 120
5 122
5 123
5 680
5 124
5 658
5 549
5 125
5 126
5 550
5 432
5 627
5 659
5 660
5 681
5 553
5 128
5 129
5 579
5 323
5 489
5 544
5 134
5 135
5 136
5 558
5 137
5 559
5 560
5 41
5 138
5 42
5 388
5 140
5 324
5 491
5 145
5 146
5 372
5 44
5 148
5 527
5 529
5 492
5 49
5 55
5 56
5 57
5 63
5 64
5 152
5 66
5 447
5 464
5 157
5 159
5 493
5 478
5 163
5 164
5 546
5 300
5 169
5 589
5 590
5 597
5 301
5 603
5 604
5 606
5 607
5 609
5 329
5 611
5 352
5 353
5 361
5 551
5 285
5 175
5 330
5 682
5 683
5 382
5 684
5 685
5 686
5 687
5 688
5 181
5 689
5 183
5 690
5 691
5 692
5 693
5 185
5 186
5 694
5 695
5 187
5 696
5 189
5 665
5 190
5 495
5 672
5 191
5 676
5 697
5 698
5 699
5 700
5 701
5 702
5 703
5 704
5 705
5 194
5 706
5 624
5 195
5 707
5 334
5 708
5 709
5 710
5 711
5 712
5 196
5 713
5 714
5 715
5 716
5 717
5 718
5 719
5 720
5 721
5 722
5 723
5 335
5 724
5 725
5 726
5 727
5 728
5 729
5 730
5 731
5 732
5 733
5 734
5 625
5 735
5 736
5 737
5 738
5 739
5 740
5 741
5 336
5 742
5 743
5 744
5 745
5 746
5 517
5 747
5 197
5 748
5 749
5 198
5 222
5 496
5 750
5 751
5 225
5 752
5 753
5 754
5 501
5 755
5 756
5 373
5 374
5 314
5 234
5 383
5 238
5 240
5 757
5 758
5 370
5 759
1467 160
1467 616
1129 8
1129 84
1129 160
6 69
6 306
6 307
6 75
6 264
6 77
6 316
6 8
6 10
6 11
6 12
6 14
6 276
6 279
6 94
6 95
6 97
6 101
6 486
6 296
6 30
6 266
6 322
6 112
6 121
6 432
6 488
6 627
6 135
6 139
6 399
6 303
6 51
6 63
6 434
6 445
6 154
6 155
6 456
6 631
6 299
6 482
6 168
6 854
6 195
6 334
6 219
6 918
6 919
6 564
6 920
6 921
6 922
6 923
6 924
6 242
6 290
6 295
6 250
6 251
6 576
7 305
7 69
7 70
7 71
7 72
7 306
7 264
7 76
7 77
7 79
7 275
7 80
7 8
7 10
7 82
7 11
7 12
7 84
7 317
7 318
7 14
7 85
7 276
7 525
7 86
7 87
7 88
7 277
7 90
7 19
7 91
7 93
7 319
7 20
7 95
7 281
7 98
7 99
7 102
7 24
7 105
7 106
7 308
7 107
7 296
7 516
7 28
7 503
7 30
7 498
7 375
7 266
7 321
7 111
7 536
7 487
7 116
7 37
7 123
7 549
7 125
7 126
7 550
7 488
7 659
7 660
7 127
7 128
7 348
7 323
7 134
7 39
7 135
7 559
7 145
7 146
7 513
7 529
7 55
7 57
7 63
7 64
7 268
7 456
7 470
7 164
7 597
7 301
7 329
7 330
7 177
7 500
7 332
7 663
7 879
7 185
7 186
7 187
7 899
7 676
7 702
7 624
7 195
7 334
7 335
7 740
7 336
7 198
7 893
7 1056
7 1063
7 1064
7 1065
7 1066
7 221
7 1067
7 819
7 1068
7 1069
7 1070
7 820
7 1071
7 821
7 1072
7 1073
7 1074
7 778
7 229
7 231
7 234
7 238
7 240
7 347
7 679
7 246
7 518
7 247
7 1075
7 250
7 251
8 305
8 69
8 70
8 274
8 71
8 72
8 306
8 73
8 74
8 307
8 514
8 75
8 264
8 76
8 77
8 78
8 515
8 316
8 79
8 485
8 275
8 80
8 9
8 81
8 10
8 82
8 11
8 83
8 380
8 12
8 84
8 13
8 317
8 318
8 14
8 85
8 15
8 276
8 525
8 86
8 256
8 258
8 87
8 88
8 260
8 262
8 16
8 89
8 277
8 278
8 17
8 279
8 18
8 90
8 19
8 91
8 93
8 319
8 280
8 320
8 20
8 497
8 94
8 95
8 428
8 616
8 96
8 281
8 97
8 99
8 22
8 23
8 100
8 101
8 102
8 24
8 25
8 103
8 282
8 105
8 26
8 486
8 106
8 429
8 308
8 350
8 27
8 296
8 108
8 577
8 516
8 28
8 503
8 30
8 504
8 498
8 109
8 266
8 430
8 321
8 31
8 110
8 543
8 520
8 322
8 111
8 376
8 377
8 32
8 309
8 33
8 536
8 487
8 112
8 537
8 539
8 34
8 283
8 113
8 114
8 35
8 115
8 36
8 116
8 540
8 119
8 37
8 120
8 121
8 526
8 431
8 122
8 123
8 772
8 124
8 658
8 125
8 126
8 432
8 488
8 627
8 505
8 506
8 659
8 660
8 681
8 553
8 127
8 128
8 38
8 129
8 579
8 580
8 323
8 489
8 544
8 133
8 490
8 134
8 555
8 556
8 557
8 39
8 135
8 136
8 137
8 560
8 561
8 40
8 41
8 138
8 42
8 139
8 386
8 388
8 310
8 389
8 390
8 391
8 392
8 393
8 394
8 395
8 292
8 396
8 397
8 398
8 399
8 400
8 401
8 402
8 403
8 408
8 409
8 410
8 411
8 413
8 415
8 416
8 417
8 418
8 419
8 421
8 422
8 311
8 142
8 502
8 324
8 303
8 491
8 661
8 143
8 144
8 145
8 433
8 146
8 371
8 372
8 44
8 284
8 148
8 149
8 527
8 499
8 47
8 513
8 528
8 529
8 298
8 530
8 492
8 151
8 49
8 52
8 53
8 54
8 56
8 57
8 59
8 63
8 64
8 65
8 268
8 152
8 269
8 153
8 66
8 443
8 445
8 154
8 448
8 155
8 454
8 456
8 457
8 458
8 460
8 461
8 463
8 465
8 468
8 469
8 157
8 473
8 349
8 159
8 493
8 648
8 312
8 650
8 293
8 651
8 652
8 654
8 160
8 630
8 631
8 477
8 161
8 478
8 480
8 162
8 641
8 163
8 644
8 299
8 482
8 483
8 164
8 811
8 165
8 621
8 545
8 546
8 167
8 168
8 300
8 169
8 494
8 325
8 326
8 589
8 590
8 591
8 592
8 593
8 594
8 595
8 596
8 598
8 599
8 301
8 602
8 604
8 605
8 170
8 327
8 328
8 381
8 607
8 608
8 609
8 329
8 611
8 355
8 361
8 362
8 366
8 302
8 285
8 174
8 175
8 853
8 854
8 856
8 330
8 857
8 683
8 382
8 813
8 858
8 176
8 177
8 500
8 178
8 179
8 521
8 332
8 622
8 685
8 872
8 874
8 876
8 686
8 663
8 333
8 688
8 181
8 689
8 522
8 878
8 182
8 183
8 690
8 860
8 879
8 691
8 692
8 184
8 881
8 693
8 882
8 294
8 884
8 814
8 886
8 760
8 786
8 889
8 815
8 185
8 186
8 892
8 695
8 187
8 188
8 763
8 696
8 899
8 777
8 189
8 665
8 666
8 667
8 495
8 671
8 672
8 191
8 673
8 677
8 787
8 192
8 793
8 795
8 193
8 697
8 698
8 699
8 700
8 702
8 704
8 194
8 706
8 195
8 707
8 334
8 709
8 710
8 196
8 713
8 717
8 722
8 723
8 724
8 729
8 731
8 733
8 737
8 738
8 739
8 740
8 741
8 336
8 744
8 197
8 507
8 929
8 930
8 198
8 893
8 1056
8 200
8 864
8 866
8 201
8 203
8 205
8 206
8 209
8 214
8 216
8 217
8 508
8 509
8 1063
8 1066
8 221
8 1068
8 1069
8 1070
8 1071
8 1072
8 286
8 584
8 918
8 937
8 939
8 940
8 942
8 944
8 945
8 948
8 562
8 951
8 954
8 959
8 962
8 586
8 964
8 968
8 969
8 970
8 972
8 975
8 979
8 980
8 981
8 983
8 984
8 985
8 986
8 990
8 992
8 995
8 999
8 1000
8 1004
8 1008
8 1009
8 1010
8 1011
8 1012
8 563
8 1015
8 1016
8 1021
8 900
8 933
8 934
8 496
8 564
8 1076
8 1078
8 337
8 339
8 1079
8 1080
8 920
8 1081
8 1082
8 922
8 1083
8 1084
8 1085
8 925
8 898
8 1086
8 1087
8 783
8 1088
8 1089
8 1090
8 1091
8 1092
8 565
8 1093
8 1094
8 822
8 1095
8 1096
8 1097
8 1098
8 1099
8 1100
8 1101
8 894
8 1102
8 1103
8 1104
8 776
8 1105
8 1106
8 1107
8 1108
8 1109
8 1110
8 1111
8 1112
8 1113
8 340
8 1114
8 1115
8 1116
8 1117
8 1118
8 1119
8 1120
8 908
8 1121
8 1122
8 1123
8 1124
8 1125
8 1126
8 1127
8 1130
8 1131
8 1132
8 1133
8 1022
8 1134
8 1135
8 909
8 341
8 1136
8 1137
8 1025
8 1138
8 1139
8 1140
8 1141
8 1142
8 923
8 764
8 1028
8 1143
8 1144
8 1145
8 1146
8 1147
8 1148
8 1149
8 1150
8 1151
8 1152
8 1153
8 345
8 424
8 870
8 1154
8 1155
8 1156
8 1157
8 1031
8 1158
8 1159
8 1160
8 1161
8 1162
8 1163
8 1164
8 1165
8 1166
8 1167
8 1168
8 1169
8 1170
8 1171
8 1172
8 1173
8 1174
8 1035
8 1175
8 1176
8 1177
8 1178
8 1179
8 1180
8 1181
8 1182
8 1183
8 1184
8 1185
8 1186
8 1187
8 552
8 1188
8 1189
8 1190
8 1191
8 1192
8 1193
8 1194
8 1195
8 1196
8 1197
8 1198
8 1199
8 1200
8 1201
8 1202
8 1203
8 1204
8 1205
8 1206
8 1207
8 1208
8 1209
8 1210
8 1211
8 1212
8 1213
8 1214
8 1215
8 1216
8 1217
8 1218
8 1219
8 1220
8 1221
8 1222
8 1223
8 1224
8 1225
8 1226
8 1227
8 1044
8 1228
8 1229
8 1230
8 1231
8 1232
8 1233
8 1234
8 1235
8 1236
8 1237
8 1238
8 1239
8 1240
8 1241
8 1242
8 1243
8 655
8 1244
8 910
8 1245
8 1246
8 1247
8 1248
8 1249
8 1250
8 1251
8 1252
8 1253
8 1254
8 1255
8 1256
8 1257
8 1258
8 850
8 1259
8 1260
8 1261
8 427
8 1262
8 911
8 1263
8 1264
8 1265
8 1266
8 1267
8 1268
8 896
8 1269
8 1270
8 1271
8 1272
8 1273
8 1274
8 1275
8 1276
8 1277
8 1278
8 914
8 1279
8 1280
8 1281
8 230
8 775
8 233
8 234
8 383
8 915
8 852
8 288
8 542
8 238
8 548
8 679
8 534
8 518
8 295
8 656
8 1282
8 1283
8 1284
8 1285
8 1286
8 1287
8 1288
8 1289
8 1290
8 1291
8 781
8 1292
1312 10
1312 63
1312 67
1312 93
1312 143
1312 171
1312 193
1312 209
1312 218
1312 358
1312 622
1312 562
1312 705
1312 739
1312 944
1312 968
1312 983
1312 985
1312 662
1312 363
1312 578
1312 582
1312 993
1312 1001
1312 1040
1312 1388
9 69
9 71
9 72
9 73
9 74
9 75
9 264
9 76
9 80
9 10
9 380
9 12
9 85
9 15
9 276
9 86
9 258
9 87
9 16
9 18
9 90
9 19
9 91
9 92
9 93
9 320
9 20
9 22
9 23
9 101
9 24
9 104
9 26
9 486
9 106
9 429
9 308
9 27
9 108
9 577
9 321
9 31
9 543
9 111
9 112
9 283
9 113
9 118
9 39
9 41
9 138
9 42
9 142
9 324
9 303
9 145
9 146
9 51
9 52
9 59
9 63
9 152
9 269
9 157
9 349
9 159
9 164
9 381
9 285
9 855
9 500
9 179
9 332
9 686
9 183
9 882
9 294
9 868
9 190
9 195
9 198
9 222
9 933
9 496
9 564
9 923
9 1145
9 227
9 501
9 229
9 775
9 235
9 272
9 236
9 288
9 240
9 273
9 347
9 679
9 246
9 535
9 518
9 810
9 247
9 1294
9 248
9 574
9 781
9 249
9 251
9 254
9 255
10 305
10 69
10 274
10 71
10 72
10 306
10 73
10 307
10 75
10 264
10 77
10 78
10 316
10 79
10 80
10 81
10 82
10 12
10 84
10 318
10 14
10 85
10 276
10 525
10 86
10 258
10 89
10 277
10 278
10 279
10 90
10 19
10 93
10 320
10 20
10 497
10 94
10 95
10 616
10 96
10 281
10 97
10 99
10 22
10 23
10 100
10 101
10 102
10 25
10 105
10 26
10 486
10 106
10 429
10 27
10 296
10 28
10 503
10 29
10 30
10 498
10 109
10 266
10 31
10 110
10 520
10 322
10 32
10 33
10 487
10 112
10 34
10 283
10 114
10 116
10 37
10 120
10 122
10 125
10 126
10 432
10 627
10 659
10 660
10 553
10 127
10 129
10 323
10 489
10 544
10 133
10 134
10 39
10 560
10 138
10 139
10 399
10 502
10 324
10 303
10 145
10 433
10 44
10 513
10 530
10 492
10 54
10 55
10 57
10 63
10 64
10 65
10 268
10 153
10 447
10 464
10 157
10 662
10 160
10 631
10 634
10 162
10 641
10 644
10 165
10 546
10 168
10 300
10 169
10 590
10 601
10 328
10 606
10 609
10 329
10 174
10 175
10 854
10 331
10 179
10 521
10 181
10 881
10 294
10 886
10 185
10 186
10 187
10 899
10 670
10 495
10 677
10 703
10 704
10 195
10 334
10 713
10 722
10 929
10 198
10 209
10 219
10 918
10 944
10 849
10 1079
10 1080
10 920
10 1081
10 1082
10 1313
10 921
10 922
10 1083
10 1314
10 1084
10 341
10 225
10 227
10 229
10 234
10 235
10 288
10 240
10 347
10 246
10 532
10 249
10 251
10 254
11 69
11 73
11 307
11 264
11 78
11 515
11 485
11 80
11 82
11 380
11 13
11 15
11 276
11 525
11 88
11 17
11 18
11 19
11 92
11 93
11 320
11 20
11 96
11 22
11 23
11 24
11 25
11 104
11 26
11 106
11 429
11 27
11 108
11 577
11 516
11 109
11 31
11 520
11 111
11 33
11 112
11 34
11 113
11 35
11 115
11 118
11 37
11 121
11 38
11 135
11 40
11 138
11 42
11 491
11 143
11 146
11 147
11 47
11 513
11 51
11 52
11 55
11 61
11 63
11 152
11 164
11 300
11 285
11 333
11 522
11 187
11 190
11 198
11 905
11 1315
11 501
11 230
11 314
11 235
11 287
11 290
11 250
12 69
12 70
12 71
12 72
12 74
12 75
12 77
12 78
12 275
12 80
12 81
12 82
12 380
12 84
12 13
12 317
12 318
12 85
12 15
12 276
12 86
12 258
12 87
12 16
12 89
12 278
12 17
12 18
12 90
12 19
12 93
12 280
12 320
12 20
12 94
12 95
12 96
12 281
12 97
12 22
12 23
12 24
12 25
12 104
12 106
12 27
12 296
12 108
12 577
12 516
12 29
12 498
12 109
12 321
12 31
12 110
12 520
12 322
12 111
12 32
12 33
12 34
12 283
12 113
12 114
12 115
12 36
12 118
12 119
12 37
12 121
12 126
12 553
12 133
12 135
12 137
12 41
12 138
12 42
12 415
12 43
12 303
12 143
12 146
12 284
12 527
12 528
12 492
12 49
12 51
12 52
12 54
12 64
12 65
12 152
12 66
12 157
12 159
12 160
12 162
12 164
12 165
12 621
12 546
12 301
12 601
12 328
12 357
12 285
12 174
12 175
12 330
12 179
12 182
12 881
12 882
12 294
12 815
12 188
12 495
12 705
12 195
12 198
12 866
12 207
12 210
12 219
12 286
12 1313
12 898
12 1097
12 1099
12 1110
12 908
12 769
12 835
12 1316
12 427
12 1317
12 225
12 1318
12 229
12 806
12 230
12 314
12 232
12 233
12 235
12 287
12 288
12 239
12 240
12 289
12 245
12 290
12 347
12 807
12 246
12 313
12 1319
12 810
12 1320
12 1290
12 250
12 251
12 851
13 69
13 70
13 72
13 74
13 307
13 264
13 76
13 77
13 78
13 79
13 485
13 275
13 80
13 81
13 83
13 84
13 317
13 85
13 276
13 86
13 258
13 87
13 89
13 277
13 278
13 17
13 90
13 19
13 91
13 93
13 320
13 20
13 94
13 95
13 428
13 22
13 101
13 102
13 25
13 104
13 105
13 486
13 106
13 308
13 577
13 28
13 503
13 30
13 498
13 109
13 266
13 430
13 321
13 110
13 520
13 487
13 283
13 113
13 116
13 120
13 122
13 658
13 125
13 126
13 432
13 660
13 553
13 128
13 579
13 323
13 544
13 39
13 138
13 396
13 140
13 502
13 491
13 433
13 146
13 44
13 148
13 64
13 152
13 466
13 470
13 493
13 652
13 168
13 300
13 326
13 589
13 592
13 301
13 602
13 604
13 327
13 611
13 359
13 175
13 853
13 663
13 688
13 183
13 294
13 868
13 186
13 187
13 189
13 190
13 667
13 670
13 672
13 676
13 699
13 705
13 194
13 195
13 334
13 708
13 713
13 725
13 730
13 736
13 744
13 746
13 197
13 207
13 967
13 496
13 339
13 1086
13 1100
13 1329
13 1330
13 1331
13 859
13 1332
13 1333
13 343
13 1334
13 1335
13 1336
13 1337
13 344
13 1145
13 225
13 501
13 373
13 374
13 235
13 288
13 238
13 240
13 347
13 246
13 518
13 370
13 247
13 574
13 251
13 253
13 254
14 69
14 72
14 73
14 75
14 77
14 78
14 79
14 81
14 318
14 15
14 276
14 87
14 16
14 94
14 101
14 24
14 26
14 486
14 296
14 30
14 37
14 125
14 63
14 269
14 164
14 301
14 720
14 220
15 69
15 72
15 264
15 77
15 78
15 79
15 85
15 276
15 16
15 278
15 19
15 319
15 497
15 94
15 95
15 428
15 22
15 24
15 25
15 105
15 106
15 27
15 108
15 516
15 29
15 111
15 33
15 113
15 115
15 118
15 119
15 772
15 488
15 490
15 39
15 40
15 41
15 42
15 139
15 146
15 51
15 55
15 58
15 164
15 294
15 187
15 190
15 195
15 625
15 198
15 1078
15 1085
15 501
15 778
15 1339
15 231
15 236
15 238
15 347
15 295
15 810
15 251
15 253
16 70
16 274
16 72
16 306
16 264
16 76
16 77
16 78
16 79
16 317
16 85
16 276
16 258
16 19
16 91
16 93
16 319
16 280
16 497
16 95
16 281
16 24
16 25
16 105
16 106
16 516
16 28
16 498
16 322
16 111
16 120
16 658
16 125
16 39
16 303
16 145
16 55
16 268
16 164
16 165
16 590
16 611
16 177
16 179
16 294
16 185
16 187
16 696
16 190
16 671
16 624
16 195
16 335
16 726
16 625
16 336
16 197
16 748
16 198
16 1066
16 1013
16 934
16 339
16 1330
16 1399
16 1073
16 225
16 753
16 572
16 501
16 314
16 775
16 235
16 288
16 238
16 240
16 242
16 273
16 758
16 347
16 534
16 246
16 810
16 247
16 251
16 253
16 254
16 255
16 619
17 70
17 307
17 264
17 76
17 77
17 316
17 79
17 80
17 317
17 85
17 276
17 258
17 87
17 89
17 19
17 319
17 20
17 94
17 265
17 95
17 98
17 22
17 24
17 25
17 104
17 429
17 308
17 516
17 29
17 498
17 430
17 31
17 111
17 32
17 283
17 113
17 118
17 37
17 120
17 125
17 126
17 660
17 128
17 560
17 44
17 56
17 64
17 268
17 153
17 611
17 174
17 179
17 663
17 688
17 294
17 185
17 736
17 217
17 1399
17 501
17 531
17 238
17 240
17 679
17 534
17 518
17 251
17 254
17 255
18 70
18 75
18 264
18 77
18 515
18 79
18 275
18 83
18 84
18 318
18 85
18 276
18 258
18 87
18 90
18 19
18 91
18 92
18 319
18 95
18 281
18 22
18 101
18 24
18 104
18 105
18 296
18 108
18 577
18 516
18 498
18 266
18 322
18 111
18 113
18 118
18 37
18 125
18 659
18 128
18 323
18 39
18 41
18 502
18 146
18 148
18 527
18 513
18 49
18 55
18 56
18 59
18 64
18 349
18 160
18 165
18 494
18 328
18 611
18 500
18 178
18 332
18 686
18 294
18 187
18 190
18 195
18 334
18 736
18 744
18 197
18 198
18 496
18 1058
18 338
18 869
18 1116
18 1304
18 343
18 1413
18 1422
18 225
18 1423
18 1074
18 229
18 231
18 236
18 288
18 238
18 240
18 242
18 347
18 246
18 518
18 247
18 251
18 254
19 69
19 71
19 306
19 73
19 75
19 264
19 77
19 78
19 316
19 79
19 275
19 80
19 380
19 317
19 85
19 276
19 86
19 87
19 89
19 278
19 91
19 93
19 319
19 280
19 20
19 95
19 616
19 281
19 97
19 22
19 24
19 25
19 104
19 105
19 486
19 106
19 108
19 29
19 30
19 31
19 110
19 520
19 111
19 32
19 33
19 487
19 112
19 113
19 114
19 35
19 118
19 119
19 37
19 660
19 553
19 127
19 323
19 490
19 39
19 561
19 40
19 138
19 42
19 399
19 502
19 303
19 144
19 145
19 44
19 47
19 530
19 49
19 51
19 54
19 55
19 56
19 59
19 62
19 64
19 269
19 153
19 157
19 159
19 162
19 546
19 300
19 169
19 494
19 589
19 285
19 175
19 177
19 686
19 522
19 182
19 185
19 189
19 190
19 191
19 67
19 705
19 334
19 736
19 336
19 929
19 198
19 207
19 210
19 584
19 68
19 562
19 974
19 1082
19 1094
19 1028
19 1430
19 1431
19 501
19 374
19 272
699 30
699 107
699 124
699 229
699 235
699 265
699 287
699 621
699 492
699 637
699 2730
20 274
20 71
20 72
20 307
20 75
20 76
20 77
20 78
20 485
20 275
20 80
20 81
20 84
20 317
20 85
20 276
20 86
20 258
20 87
20 89
20 277
20 278
20 90
20 91
20 319
20 95
20 428
20 97
20 99
20 22
20 101
20 24
20 25
20 105
20 486
20 106
20 429
20 308
20 577
20 516
20 28
20 503
20 30
20 498
20 266
20 430
20 31
20 322
20 111
20 376
20 32
20 33
20 283
20 113
20 116
20 119
20 120
20 658
20 549
20 125
20 126
20 660
20 127
20 128
20 323
20 133
20 134
20 39
20 561
20 138
20 414
20 142
20 502
20 145
20 146
20 49
20 55
20 64
20 152
20 470
20 493
20 637
20 164
20 300
20 589
20 590
20 596
20 301
20 604
20 607
20 608
20 609
20 175
20 683
20 179
20 183
20 185
20 186
20 187
20 665
20 666
20 190
20 667
20 676
20 678
20 195
20 722
20 736
20 929
20 198
20 948
20 496
20 339
20 1106
20 1109
20 1116
20 1333
20 343
20 1447
20 1448
20 1153
20 1197
20 225
20 1449
20 227
20 501
20 1074
20 1059
20 235
20 272
20 288
20 238
20 240
20 289
20 347
20 518
20 810
20 249
20 251
20 619
21 76
21 77
21 102
21 106
21 321
21 110
21 116
21 125
21 126
21 488
21 660
21 559
21 502
21 152
21 301
21 608
21 609
21 189
21 722
21 723
21 336
21 744
21 1345
21 1336
22 70
22 274
22 71
22 74
22 264
22 78
22 515
22 79
22 275
22 84
22 318
22 276
22 258
22 87
22 90
22 92
22 319
22 320
22 95
22 281
22 24
22 25
22 282
22 104
22 486
22 308
22 27
22 108
22 577
22 516
22 520
22 111
22 33
22 113
22 118
22 125
22 553
22 41
22 324
22 145
22 146
22 148
22 49
22 52
22 56
22 59
22 62
22 63
22 64
22 159
22 160
22 546
22 591
22 611
22 178
22 332
22 874
22 333
22 294
22 736
22 197
22 198
22 963
22 1058
22 869
22 1304
22 1028
22 1422
22 501
22 1059
22 238
22 251
23 77
23 78
23 79
23 82
23 317
23 276
23 258
23 89
23 278
23 93
23 319
23 320
23 95
23 99
23 25
23 104
23 308
23 296
23 498
23 266
23 322
23 111
23 34
23 119
23 120
23 126
23 659
23 323
23 502
23 145
23 146
23 513
23 167
23 326
23 604
23 327
23 611
23 294
23 187
23 797
23 334
23 198
23 207
23 975
23 564
23 1304
23 501
23 229
23 531
23 234
23 235
23 242
23 246
23 251
24 69
24 70
24 72
24 75
24 264
24 77
24 78
24 515
24 79
24 275
24 80
24 82
24 380
24 84
24 317
24 85
24 276
24 525
24 86
24 258
24 89
24 90
24 96
24 97
24 25
24 103
24 104
24 26
24 106
24 27
24 108
24 577
24 30
24 498
24 109
24 266
24 321
24 31
24 110
24 520
24 322
24 111
24 32
24 33
24 34
24 283
24 113
24 118
24 119
24 37
24 121
24 488
24 553
24 38
24 40
24 41
24 42
24 140
24 324
24 147
24 44
24 284
24 49
24 54
24 55
24 57
24 58
24 59
24 61
24 63
24 64
24 66
24 157
24 349
24 159
24 164
24 546
24 300
24 169
24 301
24 179
24 521
24 332
24 881
24 294
24 187
24 797
24 195
24 930
24 198
24 286
24 934
24 564
24 1414
24 1306
24 225
24 501
24 531
24 230
24 775
24 1050
24 232
24 233
24 235
24 288
24 290
24 347
24 246
24 247
24 1294
24 574
24 917
24 250
24 251
24 252
24 897
25 305
25 70
25 274
25 72
25 306
25 73
25 75
25 264
25 77
25 78
25 275
25 80
25 82
25 84
25 85
25 276
25 525
25 86
25 258
25 90
25 93
25 319
25 320
25 94
25 95
25 96
25 281
25 104
25 26
25 429
25 308
25 296
25 28
25 30
25 109
25 266
25 31
25 110
25 520
25 111
25 487
25 112
25 34
25 113
25 114
25 116
25 118
25 119
25 37
25 121
25 431
25 38
25 133
25 39
25 137
25 138
25 42
25 139
25 140
25 324
25 145
25 146
25 513
25 151
25 52
25 54
25 55
25 56
25 59
25 63
25 64
25 268
25 152
25 269
25 157
25 159
25 493
25 160
25 478
25 483
25 164
25 169
25 301
25 285
25 175
25 176
25 177
25 686
25 522
25 182
25 881
25 294
25 186
25 190
25 195
25 724
25 198
25 337
25 1124
25 1399
25 1307
25 227
25 501
25 240
25 762
25 290
26 305
26 70
26 306
26 75
26 76
26 77
26 316
26 275
26 84
26 276
26 90
26 319
26 95
26 322
26 533
26 126
26 488
26 659
26 145
26 372
26 513
26 152
26 269
26 165
26 330
26 185
26 187
26 1070
26 240
27 70
27 72
27 306
27 75
27 264
27 77
27 79
27 275
27 84
27 85
27 276
27 277
27 91
27 93
27 265
27 95
27 102
27 296
27 516
27 498
27 375
27 266
27 430
27 110
27 322
27 111
27 376
27 283
27 116
27 120
27 384
27 658
27 549
27 125
27 126
27 550
27 488
27 660
27 127
27 134
27 135
27 559
27 42
27 140
27 502
27 303
27 44
27 530
27 152
27 443
27 466
27 652
27 160
27 300
27 301
27 609
27 177
27 663
27 879
27 294
27 185
27 186
27 495
27 671
27 674
27 704
27 706
27 723
27 737
27 198
27 222
27 1338
27 1413
27 1148
27 1474
27 1459
27 1460
27 1461
27 1456
27 1157
27 1508
27 1509
27 1510
27 1511
27 828
27 1512
27 1513
27 1514
27 1515
27 750
27 225
27 501
27 373
27 229
27 531
27 374
27 231
27 234
27 240
27 534
27 246
27 574
27 251
27 253
28 305
28 274
28 73
28 307
28 75
28 76
28 77
28 78
28 79
28 485
28 81
28 84
28 318
28 276
28 525
28 86
28 256
28 258
28 87
28 89
28 277
28 279
28 90
28 93
28 320
28 94
28 265
28 616
28 101
28 102
28 105
28 486
28 308
28 498
28 430
28 321
28 31
28 110
28 34
28 116
28 120
28 122
28 124
28 658
28 125
28 126
28 627
28 660
28 681
28 553
28 127
28 129
28 579
28 489
28 137
28 560
28 138
28 388
28 491
28 529
28 298
28 492
28 63
28 64
28 153
28 447
28 157
28 164
28 546
28 300
28 169
28 590
28 301
28 601
28 609
28 353
28 285
28 175
28 684
28 685
28 688
28 689
28 690
28 186
28 694
28 187
28 696
28 190
28 672
28 191
28 703
28 704
28 334
28 708
28 709
28 710
28 196
28 713
28 714
28 719
28 723
28 725
28 730
28 737
28 739
28 743
28 745
28 746
28 747
28 748
28 1324
28 501
28 238
29 78
29 515
29 79
29 275
29 83
29 258
29 87
29 90
29 92
29 319
29 95
29 104
29 577
29 516
29 111
29 121
29 125
29 659
29 492
29 56
29 64
29 493
29 546
29 174
29 332
29 294
29 736
29 197
29 869
29 1304
29 229
29 235
29 242
29 245
29 347
29 251
30 304
30 306
30 73
30 264
30 77
30 78
30 79
30 81
30 380
30 84
30 87
30 260
30 89
30 90
30 93
30 320
30 497
30 94
30 265
30 95
30 97
30 99
30 102
30 105
30 429
30 308
30 108
30 503
30 266
30 31
30 110
30 520
30 111
30 377
30 309
30 33
30 539
30 34
30 283
30 116
30 540
30 37
30 121
30 124
30 125
30 126
30 660
30 579
30 130
30 581
30 323
30 544
30 133
30 39
30 138
30 396
30 415
30 142
30 502
30 433
30 44
30 530
30 492
30 62
30 63
30 268
30 152
30 153
30 66
30 157
30 493
30 164
30 167
30 326
30 591
30 596
30 301
30 610
30 352
30 353
30 356
30 171
30 359
30 361
30 364
30 175
30 177
30 684
30 685
30 860
30 886
30 185
30 189
30 191
30 673
30 788
30 790
30 799
30 800
30 801
30 705
30 624
30 707
30 334
30 196
30 717
30 720
30 724
30 741
30 206
30 214
30 217
30 220
30 820
30 68
30 944
30 945
30 949
30 967
30 971
30 976
30 980
30 990
30 993
30 999
30 1013
30 1015
30 1021
30 1083
30 1025
30 1352
30 1333
30 1373
30 1385
30 1358
30 1518
30 1355
30 1171
30 1033
30 1525
30 1526
30 1034
30 1527
30 1528
30 1295
30 1529
30 1530
30 614
30 615
31 305
31 274
31 72
31 73
31 75
31 77
31 79
31 275
31 81
31 84
31 317
31 85
31 276
31 525
31 86
31 258
31 87
31 89
31 277
31 278
31 90
31 91
31 93
31 319
31 428
31 98
31 99
31 102
31 106
31 429
31 308
31 577
31 516
31 503
31 498
31 430
31 110
31 322
31 536
31 283
31 113
31 116
31 118
31 37
31 120
31 124
31 658
31 549
31 125
31 126
31 432
31 553
31 127
31 128
31 544
31 133
31 134
31 559
31 560
31 661
31 44
31 513
31 529
31 530
31 49
31 55
31 56
31 57
31 63
31 64
31 268
31 152
31 466
31 662
31 493
31 652
31 160
31 164
31 165
31 300
31 589
31 595
31 602
31 608
31 858
31 179
31 622
31 686
31 868
31 186
31 187
31 190
31 495
31 672
31 541
31 677
31 678
31 194
31 195
31 717
31 723
31 733
31 740
31 744
31 198
31 207
31 948
31 994
31 1089
31 1116
31 1124
31 1399
31 1582
31 225
31 501
31 531
31 288
31 238
31 240
31 251
767 74
767 101
767 110
767 160
767 231
767 235
767 242
767 250
767 272
767 341
767 447
767 609
767 373
767 845
32 75
32 76
32 77
32 275
32 84
32 276
32 258
32 89
32 90
32 93
32 95
32 428
32 102
32 106
32 308
32 516
32 498
32 266
32 110
32 322
32 111
32 116
32 37
32 120
32 122
32 549
32 125
32 126
32 432
32 659
32 323
32 544
32 138
32 140
32 502
32 145
32 371
32 44
32 148
32 530
32 64
32 152
32 66
32 447
32 466
32 649
32 652
32 160
32 546
32 326
32 609
32 329
32 611
32 285
32 856
32 663
32 881
32 294
32 884
32 888
32 187
32 495
32 713
32 336
32 1057
32 1089
32 1304
32 1454
32 1484
32 1878
32 512
32 235
32 574
32 250
32 251
33 71
33 72
33 76
33 77
33 79
33 80
33 84
33 85
33 276
33 258
33 87
33 89
33 278
33 90
33 91
33 95
33 281
33 104
33 105
33 486
33 106
33 308
33 107
33 375
33 266
33 430
33 110
33 111
33 536
33 116
33 119
33 37
33 125
33 660
33 128
33 544
33 133
33 39
33 561
33 414
33 145
33 146
33 152
33 164
33 589
33 597
33 604
33 328
33 611
33 858
33 663
33 868
33 187
33 677
33 705
33 742
33 198
33 979
33 496
33 1057
33 338
33 1095
33 340
33 1387
33 1454
33 1158
33 1510
33 1399
33 501
33 229
33 531
33 314
33 238
33 347
33 246
33 251
33 253
1130 84
34 71
34 75
34 264
34 77
34 78
34 79
34 275
34 84
34 318
34 258
34 87
34 89
34 277
34 90
34 93
34 428
34 281
34 105
34 498
34 266
34 322
34 116
34 119
34 121
34 549
34 125
34 659
34 127
34 323
34 142
34 145
34 44
34 148
34 298
34 152
34 66
34 466
34 470
34 160
34 165
34 589
34 597
34 301
34 602
34 604
34 381
34 609
34 174
34 663
34 186
34 187
34 190
34 667
34 670
34 495
34 676
34 541
34 677
34 678
34 788
34 703
34 713
34 714
34 198
34 1116
34 1338
34 225
34 501
34 234
34 238
35 77
35 78
35 79
35 85
35 87
35 89
35 93
35 497
35 428
35 281
35 104
35 322
35 113
35 37
35 122
35 659
35 660
35 323
35 490
35 145
35 44
35 479
35 164
35 359
35 178
35 881
35 187
35 190
35 334
35 744
35 197
35 198
35 207
35 933
35 1058
35 1079
35 1451
35 1399
35 1597
35 225
35 501
35 534
1635 110
1635 127
1635 160
1635 673
37 71
37 72
37 73
37 74
37 75
37 77
37 78
37 316
37 80
37 82
37 317
37 318
37 276
37 87
37 89
37 92
37 93
37 319
37 280
37 320
37 95
37 96
37 97
37 100
37 101
37 282
37 104
37 105
37 486
37 106
37 429
37 308
37 296
37 108
37 516
37 266
37 110
37 520
37 322
37 111
37 487
37 113
37 115
37 118
37 119
37 121
37 125
37 126
37 544
37 42
37 140
37 324
37 303
37 146
37 44
37 45
37 284
37 499
37 529
37 51
37 52
37 55
37 57
37 59
37 64
37 153
37 159
37 160
37 164
37 165
37 329
37 175
37 330
37 382
37 858
37 332
37 294
37 187
37 190
37 495
37 198
37 866
37 342
37 612
37 1452
37 501
37 314
37 383
37 235
37 347
37 246
38 307
38 264
38 77
38 276
38 86
38 258
38 277
38 278
38 93
38 429
38 498
38 109
38 375
38 110
38 658
38 659
38 60
38 164
38 328
38 663
38 879
38 187
38 666
38 190
38 495
38 624
38 729
38 732
38 737
38 507
38 501
38 246
38 247
38 251
36 317
36 258
36 322
36 538
36 145
36 513
36 56
36 153
36 590
36 683
36 1338
36 542
1636 110
1636 127
1636 160
2137 160
2137 448
39 70
39 274
39 72
39 73
39 76
39 77
39 81
39 82
39 525
39 91
39 93
39 280
39 320
39 497
39 94
39 265
39 95
39 96
39 97
39 98
39 100
39 101
39 486
39 107
39 109
39 430
39 110
39 112
39 283
39 121
39 124
39 125
39 126
39 660
39 42
39 140
39 324
39 143
39 145
39 146
39 49
39 59
39 159
39 164
39 195
39 225
39 314
39 231
39 775
39 232
39 233
39 236
39 288
39 240
39 289
39 347
39 291
39 534
39 246
39 295
39 247
39 2018
39 781
39 917
39 2019
39 2020
39 251
39 576
39 253
40 305
40 72
40 306
40 74
40 77
40 78
40 79
40 275
40 380
40 317
40 276
40 92
40 93
40 429
40 487
40 658
40 51
40 64
40 164
40 187
40 624
40 744
40 198
40 225
40 251
41 72
41 306
41 73
41 75
41 264
41 79
41 276
41 497
41 95
41 322
41 772
41 488
41 513
41 177
41 332
41 187
41 190
41 726
41 198
41 501
41 231
42 72
42 306
42 75
42 77
42 78
42 79
42 275
42 80
42 317
42 85
42 276
42 258
42 87
42 91
42 93
42 319
42 497
42 95
42 104
42 429
42 308
42 516
42 283
42 488
42 659
42 136
42 139
42 142
42 513
42 49
42 55
42 164
42 608
42 329
42 187
42 190
42 195
42 334
42 198
42 222
42 496
42 869
42 1073
42 2040
42 225
42 501
42 231
42 235
42 288
42 240
42 347
42 246
42 1288
42 251
42 576
42 619
700 112
700 433
700 861
700 725
512 93
512 104
512 119
512 142
512 177
512 181
512 197
512 301
512 308
512 321
512 323
512 641
512 546
512 428
512 1169
512 1469
512 2181
2865 2177
43 304
43 319
43 387
43 389
43 392
43 393
43 395
43 399
43 403
43 405
43 408
43 409
43 410
43 413
43 418
43 421
43 53
43 1011
43 1135
43 425
43 1192
43 1608
43 1213
43 1221
43 1233
43 1686
43 1687
43 1243
43 655
43 2055
43 427
43 2072
43 2104
43 2080
43 235
43 915
43 243
43 656
43 1282
43 1286
43 1289
44 305
44 73
44 78
44 82
44 83
44 90
44 93
44 94
44 265
44 95
44 97
44 519
44 103
44 107
44 375
44 266
44 430
44 321
44 110
44 112
44 116
44 526
44 123
44 124
44 549
44 125
44 126
44 550
44 627
44 660
44 127
44 128
44 348
44 580
44 544
44 556
44 560
44 561
44 138
44 400
44 140
44 412
44 628
44 145
44 371
44 150
44 47
44 529
44 50
44 52
44 56
44 59
44 63
44 64
44 65
44 152
44 439
44 66
44 444
44 447
44 155
44 454
44 461
44 464
44 466
44 157
44 471
44 472
44 476
44 662
44 649
44 652
44 160
44 632
44 477
44 636
44 162
44 163
44 621
44 546
44 167
44 168
44 300
44 170
44 611
44 363
44 622
44 872
44 881
44 693
44 814
44 186
44 694
44 845
44 665
44 670
44 673
44 67
44 674
44 541
44 678
44 701
44 703
44 195
44 713
44 722
44 727
44 865
44 201
44 209
44 214
44 216
44 1064
44 286
44 948
44 849
44 1005
44 934
44 902
44 1060
44 523
44 927
44 928
44 920
44 1093
44 822
44 1097
44 1099
44 1102
44 1122
44 341
44 1322
44 1366
44 823
44 1383
44 825
44 826
44 1429
44 1459
44 1354
44 1489
44 1555
44 1165
44 1561
44 1562
44 1563
44 829
44 1572
44 1577
44 1177
44 1872
44 1919
44 1183
44 1184
44 1185
44 1602
44 1607
44 831
44 832
44 1616
44 1945
44 1626
44 1638
44 1667
44 1711
44 1716
44 1717
44 2175
44 1718
44 2176
44 501
44 229
44 531
44 235
44 287
44 288
44 240
44 246
44 295
44 248
44 2177
44 251
45 80
45 106
45 308
45 126
45 556
45 303
45 594
45 199
45 626
45 991
45 1094
45 1120
45 342
45 1351
45 1535
45 2178
46 305
46 306
46 514
46 76
46 77
46 308
46 773
46 505
46 660
46 60
46 163
46 330
46 181
46 517
46 507
46 200
46 510
47 72
47 77
47 275
47 84
47 89
47 279
47 99
47 375
47 110
47 120
47 432
47 128
47 544
47 134
47 140
47 66
47 447
47 470
47 160
47 596
47 327
47 329
47 365
47 186
47 722
47 207
47 341
47 224
47 757
47 251
2194 852
2194 1721
2194 2193
2194 2068
2194 2197
2225 66
2225 160
48 319
48 2189
49 72
49 306
49 79
49 85
49 276
49 258
49 278
49 92
49 95
49 105
49 429
49 308
49 109
49 111
49 283
49 488
49 502
49 147
49 55
49 478
49 164
49 494
49 332
49 187
49 190
49 624
49 726
49 625
49 746
49 198
49 998
49 496
49 343
49 1073
49 501
49 231
49 1059
49 288
49 240
49 347
49 518
1131 107
1131 722
1131 492
924 110
924 455
924 834
924 848
924 1927
924 1947
924 2809
1875 351
1875 2218
1637 110
1637 128
1637 846
2065 408
2065 422
2065 1011
2065 909
2065 1228
2065 910
2065 1261
2065 1262
2065 387
2065 1298
2065 912
2065 426
2065 2043
513 54
513 56
513 59
513 71
513 84
513 86
513 88
513 89
513 93
513 95
513 96
513 97
513 98
513 102
513 112
513 114
513 115
513 116
513 126
513 137
513 145
513 152
513 160
513 165
513 175
513 190
513 198
513 229
513 251
513 268
513 269
513 280
513 281
513 284
513 285
513 300
513 318
513 320
513 322
513 502
513 542
513 497
513 498
513 525
513 503
513 376
513 660
513 692
513 528
513 538
513 860
513 891
513 1583
513 1714
50 306
50 74
50 75
50 77
50 276
50 258
50 516
50 111
50 126
50 488
50 151
50 60
50 159
50 178
50 198
50 1508
51 72
51 306
51 75
51 77
51 78
51 79
51 87
51 319
51 497
51 108
51 504
51 111
51 63
51 845
51 198
51 1339
1520 121
52 77
52 316
52 84
52 258
52 89
52 91
52 319
52 99
52 516
52 498
52 375
52 430
52 110
52 116
52 549
52 125
52 126
52 323
52 140
52 142
52 502
52 65
52 152
52 66
52 455
52 590
52 608
52 329
52 663
52 187
52 727
52 207
52 1086
52 343
52 1398
52 501
52 373
52 374
52 240
2253 159
2253 160
2195 237
2195 1047
2195 2259
2226 184
2226 814
53 387
53 389
53 392
53 393
53 394
53 395
53 396
53 397
53 399
53 140
53 410
53 411
53 416
53 648
53 650
53 423
53 882
53 676
53 953
53 1134
53 1144
53 425
53 1182
53 1901
53 1904
53 1192
53 1608
53 1199
53 1986
53 1208
53 1990
53 1221
53 1233
53 1684
53 1686
53 1687
53 1239
53 1242
53 1243
53 2051
53 2052
53 655
53 2055
53 910
53 1245
53 2058
53 2081
53 2059
53 1251
53 2064
53 2076
53 2131
53 2103
53 427
53 911
53 914
53 2089
53 2087
53 1280
53 2106
53 235
53 852
53 241
53 246
53 1365
53 1285
53 2078
53 1286
53 2079
53 1287
53 2085
53 1291
53 2126
1132 171
1132 256
1132 579
1132 353
1132 399
1132 521
1132 355
1132 968
1132 990
1132 1008
1132 552
1132 610
1132 902
1132 953
1132 960
1132 977
1132 1025
1132 1426
1132 1428
1132 1357
1132 1361
1132 1533
1132 1554
1132 1166
1132 1585
1132 1882
1132 1879
1132 2731
1132 2732
701 66
701 110
701 184
701 375
701 457
701 460
701 461
701 463
701 476
701 477
701 480
701 483
701 484
701 628
701 629
701 630
701 632
701 635
701 636
701 642
701 643
701 814
701 843
701 846
701 847
701 817
701 926
701 927
701 825
701 1555
701 829
701 1919
701 832
701 1920
701 1921
701 2234
54 70
54 274
54 76
54 77
54 84
54 318
54 319
54 281
54 101
54 516
54 110
54 111
54 536
54 125
54 126
54 323
54 56
54 160
54 329
54 881
54 294
54 190
54 496
54 1454
54 501
54 778
54 373
54 288
54 758
1313 160
1313 609
1313 677
1313 2219
925 110
925 152
925 160
925 194
925 229
925 300
925 308
925 376
925 550
925 432
925 373
925 375
925 879
925 1058
1375 87
1375 98
1375 720
1930 132
1930 191
1930 720
1930 608
1930 362
1930 940
1930 986
1930 801
1930 583
1930 369
55 70
55 72
55 306
55 73
55 514
55 78
55 79
55 275
55 80
55 82
55 83
55 276
55 277
55 428
55 616
55 97
55 486
55 296
55 108
55 516
55 503
55 109
55 110
55 111
55 283
55 114
55 116
55 133
55 140
55 56
55 59
55 66
55 464
55 645
55 546
55 691
55 814
55 187
55 190
55 334
55 739
55 743
55 198
55 1095
55 1098
55 1119
55 764
55 1399
55 1431
55 2198
55 1891
1468 110
1468 160
1468 621
926 110
926 163
926 200
926 660
926 457
926 461
926 463
926 630
926 477
926 483
926 1141
926 466
926 439
926 476
926 632
926 636
926 825
926 1555
926 832
926 452
926 451
926 638
926 843
926 635
926 481
926 816
926 1450
926 459
926 847
926 484
926 642
926 643
926 1920
926 2228
926 1918
926 1922
768 74
1133 110
1133 152
1133 555
1133 448
1133 605
1133 414
1133 1303
1133 1418
1133 1568
1133 1574
1133 1527
1133 1540
1133 1906
1133 1194
1133 1909
1133 1948
1133 1643
1133 1644
1133 1669
1133 1679
1133 2701
1133 2816
1133 1857
56 305
56 77
56 316
56 276
56 319
56 95
56 101
56 106
56 516
56 110
56 322
56 111
56 125
56 126
56 303
56 529
56 468
56 159
56 164
56 329
56 382
56 332
56 190
56 727
56 736
56 198
56 199
56 985
56 612
56 1459
56 383
57 72
57 73
57 79
57 380
57 84
57 317
57 318
57 87
57 89
57 265
57 95
57 96
57 101
57 105
57 266
57 112
57 120
57 126
57 64
57 66
57 447
57 160
57 546
57 858
57 692
57 703
57 195
57 893
57 919
57 1383
57 1723
57 775
57 235
1521 110
1521 160
58 75
58 79
58 276
58 91
58 428
58 308
58 516
58 110
58 111
58 283
58 128
58 183
58 1088
58 1413
58 225
58 501
58 778
58 373
58 2201
58 1339
58 288
58 240
58 534
58 810
59 77
59 78
59 316
59 80
59 85
59 91
59 93
59 319
59 95
59 101
59 102
59 106
59 308
59 516
59 375
59 110
59 322
59 283
59 125
59 126
59 432
59 659
59 140
59 145
59 529
59 164
59 329
59 611
59 332
59 686
59 294
59 187
59 190
59 195
59 727
59 736
59 197
59 934
59 496
59 612
59 225
59 227
59 501
59 373
59 374
59 775
59 238
59 240
59 242
59 347
59 534
59 246
59 535
59 247
59 249
59 251
59 254
59 619
1851 110
1851 187
61 78
61 80
61 95
61 428
61 281
61 486
61 516
61 111
61 294
61 187
61 198
62 79
62 86
62 87
62 110
62 125
62 128
62 385
62 399
62 140
62 412
62 303
62 470
62 171
62 709
62 929
62 207
62 946
62 993
62 994
62 1301
62 1166
62 1587
62 2056
62 2057
62 427
62 2206
62 373
62 374
927 110
927 123
927 126
927 140
927 200
927 652
927 737
927 750
927 509
927 375
927 505
927 458
927 465
927 1141
927 1183
927 1597
927 523
927 442
927 452
927 770
63 71
63 307
63 77
63 79
63 84
63 317
63 276
63 277
63 93
63 95
63 308
63 516
63 375
63 266
63 430
63 110
63 322
63 116
63 125
63 126
63 432
63 660
63 127
63 579
63 134
63 492
63 268
63 152
63 464
63 652
63 160
63 638
63 596
63 301
63 174
63 175
63 663
63 899
63 189
63 678
63 717
63 721
63 722
63 723
63 966
63 1080
63 1303
63 1366
63 2162
63 501
63 229
63 235
63 574
63 251
60 88
60 98
60 431
60 123
60 628
60 144
60 152
60 434
60 440
60 441
60 443
60 444
60 154
60 448
60 449
60 155
60 451
60 456
60 458
60 460
60 461
60 465
60 156
60 466
60 469
60 472
60 474
60 632
60 636
60 638
60 163
60 299
60 814
60 843
60 711
60 818
60 200
60 819
60 1550
60 1173
60 1929
60 2204
60 2205
2066 1166
2066 1233
2066 910
2066 1271
2066 1285
2066 2018
2066 387
2066 425
2066 2072
2066 2079
2066 1682
2066 2827
2066 2841
2066 2097
2067 676
2067 399
2067 387
2067 425
2067 1365
2067 2044
2068 387
2068 1721
2068 2197
64 70
64 71
64 76
64 77
64 78
64 316
64 79
64 80
64 81
64 82
64 83
64 317
64 276
64 525
64 87
64 89
64 90
64 91
64 93
64 319
64 320
64 497
64 94
64 265
64 95
64 97
64 102
64 104
64 429
64 308
64 516
64 498
64 430
64 321
64 110
64 111
64 283
64 113
64 120
64 124
64 125
64 126
64 660
64 544
64 134
64 137
64 560
64 140
64 143
64 652
64 160
64 637
64 546
64 611
64 174
64 175
64 179
64 663
64 185
64 186
64 195
64 736
64 217
64 227
64 531
64 235
64 272
64 810
64 247
64 251
64 254
1314 94
1314 110
1314 160
1314 281
1314 1064
1314 980
1314 783
1314 519
1314 2236
1314 1761
65 305
65 70
65 89
65 277
65 95
65 97
65 375
65 430
65 110
65 111
65 283
65 116
65 549
65 126
65 432
65 127
65 133
65 303
65 371
65 152
65 470
65 662
65 160
65 607
65 181
65 186
65 187
65 670
65 1062
65 1140
65 1672
65 2162
65 2208
65 2209
65 2210
65 501
65 778
65 373
65 240
65 290
65 534
65 249
65 1075
65 251
65 897
2799 967
2725 605
2725 1862
2725 2170
2725 1948
66 305
66 71
66 73
66 77
66 79
66 275
66 84
66 318
66 276
66 497
66 94
66 265
66 97
66 519
66 103
66 296
66 498
66 375
66 430
66 321
66 110
66 112
66 123
66 124
66 125
66 126
66 432
66 660
66 128
66 348
66 580
66 544
66 556
66 138
66 400
66 502
66 303
66 371
66 152
66 444
66 447
66 155
66 454
66 652
66 160
66 632
66 477
66 621
66 546
66 168
66 300
66 382
66 872
66 881
66 294
66 186
66 845
66 665
66 673
66 67
66 541
66 703
66 713
66 722
66 201
66 209
66 1070
66 948
66 849
66 934
66 920
66 1093
66 822
66 1097
66 1099
66 1102
66 341
66 1322
66 342
66 1366
66 1331
66 1153
66 1183
66 1607
66 1711
66 1717
66 531
66 383
66 246
67 73
67 79
67 380
67 84
67 87
67 89
67 90
67 94
67 110
67 111
67 376
67 125
67 126
67 128
67 580
67 385
67 582
67 297
67 142
67 662
67 652
67 545
67 589
67 607
67 608
67 354
67 355
67 358
67 171
67 361
67 366
67 622
67 784
67 808
67 684
67 690
67 881
67 890
67 763
67 777
67 670
67 673
67 541
67 678
67 192
67 193
67 702
67 705
67 709
67 724
67 739
67 208
67 209
67 214
67 218
67 940
67 941
67 919
67 943
67 68
67 946
67 948
67 849
67 562
67 961
67 962
67 586
67 966
67 972
67 974
67 975
67 988
67 993
67 994
67 998
67 1004
67 1006
67 1007
67 1010
67 563
67 1085
67 1022
67 1386
67 1388
67 1028
67 1368
67 1145
67 1362
67 1518
67 1525
2807 223
68 79
68 87
68 350
68 351
68 377
68 579
68 581
68 131
68 133
68 415
68 502
68 270
68 158
68 607
68 354
68 355
68 356
68 357
68 358
68 171
68 361
68 362
68 364
68 366
68 179
68 784
68 808
68 690
68 673
68 787
68 799
68 193
68 707
68 724
68 739
68 202
68 204
68 206
68 208
68 209
68 210
68 213
68 583
68 584
68 919
68 945
68 952
68 958
68 962
68 586
68 966
68 972
68 223
68 975
68 988
68 993
68 1001
68 1010
68 1019
68 809
68 1021
68 1085
68 1023
68 859
68 1143
68 1175
68 1978
68 427
68 2218
68 2742
2726 605
2726 1194
2726 1303
2726 1568
2726 1540
2726 1643
2726 1857
2726 2122
2726 2010
2726 2701
2726 2752
2726 2722
2726 2768
2726 2839
1522 110
1522 140
1522 160
1522 373
1522 374
1522 375
702 79
702 90
702 107
702 110
702 112
702 121
702 133
702 152
702 153
702 191
702 193
702 209
702 211
702 214
702 235
702 256
702 1085
702 607
702 358
702 622
702 722
702 988
702 497
702 377
702 492
702 589
702 609
702 352
702 361
702 359
702 367
702 415
702 545
702 580
702 637
702 673
702 784
702 763
702 705
702 724
702 946
702 849
702 962
702 972
702 1006
702 1083
702 1362
1638 110
1638 128
1638 140
1638 160
1638 1705
2727 605
2727 1264
2727 1568
2727 1855
2727 2752
2727 2758
2069 293
2069 473
2069 725
2069 421
2069 651
2069 872
2069 1163
2069 1187
2069 1189
2069 1206
2069 1209
2069 1225
2069 1241
2069 405
2069 425
2069 2104
2069 902
2069 1577
2069 423
2069 1684
2069 1627
2069 1428
2069 1578
2069 1606
2069 1650
2069 1654
2069 1655
2070 152
2070 310
2070 312
2070 412
2070 399
2070 408
2070 909
2070 1136
2070 1166
2070 1221
2070 1226
2070 1251
2070 427
2070 1285
2070 405
2070 1901
2070 2064
2070 2103
2070 912
2070 1657
2070 2118
2071 393
2071 876
2071 1012
2071 1208
2071 1233
2071 655
2071 1254
2071 914
2071 1282
2071 1687
2071 405
2071 425
2071 2052
2071 2131
2071 1685
2071 2044
2071 2077
769 74
769 240
769 251
769 254
769 314
769 786
769 1101
2853 1365
928 110
928 116
928 120
928 550
928 375
928 505
928 1102
928 1305
928 1475
928 1915
928 1929
928 1740
69 305
69 72
69 306
69 73
69 514
69 75
69 264
69 76
69 77
69 78
69 515
69 316
69 79
69 485
69 275
69 80
69 81
69 82
69 83
69 380
69 84
69 317
69 318
69 85
69 276
69 90
69 516
69 164
69 187
69 190
69 517
69 339
69 231
69 518
70 274
70 75
70 82
70 380
70 84
70 88
70 94
70 428
70 96
70 519
70 109
70 110
70 520
70 113
70 121
70 133
70 137
70 138
70 139
70 140
70 142
70 268
70 159
70 165
70 521
70 522
70 182
70 294
70 196
70 523
70 524
70 232
1134 388
1134 676
1134 399
1134 389
1134 393
1134 395
1134 408
1134 416
1134 417
1134 419
1134 648
1134 876
1134 387
1134 404
1134 425
1134 426
1134 427
1134 588
1134 655
1134 909
1134 910
1134 911
1134 914
1134 1163
1134 1185
1134 1901
1134 1189
1134 1190
1134 1606
1134 1192
1134 1199
1134 1206
1134 1208
1134 1209
1134 1213
1134 1219
1134 1221
1134 1230
1134 1234
1134 1684
1134 1238
1134 2047
1134 1240
1134 1242
1134 2050
1134 2053
1134 2055
1134 1245
1134 2057
1134 1246
1134 1691
1134 1692
1134 2075
1134 2063
1134 1697
1134 2102
1134 2076
1134 2131
1134 2103
1134 1262
1134 1275
1134 1280
1134 2061
1134 1285
1134 2078
1134 1286
1134 2111
1135 140
1135 149
1135 310
1135 388
1135 590
1135 725
1135 399
1135 386
1135 392
1135 403
1135 410
1135 648
1135 1011
1135 387
1135 404
1135 425
1135 426
1135 427
1135 588
1135 655
1135 852
1135 902
1135 909
1135 910
1135 911
1135 912
1135 914
1135 1299
1135 1139
1135 1360
1135 1393
1135 1163
1135 1556
1135 1577
1135 1187
1135 1901
1135 1608
1135 1219
1135 1221
1135 1683
1135 1684
1135 1687
1135 2052
1135 2058
1135 1691
1135 2076
1135 2060
1135 1262
1135 1273
1135 1280
1135 1285
1135 1286
71 72
71 73
71 307
71 77
71 78
71 79
71 84
71 318
71 85
71 276
71 258
71 87
71 88
71 89
71 277
71 278
71 90
71 91
71 93
71 280
71 320
71 497
71 265
71 95
71 428
71 281
71 97
71 99
71 101
71 282
71 105
71 486
71 106
71 429
71 308
71 108
71 503
71 498
71 266
71 321
71 110
71 111
71 487
71 116
71 120
71 124
71 549
71 125
71 432
71 579
71 323
71 556
71 136
71 558
71 139
71 391
71 140
71 502
71 324
71 148
71 499
71 530
71 492
71 268
71 455
71 493
71 325
71 326
71 588
71 589
71 590
71 591
71 592
71 593
71 594
71 595
71 596
71 597
71 598
71 599
71 600
71 301
71 601
71 602
71 603
71 604
71 605
71 170
71 327
71 328
71 381
71 606
71 607
71 608
71 609
71 610
71 329
71 611
71 294
71 198
71 612
71 346
71 613
71 614
71 231
71 235
71 287
71 242
71 290
71 347
71 615
71 250
71 251
72 306
72 73
72 307
72 75
72 264
72 77
72 78
72 275
72 80
72 81
72 84
72 317
72 318
72 85
72 276
72 87
72 278
72 279
72 90
72 93
72 320
72 497
72 94
72 95
72 428
72 96
72 97
72 100
72 102
72 105
72 486
72 106
72 429
72 108
72 577
72 516
72 266
72 111
72 112
72 113
72 121
72 431
72 124
72 488
72 127
72 579
72 138
72 139
72 324
72 143
72 433
72 146
72 529
72 268
72 460
72 157
72 478
72 164
72 611
72 175
72 178
72 179
72 521
72 332
72 622
72 623
72 190
72 624
72 625
72 198
72 626
72 496
72 231
72 235
72 288
72 289
72 347
72 246
72 535
72 295
72 247
72 619
73 306
73 514
73 75
73 264
73 76
73 77
73 79
73 275
73 84
73 85
73 276
73 86
73 258
73 90
73 91
73 93
73 94
73 95
73 428
73 102
73 105
73 106
73 429
73 308
73 516
73 503
73 498
73 375
73 266
73 430
73 110
73 113
73 115
73 116
73 120
73 121
73 122
73 658
73 549
73 125
73 126
73 550
73 432
73 488
73 659
73 660
73 127
73 323
73 134
73 559
73 138
73 140
73 142
73 661
73 499
73 298
73 152
73 445
73 447
73 466
73 468
73 470
73 662
73 349
73 493
73 160
73 164
73 300
73 494
73 301
73 611
73 330
73 332
73 663
73 185
73 186
73 187
73 664
73 665
73 666
73 190
73 667
73 668
73 669
73 670
73 495
73 671
73 672
73 191
73 673
73 674
73 675
73 676
73 541
73 677
73 678
73 198
73 496
73 227
73 501
73 373
73 531
73 374
73 231
73 288
73 238
73 245
73 679
73 246
73 247
73 251
73 254
2196 713
2811 1098
74 77
74 79
74 87
74 89
74 96
74 516
74 111
74 145
74 146
74 147
74 349
74 164
74 165
74 175
74 331
74 294
74 187
74 190
74 198
74 288
74 237
74 347
74 251
74 253
74 254
2861 1768
2861 2707
2862 1768
2862 2707
75 274
75 307
75 264
75 78
75 79
75 81
75 83
75 318
75 276
75 525
75 87
75 320
75 94
75 97
75 101
75 106
75 296
75 110
75 112
75 115
75 117
75 431
75 125
75 129
75 138
75 303
75 491
75 147
75 267
75 152
75 155
75 457
75 458
75 460
75 461
75 464
75 476
75 477
75 635
75 481
75 482
75 621
75 300
75 301
75 170
75 364
75 184
75 814
75 843
75 694
75 845
75 190
75 216
75 220
75 223
75 620
75 227
75 373
75 229
75 531
75 230
75 314
75 235
75 236
75 852
75 240
75 246
75 576
76 77
76 318
76 86
76 93
76 320
76 265
76 97
76 99
76 101
76 103
76 486
76 106
76 108
76 577
76 109
76 266
76 110
76 487
76 538
76 283
76 115
76 116
76 121
76 124
76 126
76 128
76 490
76 298
76 151
76 165
76 169
76 170
76 500
76 179
76 183
76 186
76 777
76 190
76 800
76 863
76 864
76 865
76 866
76 496
76 271
76 805
76 867
76 229
76 531
76 232
76 233
76 235
76 542
76 240
76 289
76 273
76 290
76 247
76 250
76 251
77 307
77 78
77 79
77 485
77 80
77 81
77 82
77 380
77 84
77 317
77 318
77 85
77 86
77 256
77 258
77 87
77 89
77 277
77 278
77 279
77 90
77 91
77 93
77 319
77 280
77 320
77 497
77 94
77 265
77 95
77 428
77 616
77 96
77 97
77 99
77 100
77 101
77 102
77 282
77 104
77 105
77 486
77 106
77 429
77 296
77 108
77 577
77 498
77 109
77 266
77 321
77 110
77 520
77 322
77 111
77 309
77 536
77 487
77 112
77 538
77 539
77 283
77 113
77 114
77 115
77 116
77 117
77 119
77 120
77 121
77 431
77 123
77 124
77 125
77 681
77 553
77 127
77 323
77 489
77 544
77 134
77 557
77 135
77 136
77 137
77 560
77 138
77 139
77 386
77 396
77 402
77 141
77 142
77 502
77 324
77 303
77 491
77 661
77 143
77 433
77 146
77 147
77 372
77 284
77 527
77 529
77 298
77 269
77 435
77 443
77 154
77 447
77 456
77 464
77 157
77 349
77 159
77 631
77 632
77 637
77 299
77 164
77 811
77 165
77 621
77 546
77 300
77 169
77 326
77 301
77 602
77 604
77 170
77 611
77 285
77 174
77 175
77 331
77 683
77 382
77 423
77 685
77 872
77 873
77 874
77 875
77 876
77 686
77 663
77 877
77 333
77 687
77 688
77 181
77 689
77 522
77 878
77 182
77 183
77 690
77 860
77 879
77 880
77 691
77 692
77 184
77 881
77 693
77 882
77 294
77 883
77 884
77 814
77 885
77 886
77 887
77 760
77 786
77 888
77 889
77 815
77 185
77 890
77 868
77 891
77 186
77 892
77 797
77 195
77 198
77 893
77 866
77 286
77 564
77 894
77 345
77 895
77 225
77 896
77 501
77 229
77 230
77 314
77 775
77 232
77 233
77 234
77 383
77 235
77 288
77 542
77 289
77 245
77 758
77 246
77 315
77 247
77 252
77 897
77 647
1136 84
1136 110
1136 160
1136 268
1136 293
1136 310
1136 311
1136 312
1136 473
1136 412
1136 386
1136 402
1136 408
1136 410
1136 417
1136 422
1136 872
1136 1012
1136 385
1136 387
1136 420
1136 424
1136 426
1136 850
1136 910
1136 911
1136 1392
1136 1393
1136 1154
1136 1158
1136 1557
1136 1577
1136 1185
1136 1600
1136 1602
1136 1204
1136 1986
1136 1209
1136 1687
1136 1688
1136 1278
1137 84
1137 160
78 274
78 307
78 79
78 275
78 80
78 380
78 84
78 317
78 318
78 86
78 258
78 87
78 89
78 278
78 90
78 91
78 92
78 94
78 95
78 98
78 100
78 101
78 102
78 105
78 486
78 106
78 429
78 108
78 498
78 109
78 266
78 520
78 322
78 111
78 112
78 116
78 431
78 126
78 553
78 489
78 544
78 134
78 135
78 136
78 139
78 145
78 164
78 546
78 300
78 169
78 326
78 597
78 285
78 855
78 683
78 176
78 332
78 881
78 294
78 190
78 672
78 677
78 195
78 198
78 900
78 901
78 869
78 501
78 229
78 234
78 235
78 236
78 287
78 288
78 242
78 245
78 290
78 347
78 246
78 250
78 251
78 254
79 80
79 317
79 525
79 86
79 256
79 87
79 260
79 89
79 277
79 90
79 91
79 93
79 319
79 320
79 94
79 97
79 99
79 100
79 101
79 103
79 104
79 486
79 106
79 429
79 350
79 107
79 504
79 498
79 109
79 375
79 266
79 430
79 110
79 322
79 376
79 351
79 377
79 283
79 113
79 533
79 540
79 121
79 122
79 124
79 549
79 125
79 432
79 627
79 660
79 578
79 579
79 580
79 130
79 581
79 131
79 385
79 582
79 132
79 133
79 490
79 559
79 561
79 379
79 138
79 292
79 398
79 140
79 403
79 406
79 412
79 415
79 297
79 146
79 149
79 268
79 152
79 269
79 153
79 270
79 662
79 158
79 545
79 167
79 168
79 589
79 591
79 607
79 608
79 610
79 352
79 354
79 356
79 357
79 358
79 171
79 359
79 361
79 362
79 363
79 364
79 365
79 366
79 302
79 174
79 175
79 179
79 622
79 784
79 808
79 684
79 522
79 182
79 690
79 185
79 890
79 188
79 777
79 670
79 191
79 673
79 541
79 677
79 787
79 788
79 789
79 790
79 192
79 791
79 793
79 794
79 795
79 796
79 797
79 799
79 193
79 801
79 705
79 707
79 709
79 196
79 720
79 724
79 738
79 739
79 202
79 204
79 205
79 206
79 208
79 209
79 210
79 211
79 213
79 214
79 218
79 220
79 286
79 583
79 584
79 918
79 937
79 938
79 939
79 940
79 941
79 905
79 942
79 919
79 585
79 943
79 944
79 626
79 945
79 946
79 947
79 948
79 849
79 949
79 950
79 562
79 951
79 952
79 953
79 954
79 955
79 956
79 957
79 958
79 959
79 960
79 961
79 962
79 586
79 963
79 964
79 965
79 966
79 967
79 222
79 968
79 969
79 970
79 971
79 972
79 973
79 223
79 974
79 975
79 976
79 977
79 978
79 979
79 980
79 981
79 982
79 983
79 984
79 985
79 986
79 987
79 988
79 989
79 990
79 991
79 992
79 993
79 994
79 995
79 996
79 997
79 998
79 999
79 1000
79 1001
79 1002
79 802
79 1003
79 1004
79 1005
79 1006
79 1007
79 1008
79 1009
79 1010
79 1011
79 1012
79 563
79 1013
79 1014
79 1015
79 1016
79 1017
79 1018
79 1019
79 1020
79 809
79 1021
79 1022
79 1023
79 1024
79 367
79 1025
79 1026
79 1027
79 1028
79 1029
79 1030
79 424
79 1031
79 1032
79 1033
79 1034
79 1035
79 1036
79 1037
79 552
79 1038
79 895
79 1039
79 1040
79 1041
79 1042
79 1043
79 1044
79 1045
79 1046
79 1047
79 1048
79 1049
79 614
79 230
79 314
79 1050
79 244
79 369
79 1051
79 1052
79 1053
79 803
79 1054
79 615
80 264
80 276
80 525
80 87
80 90
80 320
80 497
80 97
80 100
80 101
80 486
80 429
80 296
80 108
80 503
80 498
80 109
80 110
80 322
80 111
80 536
80 112
80 118
80 137
80 140
80 502
80 324
80 491
80 145
80 530
80 267
80 153
80 611
80 171
80 176
80 178
80 522
80 294
80 190
80 705
80 724
80 198
80 1076
80 367
80 1077
80 501
80 272
80 236
80 240
80 242
80 246
80 255
81 305
81 306
81 307
81 514
81 264
81 485
81 275
81 277
81 278
81 90
81 94
81 95
81 99
81 101
81 102
81 308
81 498
81 109
81 375
81 266
81 430
81 321
81 110
81 543
81 487
81 533
81 116
81 120
81 122
81 123
81 658
81 125
81 126
81 550
81 506
81 660
81 553
81 135
81 560
81 491
81 499
81 492
81 268
81 470
81 652
81 164
81 167
81 300
81 169
81 301
81 175
81 330
81 683
81 177
81 688
81 186
81 672
81 698
81 624
81 710
81 723
81 737
81 744
81 746
81 1055
81 1071
81 337
81 776
81 235
81 246
81 295
81 251
1639 110
1639 209
1639 705
1639 739
1639 362
1639 793
1639 968
1639 1022
1639 379
1639 2023
1639 2125
82 307
82 275
82 317
82 85
82 276
82 258
82 89
82 277
82 278
82 90
82 93
82 95
82 98
82 99
82 102
82 429
82 308
82 296
82 503
82 498
82 266
82 322
82 111
82 536
82 283
82 113
82 116
82 118
82 658
82 125
82 126
82 323
82 142
82 661
82 145
82 146
82 372
82 492
82 268
82 152
82 447
82 164
82 326
82 590
82 596
82 301
82 608
82 609
82 611
82 179
82 663
82 185
82 186
82 187
82 665
82 190
82 706
82 334
82 723
82 748
82 1072
82 496
82 338
82 339
82 1079
82 343
82 225
82 234
82 235
82 288
82 240
82 534
82 246
82 251
82 253
82 255
83 318
83 276
83 278
83 319
83 265
83 101
83 104
83 543
83 114
83 124
83 323
83 268
83 464
83 493
83 590
83 608
83 734
83 235
1376 87
1376 93
1376 108
1376 240
1376 242
1376 246
84 307
84 318
84 525
84 86
84 258
84 262
84 263
84 89
84 90
84 280
84 320
84 497
84 94
84 265
84 95
84 96
84 281
84 97
84 519
84 99
84 101
84 102
84 103
84 282
84 308
84 577
84 503
84 498
84 266
84 430
84 321
84 110
84 520
84 322
84 111
84 309
84 536
84 112
84 537
84 539
84 283
84 113
84 116
84 118
84 120
84 121
84 122
84 123
84 125
84 126
84 432
84 659
84 127
84 128
84 348
84 323
84 489
84 544
84 134
84 557
84 137
84 138
84 396
84 400
84 140
84 502
84 303
84 433
84 146
84 371
84 284
84 499
84 298
84 530
84 152
84 444
84 447
84 155
84 454
84 157
84 652
84 160
84 631
84 477
84 637
84 621
84 546
84 168
84 300
84 326
84 595
84 596
84 601
84 602
84 604
84 327
84 609
84 329
84 285
84 174
84 175
84 382
84 813
84 176
84 500
84 872
84 874
84 686
84 181
84 522
84 878
84 182
84 183
84 879
84 881
84 294
84 884
84 185
84 186
84 845
84 777
84 665
84 673
84 677
84 703
84 708
84 713
84 717
84 718
84 722
84 731
84 740
84 336
84 197
84 198
84 893
84 201
84 203
84 209
84 509
84 1066
84 1070
84 849
84 1082
84 1084
84 1087
84 1091
84 565
84 1093
84 822
84 1096
84 1097
84 1099
84 1102
84 1104
84 1108
84 1110
84 1113
84 1122
84 341
84 1321
84 1322
84 342
84 1323
84 1305
84 1324
84 1325
84 1178
84 1326
84 1327
84 1328
84 229
84 383
84 235
84 250
85 514
85 485
85 380
85 276
85 278
85 320
85 486
85 106
85 308
85 516
85 283
85 115
85 560
85 324
85 779
85 146
85 164
85 294
85 187
85 195
85 740
85 198
85 509
85 564
85 225
85 230
85 314
85 231
85 232
85 233
85 235
85 288
85 240
85 290
85 679
85 246
85 574
85 250
85 251
85 255
1469 96
1469 104
1469 110
1469 160
1469 294
1469 671
1469 1303
1470 96
1470 160
1470 609
86 305
86 274
86 275
86 380
86 318
86 525
86 258
86 87
86 277
86 90
86 93
86 94
86 265
86 95
86 98
86 101
86 103
86 105
86 486
86 106
86 308
86 107
86 516
86 503
86 498
86 266
86 430
86 321
86 110
86 520
86 112
86 116
86 120
86 121
86 125
86 126
86 488
86 627
86 660
86 553
86 128
86 489
86 544
86 490
86 134
86 137
86 559
86 139
86 140
86 143
86 145
86 499
86 529
86 298
86 530
86 492
86 447
86 464
86 470
86 662
86 493
86 637
86 546
86 300
86 589
86 608
86 609
86 171
86 179
86 663
86 181
86 690
86 879
86 186
86 777
86 665
86 670
86 722
86 723
86 739
86 816
86 198
86 1068
86 950
86 974
86 994
86 1014
86 1058
86 1085
86 1344
86 1346
86 1349
86 1350
86 1351
86 1138
86 1352
86 1353
86 225
86 240
86 246
86 251
86 255
1640 110
1640 160
1640 659
2791 1525
2791 2211
87 306
87 276
87 525
87 256
87 259
87 260
87 89
87 320
87 94
87 99
87 101
87 486
87 350
87 108
87 498
87 109
87 375
87 266
87 110
87 322
87 111
87 376
87 351
87 377
87 113
87 118
87 540
87 121
87 431
87 549
87 125
87 126
87 627
87 660
87 127
87 129
87 579
87 580
87 130
87 581
87 131
87 385
87 582
87 132
87 133
87 559
87 561
87 140
87 297
87 144
87 372
87 530
87 267
87 268
87 270
87 662
87 158
87 164
87 545
87 167
87 168
87 589
87 591
87 607
87 608
87 610
87 352
87 354
87 355
87 356
87 357
87 358
87 171
87 359
87 361
87 362
87 363
87 364
87 366
87 302
87 178
87 179
87 622
87 784
87 180
87 808
87 684
87 890
87 188
87 763
87 190
87 670
87 191
87 673
87 541
87 788
87 789
87 790
87 791
87 792
87 797
87 193
87 705
87 194
87 707
87 709
87 196
87 720
87 724
87 738
87 739
87 202
87 208
87 209
87 210
87 213
87 218
87 220
87 286
87 583
87 584
87 938
87 942
87 919
87 585
87 944
87 626
87 945
87 946
87 948
87 849
87 949
87 952
87 955
87 959
87 961
87 962
87 586
87 964
87 966
87 222
87 968
87 969
87 971
87 972
87 223
87 974
87 975
87 976
87 977
87 978
87 980
87 982
87 983
87 986
87 988
87 992
87 993
87 995
87 997
87 1000
87 1001
87 1003
87 1004
87 1006
87 1007
87 1010
87 563
87 1014
87 1015
87 1016
87 1018
87 1019
87 1020
87 809
87 1021
87 907
87 496
87 1085
87 1022
87 367
87 1025
87 1026
87 1377
87 1378
87 1029
87 1046
87 1379
87 501
87 373
87 614
87 244
87 369
87 1052
87 1053
87 803
87 615
87 1380
87 1365
88 516
88 375
88 430
88 110
88 470
88 160
88 186
88 848
88 1089
89 274
89 275
89 318
89 276
89 256
89 258
89 277
89 90
89 93
89 320
89 497
89 95
89 96
89 99
89 100
89 101
89 102
89 105
89 308
89 107
89 296
89 503
89 498
89 266
89 110
89 322
89 351
89 377
89 487
89 539
89 113
89 114
89 116
89 540
89 120
89 121
89 125
89 126
89 627
89 660
89 127
89 579
89 580
89 582
89 132
89 323
89 133
89 490
89 559
89 139
89 502
89 143
89 145
89 148
89 499
89 268
89 269
89 270
89 160
89 299
89 545
89 546
89 167
89 590
89 596
89 604
89 170
89 608
89 611
89 352
89 354
89 355
89 356
89 358
89 171
89 361
89 366
89 175
89 382
89 858
89 178
89 179
89 622
89 784
89 663
89 182
89 690
89 881
89 294
89 884
89 890
89 187
89 191
89 673
89 705
89 195
89 707
89 196
89 720
89 739
89 207
89 209
89 217
89 584
89 938
89 626
89 946
89 949
89 960
89 961
89 962
89 966
89 968
89 971
89 974
89 975
89 976
89 977
89 980
89 992
89 993
89 1000
89 1001
89 1006
89 1010
89 1018
89 1020
89 1021
89 342
89 1025
89 1377
89 1402
89 501
89 229
89 234
89 383
89 235
89 347
89 246
2072 408
2072 410
2072 413
2072 990
2072 909
2072 914
2072 437
2072 2042
2072 2099
2072 2087
2072 2097
1641 110
1641 739
1641 608
1641 673
1641 940
1641 1010
1641 359
1641 385
1641 1964
90 274
90 316
90 485
90 275
90 380
90 318
90 256
90 258
90 278
90 91
90 93
90 280
90 320
90 94
90 265
90 95
90 428
90 616
90 97
90 519
90 98
90 99
90 101
90 617
90 102
90 282
90 104
90 105
90 107
90 296
90 108
90 577
90 266
90 430
90 321
90 110
90 520
90 111
90 376
90 377
90 536
90 112
90 539
90 113
90 533
90 116
90 118
90 119
90 122
90 124
90 549
90 125
90 126
90 432
90 627
90 659
90 660
90 553
90 127
90 128
90 579
90 580
90 544
90 134
90 136
90 559
90 561
90 412
90 415
90 420
90 502
90 491
90 145
90 284
90 528
90 529
90 298
90 530
90 492
90 268
90 152
90 153
90 447
90 448
90 460
90 466
90 157
90 652
90 160
90 637
90 165
90 167
90 168
90 300
90 596
90 170
90 328
90 607
90 609
90 353
90 354
90 171
90 359
90 363
90 365
90 285
90 174
90 175
90 330
90 500
90 178
90 179
90 622
90 784
90 663
90 881
90 294
90 868
90 186
90 188
90 763
90 696
90 665
90 670
90 495
90 673
90 541
90 677
90 678
90 791
90 797
90 193
90 703
90 705
90 195
90 707
90 709
90 713
90 722
90 724
90 739
90 197
90 198
90 206
90 207
90 209
90 508
90 919
90 944
90 948
90 849
90 961
90 962
90 586
90 978
90 981
90 983
90 984
90 985
90 988
90 1004
90 1008
90 1010
90 934
90 1058
90 1083
90 1022
90 1141
90 1028
90 1029
90 1424
90 1425
90 1426
90 1427
90 1144
90 1428
90 1145
90 1392
90 1429
90 1180
90 373
90 229
90 531
90 374
90 230
90 1059
90 235
90 272
90 236
90 242
90 245
90 347
90 807
90 295
90 247
90 251
90 254
90 255
91 274
91 275
91 380
91 276
91 93
91 319
91 280
91 320
91 97
91 101
91 104
91 429
91 108
91 516
91 498
91 321
91 110
91 111
91 309
91 112
91 118
91 121
91 490
91 399
91 140
91 145
91 284
91 527
91 530
91 493
91 300
91 329
91 285
91 176
91 686
91 190
91 724
91 929
91 198
91 207
91 918
91 1016
91 564
91 859
91 923
91 1413
91 1433
91 1173
91 1434
91 501
91 1435
91 1436
91 229
91 531
91 235
91 288
91 239
91 347
91 679
91 246
91 532
91 1053
91 295
91 248
91 1437
91 1438
91 1340
92 274
92 307
92 276
92 258
92 104
92 308
92 164
92 332
92 187
92 744
92 501
92 1059
92 347
92 1320
93 274
93 264
93 275
93 317
93 258
93 319
93 280
93 497
93 94
93 265
93 95
93 281
93 97
93 99
93 106
93 503
93 498
93 266
93 430
93 110
93 322
93 487
93 115
93 116
93 118
93 124
93 549
93 125
93 432
93 659
93 660
93 127
93 129
93 323
93 489
93 544
93 133
93 134
93 138
93 324
93 303
93 143
93 145
93 433
93 146
93 298
93 153
93 456
93 662
93 652
93 641
93 644
93 165
93 169
93 606
93 611
93 366
93 174
93 175
93 331
93 176
93 178
93 689
93 881
93 884
93 186
93 187
93 670
93 703
93 704
93 334
93 196
93 197
93 198
93 207
93 944
93 934
93 1080
93 1083
93 1084
93 1113
93 340
93 1152
93 501
93 778
93 373
93 229
93 531
93 230
93 314
93 232
93 233
93 234
93 235
93 272
93 236
93 288
93 242
93 289
93 762
93 347
93 1294
93 842
93 251
93 252
93 576
93 254
93 647
93 255
94 306
94 514
94 264
94 275
94 317
94 318
94 276
94 525
94 258
94 277
94 95
94 428
94 281
94 102
94 103
94 105
94 106
94 429
94 308
94 296
94 108
94 577
94 503
94 498
94 375
94 266
94 430
94 321
94 110
94 322
94 111
94 116
94 120
94 384
94 126
94 773
94 488
94 505
94 659
94 127
94 544
94 134
94 502
94 499
94 530
94 152
94 443
94 445
94 466
94 157
94 470
94 662
94 493
94 160
94 590
94 602
94 608
94 609
94 622
94 181
94 183
94 186
94 187
94 899
94 665
94 666
94 667
94 495
94 676
94 541
94 678
94 195
94 723
94 737
94 220
94 1070
94 948
94 933
94 1057
94 337
94 1086
94 341
94 344
94 1145
94 1429
94 1453
94 1454
94 1455
94 1456
94 1457
94 501
94 231
94 234
94 235
94 236
94 288
94 238
94 240
94 347
94 246
94 518
94 251
94 253
95 305
95 274
95 307
95 264
95 485
95 275
95 318
95 276
95 525
95 256
95 258
95 277
95 279
95 280
95 320
95 497
95 265
95 616
95 96
95 281
95 97
95 519
95 99
95 100
95 101
95 102
95 105
95 486
95 106
95 429
95 308
95 296
95 108
95 503
95 498
95 109
95 266
95 321
95 110
95 520
95 322
95 111
95 112
95 283
95 533
95 116
95 120
95 121
95 122
95 124
95 125
95 126
95 659
95 127
95 579
95 323
95 489
95 544
95 133
95 560
95 138
95 396
95 502
95 324
95 303
95 491
95 145
95 433
95 527
95 529
95 530
95 492
95 268
95 152
95 269
95 447
95 157
95 160
95 634
95 162
95 164
95 165
95 546
95 300
95 169
95 596
95 601
95 170
95 609
95 329
95 611
95 175
95 177
95 332
95 874
95 181
95 183
95 294
95 886
95 185
95 186
95 187
95 899
95 495
95 191
95 677
95 703
95 195
95 713
95 722
95 198
95 209
95 944
95 849
95 562
95 993
95 1079
95 1081
95 1082
95 1083
95 1022
95 341
95 1337
95 923
95 227
95 501
95 531
95 230
95 314
95 234
95 235
95 287
95 288
95 240
95 290
95 347
95 246
95 810
95 249
95 250
96 317
96 319
96 497
96 428
96 281
96 104
96 308
96 503
96 498
96 266
96 110
96 322
96 116
96 119
96 120
96 125
96 323
96 136
96 502
96 528
96 152
96 611
96 187
96 195
96 334
96 207
96 341
96 501
96 373
96 236
96 288
96 238
96 518
96 251
97 275
97 317
97 318
97 276
97 258
97 277
97 428
97 281
97 99
97 104
97 105
97 486
97 308
97 503
97 498
97 375
97 430
97 110
97 487
97 283
97 116
97 120
97 549
97 125
97 126
97 432
97 659
97 127
97 128
97 579
97 323
97 133
97 556
97 558
97 559
97 502
97 303
97 146
97 530
97 492
97 152
97 443
97 455
97 466
97 470
97 160
97 164
97 325
97 326
97 589
97 591
97 594
97 595
97 596
97 599
97 301
97 602
97 603
97 604
97 327
97 328
97 606
97 608
97 609
97 329
97 611
97 175
97 330
97 332
97 692
97 884
97 694
97 335
97 336
97 197
97 198
97 338
97 340
97 1304
97 342
97 346
97 1453
97 613
97 1450
97 1451
97 225
97 753
97 288
97 240
97 758
97 246
97 249
97 251
97 254
1523 110
1523 160
1523 373
1523 899
99 98
99 264
99 258
99 277
99 320
99 497
99 265
99 428
99 616
99 101
99 105
99 486
99 296
99 503
99 498
99 266
99 430
99 110
99 487
99 283
99 115
99 116
99 120
99 126
99 432
99 128
99 323
99 544
99 559
99 138
99 396
99 502
99 499
99 298
99 492
99 152
99 160
99 589
99 594
99 595
99 596
99 301
99 601
99 602
99 606
99 609
99 329
99 611
99 500
99 663
99 692
99 815
99 899
99 1125
99 1477
99 1478
99 1479
99 501
99 234
98 305
98 306
98 307
98 514
98 277
98 279
98 320
98 265
98 428
98 102
98 105
98 308
98 503
98 498
98 375
98 430
98 321
98 110
98 116
98 120
98 121
98 770
98 431
98 122
98 680
98 658
98 549
98 125
98 126
98 550
98 488
98 660
98 681
98 323
98 544
98 134
98 559
98 661
98 530
98 152
98 445
98 470
98 160
98 634
98 168
98 301
98 608
98 609
98 177
98 181
98 879
98 185
98 186
98 899
98 189
98 665
98 676
98 706
98 710
98 723
98 733
98 737
98 746
98 893
98 1063
98 1068
98 820
98 967
98 1060
98 339
98 340
98 1338
98 1324
98 1149
98 1474
98 1475
98 1476
98 1150
98 1151
98 1152
1642 110
1642 131
1642 140
1642 180
1642 213
1642 361
1642 370
1642 787
1642 945
1642 969
1642 1025
1642 799
1642 802
1642 1027
1642 2821
2227 443
2227 468
2227 2082
100 306
100 276
100 258
100 102
100 429
100 308
100 516
100 503
100 266
100 111
100 116
100 658
100 125
100 550
100 488
100 774
100 127
100 139
100 502
100 152
100 164
100 165
100 185
100 187
100 334
100 744
100 198
100 1070
100 1149
100 231
100 235
100 273
100 246
100 247
100 251
101 274
101 307
101 275
101 318
101 276
101 256
101 320
101 102
101 429
101 308
101 108
101 516
101 503
101 498
101 109
101 266
101 321
101 110
101 520
101 487
101 113
101 116
101 121
101 122
101 125
101 126
101 659
101 660
101 127
101 554
101 559
101 140
101 502
101 324
101 491
101 433
101 527
101 529
101 530
101 492
101 153
101 445
101 546
101 167
101 300
101 301
101 608
101 171
101 175
101 178
101 332
101 684
101 688
101 690
101 879
101 186
101 187
101 705
101 195
101 709
101 739
101 746
101 967
101 496
101 612
101 225
101 501
101 229
101 240
101 245
101 290
101 250
102 307
102 485
102 318
102 277
102 320
102 265
102 282
102 105
102 486
102 308
102 296
102 108
102 498
102 266
102 430
102 321
102 110
102 112
102 283
102 116
102 121
102 122
102 124
102 658
102 549
102 125
102 126
102 660
102 127
102 323
102 489
102 560
102 396
102 144
102 433
102 284
102 499
102 268
102 448
102 493
102 160
102 637
102 641
102 169
102 593
102 301
102 609
102 683
102 177
102 688
102 689
102 889
102 672
102 710
102 196
102 737
102 1069
102 984
102 900
102 920
102 342
102 1333
102 1154
102 373
102 234
102 235
102 246
102 810
103 305
103 525
103 428
103 105
103 577
103 498
103 375
103 430
103 110
103 116
103 120
103 124
103 549
103 125
103 126
103 550
103 432
103 488
103 627
103 127
103 128
103 140
103 142
103 303
103 148
103 267
103 443
103 447
103 466
103 662
103 164
103 300
103 611
103 174
103 500
103 179
103 187
103 664
103 665
103 670
103 541
103 677
103 194
103 195
103 714
103 717
103 722
103 948
103 496
103 1089
103 1145
103 1454
103 1483
103 1484
103 1485
103 225
103 573
103 229
103 273
103 246
103 251
104 264
104 317
104 276
104 278
104 486
104 108
104 110
104 112
104 140
104 269
104 159
104 164
104 546
104 301
104 609
104 285
104 175
104 855
104 176
104 195
104 198
104 1487
104 227
104 501
104 373
104 374
104 1059
104 236
104 288
104 240
104 347
104 246
104 518
104 295
104 255
105 274
105 485
105 276
105 525
105 277
105 319
105 320
105 497
105 265
105 486
105 106
105 308
105 107
105 516
105 498
105 266
105 430
105 321
105 110
105 520
105 111
105 536
105 116
105 120
105 121
105 124
105 125
105 660
105 323
105 544
105 139
105 140
105 502
105 499
105 528
105 530
105 152
105 546
105 167
105 494
105 608
105 609
105 329
105 174
105 175
105 181
105 522
105 294
105 868
105 186
105 187
105 899
105 671
105 673
105 678
105 195
105 719
105 722
105 723
105 743
105 993
105 1086
105 1094
105 1101
105 1458
105 1454
105 1464
105 1488
105 1489
105 756
105 229
105 775
105 235
105 240
105 242
105 245
105 347
105 534
106 306
106 264
106 485
106 318
106 276
106 258
106 320
106 265
106 616
106 281
106 282
106 486
106 108
106 375
106 266
106 321
106 520
106 113
106 114
106 118
106 119
106 772
106 125
106 550
106 488
106 660
106 138
106 502
106 151
106 268
106 269
106 165
106 589
106 301
106 382
106 858
106 195
106 336
106 198
106 496
106 1430
106 753
106 501
106 229
106 231
106 233
106 383
106 235
106 288
106 240
106 242
106 289
106 273
106 347
106 246
106 251
106 253
107 258
107 277
107 497
107 428
107 281
107 308
107 503
107 498
107 430
107 110
107 376
107 536
107 539
107 116
107 122
107 549
107 125
107 126
107 488
107 127
107 128
107 579
107 323
107 544
107 561
107 140
107 414
107 502
107 303
107 528
107 529
107 492
107 152
107 447
107 466
107 470
107 662
107 649
107 652
107 160
107 300
107 591
107 594
107 596
107 602
107 603
107 608
107 359
107 365
107 174
107 663
107 814
107 186
107 695
107 187
107 189
107 664
107 665
107 667
107 670
107 671
107 673
107 541
107 678
107 704
107 705
107 713
107 721
107 724
107 725
107 739
107 742
107 207
107 209
107 216
107 1066
107 943
107 948
107 961
107 966
107 1089
107 1094
107 1098
107 1113
107 1119
107 1338
107 1344
107 1366
107 1374
107 1331
107 1145
107 1429
107 1148
107 1496
107 1497
107 1498
107 1499
107 1500
107 1501
107 1157
107 1031
107 1502
107 1503
107 1504
107 1505
107 1488
107 1506
107 1507
107 373
107 531
107 374
107 273
107 290
107 246
107 810
107 249
107 1075
107 251
107 255
1643 110
1643 160
1643 555
1643 605
1643 1092
1643 1103
1643 1114
1643 1123
1643 1217
1643 414
1643 1527
1643 1303
1643 1418
1643 1568
1643 1574
1643 1540
1643 1541
1643 1906
1643 1909
1643 1948
1643 1669
1643 2122
1643 2141
1643 1715
1643 2215
1643 1730
1643 2010
1643 2170
1643 1855
1643 1857
108 264
108 515
108 276
108 258
108 278
108 320
108 428
108 486
108 429
108 577
108 266
108 321
108 543
108 111
108 283
108 113
108 118
108 142
108 151
108 164
108 855
108 331
108 294
108 187
108 190
108 191
108 195
108 198
108 207
108 1062
108 496
108 1057
108 932
108 227
108 231
108 1059
108 288
108 347
108 518
108 1302
109 274
109 276
109 278
109 486
109 308
109 296
109 516
109 503
109 266
109 321
109 539
109 553
109 129
109 544
109 136
109 138
109 324
109 433
109 146
109 147
109 492
109 164
109 594
109 329
109 611
109 331
109 683
109 858
109 500
109 889
109 190
109 195
109 736
109 198
109 893
109 964
109 933
109 1333
109 225
109 234
109 235
109 240
109 290
109 534
109 246
109 535
109 251
110 304
110 307
110 514
110 264
110 485
110 275
110 318
110 276
110 525
110 256
110 261
110 279
110 320
110 497
110 265
110 616
110 281
110 519
110 617
110 618
110 308
110 296
110 577
110 504
110 498
110 375
110 266
110 430
110 321
110 111
110 376
110 377
110 536
110 487
110 112
110 539
110 283
110 533
110 116
110 540
110 120
110 121
110 526
110 384
110 122
110 123
110 771
110 124
110 658
110 549
110 125
110 126
110 432
110 488
110 627
110 659
110 660
110 681
110 553
110 127
110 128
110 129
110 348
110 578
110 579
110 580
110 130
110 385
110 323
110 489
110 544
110 134
110 556
110 557
110 135
110 559
110 560
110 561
110 378
110 138
110 388
110 310
110 394
110 395
110 396
110 397
110 398
110 399
110 400
110 402
110 406
110 407
110 411
110 412
110 413
110 414
110 415
110 297
110 416
110 417
110 418
110 419
110 420
110 421
110 303
110 491
110 661
110 628
110 145
110 371
110 372
110 148
110 150
110 527
110 499
110 528
110 529
110 298
110 530
110 492
110 268
110 152
110 153
110 434
110 438
110 440
110 442
110 443
110 444
110 445
110 447
110 450
110 155
110 454
110 455
110 456
110 459
110 460
110 461
110 462
110 464
110 156
110 466
110 468
110 469
110 157
110 470
110 471
110 472
110 473
110 475
110 476
110 662
110 648
110 312
110 650
110 293
110 651
110 652
110 653
110 654
110 160
110 632
110 477
110 634
110 638
110 479
110 480
110 162
110 640
110 641
110 163
110 644
110 481
110 164
110 811
110 165
110 621
110 545
110 546
110 167
110 168
110 300
110 169
110 589
110 591
110 592
110 596
110 599
110 301
110 601
110 602
110 604
110 605
110 170
110 381
110 607
110 608
110 609
110 611
110 354
110 358
110 171
110 359
110 361
110 363
110 365
110 302
110 172
110 285
110 174
110 175
110 853
110 854
110 382
110 179
110 622
110 784
110 808
110 684
110 872
110 874
110 876
110 686
110 663
110 333
110 181
110 689
110 522
110 183
110 860
110 879
110 880
110 691
110 692
110 184
110 881
110 693
110 882
110 294
110 814
110 885
110 888
110 815
110 185
110 890
110 868
110 186
110 843
110 844
110 694
110 845
110 847
110 695
110 187
110 763
110 777
110 665
110 666
110 667
110 669
110 670
110 495
110 671
110 673
110 541
110 677
110 678
110 787
110 788
110 790
110 796
110 797
110 193
110 703
110 704
110 705
110 194
110 195
110 707
110 334
110 709
110 711
110 196
110 713
110 714
110 715
110 718
110 722
110 723
110 724
110 725
110 726
110 727
110 729
110 731
110 733
110 739
110 741
110 742
110 743
110 935
110 818
110 929
110 931
110 198
110 199
110 200
110 864
110 865
110 207
110 209
110 211
110 214
110 216
110 218
110 219
110 220
110 508
110 509
110 1064
110 1066
110 1067
110 819
110 1070
110 820
110 821
110 286
110 940
110 941
110 919
110 943
110 944
110 945
110 946
110 948
110 849
110 949
110 562
110 951
110 953
110 954
110 961
110 962
110 586
110 963
110 964
110 965
110 966
110 967
110 968
110 969
110 972
110 974
110 976
110 979
110 980
110 984
110 985
110 987
110 993
110 994
110 995
110 996
110 998
110 999
110 1000
110 1001
110 1002
110 802
110 1004
110 1005
110 1008
110 1010
110 1011
110 1012
110 563
110 1015
110 902
110 1060
110 1076
110 1078
110 620
110 1058
110 1080
110 920
110 922
110 1083
110 1084
110 783
110 1089
110 1090
110 1092
110 1093
110 1094
110 822
110 1095
110 1097
110 1099
110 1102
110 1103
110 1108
110 1114
110 1115
110 908
110 1122
110 1124
110 1126
110 1022
110 1303
110 1301
110 341
110 1322
110 1338
110 1344
110 1346
110 1366
110 823
110 1024
110 1370
110 1025
110 1378
110 1387
110 1388
110 1390
110 1383
110 1350
110 1352
110 1337
110 344
110 1139
110 1141
110 1142
110 1373
110 825
110 1028
110 1391
110 1143
110 1427
110 1144
110 1428
110 1145
110 1392
110 1429
110 1418
110 1421
110 1385
110 1357
110 1358
110 1359
110 1360
110 1361
110 1146
110 1362
110 1148
110 1152
110 613
110 1451
110 1422
110 424
110 1393
110 1459
110 1460
110 1462
110 870
110 1463
110 1454
110 1465
110 1395
110 1439
110 1479
110 1483
110 1484
110 1430
110 1517
110 1518
110 1306
110 1496
110 1498
110 1500
110 1501
110 1157
110 1031
110 1502
110 1503
110 1504
110 1505
110 1507
110 1158
110 1159
110 1354
110 1355
110 1356
110 1160
110 1508
110 1509
110 1510
110 1511
110 1512
110 1513
110 1515
110 1516
110 1325
110 1544
110 1545
110 1546
110 1547
110 1548
110 1549
110 1162
110 1550
110 1552
110 1163
110 1533
110 1555
110 1556
110 1557
110 1165
110 1559
110 1560
110 1561
110 1562
110 1563
110 1167
110 425
110 1567
110 1583
110 1584
110 1568
110 1570
110 829
110 1572
110 566
110 1574
110 1575
110 1170
110 1577
110 1578
110 1579
110 1394
110 1171
110 1033
110 1525
110 1034
110 1527
110 1529
110 1585
110 1586
110 1587
110 1580
110 1588
110 1589
110 1564
110 1540
110 1541
110 1542
110 1543
110 1487
110 1173
110 1035
110 1176
110 1037
110 1590
110 1591
110 1592
110 484
110 1593
110 1180
110 1594
110 1595
110 1596
110 1597
110 1183
110 1598
110 1184
110 1185
110 1599
110 1600
110 1186
110 1187
110 1601
110 1602
110 1603
110 1604
110 552
110 1189
110 1605
110 1190
110 1606
110 1192
110 1193
110 1607
110 832
110 1480
110 1608
110 1194
110 1195
110 1308
110 1609
110 1610
110 1611
110 1612
110 1613
110 1614
110 1615
110 1616
110 1617
110 1618
110 1619
110 1620
110 1621
110 1199
110 1622
110 1623
110 1624
110 1625
110 1626
110 1627
110 1628
110 1629
110 1630
110 1631
110 1632
110 1633
110 1634
110 1203
110 1644
110 895
110 1645
110 1204
110 1646
110 1647
110 1648
110 1649
110 1206
110 1207
110 1650
110 1209
110 1040
110 1210
110 1651
110 1652
110 1653
110 1654
110 1655
110 1656
110 1657
110 1658
110 1659
110 1660
110 1661
110 1662
110 1663
110 1664
110 1665
110 1216
110 1666
110 1217
110 1667
110 1668
110 1669
110 1670
110 1671
110 1672
110 1673
110 780
110 1674
110 1675
110 1676
110 1677
110 1678
110 1679
110 1680
110 1681
110 1225
110 1226
110 1682
110 1228
110 1683
110 1231
110 1684
110 1685
110 1686
110 1238
110 1687
110 1242
110 1688
110 1689
110 1690
110 1691
110 1692
110 1693
110 1252
110 1694
110 1695
110 1696
110 1697
110 1698
110 1699
110 1700
110 427
110 1701
110 1702
110 1703
110 1704
110 1705
110 1706
110 1707
110 1708
110 1709
110 1710
110 1264
110 1711
110 1712
110 1713
110 224
110 1714
110 1715
110 1716
110 1717
110 1718
110 1719
110 1720
110 1721
110 1722
110 1723
110 1724
110 1725
110 1726
110 1727
110 1728
110 1729
110 1730
110 1731
110 1732
110 1733
110 1734
110 1735
110 1736
110 1737
110 1738
110 1739
110 1266
110 1267
110 1740
110 1741
110 1472
110 1742
110 1743
110 1744
110 1745
110 1746
110 1747
110 1748
110 1749
110 1750
110 1751
110 1752
110 1753
110 1754
110 1755
110 1756
110 1757
110 1758
110 1759
110 1760
110 1761
110 1762
110 1763
110 1764
110 1765
110 1766
110 1767
110 1768
110 1769
110 1770
110 1771
110 1772
110 1773
110 1774
110 1775
110 1776
110 1777
110 1778
110 1779
110 1780
110 1781
110 1782
110 1783
110 1784
110 1785
110 1786
110 1787
110 1788
110 1789
110 1790
110 1791
110 1792
110 1793
110 1794
110 1795
110 1796
110 1797
110 1798
110 1799
110 1800
110 1801
110 1802
110 1803
110 1804
110 1805
110 1806
110 1807
110 1808
110 1809
110 1810
110 1811
110 1812
110 1813
110 1814
110 1815
110 1816
110 1817
110 1818
110 1819
110 1820
110 1821
110 1822
110 1823
110 1824
110 1825
110 1826
110 1827
110 1828
110 1829
110 1830
110 1831
110 1832
110 1833
110 1834
110 1835
110 1836
110 1837
110 1838
110 1839
110 1840
110 1841
110 1842
110 1061
110 1843
110 1844
110 1845
110 1846
110 1847
110 1848
110 1849
110 1850
110 1852
110 1853
110 1854
110 1855
110 1856
110 1857
110 1858
110 1859
110 1860
110 1861
110 1862
110 1863
110 531
110 234
110 383
110 235
110 240
110 534
110 246
110 574
110 249
110 251
1644 448
1644 1103
1644 1115
1644 1123
1644 1217
1644 414
1644 1527
1644 1303
1644 1574
1644 1906
1644 1916
1644 1948
1644 2013
1644 2810
1644 2251
1644 2813
1644 2844
1644 2855
929 160
929 171
929 207
929 251
929 310
929 559
929 399
929 385
929 524
929 677
929 780
929 994
929 1021
929 1058
929 1337
929 1325
929 1039
929 1657
929 2056
929 1048
929 1887
929 1995
929 1291
111 274
111 307
111 264
111 485
111 317
111 318
111 276
111 525
111 277
111 278
111 497
111 281
111 486
111 429
111 498
111 266
111 321
111 520
111 112
111 113
111 114
111 116
111 118
111 119
111 431
111 122
111 125
111 681
111 553
111 127
111 129
111 580
111 489
111 490
111 560
111 398
111 142
111 502
111 491
111 144
111 145
111 147
111 268
111 153
111 159
111 493
111 641
111 299
111 482
111 164
111 300
111 169
111 609
111 285
111 175
111 182
111 881
111 788
111 704
111 713
111 730
111 198
111 209
111 509
111 1066
111 221
111 562
111 974
111 989
111 563
111 1013
111 1082
111 1085
111 1110
111 1324
111 1170
111 1865
111 1866
111 501
111 373
111 314
111 1050
2197 1145
2197 1301
2197 1721
2197 2193
112 306
112 514
112 275
112 317
112 318
112 276
112 525
112 281
112 498
112 375
112 266
112 430
112 321
112 351
112 283
112 116
112 770
112 125
112 126
112 550
112 488
112 127
112 128
112 579
112 323
112 133
112 134
112 559
112 502
112 661
112 145
112 372
112 268
112 152
112 470
112 349
112 167
112 609
112 171
112 175
112 856
112 330
112 179
112 521
112 690
112 881
112 693
112 185
112 186
112 763
112 899
112 189
112 665
112 671
112 705
112 706
112 708
112 723
112 742
112 744
112 197
112 198
112 202
112 918
112 968
112 339
112 1094
112 1345
112 1387
112 1504
112 1586
112 1587
112 1881
112 1882
112 1580
112 1588
112 1196
112 1714
112 225
112 1883
112 231
112 235
112 240
112 534
112 246
112 370
112 251
2138 406
2138 1659
514 123
514 126
514 129
514 144
514 147
514 152
514 155
514 157
514 184
514 229
514 235
514 307
514 641
514 627
514 652
514 375
514 431
514 434
514 439
514 442
514 443
514 444
514 448
514 449
514 453
514 455
514 456
514 458
514 460
514 464
514 465
514 466
514 467
514 468
514 474
514 479
514 481
514 482
514 616
514 628
514 632
514 634
514 638
514 644
514 602
514 812
514 813
514 814
514 815
514 668
514 816
514 817
514 818
514 819
514 820
514 821
514 523
514 822
514 823
514 824
514 825
514 826
514 827
514 828
514 829
514 830
514 831
514 832
514 833
514 834
514 835
514 836
514 837
514 838
514 839
514 752
514 840
514 841
514 842
114 306
114 264
114 275
114 276
114 497
114 429
114 322
114 121
114 126
114 488
114 659
114 323
114 139
114 499
114 326
114 329
114 856
114 666
114 195
114 717
114 728
114 1058
114 1086
114 1121
114 235
114 251
113 318
113 276
113 277
113 319
113 320
113 429
113 516
113 520
113 322
113 283
113 118
113 126
113 129
113 139
113 142
113 502
113 143
113 433
113 268
113 269
113 164
113 165
113 175
113 686
113 294
113 190
113 793
113 198
113 207
113 993
113 227
113 501
113 288
113 238
113 518
115 306
115 264
115 275
115 319
115 497
115 429
115 308
115 516
115 503
115 498
115 322
115 658
115 125
115 126
115 659
115 372
115 349
115 164
115 301
115 329
115 353
115 330
115 185
115 189
115 698
115 733
115 517
115 198
115 509
115 231
116 305
116 306
116 485
116 525
116 277
116 279
116 320
116 497
116 265
116 519
116 282
116 296
116 503
116 375
116 266
116 430
116 520
116 283
116 533
116 120
116 121
116 125
116 126
116 659
116 127
116 128
116 489
116 544
116 490
116 134
116 310
116 502
116 324
116 303
116 143
116 433
116 284
116 152
116 269
116 434
116 447
116 455
116 160
116 637
116 162
116 811
116 165
116 621
116 546
116 300
116 169
116 594
116 596
116 170
116 609
116 175
116 874
116 333
116 294
116 815
116 186
116 845
116 191
116 800
116 698
116 703
116 713
116 735
116 930
116 863
116 864
116 866
116 820
116 944
116 849
116 562
116 970
116 993
116 1078
116 1081
116 1082
116 1083
116 1107
116 1116
116 1125
116 1022
116 341
116 1329
116 1031
116 1356
116 1550
116 1167
116 1896
116 1176
116 1177
116 1897
116 1178
116 1898
116 1179
116 1899
116 1900
116 234
116 235
116 246
116 1054
117 497
117 503
117 498
117 659
117 388
117 396
117 399
117 402
117 403
117 405
117 408
117 150
117 152
117 596
117 872
117 876
117 1011
117 902
117 1315
117 1299
117 1392
117 1360
117 1147
117 1154
117 1166
117 425
117 1182
117 1188
117 1901
117 1189
117 1902
117 1605
117 1190
117 1903
117 1606
117 1904
117 1905
117 1191
117 1192
117 1193
118 274
118 318
118 276
118 277
118 319
118 320
118 516
118 322
118 129
118 269
118 153
118 165
118 167
118 352
118 175
118 686
118 190
118 198
118 975
119 307
119 264
119 276
119 308
119 266
119 520
119 146
119 527
119 175
119 331
119 176
119 294
119 198
119 1063
119 933
119 231
119 236
120 274
120 264
120 318
120 277
120 265
120 281
120 308
120 296
120 375
120 266
120 430
120 321
120 376
120 533
120 121
120 124
120 658
120 549
120 627
120 659
120 660
120 128
120 129
120 323
120 544
120 134
120 559
120 138
120 297
120 298
120 152
120 460
120 466
120 467
120 469
120 157
120 470
120 662
120 652
120 160
120 637
120 644
120 811
120 621
120 300
120 596
120 609
120 174
120 663
120 333
120 181
120 183
120 184
120 294
120 814
120 890
120 186
120 677
120 194
120 717
120 719
120 722
120 723
120 740
120 741
120 816
120 817
120 848
120 818
120 286
120 849
120 993
120 1086
120 783
120 1337
120 825
120 1028
120 1357
120 1458
120 1459
120 1510
120 1592
120 1594
120 531
120 234
120 235
120 347
930 287
930 786
930 879
121 264
121 485
121 275
121 276
121 277
121 319
121 486
121 308
121 577
121 503
121 266
121 536
121 283
121 125
121 126
121 128
121 135
121 502
121 303
121 661
121 779
121 148
121 499
121 268
121 152
121 164
121 590
121 301
121 609
121 329
121 177
121 189
121 666
121 698
121 624
121 710
121 730
121 893
121 1062
121 820
121 1058
121 869
121 1086
121 1073
121 1166
121 1908
121 1909
121 501
121 229
121 288
121 238
121 240
121 273
121 758
121 534
121 246
121 251
121 576
122 307
122 485
122 265
122 375
122 430
122 539
122 549
122 125
122 126
122 127
122 580
122 544
122 138
122 415
122 297
122 491
122 661
122 145
122 529
122 492
122 157
122 470
122 662
122 652
122 621
122 546
122 589
122 611
122 853
122 333
122 688
122 881
122 664
122 665
122 670
122 677
122 678
122 334
122 717
122 719
122 724
122 731
122 866
122 209
122 214
122 220
122 1065
122 221
122 1071
122 849
122 620
122 1084
122 1093
122 1097
122 1148
122 1457
122 1484
122 1499
122 1582
122 1577
122 1293
122 1183
122 1923
122 1924
122 1598
122 1925
122 1184
122 1185
123 305
123 307
123 431
123 384
123 124
123 125
123 126
123 550
123 681
123 128
123 129
123 154
123 456
123 458
123 464
123 465
123 474
123 652
123 638
123 163
123 299
123 814
123 711
123 716
123 816
123 848
123 507
123 823
123 1149
123 1555
123 1929
124 306
124 307
124 277
124 497
124 428
124 308
124 516
124 498
124 375
124 430
124 321
124 377
124 658
124 549
124 125
124 126
124 550
124 432
124 488
124 774
124 660
124 553
124 127
124 128
124 133
124 140
124 529
124 152
124 443
124 445
124 447
124 156
124 466
124 468
124 157
124 662
124 493
124 652
124 160
124 301
124 602
124 609
124 174
124 500
124 178
124 663
124 181
124 183
124 879
124 693
124 186
124 665
124 668
124 670
124 673
124 674
124 676
124 541
124 677
124 678
124 698
124 709
124 722
124 723
124 731
124 733
124 737
124 744
124 747
124 931
124 207
124 509
124 994
124 1305
124 1324
124 1429
124 1458
124 1460
124 1454
124 1484
124 1511
124 1183
124 1931
124 1196
124 1615
124 753
124 573
125 304
125 274
125 307
125 264
125 485
125 525
125 256
125 279
125 320
125 497
125 265
125 428
125 519
125 282
125 486
125 429
125 503
125 498
125 266
125 430
125 376
125 351
125 377
125 536
125 487
125 283
125 540
125 431
125 658
125 549
125 126
125 550
125 627
125 660
125 553
125 127
125 128
125 129
125 578
125 579
125 130
125 544
125 490
125 134
125 556
125 135
125 136
125 137
125 559
125 560
125 139
125 400
125 415
125 141
125 142
125 502
125 284
125 499
125 530
125 492
125 152
125 153
125 434
125 443
125 444
125 447
125 448
125 452
125 456
125 458
125 460
125 461
125 463
125 464
125 465
125 156
125 466
125 469
125 470
125 474
125 293
125 160
125 634
125 637
125 640
125 642
125 299
125 546
125 168
125 300
125 169
125 589
125 590
125 596
125 601
125 170
125 608
125 609
125 610
125 353
125 171
125 359
125 361
125 365
125 302
125 172
125 853
125 331
125 382
125 521
125 784
125 808
125 873
125 181
125 690
125 879
125 692
125 184
125 881
125 294
125 815
125 185
125 186
125 187
125 763
125 189
125 670
125 495
125 673
125 678
125 788
125 703
125 194
125 707
125 711
125 713
125 718
125 722
125 724
125 733
125 739
125 818
125 200
125 214
125 218
125 220
125 820
125 286
125 918
125 919
125 943
125 948
125 849
125 953
125 954
125 955
125 966
125 971
125 974
125 985
125 988
125 995
125 999
125 1004
125 1008
125 1018
125 1097
125 1116
125 1120
125 823
125 1377
125 1388
125 1390
125 923
125 1403
125 1028
125 1429
125 1411
125 424
125 1482
125 1159
125 1355
125 1545
125 1178
125 1036
125 832
125 1936
125 1623
125 1624
125 1625
125 1937
125 1200
125 1626
125 1201
125 1627
125 614
125 1938
125 383
125 615
703 126
703 127
703 152
703 160
703 186
703 266
703 281
703 298
703 318
703 329
703 596
703 549
703 503
703 495
703 373
703 466
703 470
703 541
703 662
703 677
703 1066
703 1094
703 1338
703 1366
126 305
126 307
126 264
126 318
126 525
126 277
126 280
126 320
126 497
126 265
126 519
126 308
126 296
126 577
126 503
126 375
126 266
126 430
126 520
126 322
126 536
126 487
126 283
126 540
126 549
126 488
126 627
126 660
126 127
126 128
126 129
126 385
126 544
126 136
126 137
126 292
126 402
126 412
126 418
126 420
126 142
126 502
126 491
126 150
126 499
126 529
126 530
126 492
126 268
126 152
126 269
126 153
126 439
126 443
126 444
126 154
126 447
126 448
126 456
126 462
126 466
126 469
126 157
126 470
126 475
126 662
126 293
126 652
126 160
126 632
126 636
126 637
126 639
126 640
126 163
126 165
126 621
126 545
126 300
126 589
126 591
126 592
126 601
126 170
126 607
126 609
126 610
126 352
126 353
126 171
126 359
126 174
126 175
126 853
126 500
126 521
126 333
126 181
126 689
126 690
126 860
126 879
126 881
126 815
126 186
126 845
126 763
126 670
126 671
126 673
126 541
126 677
126 678
126 800
126 193
126 705
126 711
126 713
126 727
126 738
126 739
126 818
126 198
126 202
126 209
126 214
126 217
126 821
126 944
126 948
126 849
126 953
126 972
126 979
126 984
126 993
126 802
126 1005
126 1010
126 1012
126 1020
126 921
126 1089
126 1097
126 1118
126 908
126 1346
126 823
126 1377
126 1403
126 1392
126 1429
126 1359
126 1360
126 1459
126 1550
126 1556
126 1166
126 1559
126 1572
126 1170
126 1880
126 1184
126 1186
126 832
126 1308
126 1616
126 1617
126 1939
126 1940
126 1618
126 1941
126 1619
126 1620
126 1264
126 569
126 227
126 614
126 234
126 240
126 615
126 1942
1490 350
1960 358
1960 922
1960 521
1960 591
1960 937
1960 951
1960 979
1960 905
1960 963
1960 949
1960 1373
1960 1034
1960 1362
1960 1357
1960 1996
1960 1554
127 274
127 307
127 525
127 258
127 277
127 519
127 617
127 618
127 308
127 503
127 266
127 430
127 321
127 536
127 539
127 283
127 432
127 660
127 553
127 128
127 385
127 489
127 544
127 134
127 559
127 560
127 528
127 529
127 268
127 152
127 153
127 443
127 470
127 493
127 652
127 160
127 644
127 811
127 165
127 621
127 172
127 285
127 174
127 663
127 183
127 691
127 186
127 670
127 495
127 541
127 796
127 722
127 740
127 209
127 1069
127 1071
127 948
127 951
127 1089
127 1122
127 1329
127 1393
127 1496
127 1489
127 1532
127 1178
127 1615
127 1936
127 1624
127 1955
128 306
128 307
128 258
128 265
128 519
128 375
128 266
128 430
128 549
128 432
128 627
128 348
128 544
128 134
128 561
128 138
128 303
128 628
128 371
128 372
128 499
128 528
128 529
128 152
128 439
128 442
128 444
128 447
128 155
128 454
128 455
128 456
128 457
128 459
128 460
128 461
128 462
128 464
128 466
128 469
128 470
128 471
128 472
128 476
128 649
128 652
128 160
128 477
128 634
128 636
128 480
128 162
128 163
128 481
128 483
128 545
128 300
128 599
128 170
128 176
128 181
128 879
128 881
128 186
128 844
128 845
128 847
128 670
128 673
128 541
128 334
128 709
128 722
128 724
128 727
128 209
128 508
128 944
128 993
128 934
128 564
128 1093
128 1099
128 1122
128 1305
128 823
128 1383
128 825
128 1407
128 826
128 1393
128 1505
128 1354
128 1489
128 1549
128 1555
128 1563
128 1577
128 1919
128 832
128 833
128 1956
128 778
128 373
128 531
128 235
129 305
129 306
129 307
129 276
129 278
129 616
129 375
129 430
129 321
129 536
129 770
129 550
129 773
129 681
129 140
129 529
129 469
129 163
129 330
129 183
129 186
129 189
129 495
129 624
129 711
129 729
129 744
129 747
129 509
129 510
129 1095
129 341
129 229
129 245
129 290
129 347
1138 160
1138 473
1138 739
130 256
130 375
130 385
130 582
130 132
130 396
130 399
130 167
130 596
130 171
130 302
130 622
130 191
130 788
130 705
130 334
130 720
130 209
130 217
130 942
130 948
130 562
130 954
130 969
130 993
130 1007
130 1010
130 1021
130 1083
130 1022
130 1023
130 1025
130 1330
130 1429
130 1153
130 1557
130 1525
130 1528
130 1187
130 1039
130 1968
130 1969
131 256
131 260
131 350
131 351
131 377
131 579
131 385
131 133
131 379
131 268
131 158
131 608
131 352
131 353
131 354
131 355
131 357
131 358
131 171
131 359
131 362
131 364
131 366
131 178
131 179
131 684
131 787
131 791
131 793
131 799
131 195
131 196
131 720
131 724
131 738
131 202
131 204
131 206
131 208
131 209
131 213
131 583
131 584
131 942
131 585
131 945
131 849
131 222
131 223
131 975
131 986
131 988
131 1001
131 1013
131 809
131 1023
131 1145
131 1169
131 1032
131 1585
131 1623
131 1978
131 226
131 1979
131 368
131 240
131 1053
131 370
131 1980
131 1981
131 1982
931 160
931 265
931 533
1852 1898
1852 2847
2198 160
132 256
132 350
132 430
132 581
132 385
132 379
132 270
132 158
132 167
132 591
132 608
132 354
132 355
132 356
132 171
132 359
132 361
132 362
132 784
132 860
132 787
132 788
132 795
132 801
132 705
132 707
132 709
132 196
132 720
132 209
132 210
132 218
132 220
132 583
132 940
132 919
132 946
132 962
132 222
132 975
132 976
132 980
132 987
132 996
132 999
132 1000
132 1001
132 1012
132 1016
132 1021
132 1083
132 1143
132 1358
132 1146
132 1518
132 1525
132 1193
132 1219
132 369
133 274
133 256
133 260
133 265
133 351
133 377
133 580
133 554
133 544
133 502
133 298
133 268
133 153
133 158
133 166
133 167
133 169
133 494
133 590
133 352
133 356
133 357
133 359
133 361
133 362
133 364
133 366
133 175
133 622
133 808
133 690
133 788
133 192
133 196
133 724
133 208
133 210
133 583
133 584
133 961
133 962
133 223
133 975
133 993
133 1004
133 809
133 1105
133 1023
133 1892
133 1988
133 1041
133 1042
133 1979
134 274
134 485
134 318
134 265
134 281
134 617
134 308
134 503
134 375
134 430
134 321
134 659
134 660
134 579
134 502
134 433
134 298
134 492
134 268
134 470
134 637
134 171
134 879
134 692
134 186
134 209
134 821
134 1411
134 1433
134 1394
134 1672
134 1673
135 274
135 264
135 487
135 659
135 491
135 144
135 169
135 889
135 710
135 373
1377 266
1377 352
136 274
136 264
136 276
136 277
136 498
136 266
136 430
136 372
136 152
136 153
136 470
136 589
136 175
136 856
136 665
136 190
136 722
136 339
137 274
137 277
137 322
137 502
137 433
137 160
137 596
137 611
137 1333
137 2022
1961 211
1961 237
1961 1295
1961 1296
1961 412
1961 1518
1961 521
1961 951
1961 980
1961 990
1961 1144
1961 1171
1961 1175
1961 1044
1961 914
1961 949
1961 1373
1961 1358
1961 1525
1961 1034
1961 615
1961 1429
1961 977
1961 1997
1961 2036
1961 1362
1961 1020
1961 798
1961 960
1961 1037
1961 369
1961 1052
1961 1378
1961 1428
1961 1361
1961 1439
1961 1533
1961 1557
1961 1585
1961 1617
1961 1882
1961 1403
1961 2760
1961 2032
1961 2031
1961 2094
1961 2038
1961 1996
1961 1554
1961 2033
1961 1868
1961 904
1961 1971
1961 2148
1961 2723
1961 2037
932 160
932 258
932 347
932 820
932 1196
138 305
138 306
138 264
138 485
138 317
138 486
138 429
138 308
138 577
138 375
138 321
138 520
138 550
138 544
138 140
138 142
138 499
138 470
138 164
138 611
138 330
138 177
138 186
138 187
138 676
138 496
138 1089
138 1111
138 231
138 240
138 347
138 246
138 862
138 518
138 295
138 248
139 306
139 275
139 317
139 318
139 260
139 278
139 296
139 283
139 680
139 772
139 658
139 773
139 502
139 146
139 268
139 153
139 175
139 187
139 777
139 189
139 510
139 1078
2822 985
2822 1354
1962 937
1962 951
1962 1205
1962 1052
140 304
140 307
140 276
140 525
140 279
140 320
140 617
140 308
140 377
140 283
140 540
140 526
140 771
140 659
140 580
140 385
140 323
140 489
140 388
140 310
140 389
140 391
140 392
140 394
140 397
140 398
140 400
140 402
140 405
140 408
140 410
140 412
140 414
140 418
140 419
140 420
140 421
140 422
140 303
140 491
140 148
140 150
140 527
140 298
140 434
140 440
140 155
140 456
140 156
140 466
140 473
140 475
140 476
140 312
140 650
140 293
140 653
140 654
140 160
140 479
140 640
140 641
140 163
140 481
140 165
140 546
140 589
140 301
140 608
140 354
140 174
140 175
140 853
140 423
140 872
140 689
140 522
140 879
140 691
140 881
140 814
140 760
140 843
140 844
140 845
140 187
140 665
140 666
140 797
140 704
140 709
140 718
140 729
140 741
140 199
140 211
140 509
140 1064
140 820
140 919
140 945
140 562
140 951
140 954
140 962
140 980
140 984
140 987
140 995
140 1008
140 1011
140 563
140 1015
140 620
140 783
140 1094
140 822
140 1099
140 908
140 1126
140 1298
140 1299
140 341
140 1024
140 1390
140 1352
140 344
140 1142
140 825
140 1028
140 1143
140 1428
140 1145
140 1360
140 1148
140 424
140 1393
140 1465
140 1517
140 1031
140 1354
140 1355
140 1510
140 1515
140 1325
140 1544
140 1549
140 1162
140 1552
140 1163
140 1533
140 1577
140 1525
140 1529
140 1585
140 1586
140 1540
140 1543
140 1487
140 1035
140 1176
140 1037
140 484
140 1593
140 1597
140 1185
140 1186
140 1602
140 1603
140 1604
140 1189
140 1605
140 832
140 1480
140 1195
140 1617
140 1618
140 1622
140 1627
140 1629
140 1631
140 1203
140 1652
140 1654
140 1216
140 1666
140 1672
140 1673
140 780
140 1677
140 1684
140 1238
140 1688
140 1252
140 1694
140 2063
140 1698
140 1699
140 427
140 1705
140 1264
140 224
140 1715
140 1721
140 1723
140 1724
140 1732
140 1737
140 1738
140 1472
140 1744
140 1755
140 1756
140 1773
140 1777
140 1779
140 1787
140 1788
140 1790
140 1794
140 1797
140 1798
140 1804
140 1815
140 1816
140 1827
140 1829
140 1061
140 1847
140 1853
140 1854
140 1280
140 1863
140 915
140 240
140 656
141 304
141 305
141 498
141 375
141 526
141 770
141 550
141 681
141 388
141 393
141 399
141 149
141 648
141 167
141 609
141 1009
141 1324
141 1152
141 1910
141 1911
141 1182
141 1603
141 1204
141 1210
141 1219
141 1238
141 426
141 1241
141 2057
141 2060
141 2146
141 2000
142 320
142 321
142 660
142 348
142 556
142 400
142 303
142 145
142 284
142 152
142 155
142 454
142 621
142 546
142 300
142 881
142 673
142 722
142 198
142 920
142 1116
142 1153
142 501
142 229
142 235
142 347
515 146
515 164
515 276
515 321
515 347
704 160
704 235
704 531
704 430
704 375
704 561
1963 749
143 264
143 275
143 317
143 577
143 543
143 322
143 659
143 323
143 145
143 146
143 597
143 178
143 332
143 189
143 736
143 207
143 620
143 1057
143 337
143 339
143 1536
143 2155
143 246
143 251
143 253
143 255
144 305
144 306
144 770
144 550
144 505
144 506
144 163
144 694
144 517
144 507
144 198
144 200
144 509
144 510
144 1400
144 1514
144 2161
144 2162
145 275
145 318
145 278
145 280
145 497
145 281
145 296
145 498
145 266
145 322
145 538
145 539
145 544
145 324
145 146
145 284
145 529
145 298
145 268
145 546
145 300
145 611
145 175
145 382
145 858
145 182
145 294
145 884
145 899
145 190
145 198
145 584
145 1079
145 612
145 1172
145 2164
145 2165
145 501
145 234
145 383
145 235
145 288
145 542
1964 385
1378 705
1378 399
1378 919
1378 940
1378 1010
1378 1025
1378 1239
1378 1005
1378 1892
1378 977
1378 385
1378 802
1378 1040
1378 1361
1378 2761
146 317
146 276
146 278
146 319
146 497
146 350
146 283
146 680
146 348
146 147
146 267
146 160
146 164
146 328
146 294
146 187
146 744
146 1447
146 1073
146 225
146 227
146 230
146 314
146 235
146 236
146 288
146 237
146 240
146 273
146 347
146 246
146 251
147 306
147 772
147 506
147 165
147 294
147 187
147 198
147 509
147 1305
147 1400
147 1156
147 2159
147 227
147 501
147 231
147 236
147 574
1524 216
1524 503
1524 1167
770 155
770 184
770 265
770 279
770 307
770 482
770 431
770 454
770 460
770 469
770 814
770 636
770 825
770 640
770 817
770 638
770 843
770 818
770 436
770 812
770 827
770 1614
148 264
148 277
148 278
148 322
148 332
148 900
148 620
148 229
148 235
148 347
149 430
149 377
149 540
149 526
149 550
149 385
149 386
149 387
149 388
149 310
149 393
149 404
149 406
149 418
149 158
149 648
149 312
149 650
149 653
149 160
149 167
149 588
149 593
149 365
149 876
149 182
149 886
149 787
149 792
149 796
149 725
149 739
149 210
149 941
149 562
149 958
149 959
149 965
149 978
149 984
149 998
149 802
149 809
149 1106
149 1023
149 1403
149 1030
149 1360
149 1152
149 424
149 1393
149 1155
149 1556
149 425
149 1578
149 1872
149 1181
149 1210
149 1211
149 1663
149 1234
149 426
149 1243
149 2052
149 655
149 1045
149 427
149 2179
149 235
149 370
149 251
150 256
150 627
150 579
150 385
150 387
150 388
150 310
150 395
150 396
150 400
150 402
150 405
150 408
150 411
150 412
150 420
150 466
150 293
150 160
150 872
150 876
150 189
150 676
150 725
150 1008
150 1011
150 1015
150 902
150 783
150 1097
150 1392
150 1163
150 1556
150 1166
150 425
150 1578
150 1872
150 1599
150 1600
150 1186
150 1187
150 1189
150 1902
150 1190
150 1903
150 1606
150 1191
150 1608
150 1609
150 1610
150 1626
150 1627
150 1204
150 1206
150 1209
150 1210
150 1654
150 1225
150 1682
150 2083
150 1240
150 1530
150 1690
150 1698
150 1701
1877 1085
1877 1453
1877 2854
2073 388
2073 725
2073 1011
2073 909
2073 1152
2073 1206
2073 1221
2073 1245
2073 1262
2073 2083
2073 1603
2073 404
151 264
151 516
151 487
151 659
151 556
151 332
151 1367
151 1414
151 1905
151 1711
151 2185
151 837
151 231
1139 217
1139 235
1139 388
1139 705
1139 725
1139 399
1139 396
1139 400
1139 402
1139 408
1139 648
1139 876
1139 385
1139 387
1139 424
1139 425
1139 427
1139 852
1139 965
1139 1058
1139 1393
1139 1439
1139 1517
1139 1556
1139 1894
1139 1174
1139 1187
1139 1199
1139 1201
1139 1206
1139 1210
1139 1213
1139 1214
1139 1215
1139 1689
1139 2054
1139 1256
1139 1698
1139 1263
1139 1706
1139 2104
1139 1271
1139 1273
1139 2087
1139 1442
1139 1285
1139 2112
1139 2095
1931 850
1931 902
1931 474
1140 180
1140 182
1140 193
1140 208
1140 223
1140 237
1140 260
1140 1296
1140 621
1140 607
1140 988
1140 350
1140 430
1140 376
1140 724
1140 918
1140 922
1140 521
1140 375
1140 362
1140 1004
1140 1076
1140 894
1140 359
1140 363
1140 365
1140 455
1140 583
1140 649
1140 794
1140 796
1140 799
1140 801
1140 808
1140 859
1140 904
1140 905
1140 935
1140 953
1140 955
1140 1002
1140 1005
1140 1020
1140 1028
1140 1033
1140 1036
1140 1037
1140 1044
1140 1403
1140 1143
1140 1439
1140 1567
1140 1585
1140 1493
1140 1175
1140 1885
1140 1180
1140 1625
1140 1648
1140 2009
1140 2026
1140 2121
1140 2211
152 306
152 485
152 525
152 320
152 265
152 617
152 282
152 375
152 266
152 430
152 321
152 536
152 283
152 533
152 526
152 431
152 772
152 549
152 550
152 488
152 627
152 660
152 489
152 544
152 561
152 395
152 412
152 297
152 418
152 529
152 298
152 268
152 269
152 439
152 443
152 444
152 448
152 450
152 155
152 456
152 464
152 466
152 469
152 157
152 470
152 473
152 662
152 312
152 652
152 160
152 632
152 637
152 162
152 640
152 163
152 811
152 165
152 621
152 168
152 300
152 589
152 596
152 609
152 172
152 285
152 175
152 330
152 382
152 179
152 181
152 183
152 691
152 692
152 881
152 786
152 185
152 694
152 845
152 189
152 665
152 670
152 541
152 705
152 194
152 624
152 334
152 713
152 739
152 848
152 507
152 200
152 206
152 508
152 819
152 821
152 849
152 988
152 802
152 1010
152 920
152 1089
152 1097
152 908
152 1122
152 823
152 1383
152 1141
152 1142
152 1324
152 1391
152 1143
152 1429
152 1385
152 1451
152 1460
152 1489
152 1508
152 1307
152 1550
152 1552
152 1572
152 1576
152 1577
152 1579
152 1394
152 1911
152 1183
152 1184
152 1607
152 1614
152 1622
152 2164
152 2027
152 2174
152 2187
152 2213
152 1724
152 1726
152 2214
152 2215
152 1309
152 531
152 383
152 235
152 241
152 246
152 2216
152 249
1141 161
1141 184
1141 454
1141 457
1141 460
1141 461
1141 463
1141 630
1141 477
1141 483
1141 814
1141 439
1141 449
1141 451
1141 452
1141 459
1141 462
1141 471
1141 476
1141 481
1141 484
1141 523
1141 628
1141 635
1141 636
1141 643
1141 817
1141 825
1141 826
1141 831
1141 832
1141 841
1141 842
1141 847
1141 1450
1141 1555
1141 1919
1141 1920
1141 1921
1141 2228
1141 2234
1141 1922
1141 1952
1141 2815
1142 155
1142 163
1142 200
1142 374
1142 786
1142 457
1142 461
1142 630
1142 477
1142 480
1142 483
1142 1093
1142 451
1142 459
1142 462
1142 476
1142 484
1142 628
1142 632
1142 636
1142 642
1142 817
1142 829
1142 847
1142 1450
1142 1555
1142 1173
1142 1919
1142 1183
1142 1944
1142 1922
153 318
153 260
153 266
153 538
153 660
153 579
153 385
153 490
153 559
153 268
153 269
153 164
153 494
153 357
153 364
153 382
153 179
153 188
153 673
153 790
153 793
153 210
153 220
153 975
153 986
153 902
153 1601
153 1296
153 1917
153 383
153 542
153 240
153 246
154 305
154 306
154 550
154 156
154 466
154 652
154 671
154 737
154 336
154 848
154 507
154 200
154 510
154 1060
154 2231
1379 188
1379 260
1379 270
1379 1085
1379 361
1379 939
1379 969
1379 974
1379 1003
1379 2745
155 305
155 306
155 549
155 550
155 627
155 505
155 442
155 443
155 458
155 479
155 163
155 173
155 330
155 517
155 507
155 509
155 510
155 1078
155 920
155 1105
155 823
155 1508
155 1183
155 1929
155 1703
155 2221
155 2213
155 839
155 2235
1471 160
1471 281
156 305
156 306
156 772
156 506
156 442
156 448
156 163
156 517
156 747
156 507
156 1093
156 1387
156 1514
156 1183
157 305
157 306
157 264
157 275
157 276
157 278
157 320
157 616
157 308
157 498
157 430
157 376
157 549
157 560
157 445
157 662
157 652
157 160
157 300
157 596
157 602
157 609
157 177
157 183
157 190
157 677
157 678
157 731
157 1374
157 1461
157 1157
157 1516
157 1183
157 2200
157 1736
157 1266
157 1267
157 1740
933 265
933 276
933 2239
158 256
158 260
158 350
158 351
158 581
158 582
158 379
158 388
158 417
158 270
158 545
158 589
158 607
158 352
158 353
158 356
158 357
158 359
158 361
158 362
158 363
158 364
158 366
158 179
158 622
158 784
158 808
158 890
158 188
158 191
158 787
158 192
158 799
158 705
158 709
158 196
158 202
158 204
158 205
158 213
158 583
158 940
158 585
158 945
158 946
158 959
158 222
158 972
158 223
158 974
158 975
158 986
158 988
158 991
158 1001
158 1009
158 1011
158 1013
158 809
158 1085
158 1098
158 1022
158 1025
158 1027
158 1360
158 1146
158 424
158 1556
158 1172
158 1174
158 1990
158 1212
158 2041
158 1258
158 1261
158 226
158 2252
158 368
158 369
158 803
158 370
158 1972
158 2002
158 575
158 1973
159 258
159 319
159 516
159 323
159 164
159 595
159 187
159 190
159 334
159 1580
159 501
159 2201
159 806
159 235
159 288
159 238
159 240
159 807
159 246
159 518
159 251
2074 235
2074 388
2074 399
2074 403
2074 417
2074 650
2074 882
2074 940
2074 909
2074 1174
2074 1181
2074 1185
2074 1199
2074 1211
2074 1216
2074 1230
2074 1231
2074 1232
2074 1233
2074 1261
2074 1274
2074 1276
2074 914
2074 425
2074 1986
2074 2058
2074 1604
2074 1688
2074 1442
2074 2048
2074 2113
2074 2098
160 306
160 316
160 485
160 275
160 318
160 257
160 258
160 261
160 262
160 263
160 265
160 519
160 617
160 618
160 308
160 375
160 266
160 430
160 539
160 283
160 526
160 384
160 771
160 658
160 432
160 488
160 774
160 660
160 323
160 489
160 544
160 558
160 559
160 560
160 378
160 396
160 412
160 416
160 433
160 372
160 527
160 529
160 298
160 492
160 434
160 438
160 446
160 447
160 461
160 462
160 466
160 471
160 472
160 475
160 662
160 312
160 652
160 631
160 632
160 641
160 644
160 811
160 300
160 595
160 596
160 599
160 601
160 603
160 604
160 605
160 327
160 328
160 381
160 609
160 329
160 172
160 174
160 853
160 854
160 330
160 683
160 813
160 176
160 500
160 179
160 874
160 875
160 333
160 689
160 878
160 183
160 879
160 880
160 692
160 881
160 884
160 888
160 815
160 185
160 868
160 891
160 844
160 845
160 187
160 664
160 665
160 667
160 668
160 669
160 670
160 674
160 541
160 800
160 698
160 194
160 624
160 195
160 708
160 714
160 715
160 716
160 717
160 718
160 719
160 722
160 335
160 726
160 727
160 731
160 732
160 733
160 734
160 625
160 336
160 747
160 197
160 198
160 1055
160 936
160 863
160 864
160 865
160 203
160 219
160 510
160 1063
160 1064
160 1065
160 1067
160 819
160 1068
160 1070
160 1071
160 821
160 1072
160 286
160 948
160 952
160 980
160 1002
160 902
160 1060
160 1076
160 338
160 339
160 1079
160 920
160 1082
160 921
160 1084
160 1087
160 1091
160 565
160 822
160 1096
160 1099
160 1102
160 1104
160 1107
160 1108
160 1109
160 1110
160 1113
160 1121
160 1122
160 1125
160 1126
160 1127
160 1022
160 1301
160 1321
160 342
160 1323
160 1305
160 1344
160 1347
160 1024
160 1370
160 1387
160 1349
160 1350
160 1331
160 1337
160 1412
160 1404
160 1406
160 1408
160 1409
160 1324
160 1398
160 1391
160 1392
160 1421
160 1474
160 1476
160 1151
160 613
160 1451
160 1393
160 1459
160 1460
160 1462
160 827
160 870
160 1463
160 1465
160 1477
160 1455
160 1456
160 1457
160 1485
160 1491
160 1306
160 1498
160 1500
160 1501
160 1505
160 1507
160 1356
160 1160
160 1508
160 1509
160 1510
160 1511
160 1513
160 1514
160 1515
160 1516
160 1539
160 1325
160 1307
160 1544
160 1546
160 1548
160 1073
160 1549
160 1551
160 1552
160 1431
160 1532
160 1534
160 1558
160 1561
160 1582
160 1864
160 1567
160 1583
160 1569
160 1570
160 1571
160 1572
160 1573
160 1576
160 1577
160 1579
160 1538
160 1529
160 1881
160 1580
160 1589
160 1564
160 1581
160 1543
160 1487
160 1911
160 1912
160 1896
160 1176
160 1897
160 1178
160 1898
160 1179
160 1900
160 1886
160 1590
160 1591
160 1880
160 1593
160 1594
160 1873
160 1597
160 1865
160 1183
160 1607
160 831
160 1480
160 1308
160 1611
160 1613
160 1908
160 1614
160 1615
160 1939
160 1940
160 1618
160 1941
160 1619
160 1620
160 1326
160 1535
160 1621
160 1932
160 1945
160 1936
160 1624
160 1937
160 1933
160 1934
160 1630
160 1631
160 1632
160 1633
160 1634
160 1946
160 1955
160 1913
160 1975
160 1647
160 1207
160 1662
160 1666
160 1668
160 1672
160 567
160 1674
160 2022
160 1676
160 1680
160 1681
160 2029
160 1253
160 1696
160 1699
160 2146
160 2000
160 2140
160 1700
160 2149
160 2161
160 2162
160 1708
160 2150
160 1709
160 2166
160 2142
160 2143
160 2164
160 2173
160 1712
160 1713
160 224
160 1714
160 1317
160 2174
160 2182
160 2184
160 2183
160 1719
160 1720
160 2180
160 2167
160 1722
160 2199
160 1723
160 2209
160 2210
160 2213
160 1724
160 1726
160 2215
160 2219
160 1309
160 2207
160 2217
160 1727
160 2232
160 2231
160 1733
160 1736
160 2236
160 2241
160 2243
160 1738
160 1739
160 1266
160 1267
160 2245
160 1741
160 1472
160 571
160 2261
160 2262
160 1742
160 2263
160 2264
160 2265
160 2266
160 2267
160 2268
160 2269
160 2270
160 2271
160 2272
160 2273
160 2274
160 2275
160 2276
160 2277
160 2278
160 1743
160 2279
160 2280
160 1744
160 2281
160 1745
160 2282
160 2283
160 2284
160 2285
160 2286
160 2287
160 2288
160 1746
160 2289
160 2290
160 2291
160 1747
160 2292
160 1891
160 2293
160 1748
160 2294
160 2295
160 1749
160 2296
160 2297
160 2298
160 2299
160 2300
160 2301
160 2302
160 2303
160 2304
160 2305
160 1750
160 2306
160 2307
160 2308
160 1751
160 2309
160 2310
160 2311
160 2312
160 2313
160 1473
160 2314
160 2315
160 2316
160 2317
160 1752
160 2318
160 2319
160 2320
160 2321
160 1753
160 2322
160 2323
160 2324
160 1754
160 1755
160 2325
160 2326
160 2327
160 2328
160 1565
160 2329
160 2330
160 1756
160 2331
160 1757
160 2332
160 2333
160 1758
160 2334
160 2335
160 2336
160 1759
160 1449
160 2337
160 2338
160 1760
160 2339
160 2340
160 2341
160 2342
160 2343
160 1761
160 2344
160 2345
160 2346
160 2347
160 1762
160 2348
160 2349
160 2350
160 1763
160 1764
160 2351
160 2352
160 2353
160 2354
160 2355
160 2356
160 2357
160 2358
160 1765
160 2359
160 2360
160 2361
160 2362
160 2363
160 752
160 2364
160 1766
160 2365
160 2366
160 2367
160 2368
160 2369
160 2370
160 2371
160 2372
160 2373
160 2374
160 1767
160 2375
160 2376
160 2377
160 2378
160 1768
160 871
160 2379
160 2380
160 1769
160 2381
160 2382
160 2383
160 2384
160 2385
160 2386
160 2387
160 1770
160 1771
160 1772
160 2388
160 2021
160 1773
160 2389
160 1774
160 2390
160 2391
160 2392
160 1327
160 1775
160 2393
160 2394
160 2395
160 2396
160 2397
160 2398
160 2399
160 2400
160 2401
160 2402
160 2403
160 2404
160 2405
160 2406
160 2407
160 2408
160 2409
160 2410
160 1492
160 2411
160 1776
160 1777
160 2412
160 2413
160 2414
160 1778
160 2415
160 2416
160 2417
160 2418
160 2419
160 1779
160 1780
160 2420
160 2421
160 2422
160 2423
160 2424
160 2425
160 2426
160 1781
160 2427
160 2428
160 2429
160 2430
160 2431
160 2432
160 2433
160 2434
160 2435
160 2436
160 2437
160 1782
160 2438
160 1783
160 2439
160 2440
160 2441
160 2442
160 2443
160 2444
160 1784
160 2445
160 2446
160 1785
160 2447
160 1786
160 2448
160 2449
160 2450
160 2451
160 2452
160 2453
160 2454
160 2455
160 2456
160 2457
160 2458
160 2459
160 2460
160 2461
160 2462
160 2463
160 2464
160 2465
160 2466
160 2467
160 1787
160 2468
160 2469
160 2470
160 2471
160 2472
160 2473
160 2474
160 2475
160 1788
160 2476
160 2477
160 1789
160 2237
160 1790
160 896
160 2478
160 2479
160 1791
160 2480
160 1792
160 2481
160 2482
160 2483
160 2484
160 2485
160 2486
160 2487
160 2488
160 2489
160 2490
160 2491
160 2492
160 2493
160 2494
160 2495
160 2496
160 2497
160 2498
160 2499
160 1793
160 1328
160 2500
160 2501
160 2502
160 2503
160 2504
160 2505
160 2506
160 2507
160 1914
160 2508
160 2509
160 2510
160 2511
160 2512
160 2513
160 1794
160 2514
160 2515
160 2516
160 2517
160 1795
160 2518
160 2519
160 2520
160 1796
160 2521
160 2522
160 2523
160 2524
160 2525
160 2526
160 2527
160 2528
160 1797
160 2529
160 2530
160 2531
160 1798
160 2532
160 2260
160 2533
160 2534
160 2535
160 2536
160 2537
160 2538
160 2539
160 2540
160 2541
160 1799
160 2542
160 2543
160 2544
160 2545
160 2546
160 2547
160 2548
160 2549
160 1800
160 2550
160 2551
160 1801
160 2552
160 2553
160 2554
160 2555
160 2556
160 2557
160 2558
160 2559
160 2560
160 2561
160 2562
160 2563
160 2564
160 2565
160 2566
160 1802
160 1803
160 1804
160 2567
160 2568
160 1805
160 2569
160 2570
160 2571
160 2572
160 2573
160 2574
160 2575
160 2576
160 2577
160 2578
160 2579
160 2580
160 2581
160 1806
160 1807
160 1808
160 1809
160 2582
160 2583
160 2584
160 2585
160 2586
160 1810
160 2587
160 2588
160 804
160 1811
160 2589
160 2590
160 2591
160 2592
160 2593
160 2594
160 2595
160 1812
160 1813
160 2596
160 2597
160 2598
160 2599
160 2600
160 2601
160 2602
160 2603
160 1814
160 1815
160 1816
160 2604
160 2605
160 1817
160 2606
160 1818
160 2607
160 1819
160 2608
160 2609
160 2610
160 2611
160 2612
160 2613
160 1820
160 2614
160 2615
160 1821
160 2616
160 1822
160 1823
160 2617
160 2618
160 2619
160 2620
160 1824
160 1825
160 2621
160 2622
160 2623
160 2624
160 2625
160 2626
160 1826
160 2627
160 1827
160 1828
160 2628
160 2629
160 1829
160 2630
160 2631
160 2632
160 2633
160 2634
160 2635
160 2636
160 2637
160 1830
160 2638
160 1831
160 2639
160 2640
160 2641
160 2642
160 1832
160 2643
160 1833
160 1834
160 1835
160 2644
160 2645
160 1836
160 1837
160 2646
160 2647
160 1838
160 2648
160 1839
160 2649
160 2650
160 2651
160 2652
160 2653
160 2654
160 2655
160 1840
160 2656
160 2657
160 753
160 2658
160 2659
160 2660
160 2661
160 2662
160 2663
160 1841
160 2664
160 2665
160 2666
160 2667
160 1842
160 2668
160 2669
160 2670
160 1061
160 2671
160 2672
160 2673
160 2674
160 2675
160 2676
160 2677
160 2678
160 2679
160 2680
160 501
160 2681
160 2682
160 2201
160 237
160 273
160 807
160 2152
160 2216
160 2683
160 2684
160 2685
160 2686
160 2687
160 2688
160 2689
160 2690
160 2691
160 2692
160 2693
160 2694
160 2695
160 2696
160 2697
160 2698
160 2699
160 2700
934 176
934 195
934 253
934 287
934 289
934 347
934 484
934 535
934 780
934 1172
934 1292
2750 1016
2750 1154
2750 1216
2750 1218
2750 1355
2750 365
161 305
161 306
161 506
161 163
161 509
161 510
161 1400
161 1450
161 1156
161 1173
162 306
162 264
162 375
162 266
162 550
162 432
162 660
162 528
162 631
162 163
162 844
162 845
162 665
162 510
162 1387
162 1505
162 1173
162 2175
162 1735
162 295
162 249
1472 181
1472 281
1645 385
163 305
163 306
163 276
163 431
163 660
163 628
163 439
163 440
163 441
163 443
163 444
163 448
163 449
163 452
163 456
163 457
163 458
163 459
163 460
163 461
163 462
163 463
163 464
163 465
163 466
163 469
163 471
163 472
163 474
163 476
163 652
163 629
163 630
163 632
163 477
163 633
163 634
163 635
163 636
163 638
163 479
163 480
163 639
163 642
163 643
163 644
163 481
163 482
163 483
163 353
163 181
163 691
163 184
163 814
163 786
163 843
163 846
163 847
163 794
163 716
163 729
163 816
163 817
163 818
163 507
163 200
163 510
163 1060
163 1118
163 825
163 826
163 1555
163 829
163 1173
163 484
163 1919
163 1183
163 832
163 1916
163 1920
163 2228
163 2240
163 2703
163 1918
163 573
163 1339
163 229
163 2160
163 245
163 295
164 274
164 264
164 278
164 320
164 486
164 308
164 577
164 266
164 520
164 487
164 283
164 490
164 324
164 372
164 167
164 300
164 169
164 179
164 187
164 195
164 746
164 198
164 207
164 496
164 225
164 230
164 314
164 231
164 775
164 235
164 289
164 548
164 347
164 246
164 532
164 518
164 251
164 253
164 254
164 647
164 255
165 317
165 280
165 282
165 516
165 503
165 498
165 266
165 322
165 536
165 487
165 488
165 323
165 324
165 284
165 298
165 652
165 325
165 329
165 694
165 187
165 190
165 495
165 713
165 198
165 2707
165 501
165 229
165 235
165 290
165 250
771 307
166 490
166 584
772 184
772 230
772 232
772 242
772 245
772 299
772 307
772 486
772 464
772 691
772 431
772 477
772 484
772 638
772 812
772 814
772 841
167 296
167 430
167 351
167 377
167 487
167 660
167 385
167 559
167 394
167 396
167 502
167 372
167 267
167 473
167 596
167 356
167 358
167 171
167 359
167 361
167 364
167 365
167 302
167 521
167 784
167 687
167 890
167 188
167 777
167 191
167 673
167 192
167 796
167 799
167 801
167 705
167 707
167 709
167 196
167 720
167 722
167 739
167 743
167 218
167 220
167 938
167 939
167 942
167 919
167 949
167 954
167 961
167 586
167 966
167 971
167 974
167 976
167 977
167 979
167 983
167 988
167 990
167 993
167 999
167 1001
167 1003
167 1012
167 563
167 1015
167 1021
167 1094
167 1299
167 859
167 1426
167 1427
167 1153
167 1452
167 1556
167 1525
167 1172
167 1892
167 1592
167 1596
167 1193
167 1648
167 1039
1380 260
1380 607
1380 352
1380 370
1380 809
1380 368
168 375
168 430
168 549
168 385
168 379
168 396
168 399
168 406
168 415
168 284
168 530
168 268
168 662
168 589
168 355
168 362
168 382
168 521
168 622
168 763
168 670
168 673
168 541
168 677
168 678
168 794
168 795
168 705
168 739
168 210
168 217
168 918
168 948
168 849
168 949
168 562
168 951
168 952
168 954
168 586
168 977
168 990
168 1006
168 1007
168 1016
168 809
168 1089
168 1103
168 1352
168 859
168 1144
168 1361
168 1355
168 1556
168 1166
168 1881
168 552
168 1617
168 1998
168 1987
168 1219
168 1844
168 2710
168 2711
168 383
1143 171
1143 193
1143 209
1143 222
1143 256
1143 297
1143 1145
1143 988
1143 430
1143 705
1143 373
1143 374
1143 545
1143 942
1143 1008
1143 1010
1143 359
1143 363
1143 379
1143 385
1143 406
1143 585
1143 998
1143 1040
1143 1374
1143 1885
2075 310
2075 412
2075 388
2075 391
2075 394
2075 402
2075 650
2075 760
2075 1185
2075 1206
2075 1207
2075 1231
2075 1258
2075 656
2075 1289
2075 1602
2075 1360
2075 1650
2075 568
169 258
169 277
169 308
169 296
169 498
169 266
169 533
169 561
169 609
169 179
169 186
169 187
169 334
169 1112
169 367
169 1217
169 2015
169 2172
169 225
169 235
169 646
169 347
169 246
169 574
169 249
169 251
2076 388
2076 390
2076 393
2076 401
2076 408
2076 648
2076 650
2076 990
2076 1011
2076 909
2076 1147
2076 1163
2076 1168
2076 1182
2076 1201
2076 1210
2076 1224
2076 1230
2076 1239
2076 910
2076 1254
2076 911
2076 1275
2076 1281
2076 1285
2076 902
2076 645
2076 913
2076 1298
2076 1360
2076 1957
2076 2063
2076 2087
170 276
170 296
170 375
170 266
170 430
170 283
170 385
170 502
170 267
170 463
170 663
170 333
170 665
170 336
170 866
170 998
170 1007
170 1145
170 1450
170 1478
170 225
170 2704
170 234
170 347
170 251
935 709
935 1166
935 849
935 977
935 2527
2077 388
2077 408
2077 1163
2077 1192
2077 1207
2077 1208
2077 1224
2077 1228
2077 1255
2077 1262
2077 1282
2077 1627
2077 1299
705 171
705 188
705 196
705 209
705 211
705 220
705 223
705 596
705 1145
705 622
705 562
705 430
705 376
705 377
705 559
705 388
705 589
705 352
705 684
705 354
705 356
705 364
705 385
705 406
705 415
705 420
705 504
705 541
705 545
705 561
705 578
705 580
705 586
705 591
705 649
705 670
705 673
705 784
705 787
705 788
705 789
705 793
705 796
705 724
705 738
705 739
705 943
705 944
705 849
705 951
705 959
705 966
705 967
705 968
705 974
705 977
705 980
705 981
705 984
705 991
705 993
705 995
705 996
705 998
705 1001
705 802
705 1004
705 1005
705 1006
705 1007
705 1008
705 1010
705 1011
705 1015
705 1019
705 1083
705 1022
705 1346
705 1366
705 1025
705 1388
705 1403
705 1427
705 1144
705 1429
705 1439
705 1498
705 1354
705 1037
705 1625
705 1077
705 1847
705 2259
705 2783
705 1853
1144 171
1144 211
1144 222
1144 490
1144 1295
1144 622
1144 393
1144 408
1144 415
1144 530
1144 545
1144 608
1144 677
1144 944
1144 586
1144 1008
1144 1083
1144 363
1144 385
1144 406
1144 788
1144 949
1144 1018
1144 1428
1144 1429
1144 1355
1144 1575
1144 1616
1144 2007
1144 1209
1144 2009
1144 1219
1144 2818
171 256
171 260
171 375
171 430
171 376
171 351
171 377
171 540
171 578
171 579
171 581
171 385
171 582
171 379
171 415
171 421
171 372
171 530
171 268
171 270
171 455
171 470
171 811
171 589
171 596
171 607
171 608
171 610
171 353
171 354
171 358
171 359
171 361
171 363
171 364
171 365
171 179
171 622
171 784
171 808
171 684
171 890
171 670
171 191
171 673
171 541
171 192
171 795
171 796
171 799
171 193
171 801
171 707
171 709
171 196
171 720
171 722
171 724
171 739
171 199
171 202
171 208
171 209
171 211
171 213
171 218
171 220
171 940
171 941
171 942
171 919
171 585
171 943
171 944
171 626
171 946
171 948
171 849
171 949
171 562
171 954
171 956
171 958
171 961
171 962
171 586
171 966
171 967
171 968
171 972
171 973
171 223
171 974
171 975
171 977
171 978
171 980
171 981
171 983
171 984
171 985
171 987
171 988
171 993
171 995
171 998
171 1000
171 1001
171 802
171 1005
171 1008
171 1010
171 1011
171 563
171 1013
171 1015
171 1016
171 1020
171 907
171 1083
171 1085
171 1117
171 1022
171 1025
171 1388
171 1352
171 859
171 1373
171 1028
171 1427
171 1428
171 1145
171 1429
171 1357
171 1362
171 424
171 1395
171 1439
171 1545
171 1166
171 566
171 1033
171 1525
171 1585
171 1172
171 1175
171 1872
171 1040
171 1670
171 2744
171 614
1145 196
1145 208
1145 213
1145 222
1145 256
1145 285
1145 490
1145 1085
1145 358
1145 385
1145 396
1145 415
1145 427
1145 430
1145 533
1145 541
1145 562
1145 563
1145 580
1145 589
1145 599
1145 622
1145 653
1145 673
1145 713
1145 791
1145 808
1145 849
1145 940
1145 954
1145 988
1145 999
1145 1004
1145 1005
1145 1010
1145 1039
1145 1040
1145 1054
1145 1064
1145 1083
1145 1303
1145 1329
1145 1362
1145 1169
1145 1175
1145 1601
1145 1602
1145 1193
1145 1214
1145 1661
1145 1664
1145 1316
1145 2175
1145 2247
1145 2643
1145 1270
1145 2794
172 470
172 662
174 265
174 282
174 308
174 375
174 536
174 549
174 529
174 298
174 492
174 609
174 689
174 186
174 495
174 671
174 194
174 816
174 1064
174 948
174 1303
174 1454
174 373
174 374
175 318
175 319
175 320
175 497
175 265
175 281
175 486
175 308
175 503
175 266
175 430
175 321
175 322
175 309
175 536
175 660
175 544
175 561
175 414
175 530
175 609
175 611
175 663
175 692
175 294
175 190
175 677
175 334
175 713
175 733
175 198
175 893
175 286
175 979
175 340
175 341
175 1387
175 1487
175 501
175 235
175 287
175 290
175 810
175 249
175 250
175 251
936 251
2758 671
2758 1103
2758 1217
2758 1303
2758 1418
2758 1568
2758 1542
2758 1601
2758 1612
2758 1856
2758 1860
2758 2010
2758 2752
773 307
773 429
773 456
773 644
773 1078
1146 205
1146 217
1146 256
1146 399
1146 530
1146 940
1146 975
1146 990
1146 1008
1146 1010
1146 1016
1146 385
1146 420
1146 976
1146 1020
1146 1358
1146 1362
1146 1166
1146 1958
1146 2009
1146 1239
1146 2818
2832 251
2832 2034
1147 388
1147 395
1147 876
1147 405
1147 425
1147 427
1147 910
1147 941
1147 1186
1147 1189
1147 1902
1147 1190
1147 1904
1147 1191
1147 1239
1147 2058
1147 1256
1147 2099
1147 1285
1147 2085
1147 2018
2078 293
2078 473
2078 388
2078 909
2078 1163
2078 1225
2078 1254
2078 1255
2078 1284
2078 1286
2078 1287
2078 1360
176 264
176 278
176 428
176 577
176 530
176 494
176 198
176 496
176 1030
176 501
176 229
176 347
177 264
177 278
177 281
177 491
177 853
177 854
177 824
177 229
177 240
177 242
177 255
1647 214
1647 1085
1647 373
1647 1010
1647 563
1647 783
1647 849
1647 974
1647 385
1646 385
1646 1007
178 274
178 350
178 406
178 502
178 546
178 352
178 353
178 354
178 356
178 357
178 361
178 364
178 366
178 186
178 789
178 801
178 724
178 739
178 210
178 942
178 222
178 982
178 1018
178 1085
178 1352
178 1027
178 1425
178 1493
178 2027
178 226
178 2759
178 229
178 531
178 242
178 534
178 246
178 369
178 803
178 1054
178 295
178 370
178 2760
178 575
179 256
179 320
179 350
179 504
179 321
179 351
179 283
179 540
179 581
179 559
179 415
179 530
179 268
179 589
179 357
179 361
179 366
179 622
179 690
179 188
179 673
179 195
179 722
179 724
179 738
179 198
179 202
179 206
179 208
179 220
179 584
179 945
179 946
179 954
179 586
179 967
179 222
179 223
179 975
179 986
179 988
179 993
179 496
179 1085
179 1023
179 1154
179 895
179 226
179 368
179 373
179 235
179 915
179 288
179 240
179 246
179 369
179 1053
179 315
179 370
179 1495
179 2032
179 1289
179 1290
179 251
1148 533
1148 561
1148 519
2079 243
2079 293
2079 388
2079 408
2079 410
2079 648
2079 909
2079 1205
2079 1210
2079 1282
2079 1285
2079 426
2079 912
2079 1052
2079 2044
2079 2124
516 190
516 198
516 223
516 231
516 233
516 235
516 236
516 238
516 240
516 242
516 245
516 250
516 251
516 264
516 266
516 269
516 276
516 282
516 287
516 290
516 294
516 308
516 318
516 320
516 324
516 328
516 433
516 486
516 490
516 491
516 525
516 577
516 520
516 623
516 882
516 894
516 1519
516 531
516 775
516 758
1491 429
180 260
180 351
180 385
180 353
180 354
180 361
180 362
180 364
180 690
180 787
180 792
180 793
180 797
180 799
180 801
180 709
180 196
180 720
180 724
180 738
180 202
180 204
180 220
180 583
180 919
180 849
180 952
180 959
180 984
180 986
180 993
180 809
180 1023
180 1334
180 1172
180 1866
180 1316
180 427
180 368
180 803
180 370
937 202
937 205
937 210
937 1085
937 358
937 690
937 707
937 919
937 940
937 946
937 976
937 990
937 1016
937 1025
937 1204
937 2009
937 1219
937 2764
937 2761
937 1495
1853 1533
2200 183
2200 1459
2200 1374
2200 1611
517 276
517 431
517 456
517 465
517 482
938 622
938 673
938 1172
938 890
181 318
181 265
181 281
181 430
181 549
181 432
181 627
181 412
181 303
181 628
181 434
181 443
181 444
181 445
181 456
181 458
181 461
181 462
181 468
181 469
181 470
181 471
181 473
181 662
181 312
181 652
181 632
181 634
181 479
181 872
181 881
181 186
181 670
181 722
181 821
181 1078
181 1097
181 908
181 341
181 1366
181 1387
181 1418
181 1359
181 424
181 1461
181 828
181 829
181 1577
181 1543
181 1889
181 1597
181 1929
181 1927
181 1945
181 1628
181 1705
181 2141
181 1713
181 2207
181 1729
181 2233
181 2258
181 840
181 229
181 235
939 251
939 310
939 719
939 393
939 545
939 366
939 354
939 798
939 955
939 977
939 991
939 1025
939 1386
939 1369
939 1493
939 1892
939 1036
939 2025
939 2063
939 2103
939 2135
939 2817
939 2031
939 2097
939 2044
939 2133
182 305
182 318
182 281
182 303
182 590
182 366
182 189
182 336
182 1013
182 1094
182 340
182 343
182 1422
182 2505
183 278
183 498
183 430
183 533
183 659
183 662
183 652
183 609
183 845
183 677
183 713
183 1374
183 1459
183 1486
183 1607
2827 981
2827 1009
2827 1011
2827 1154
2827 1158
2827 1285
2827 917
2827 2087
2827 913
2827 1688
2808 757
2808 1224
2808 1254
2808 2112
2808 2064
2808 2098
2808 2820
2808 2095
2808 2115
2759 961
1149 482
1149 454
1149 460
1149 439
1149 818
1149 839
184 308
184 505
184 506
184 694
184 729
184 200
184 509
184 510
184 1305
184 1401
184 825
184 1156
184 1563
184 1173
184 2212
184 2616
940 205
940 218
940 1085
940 358
940 562
940 1518
940 350
940 430
940 684
940 707
940 709
940 421
940 530
940 545
940 592
940 593
940 882
940 673
940 379
940 385
940 420
940 424
940 662
940 788
940 941
940 944
940 946
940 951
940 952
940 962
940 976
940 977
940 979
940 1010
940 1012
940 1016
940 1315
940 1357
940 1360
940 1361
940 1393
940 1154
940 1155
940 1355
940 1533
940 1166
940 1394
940 1525
940 1894
940 1174
940 1035
940 1885
940 1604
940 1195
940 1198
940 1199
940 1623
940 1986
940 1210
940 1216
940 1976
940 2009
940 1229
940 1231
940 1232
940 1233
940 1234
940 1258
940 2129
940 1441
940 1442
774 307
774 431
774 433
941 202
941 205
941 245
941 256
941 297
941 562
941 999
941 430
941 388
941 707
941 738
941 402
941 650
941 654
941 592
941 872
941 882
941 979
941 1011
941 1152
941 424
941 1154
941 1155
941 1035
941 1185
941 1195
941 1198
941 1210
941 1211
941 1216
941 1228
941 1229
941 1230
941 1232
941 1233
941 1234
941 1258
941 1315
941 359
941 1336
941 976
941 1352
941 387
941 1602
941 1577
941 1616
941 1986
941 385
941 965
941 1357
941 1360
941 1393
941 1556
941 1394
941 1894
941 1592
941 1650
941 1989
941 1655
941 2086
941 2041
941 1688
941 2129
941 2327
942 191
942 196
942 202
942 205
942 209
942 210
942 222
942 256
942 267
942 270
942 1085
942 1295
942 607
942 722
942 988
942 1518
942 579
942 559
942 352
942 353
942 361
942 690
942 709
942 739
942 370
942 919
942 608
942 355
942 793
942 354
942 359
942 364
942 385
942 552
942 581
942 585
942 788
942 791
942 801
942 907
942 949
942 950
942 968
942 975
942 979
942 993
942 1021
942 1023
942 1352
942 1032
942 1172
942 1996
942 1219
942 1233
942 2745
942 1364
942 2818
942 1441
942 2002
1965 1957
185 318
185 525
185 280
185 265
185 375
185 266
185 433
185 499
185 268
185 443
185 464
185 637
185 640
185 621
185 300
185 709
185 198
185 919
185 1009
185 1360
185 1152
185 1228
185 1231
185 373
1648 385
1648 1007
1648 2801
186 485
186 265
186 281
186 519
186 617
186 308
186 266
186 430
186 533
186 526
186 658
186 549
186 627
186 659
186 660
186 489
186 544
186 556
186 412
186 529
186 298
186 492
186 464
186 470
186 652
186 300
186 601
186 609
186 285
186 663
186 333
186 845
186 665
186 670
186 495
186 719
186 920
186 894
186 1124
186 1356
186 1579
186 1394
186 1308
186 1613
186 1217
186 1720
186 2274
186 2611
186 1821
186 1074
187 274
187 276
187 525
187 280
187 320
187 428
187 486
187 503
187 498
187 266
187 520
187 322
187 487
187 391
187 491
187 284
187 445
187 621
187 285
187 294
187 190
187 195
187 198
187 564
187 1116
187 1316
187 2209
187 896
187 501
187 314
187 231
187 775
187 232
187 233
187 235
187 288
187 240
187 242
187 289
187 290
187 347
187 246
187 248
187 656
187 249
187 250
187 251
187 647
2228 507
2228 1173
2228 2220
1649 199
1649 214
1649 1085
1649 373
1649 374
1649 985
1649 1010
1649 385
188 350
188 504
188 377
188 580
188 267
188 608
188 354
188 366
188 763
188 195
188 709
188 724
188 202
188 206
188 583
188 585
188 984
188 1021
188 1093
188 1023
188 1029
188 1180
188 1046
188 1047
188 226
188 2090
188 368
188 2780
188 1938
188 246
188 369
188 1052
188 370
188 2034
188 2781
188 249
188 251
189 275
189 525
189 431
189 385
189 396
189 433
189 492
189 786
189 889
189 678
189 1056
189 989
189 1094
189 1299
189 1392
189 1429
189 1898
189 1598
189 1191
189 1224
518 236
518 288
518 486
518 520
518 855
518 577
190 264
190 275
190 276
190 278
190 319
190 428
190 429
190 498
190 520
190 322
190 283
190 284
190 300
190 301
190 611
190 686
190 294
190 740
190 746
190 198
190 509
190 496
190 901
190 1073
190 314
190 231
191 275
191 276
191 350
191 266
191 487
191 578
191 580
191 581
191 385
191 582
191 379
191 270
191 596
191 607
191 352
191 353
191 354
191 358
191 363
191 784
191 690
191 787
191 790
191 793
191 196
191 724
191 749
191 209
191 210
191 213
191 214
191 220
191 918
191 919
191 945
191 952
191 962
191 586
191 966
191 967
191 968
191 974
191 975
191 988
191 992
191 993
191 1000
191 1001
191 563
191 809
191 1021
191 1085
191 1022
191 1023
191 2006
191 2192
2080 391
2080 410
2080 915
2080 656
2080 1289
2080 2030
519 266
519 303
519 323
519 596
519 500
519 430
519 376
519 536
519 660
520 195
520 198
520 235
520 240
520 245
520 258
520 264
520 266
520 275
520 276
520 277
520 295
520 300
520 306
520 308
520 321
520 322
520 330
520 332
520 347
520 429
520 503
520 430
520 375
520 445
520 470
520 577
520 543
520 550
520 553
520 544
520 589
520 848
520 869
520 778
192 351
192 377
192 579
192 372
192 270
192 607
192 353
192 354
192 359
192 361
192 364
192 366
192 808
192 673
192 787
192 789
192 791
192 793
192 709
192 196
192 720
192 724
192 739
192 208
192 209
192 220
192 583
192 584
192 919
192 945
192 1001
192 1013
192 1018
192 809
192 1021
192 1085
192 1106
192 1023
192 1028
192 1427
192 1181
192 226
192 2002
764 251
764 319
764 659
764 683
764 1415
764 2112
764 1416
764 1417
764 2757
764 2837
764 1292
193 256
193 377
193 580
193 385
193 559
193 406
193 372
193 270
193 545
193 589
193 607
193 608
193 354
193 359
193 362
193 363
193 622
193 294
193 890
193 763
193 673
193 541
193 720
193 722
193 724
193 739
193 199
193 208
193 209
193 220
193 919
193 944
193 849
193 562
193 962
193 586
193 222
193 223
193 975
193 988
193 993
193 998
193 1004
193 1005
193 1006
193 1008
193 1083
193 1388
193 1028
193 1361
193 1439
193 1175
193 1659
193 1705
193 226
943 208
943 209
943 607
943 358
943 622
943 684
943 348
943 580
943 561
943 545
943 366
943 777
943 954
943 972
943 1025
943 1165
943 974
943 993
943 808
943 385
943 946
943 966
943 582
943 1001
521 202
521 211
521 1085
521 1296
521 351
521 550
521 352
521 353
521 399
521 354
521 355
521 385
521 798
521 946
521 949
521 960
521 989
521 990
521 1008
521 1016
521 809
521 1025
521 1373
521 1403
521 1166
521 1175
521 1182
521 1617
521 2007
521 1971
521 1219
521 1239
521 1328
521 2710
521 2715
521 2724
521 2731
521 2732
521 1363
521 1364
522 238
522 240
522 242
522 251
522 317
522 1066
522 1094
522 1303
522 574
194 265
194 549
194 502
194 662
194 285
194 229
194 235
194 242
195 274
195 264
195 276
195 278
195 486
195 429
195 577
195 321
195 283
195 581
195 401
195 502
195 324
195 303
195 269
195 546
195 611
195 694
195 198
195 207
195 214
195 509
195 583
195 584
195 585
195 954
195 222
195 223
195 809
195 1021
195 496
195 1079
195 1094
195 1154
195 2099
195 225
195 226
195 2522
195 1318
195 229
195 314
195 775
195 232
195 233
195 235
195 915
195 288
195 240
195 273
195 347
195 534
195 246
195 369
195 1052
195 315
195 295
195 810
195 1320
195 247
195 248
195 1340
195 574
195 1440
195 2031
195 2036
195 2092
195 2094
195 2754
195 575
195 1982
195 2177
195 249
195 251
195 252
195 253
195 254
195 647
196 256
196 350
196 579
196 385
196 559
196 270
196 589
196 596
196 607
196 608
196 352
196 353
196 358
196 364
196 622
196 684
196 690
196 890
196 673
196 791
196 799
196 720
196 724
196 738
196 739
196 202
196 208
196 209
196 210
196 213
196 220
196 583
196 584
196 919
196 946
196 849
196 961
196 962
196 972
196 975
196 988
196 993
196 1001
196 1004
196 1006
196 1007
196 1008
196 1010
196 809
196 1021
196 338
196 1085
196 1022
196 1023
196 1424
196 1153
196 2011
196 755
2751 738
2751 1355
2751 1354
2751 365
2751 978
2751 1545
2751 1885
2751 2746
2845 288
2845 2168
944 214
944 226
944 266
944 270
944 297
944 303
944 1085
944 549
944 627
944 622
944 562
944 988
944 351
944 660
944 544
944 559
944 589
944 693
944 709
944 739
944 528
944 580
944 415
944 461
944 608
944 673
944 677
944 359
944 406
944 476
944 541
944 563
944 582
944 788
944 848
944 849
944 890
944 945
944 961
944 967
944 993
944 998
944 1004
944 1007
944 1010
944 1012
944 1016
944 1021
944 1076
944 1083
944 1388
944 1352
944 1028
944 1426
944 1427
944 1428
944 1396
944 1354
944 1545
944 1546
944 1584
944 1575
944 1599
944 2803
197 276
197 280
197 497
197 309
197 382
197 294
197 198
197 286
197 620
197 229
197 231
197 383
197 235
197 272
197 236
197 242
197 245
197 347
197 246
198 307
198 264
198 275
198 380
198 318
198 276
198 525
198 258
198 319
198 280
198 320
198 281
198 486
198 429
198 308
198 296
198 577
198 498
198 266
198 321
198 322
198 487
198 283
198 323
198 544
198 299
198 482
198 546
198 300
198 327
198 608
198 329
198 332
198 686
198 881
198 294
198 797
198 334
198 509
198 339
198 340
198 341
198 1368
198 1477
198 1399
198 1073
198 1866
198 1196
198 1629
198 226
198 501
198 229
198 314
198 231
198 775
198 232
198 235
198 236
198 287
198 290
198 246
198 315
198 1300
198 250
1966 749
945 206
945 213
945 222
945 226
945 1085
945 377
945 361
945 687
945 739
945 540
945 415
945 793
945 795
945 584
945 359
945 363
945 364
945 385
945 583
945 585
945 662
945 799
945 849
945 952
945 962
945 967
945 1001
945 1016
945 1018
945 1021
945 1023
945 1027
945 1871
2081 394
2081 403
2081 410
2081 882
2081 1011
2081 1154
2081 1155
2081 1163
2081 1174
2081 1035
2081 1181
2081 1188
2081 1211
2081 1216
2081 1223
2081 1231
2081 1258
199 376
199 415
199 353
199 354
199 362
199 690
199 673
199 787
199 202
199 206
199 213
199 562
199 962
199 967
199 223
199 978
199 985
199 1002
199 802
199 1083
199 612
199 859
199 1028
199 1029
199 1211
199 2011
199 1316
199 2027
199 373
199 374
199 2779
200 430
200 431
200 550
200 554
200 628
200 436
200 439
200 451
200 452
200 457
200 460
200 461
200 465
200 466
200 471
200 476
200 630
200 632
200 477
200 635
200 636
200 480
200 642
200 643
200 482
200 483
200 330
200 843
200 847
200 816
200 818
200 507
200 510
200 823
200 825
200 1514
200 1555
200 484
200 1919
200 832
200 1918
2254 648
2254 1159
2254 1210
2254 1556
2760 202
2760 1365
2760 585
1878 984
1878 1036
1878 1493
1878 2708
2816 1303
2816 1574
2816 1669
2816 1855
523 665
523 2637
946 204
946 209
946 218
946 220
946 222
946 256
946 270
946 1085
946 607
946 358
946 622
946 988
946 1518
946 430
946 377
946 684
946 665
946 707
946 709
946 720
946 724
946 918
946 919
946 580
946 545
946 591
946 608
946 362
946 673
946 793
946 584
946 948
946 951
946 962
946 972
946 975
946 979
946 981
946 986
946 995
946 1008
946 1012
946 1016
946 1021
946 1098
946 1025
946 1219
946 849
946 359
946 967
946 974
946 541
946 364
946 949
946 976
946 993
946 994
946 796
946 2009
946 784
946 808
946 385
946 369
946 582
946 583
946 952
946 961
946 966
946 1001
946 1362
946 1976
946 2124
947 357
947 808
947 966
2082 1687
2082 2083
2082 2146
2082 2836
948 209
948 267
948 297
948 447
948 358
948 622
948 722
948 988
948 999
948 1518
948 430
948 660
948 559
948 546
948 589
948 361
948 684
948 724
948 739
948 375
948 561
948 415
948 763
948 673
948 354
948 359
948 541
948 662
948 670
948 849
948 961
948 967
948 972
948 978
948 998
948 1352
948 1428
948 1429
948 1306
948 1545
775 225
775 229
775 231
775 236
775 240
775 242
775 246
775 251
775 254
775 273
775 276
775 319
775 322
775 334
775 347
775 658
775 611
775 679
2792 984
201 348
201 249
524 401
524 408
524 882
524 909
524 1035
524 1279
524 949
524 1995
1525 217
1525 562
1525 353
1525 690
1525 393
1525 355
1525 1016
1525 1166
1525 1175
1525 552
1525 1204
1525 993
1525 1033
1525 379
1525 385
1525 582
1525 1362
1525 1369
1525 1585
1525 1976
1525 2801
1650 297
1650 412
1650 416
1650 419
1650 421
1650 650
1650 1011
1650 1015
1650 1083
1650 1152
1650 424
1650 1226
1650 1228
1650 1231
1650 425
1650 1872
1650 1045
1650 385
1650 1627
1650 1007
1650 1360
1650 1393
1650 1655
1650 1683
1650 2086
1650 1688
1650 1693
1650 1707
776 577
202 256
202 350
202 266
202 351
202 581
202 385
202 270
202 545
202 352
202 353
202 355
202 361
202 362
202 364
202 791
202 794
202 799
202 738
202 204
202 205
202 206
202 208
202 213
202 583
202 949
202 950
202 956
202 959
202 963
202 222
202 972
202 223
202 975
202 979
202 980
202 809
202 907
202 1085
202 1023
202 1025
202 1352
202 587
202 1518
202 1355
202 1584
202 1172
202 1181
202 1214
202 1044
202 2124
202 2036
1150 294
1150 550
1150 786
1150 375
1150 348
1150 414
1150 1310
1526 737
2083 310
2083 390
2083 872
2083 1360
2083 1393
2083 1394
2083 1556
949 209
949 220
949 222
949 1085
949 1295
949 1296
949 722
949 562
949 988
949 353
949 399
949 393
949 408
949 421
949 648
949 545
949 355
949 990
949 1016
949 1021
949 1025
949 1166
949 552
949 1199
949 1208
949 1211
949 1219
949 1239
949 655
949 427
949 662
949 801
949 354
949 385
949 423
949 425
949 566
949 582
949 784
949 958
949 977
949 998
949 1006
949 1369
949 1882
949 2007
949 1987
949 1971
949 2009
949 2102
949 2099
949 2710
949 2714
949 2715
949 1363
949 1364
949 1052
1492 308
1315 311
1315 399
1315 393
1315 882
1315 424
1315 1199
1315 1211
1315 1228
1315 1233
1315 1244
1315 427
1315 405
1315 1683
1315 2086
1315 1684
1315 1685
1315 2051
1315 2052
1315 1691
1315 2136
1315 2135
1527 741
1527 555
1527 605
1527 1092
1527 1115
1527 1123
1527 1194
1527 1217
1527 414
1527 1303
1527 1418
1527 1574
1527 1906
1527 1612
1527 1909
1527 1948
1527 1669
1527 1679
1527 2015
1527 1715
1527 2170
1527 1858
1381 259
1381 822
1381 1370
1528 211
1528 582
1528 1018
950 1085
950 399
950 393
950 1166
950 1182
950 427
950 976
950 1352
950 1038
950 2007
777 209
777 235
777 266
777 275
777 341
777 447
777 663
777 579
777 372
777 589
777 609
777 363
777 585
777 601
777 637
777 808
777 961
777 968
777 972
777 983
777 993
777 1001
777 1021
777 1373
777 1487
777 1617
777 1798
777 2602
777 2734
778 207
778 232
778 286
778 321
778 616
778 486
778 399
778 433
778 504
778 2706
778 2092
204 317
204 260
204 351
204 385
204 268
204 607
204 354
204 358
204 359
204 361
204 362
204 363
204 364
204 684
204 791
204 792
204 793
204 799
204 724
204 213
204 583
204 584
204 919
204 959
204 223
204 975
204 986
204 995
204 1013
204 1021
204 1085
204 1023
204 226
204 1979
204 368
204 755
204 370
1382 259
1382 1371
1493 350
1493 355
1493 1219
1493 788
1493 1365
1493 953
1493 803
1493 955
1493 1036
1493 1037
1493 1887
2015 741
2015 555
2015 1115
2015 1264
2015 1303
2015 1669
2015 1906
951 210
951 213
951 218
951 222
951 1085
951 622
951 562
951 1518
951 373
951 374
951 399
951 919
951 545
951 354
951 385
951 427
951 655
951 953
951 976
951 990
951 1001
951 1008
951 1016
951 1021
951 1025
951 1369
951 1362
951 1557
951 1172
951 1892
951 1879
951 1211
951 2009
951 2011
951 1219
951 2025
951 1364
951 2790
951 2823
951 1052
951 1365
205 350
205 351
205 355
205 210
205 1016
205 1085
205 1025
205 552
205 2007
205 1219
205 2026
205 1233
205 1364
205 2764
205 370
205 1365
952 270
952 607
952 562
952 353
952 396
952 362
952 968
952 1010
952 1021
952 581
952 649
952 385
952 582
952 1556
206 260
206 350
206 504
206 376
206 351
206 377
206 540
206 579
206 581
206 415
206 589
206 352
206 354
206 356
206 357
206 361
206 362
206 363
206 364
206 787
206 791
206 792
206 793
206 796
206 797
206 698
206 724
206 738
206 739
206 208
206 210
206 213
206 214
206 583
206 585
206 849
206 962
206 975
206 978
206 984
206 988
206 1001
206 1002
206 1013
206 1018
206 1021
206 338
206 1085
206 1023
206 1030
206 1172
206 835
206 226
206 368
206 1494
206 240
206 246
206 369
206 295
206 370
206 1566
206 2036
206 1997
206 2126
1967 962
706 503
706 433
953 1085
953 562
953 351
953 579
953 353
953 373
953 530
953 355
953 1008
953 1010
953 1016
953 552
953 1219
953 1239
953 1355
953 385
953 794
953 809
953 965
953 1603
954 220
954 246
954 270
954 596
954 1085
954 999
954 350
954 377
954 690
954 724
954 370
954 362
954 354
954 359
954 385
954 427
954 788
954 796
954 801
954 835
954 849
954 959
954 962
954 968
954 969
954 974
954 993
954 1010
954 1014
954 1024
954 1025
954 1395
954 1999
207 280
207 504
207 309
207 502
207 284
207 461
207 621
207 669
207 584
207 585
207 1431
207 1802
207 235
207 240
207 242
207 245
207 246
207 295
207 1341
207 1995
207 1384
207 252
1530 725
1530 393
1530 408
1530 876
1530 1186
1530 1190
1530 1209
1530 1213
1530 1225
1530 405
1530 425
1530 902
1530 1902
1530 1606
1530 1691
955 251
955 1365
955 1036
1855 1418
1855 1568
1855 1541
1855 1612
1855 1909
1855 2141
1855 2010
1855 2752
1855 1856
1855 1857
1855 1860
1879 213
1879 309
1879 1219
1879 626
1879 1369
1879 1892
1879 1365
1879 1077
1879 2037
1531 216
1531 242
1531 660
1531 375
1531 457
1531 460
1531 630
1531 477
1531 480
1531 636
1531 1555
1531 451
1531 843
1531 635
1531 1450
1531 484
1531 642
208 256
208 350
208 377
208 579
208 385
208 559
208 607
208 352
208 353
208 354
208 359
208 361
208 362
208 366
208 690
208 890
208 673
208 795
208 722
208 724
208 738
208 213
208 217
208 585
208 849
208 223
208 975
208 988
208 993
208 1004
208 1023
208 1025
208 1026
208 1362
208 1881
208 427
956 210
956 270
956 338
956 1085
956 1296
956 353
956 370
956 504
956 355
956 969
956 1025
956 1166
956 1219
956 1364
956 1365
956 1426
956 792
956 1036
956 1871
957 209
957 962
1533 660
1533 579
1533 551
1533 355
1533 886
1533 969
1533 983
1533 990
1533 1016
1533 1021
1533 1083
1533 1025
1533 1166
1533 1172
1533 1175
1533 1429
1533 998
1533 977
1533 1426
1533 1446
1533 1362
1533 960
1533 1428
1533 1868
1533 1882
1533 1658
1533 2731
1383 242
1383 432
1383 609
1383 665
2244 461
2244 826
779 247
779 380
1534 430
1534 470
958 213
958 709
958 586
958 975
958 1021
958 1025
958 581
958 379
958 1556
209 296
209 375
209 266
209 351
209 377
209 432
209 578
209 579
209 580
209 385
209 559
209 561
209 379
209 415
209 297
209 662
209 545
209 589
209 591
209 596
209 599
209 605
209 608
209 356
209 358
209 363
209 622
209 784
209 808
209 684
209 890
209 670
209 673
209 541
209 788
209 790
209 791
209 793
209 795
209 707
209 709
209 724
209 218
209 919
209 849
209 562
209 961
209 962
209 586
209 966
209 967
209 968
209 969
209 972
209 974
209 978
209 983
209 985
209 993
209 998
209 1001
209 802
209 1004
209 1005
209 1007
209 1010
209 1015
209 1117
209 1022
209 367
209 1025
209 1388
209 1028
209 1427
209 1439
209 1570
209 1171
209 1034
209 1172
209 1885
209 2006
209 1039
209 1040
209 1993
209 1077
209 1728
209 1845
959 210
959 214
959 223
959 226
959 690
959 724
959 739
959 504
959 591
959 362
959 793
959 368
959 369
959 385
959 427
959 581
959 615
959 789
959 791
959 803
959 808
959 967
959 969
959 989
959 995
959 1018
959 1027
959 1355
959 1993
959 2218
959 2036
2812 962
1152 251
1152 285
1152 311
1152 550
1152 399
1152 393
1152 648
1152 650
1152 882
1152 892
1152 981
1152 1009
1152 385
1152 425
1152 588
1152 1360
1152 1154
1152 1166
1152 1394
1152 1608
1152 1199
1152 1201
1152 1210
1152 1655
1152 1230
1152 1683
1152 2086
1152 1231
1152 1233
1152 1234
1152 2049
1152 1261
1152 2139
1152 1269
1152 1274
780 242
780 251
780 757
780 1182
780 1286
780 1292
780 626
780 2112
780 645
780 2110
2016 555
960 237
960 256
960 579
960 353
960 399
960 396
960 355
960 1021
960 1025
960 552
960 1219
960 1273
960 977
960 1364
960 1365
960 1426
960 385
960 369
960 989
960 1585
960 2007
960 1883
960 2731
960 2732
960 1363
960 2030
960 2818
960 2128
960 2094
1153 214
1153 739
1153 365
1153 1545
1153 2025
781 246
781 255
781 347
2710 1355
2710 1590
2710 1403
1535 550
1535 375
961 214
961 220
961 358
961 622
961 430
961 377
961 559
961 589
961 684
961 720
961 724
961 739
961 540
961 415
961 608
961 673
961 962
961 972
961 984
961 563
961 1022
961 1025
961 359
961 974
961 541
961 356
961 993
961 363
961 354
961 978
961 784
961 808
961 385
961 966
961 890
961 802
961 1395
961 1040
961 2527
1494 350
1494 738
1494 2779
962 218
962 220
962 256
962 270
962 596
962 607
962 358
962 622
962 988
962 999
962 430
962 376
962 377
962 579
962 372
962 353
962 361
962 698
962 707
962 709
962 724
962 738
962 739
962 919
962 504
962 540
962 608
962 763
962 356
962 363
962 367
962 385
962 406
962 581
962 582
962 586
962 587
962 662
962 784
962 808
962 966
962 967
962 968
962 972
962 978
962 981
962 983
962 984
962 985
962 992
962 993
962 995
962 998
962 1000
962 1001
962 1010
962 1016
962 1018
962 1021
962 1022
962 1025
962 1424
962 1427
962 1030
962 1362
962 1547
1651 385
707 220
707 235
707 256
707 1085
707 562
707 353
707 684
707 355
707 356
707 364
707 370
707 379
707 385
707 427
707 545
707 581
707 582
707 788
707 793
707 801
707 720
707 738
707 739
707 975
707 976
707 978
707 981
707 983
707 993
707 998
707 1006
707 1007
707 1008
707 1010
707 1012
707 1016
707 1021
707 1557
707 1166
707 1872
707 1204
707 1219
707 1233
707 1364
707 755
707 1365
707 2255
1495 270
1495 1085
1495 622
1495 350
1495 581
1495 789
1495 369
1495 1596
2229 458
2229 461
2229 463
2229 829
2229 452
2229 462
1652 757
1652 427
1652 385
1653 385
963 1296
963 412
963 684
963 393
963 355
963 1021
963 552
963 1219
963 385
963 809
963 902
963 1616
963 2732
963 1363
963 2767
964 432
964 849
2711 1205
965 256
965 293
965 388
965 919
965 872
965 969
965 1008
965 1010
965 1016
965 783
965 424
965 1182
965 971
965 425
965 1872
965 385
965 802
965 404
965 653
965 1360
965 1393
965 1556
965 1578
965 1599
965 1987
965 1658
965 2741
966 218
966 270
966 622
966 430
966 377
966 579
966 352
966 353
966 361
966 724
966 540
966 580
966 561
966 545
966 608
966 673
966 793
966 969
966 983
966 1010
966 1015
966 1021
966 1022
966 1025
966 1166
966 662
966 993
966 363
966 998
966 784
966 808
966 385
966 585
966 890
966 1001
966 1424
966 2006
2139 408
2139 654
2139 592
2139 872
2139 882
2139 1011
2139 909
2139 424
2139 1154
2139 1155
2139 1035
2139 1185
2139 1187
2139 1188
2139 1228
2139 1232
2139 1234
2139 1290
2139 1577
2139 1393
2139 1394
2139 1688
2139 2041
2139 2729
2139 2086
2139 1894
967 218
967 220
967 256
967 297
967 326
967 502
967 622
967 722
967 562
967 589
967 352
967 684
967 709
967 739
967 373
967 504
967 540
967 415
967 608
967 763
967 673
967 793
967 972
967 975
967 983
967 985
967 1008
967 1021
967 1184
967 849
967 359
967 385
967 406
967 784
967 808
967 978
967 993
967 998
967 1006
967 1018
967 2192
967 2800
968 213
968 256
968 270
968 1085
968 622
968 722
968 562
968 988
968 350
968 351
968 684
968 375
968 545
968 608
968 362
968 673
968 356
968 359
968 363
968 364
968 385
968 626
968 662
968 783
968 784
968 808
968 890
968 972
968 974
968 975
968 976
968 977
968 978
968 981
968 983
968 985
968 993
968 998
968 1022
968 1388
968 1175
968 1885
968 2748
1654 412
1654 388
1654 399
1654 402
1654 417
1654 421
1654 651
1654 1011
1654 424
1654 1166
1654 1190
1654 1192
1654 1206
1654 1215
1654 1226
1654 1228
1654 1687
1654 405
1654 425
1654 1901
1654 385
1654 420
1654 1392
1654 1360
1654 1394
1654 1682
782 258
782 749
782 1124
782 1420
782 547
782 1924
783 265
783 279
783 283
783 622
783 531
783 430
783 464
783 665
783 727
783 577
783 530
783 671
783 363
783 678
783 1305
783 1028
783 1355
783 1572
783 1923
783 1915
783 831
783 2155
783 2732
784 220
784 226
784 256
784 1085
784 607
784 358
784 622
784 722
784 988
784 430
784 579
784 684
784 724
784 504
784 545
784 673
784 793
784 586
784 972
784 983
784 1010
784 1022
784 1025
784 849
784 359
784 974
784 678
784 356
784 799
784 993
784 998
784 354
784 385
784 808
784 1001
784 1388
784 2008
785 393
785 355
785 986
785 1016
785 1219
785 809
785 2764
785 2765
786 318
786 447
786 881
786 888
786 1183
786 2163
786 2237
787 213
787 222
787 246
787 260
787 596
787 361
787 709
787 724
787 739
787 370
787 504
787 540
787 362
787 367
787 368
787 369
787 385
787 583
787 584
787 585
787 791
787 793
787 799
787 849
787 969
787 976
787 995
787 1001
787 802
787 809
787 1022
787 1027
787 1874
787 2785
788 211
788 214
788 220
788 222
788 326
788 338
788 562
788 609
788 352
788 684
788 375
788 526
788 760
788 677
788 584
788 969
788 975
788 980
788 1008
788 563
788 1021
788 1083
788 1166
788 1172
788 552
788 662
788 849
788 359
788 974
788 354
788 363
788 385
788 406
788 566
788 890
788 977
788 978
788 802
788 1007
788 1018
788 1352
788 1373
788 1429
788 1439
788 1872
788 1036
788 1884
788 1602
788 1040
788 2786
788 2787
789 217
789 319
789 622
789 377
789 427
789 974
789 790
789 799
789 791
789 1892
789 385
789 1993
789 2761
790 217
790 622
790 793
790 1004
790 1219
790 427
790 385
790 791
790 801
790 1993
790 2056
790 1979
790 2761
790 2153
969 214
969 256
969 988
969 1518
969 377
969 353
969 361
969 690
969 709
969 739
969 540
969 591
969 362
969 357
969 385
969 582
969 802
969 849
969 995
969 998
969 1000
969 1001
969 1007
969 1010
969 1193
969 1978
969 1214
969 2774
2255 979
2255 801
2255 991
2255 1997
2841 909
2841 1158
2841 1213
2841 910
2841 1257
2841 1262
2841 911
2841 914
2841 2104
2841 1577
2841 1566
2841 1684
2841 2036
2841 1362
2841 916
2841 913
2841 2037
1536 233
1536 504
1655 311
1655 412
1655 403
1655 592
1655 1011
1655 424
1655 1186
1655 1188
1655 1210
1655 1228
1655 1233
1655 1269
1655 425
1655 1602
1655 385
1655 420
1655 1394
1655 1683
1655 2086
1655 1688
210 256
210 591
210 607
210 352
210 357
210 361
210 366
210 673
210 709
210 584
210 918
210 585
210 222
210 970
210 976
210 982
210 996
210 1016
210 1021
210 1025
210 1027
210 1403
210 1518
210 1993
210 2124
210 226
210 368
210 369
210 1053
210 1054
210 370
210 2033
210 2036
210 2756
791 213
791 222
791 226
791 237
791 260
791 1296
791 622
791 351
791 579
791 352
791 709
791 724
791 738
791 739
791 370
791 504
791 540
791 415
791 362
791 793
791 972
791 984
791 1021
791 1028
791 849
791 905
791 359
791 974
791 581
791 356
791 364
791 799
791 801
791 976
791 363
791 385
791 406
791 792
791 904
791 973
791 1002
791 1866
791 2002
2256 1233
2256 1274
2256 1336
2256 2098
792 223
792 260
792 1296
792 353
792 362
792 793
792 1098
792 974
792 799
792 354
792 583
792 2788
970 266
970 1085
970 591
970 355
970 363
970 369
970 427
970 552
970 1846
1154 246
1154 311
1154 497
1154 503
1154 659
1154 388
1154 399
1154 386
1154 402
1154 403
1154 421
1154 648
1154 650
1154 592
1154 593
1154 882
1154 981
1154 1011
1154 385
1154 405
1154 588
1154 911
1154 1035
1154 1045
1154 1155
1154 1159
1154 1587
1154 1894
1154 1181
1154 1188
1154 1201
1154 1986
1154 1210
1154 1211
1154 1212
1154 1228
1154 1230
1154 1683
1154 2086
1154 1231
1154 1232
1154 1233
1154 1234
1154 1684
1154 1688
1154 2051
1154 2052
1154 2054
1154 1244
1154 2058
1154 2129
1154 1261
1154 2130
1154 1707
1154 2136
1154 1269
1154 2716
1154 2135
1154 1276
1154 1279
1154 1285
1154 1290
1154 2088
1155 235
1155 310
1155 311
1155 497
1155 353
1155 399
1155 393
1155 408
1155 648
1155 650
1155 592
1155 882
1155 1011
1155 385
1155 405
1155 426
1155 427
1155 1035
1155 1045
1155 1894
1155 1186
1155 1188
1155 1201
1155 1986
1155 1207
1155 1211
1155 1230
1155 1683
1155 2086
1155 1232
1155 1233
1155 1688
1155 2052
1155 2054
1155 1244
1155 1256
1155 1269
1155 2716
1155 1279
1155 2098
971 596
971 607
971 376
971 361
971 540
971 1022
971 354
971 1397
793 213
793 214
793 260
793 358
793 622
793 988
793 351
793 352
793 353
793 361
793 739
793 540
793 362
793 673
793 354
793 356
793 359
793 364
793 385
793 581
793 584
793 797
793 799
793 849
793 974
793 995
793 998
793 1000
793 1002
793 1004
793 809
793 1117
793 1022
793 1023
793 1350
793 1395
793 1039
972 218
972 220
972 222
972 297
972 1085
972 607
972 358
972 622
972 376
972 377
972 579
972 559
972 589
972 352
972 684
972 724
972 738
972 739
972 919
972 375
972 580
972 545
972 608
972 673
972 586
972 359
972 363
972 385
972 541
972 582
972 662
972 808
972 849
972 890
972 974
972 975
972 993
972 1001
972 1010
972 1021
972 1175
972 2748
794 1085
794 1296
794 551
794 918
794 591
794 355
794 1219
794 976
794 2732
794 2259
794 2765
794 913
794 2030
794 2790
794 2105
795 607
795 352
795 690
795 357
795 359
795 379
795 572
795 585
795 1348
795 1161
795 1032
795 2218
1316 251
1316 757
1316 370
1316 534
1316 368
1316 801
1316 1498
1316 1365
1316 2153
973 372
973 1028
973 797
1384 260
1317 866
1317 1325
796 1085
796 376
796 533
796 738
796 919
796 504
796 415
796 984
796 985
796 799
796 379
796 978
796 1001
796 1343
796 1405
796 1030
1385 213
1385 268
1385 550
1385 651
1385 1389
1385 1592
1385 1983
1385 2824
2782 671
2782 1103
2782 1303
797 376
797 724
797 584
797 995
797 1028
797 385
797 801
797 978
797 802
797 1346
797 1395
797 2024
974 226
974 260
974 1085
974 358
974 622
974 722
974 562
974 988
974 1518
974 350
974 430
974 351
974 377
974 579
974 684
974 690
974 724
974 739
974 375
974 580
974 415
974 545
974 673
974 985
974 1010
974 1016
974 1021
974 1022
974 1175
974 849
974 359
974 356
974 363
974 385
974 406
974 808
974 890
974 993
974 994
974 998
974 1005
974 1006
974 1007
974 1427
974 1429
974 1357
974 1306
974 2006
974 2505
211 549
211 385
211 415
211 530
211 267
211 545
211 352
211 562
211 996
211 1007
211 1008
211 1010
211 1016
211 1083
211 1428
211 1429
211 1498
211 1355
211 1166
211 1601
211 552
211 1987
211 373
211 374
798 393
798 1016
798 898
798 1208
798 1219
798 1036
798 2007
798 2724
798 1363
798 2790
975 213
975 218
975 220
975 223
975 234
975 256
975 268
975 270
975 296
975 1085
975 607
975 358
975 988
975 1518
975 350
975 351
975 352
975 353
975 361
975 709
975 720
975 724
975 738
975 739
975 919
975 580
975 811
975 545
975 608
975 362
975 673
975 584
975 586
975 354
975 356
975 357
975 364
975 367
975 368
975 379
975 385
975 581
975 582
975 799
975 809
975 1013
975 1016
975 1023
975 1976
2863 2707
2752 1090
2752 1264
2752 1303
2752 1418
2752 1568
2752 1541
2752 1612
2752 1843
2752 1857
2752 1861
2752 2122
2752 2010
2752 2141
2752 2840
1318 229
1318 287
1318 534
799 213
799 223
799 230
799 260
799 270
799 988
799 351
799 361
799 739
799 919
799 504
799 540
799 362
799 985
799 995
799 1021
799 1022
799 1175
799 427
799 357
799 359
799 859
799 1013
799 1423
799 581
799 356
799 364
799 354
799 368
799 385
799 583
799 993
799 1002
799 1003
799 809
799 1027
799 1041
799 2026
799 1397
800 500
800 1372
1656 385
1656 1601
1656 1665
708 298
1386 1518
1386 919
1386 386
1386 654
1386 545
1386 424
1386 1210
1386 976
1386 1362
1386 1882
976 213
976 217
976 218
976 220
976 222
976 226
976 1085
976 1518
976 660
976 579
976 690
976 709
976 724
976 540
976 530
976 355
976 1012
976 1016
976 1021
976 1025
976 1171
976 1172
976 1204
976 1205
976 1219
976 581
976 356
976 354
976 379
976 385
976 582
976 809
976 1352
976 1362
976 1034
976 1364
976 2709
1387 303
1387 617
1387 430
1387 432
1387 665
1387 461
1387 811
1387 455
1387 472
1387 826
1387 1929
709 214
709 218
709 222
709 235
709 256
709 1085
709 607
709 358
709 622
709 988
709 350
709 376
709 351
709 377
709 579
709 589
709 353
709 690
709 359
709 364
709 365
709 370
709 375
709 379
709 540
709 563
709 581
709 582
709 608
709 670
709 673
709 720
709 724
709 739
709 849
709 985
709 993
709 995
709 1001
709 1003
709 1007
709 1010
709 809
709 1021
709 1023
709 1396
709 1172
709 2743
2856 2007
1537 504
1537 545
1537 385
1537 1554
801 213
801 218
801 256
801 260
801 267
801 596
801 1085
801 1518
801 352
801 919
801 545
801 983
801 1169
801 427
801 581
801 583
801 989
801 993
801 1032
801 1987
801 2009
801 2794
801 2795
802 214
802 622
802 562
802 430
802 376
802 377
802 589
802 684
802 739
802 373
802 540
802 415
802 608
802 362
802 673
802 985
802 986
802 992
802 995
802 1008
802 1010
802 1204
802 849
802 359
802 678
802 364
802 993
802 649
802 1429
802 365
802 998
802 978
802 808
802 1728
802 385
802 1007
802 583
802 1427
802 1361
802 1395
802 1545
802 1885
802 1595
802 1675
977 596
977 1296
977 562
977 377
977 579
977 589
977 353
977 724
977 918
977 919
977 355
977 673
977 980
977 1008
977 894
977 1117
977 1022
977 1025
977 1166
977 1171
977 1172
977 1273
977 610
977 1892
977 354
977 808
977 978
977 1426
977 1428
977 1357
977 1439
977 1488
977 1584
977 1883
977 1969
803 222
803 350
803 720
803 552
803 357
803 1566
803 809
803 583
803 369
803 1027
525 231
525 235
525 242
525 246
525 251
525 265
525 266
525 277
525 283
525 306
525 307
525 317
525 321
525 322
525 347
525 1085
525 663
525 430
525 445
525 486
525 492
525 493
525 503
525 543
525 582
525 530
525 649
525 637
525 589
525 608
525 690
525 879
525 881
525 713
525 816
525 1094
525 612
525 1343
525 1344
525 1345
525 1346
525 1347
525 1348
525 810
978 214
978 220
978 338
978 549
978 627
978 562
978 376
978 589
978 698
978 738
978 739
978 375
978 504
978 540
978 415
978 671
978 983
978 984
978 985
978 1000
978 563
978 849
978 359
978 541
978 998
978 385
978 1018
978 1024
978 1427
978 1361
978 1395
978 1545
978 1547
978 1595
978 1728
978 2762
526 297
526 298
526 329
526 549
526 430
526 659
526 681
526 375
526 470
526 677
526 1103
526 1892
526 1910
526 1911
526 1912
979 213
979 256
979 562
979 544
979 353
979 373
979 399
979 355
979 359
979 369
979 385
979 420
979 423
979 552
979 809
979 990
979 1008
979 1016
979 1021
979 1166
979 1892
979 1219
979 2004
979 2714
979 1364
979 2765
979 2030
979 2105
979 1365
980 220
980 256
980 1085
980 622
980 562
980 430
980 660
980 353
980 665
980 399
980 918
980 545
980 355
980 363
980 385
980 552
980 990
980 1007
980 1008
980 1010
980 1428
980 1361
980 1556
980 1166
980 1584
980 1658
980 1219
980 1364
980 2786
527 235
527 273
527 320
527 341
527 498
527 500
527 543
212 663
2017 556
1156 267
1156 482
1156 431
1156 454
1156 457
1156 460
1156 630
1156 483
1156 814
1156 452
1156 476
1156 635
1156 638
1156 642
1156 643
1156 841
1156 842
1156 2815
981 270
981 311
981 720
981 739
981 399
981 393
981 592
981 608
981 882
981 425
981 1001
981 1011
981 1021
981 1025
981 1166
981 1876
981 1181
981 1195
981 1199
981 1228
981 1683
981 2086
981 1231
981 1234
981 1244
981 1261
981 1269
981 1276
982 222
982 242
982 251
982 270
982 1085
982 350
982 1083
982 1219
982 991
982 360
982 2765
982 2803
710 236
710 553
1388 218
1388 622
1388 562
1388 739
1388 373
1388 983
1388 985
1388 662
1388 993
1388 363
1388 385
1388 1001
1388 1040
1388 1547
2800 849
528 250
528 251
528 286
528 596
528 447
528 621
528 660
528 544
528 560
528 373
528 414
528 470
528 881
528 670
528 671
528 541
528 893
528 1083
528 1103
528 1418
528 1454
528 1568
528 566
528 1217
528 1679
529 216
529 265
529 285
529 297
529 298
529 301
529 323
529 596
529 549
529 652
529 663
529 498
529 499
529 503
529 430
529 536
529 432
529 544
529 559
529 560
529 372
529 466
529 470
529 556
529 885
529 899
529 541
529 677
529 678
529 713
529 1056
529 1503
529 1511
529 1167
529 1717
529 1720
529 2180
807 232
983 220
983 222
983 256
983 302
983 358
983 999
983 720
983 739
983 610
983 614
983 615
983 808
983 849
983 985
983 1004
983 1006
983 1556
983 1353
1933 549
1933 713
2201 232
2201 271
2201 314
2201 2185
530 217
530 258
530 265
530 266
530 267
530 326
530 562
530 500
530 430
530 579
530 559
530 353
530 684
530 881
530 819
530 820
530 580
530 359
530 363
530 996
530 998
530 1010
530 1016
530 1089
530 1428
530 1355
530 1577
530 1998
530 1040
530 2183
530 1059
531 225
531 240
531 258
531 281
531 283
531 285
531 288
531 301
531 321
531 323
531 641
531 663
531 371
531 376
531 488
531 489
531 495
531 497
531 616
531 560
531 545
531 546
531 602
531 611
531 691
531 881
531 671
531 723
531 726
531 737
531 739
531 741
531 743
531 620
531 1113
531 1413
531 827
531 870
531 534
531 810
532 278
532 685
532 535
532 2168
532 2737
1657 412
1657 1011
1657 909
1657 1204
1657 1227
1657 1230
1657 910
1657 1254
1657 1257
1657 911
1657 1278
1657 914
1657 1602
1657 1990
1657 385
1657 1298
1657 1393
1657 2043
1657 2108
984 229
984 242
984 1085
984 652
984 350
984 430
984 544
984 738
984 739
984 375
984 415
984 359
984 385
984 583
984 835
984 985
984 1018
984 2218
984 1883
984 1943
984 2191
533 286
533 301
533 308
533 333
533 497
533 376
533 414
533 658
533 660
533 553
533 561
533 638
533 592
533 695
533 731
533 742
533 1066
533 1015
533 1094
533 1115
533 1124
533 870
533 1454
533 1483
533 1496
533 1502
533 1504
533 1505
533 1507
533 1512
533 1588
533 1594
533 1599
533 1600
533 1186
533 1190
533 1480
533 1608
533 1194
533 1195
533 1308
533 1609
533 1610
533 1611
533 1612
533 1613
985 214
985 1085
985 376
985 377
985 589
985 361
985 738
985 739
985 373
985 374
985 370
985 504
985 540
985 415
985 362
985 359
985 365
985 385
985 563
985 849
985 995
985 1000
985 1008
985 1010
985 1018
985 1024
985 1427
985 1030
985 1354
1496 242
1496 539
1496 561
1496 1028
1496 2090
711 443
711 456
711 821
712 1420
986 222
986 223
986 1518
986 350
986 351
986 353
986 720
986 724
986 739
986 918
986 919
986 366
986 584
986 364
986 369
986 581
986 809
986 1013
986 1351
986 1039
1320 240
1320 283
1320 319
1320 908
1320 810
1320 1605
1320 2056
1320 2850
1320 2109
1320 2110
1320 2112
1320 2114
1320 2778
1320 2755
1320 2837
987 220
987 338
987 358
987 579
987 589
987 373
987 374
987 415
987 545
987 355
987 362
987 849
987 385
987 1023
987 1018
987 2764
987 2805
1389 1704
988 213
988 220
988 223
988 226
988 246
988 256
988 260
988 268
988 270
988 596
988 1085
988 1295
988 1296
988 607
988 622
988 350
988 351
988 352
988 353
988 354
988 355
988 356
988 357
988 359
988 362
988 364
988 366
988 376
988 379
988 385
988 415
988 559
988 579
988 581
988 583
988 584
988 586
988 608
988 626
988 673
988 690
988 720
988 724
988 738
988 763
988 809
988 919
988 993
988 999
988 1001
988 1011
988 1013
988 1016
988 1021
988 1424
988 1392
988 1599
988 1231
988 1054
988 1980
989 260
989 399
989 990
989 1213
989 1219
989 655
989 610
989 614
989 1452
989 1364
989 1426
989 1036
989 2007
989 1971
989 2102
989 2731
989 2732
989 2736
989 2818
990 302
990 1295
990 353
990 399
990 918
990 922
990 386
990 396
990 402
990 355
990 425
990 427
990 907
990 913
990 1008
990 1016
990 1025
990 1428
990 1358
990 1359
990 1360
990 1361
990 1158
990 1868
990 1034
990 1182
990 1602
990 1605
990 1201
990 1233
990 2124
990 1365
990 1441
990 1957
990 1285
1856 1264
1856 1303
1856 1540
1856 2010
213 350
213 351
213 581
213 385
213 379
213 270
213 591
213 352
213 353
213 354
213 356
213 359
213 361
213 362
213 364
213 690
213 724
213 738
213 214
213 583
213 584
213 222
213 1000
213 1001
213 1003
213 1016
213 809
213 1085
213 367
213 552
213 1205
213 1043
213 2028
213 368
213 369
213 2756
534 225
534 232
534 235
534 288
534 289
534 313
534 314
534 315
534 319
534 320
534 490
534 611
534 373
534 564
534 882
534 1170
534 1216
534 1279
534 915
534 368
534 2407
534 2503
534 1445
534 1294
534 1342
534 2035
535 239
535 240
535 294
535 686
991 591
991 872
991 1016
991 1219
991 1554
991 1996
991 2009
991 1364
991 2828
214 430
214 376
214 579
214 385
214 406
214 415
214 607
214 608
214 353
214 358
214 359
214 362
214 363
214 622
214 808
214 684
214 294
214 673
214 541
214 739
214 220
214 584
214 849
214 993
214 998
214 1001
214 1007
214 1010
214 1083
214 1022
214 1027
214 1429
214 1882
214 1885
214 2011
214 2125
214 2789
214 373
214 2191
214 249
1968 255
1968 1601
1439 430
1439 1010
1439 1016
1439 363
1439 385
1439 1007
1439 1675
536 264
536 318
536 331
536 334
536 487
536 722
536 485
536 429
536 430
536 372
536 386
536 491
536 492
536 553
536 579
536 559
536 654
536 609
536 853
536 689
536 692
536 899
536 820
536 1332
536 1587
536 1880
537 757
537 1021
992 502
992 1085
992 607
992 919
993 218
993 220
993 256
993 265
993 266
993 270
993 302
993 502
993 596
993 607
993 358
993 622
993 722
993 1518
993 376
993 351
993 377
993 579
993 559
993 372
993 589
993 684
993 724
993 738
993 739
993 919
993 580
993 415
993 545
993 366
993 673
993 584
993 586
993 1004
993 1010
993 1012
993 563
993 1016
993 1021
993 1083
993 1089
993 1098
993 1022
993 1025
993 1175
993 662
993 849
993 359
993 541
993 356
993 364
993 354
993 363
993 582
993 626
993 808
993 890
993 994
993 998
993 1001
993 1005
993 1006
993 1018
993 1023
993 1424
993 1357
993 1358
993 1362
993 1978
1440 810
1440 1364
1440 368
1440 2732
1440 1871
538 323
994 607
994 358
994 999
994 377
994 684
994 665
994 724
994 739
994 488
994 470
994 545
994 673
994 1122
994 359
994 541
994 420
994 890
994 1362
994 1354
994 1577
1497 492
539 274
539 281
539 318
539 333
539 432
539 579
539 544
539 594
539 603
539 604
539 665
539 670
539 671
539 678
539 713
539 721
539 725
539 1113
1157 373
1157 561
1157 671
1157 1103
1157 1402
1157 1541
2802 1004
995 220
995 1085
995 376
995 361
995 724
995 738
995 739
995 373
995 374
995 415
995 354
995 385
995 849
995 998
995 1001
995 1595
995 1200
1658 918
1658 1429
1658 385
1658 420
1658 1361
1659 545
1659 385
216 885
216 847
216 1324
216 1674
216 1717
1857 1115
1857 1303
1857 1669
1857 2122
1857 2141
217 267
217 596
217 866
217 999
217 1352
217 1373
217 1358
217 1518
217 1556
217 1171
217 1033
217 1034
217 1585
217 1037
217 1480
217 1039
1660 385
540 220
540 222
540 256
540 297
540 376
540 377
540 559
540 684
540 738
540 739
540 373
540 374
540 370
540 919
540 354
540 362
540 379
540 385
540 608
540 808
540 890
540 763
540 673
540 541
540 583
540 849
540 1001
540 1006
540 1010
540 1027
540 1874
540 1907
808 218
808 220
808 226
808 596
808 607
808 358
808 622
808 562
808 377
808 388
808 353
808 684
808 373
808 919
808 580
808 403
808 415
808 545
808 608
808 362
808 763
808 673
808 563
808 1022
808 1175
808 849
808 359
808 541
808 363
808 626
808 354
808 406
996 1085
996 652
996 1016
996 1172
996 1239
996 1355
996 1429
996 2206
996 1359
996 1575
1661 1429
1661 385
1661 1601
809 222
809 226
809 246
809 302
809 1085
809 376
809 579
809 352
809 353
809 361
809 690
809 370
809 918
809 386
809 401
809 648
809 650
809 545
809 362
809 584
809 1021
809 1028
809 1035
809 1181
809 1212
809 1214
809 1229
809 1254
809 1258
809 359
809 1336
809 1013
809 610
809 1034
809 614
809 615
809 1369
809 354
809 1566
809 1990
809 379
809 575
809 1014
809 1978
809 1983
809 1971
809 2056
809 2734
809 2030
809 2793
809 1442
809 2002
809 2101
2793 1175
2793 1365
2793 1014
2793 2787
541 218
541 297
541 300
541 333
541 874
541 549
541 627
541 607
541 622
541 430
541 432
541 464
541 589
541 495
541 724
541 739
541 373
541 919
541 375
541 470
541 580
541 556
541 480
541 763
541 673
541 586
541 1000
541 1089
541 662
541 670
541 849
541 359
541 1329
541 363
541 365
541 632
541 890
541 1737
997 585
1662 303
1662 385
1662 1374
1934 549
998 297
998 562
998 377
998 698
998 724
998 375
998 545
998 355
998 763
998 673
998 584
998 1015
998 1083
998 1089
998 1028
998 1184
998 849
998 1352
998 1355
998 649
998 1366
998 385
998 406
998 1001
998 1007
998 1361
998 1036
998 1625
998 1835
998 2744
542 275
542 276
542 318
542 322
542 323
542 501
542 744
999 310
999 562
999 361
999 385
999 408
999 425
999 430
999 582
999 662
999 1005
999 1083
999 1103
999 1022
999 1557
999 1885
999 1254
999 1742
1000 220
1000 622
1000 376
1000 606
1000 690
1000 739
1000 373
1000 415
1000 545
1000 362
1000 673
1000 359
1000 363
1000 369
1000 385
1000 670
1000 849
1000 890
1000 1010
1000 1018
1000 1093
1000 1024
1000 1027
1000 1040
1391 432
1001 220
1001 222
1001 256
1001 1085
1001 358
1001 1518
1001 377
1001 579
1001 589
1001 352
1001 353
1001 361
1001 720
1001 739
1001 919
1001 673
1001 1004
1001 563
1001 1016
1001 1021
1001 1028
1001 849
1001 359
1001 581
1001 1352
1001 1006
1001 385
1001 582
1001 890
1001 583
1001 379
1001 585
1001 1018
1001 1346
1001 1623
1001 1983
1001 1972
2230 694
2230 458
2230 463
2230 477
2230 814
2230 449
2230 2240
1441 235
1441 251
1441 319
1441 399
1441 1172
1441 552
1441 1219
1441 1369
1441 1892
1441 2009
1441 1364
1441 1365
1441 423
1441 2126
1441 1052
1441 1701
1441 2007
1441 2030
2084 310
2084 402
2084 408
2084 410
2084 422
2084 909
2084 1209
2084 1259
2084 912
2084 1360
1002 220
1002 376
1002 739
1002 373
1002 362
1002 849
1002 2002
543 320
543 321
543 324
543 486
543 493
543 577
1003 226
1003 260
1003 270
1003 361
1003 367
1003 368
1003 1041
2202 1011
2202 1258
2202 1336
2202 1990
2202 1442
2202 1604
2202 2026
2202 2101
1392 430
1392 550
1392 388
1392 399
1392 396
1392 408
1392 876
1392 1011
1392 1191
1392 405
1392 425
1392 1697
1392 385
1392 1360
1392 1374
1392 1556
1392 1599
1392 1702
218 430
218 579
218 580
218 385
218 582
218 396
218 270
218 545
218 589
218 356
218 364
218 739
218 584
218 1005
218 1358
218 1518
218 1976
218 2733
218 2709
1158 235
1158 430
1158 388
1158 393
1158 408
1158 651
1158 1103
1158 385
1158 405
1158 425
1158 852
1158 902
1158 914
1158 1166
1158 1201
1158 1682
1158 1239
1158 2102
1158 2099
1158 1280
1158 1285
1158 2846
1393 293
1393 311
1393 312
1393 549
1393 550
1393 388
1393 725
1393 399
1393 375
1393 396
1393 402
1393 411
1393 417
1393 419
1393 650
1393 651
1393 592
1393 593
1393 886
1393 424
1393 1190
1393 1198
1393 1201
1393 1204
1393 1206
1393 1210
1393 1211
1393 1215
1393 1231
1393 1234
1393 1244
1393 1271
1393 1058
1393 405
1393 387
1393 425
1393 902
1393 1872
1393 1616
1393 423
1393 1360
1393 404
1393 1556
1393 1578
1393 1600
1393 1603
1393 1989
1393 1683
1393 2086
1393 1688
1393 2054
1393 2716
1004 266
1004 376
1004 579
1004 589
1004 352
1004 355
1004 366
1004 359
1004 385
1004 890
1004 1006
1004 1374
1004 1498
1004 2748
1004 2761
1394 311
1394 498
1394 430
1394 388
1394 375
1394 403
1394 421
1394 650
1394 592
1394 677
1394 1011
1394 1187
1394 1188
1394 1201
1394 1206
1394 1210
1394 1228
1394 1230
1394 1231
1394 1244
1394 425
1394 385
1394 1360
1394 1683
1394 2086
1394 1688
1394 2054
1394 1693
1394 2123
1394 2129
1394 2130
1394 1707
1394 2135
544 258
544 266
544 274
544 277
544 281
544 283
544 285
544 297
544 329
544 447
544 652
544 621
544 663
544 722
544 498
544 485
544 503
544 430
544 432
544 659
544 489
544 388
544 414
544 428
544 438
544 443
544 466
544 470
544 492
544 495
544 580
544 881
544 814
544 868
544 670
544 672
544 673
544 677
544 713
544 719
544 733
544 820
544 1057
544 1089
544 1095
544 1122
544 1418
544 1454
544 1484
544 1568
544 1575
544 1579
544 1184
544 1676
1159 251
1159 293
1159 297
1159 412
1159 388
1159 648
1159 872
1159 909
1159 424
1159 912
1159 914
1159 1360
1159 1556
1159 1577
1159 1181
1159 1209
1159 1234
1159 1685
1159 1238
1159 1254
1159 1262
1159 1263
2803 1083
1663 373
1663 385
1160 503
1160 653
1160 1459
1160 1184
219 246
2150 303
2150 499
2150 1447
1005 622
1005 684
1005 1010
1005 1184
1005 1228
1005 662
1005 359
1005 678
1005 363
1005 385
1005 1007
1005 1698
1664 1352
1664 385
1006 220
1006 607
1006 622
1006 376
1006 361
1006 724
1006 739
1006 919
1006 763
1006 673
1006 849
1006 406
1006 1018
1006 2818
1161 739
1161 2009
1322 456
1322 448
1322 455
1322 823
1322 1570
2770 879
2203 1374
2203 2431
1162 246
1162 550
1162 388
1162 399
1162 375
1162 389
1162 391
1162 392
1162 393
1162 395
1162 400
1162 403
1162 411
1162 648
1162 650
1162 651
1162 1097
1162 1103
1162 909
1162 424
1162 385
1162 404
1162 405
1162 425
1162 427
1162 655
1162 1578
1162 1587
1162 1901
1162 1212
1162 2052
1162 1698
1007 622
1007 562
1007 377
1007 589
1007 665
1007 724
1007 919
1007 504
1007 417
1007 545
1007 673
1007 1008
1007 1010
1007 1076
1007 1083
1007 1028
1007 1187
1007 1193
1007 1204
1007 849
1007 359
1007 678
1007 1355
1007 1602
1007 1429
1007 1354
1007 365
1007 385
1007 1627
1007 890
1007 1428
1007 1359
1007 1361
1007 1584
1007 1575
1007 1882
1007 1885
2085 293
2085 310
2085 312
2085 422
2085 909
2085 1163
2085 1181
2085 1186
2085 1210
2085 1230
2085 1238
2085 910
2085 1248
2085 1254
2085 1262
1008 235
1008 1085
1008 622
1008 562
1008 1518
1008 430
1008 739
1008 504
1008 400
1008 545
1008 362
1008 872
1008 354
1008 385
1008 420
1008 424
1008 662
1008 670
1008 1010
1008 1015
1008 1018
1008 1083
1008 1352
1008 1028
1008 1369
1008 1428
1008 1429
1008 1357
1008 1358
1008 1361
1008 1362
1008 1355
1008 1545
1008 1554
1008 1556
1008 1557
1008 1168
1008 1575
1008 1186
1008 1976
1008 1247
1008 1275
1008 2087
1008 2097
1442 246
1442 319
1442 399
1442 393
1442 421
1442 1174
1442 1233
1442 1258
1442 1261
1442 1274
1442 1336
1442 1990
1442 2103
1442 1604
1442 2088
1442 2113
1442 2098
1442 2101
1163 293
1163 310
1163 412
1163 757
1163 550
1163 388
1163 373
1163 374
1163 399
1163 375
1163 402
1163 408
1163 411
1163 417
1163 421
1163 422
1163 648
1163 650
1163 651
1163 876
1163 1011
1163 909
1163 387
1163 404
1163 405
1163 420
1163 425
1163 427
1163 655
1163 850
1163 902
1163 1360
1163 1362
1163 1577
1163 1603
1163 1901
1163 1190
1163 1192
1163 1199
1163 1627
1163 1204
1163 1207
1163 1210
1163 1221
1163 1223
1163 1226
1163 1682
1163 1684
1163 2043
1163 2041
1163 1238
1163 2052
1163 1245
1163 2058
1163 2064
1163 2102
1163 2103
1163 1285
1163 1287
1163 2113
1323 1926
810 229
810 232
810 235
810 240
810 250
810 251
810 275
810 287
810 288
810 313
810 314
810 347
810 611
810 923
810 415
810 908
810 1195
810 656
810 647
810 1798
810 1445
810 1935
810 2019
1164 502
1164 660
1969 2009
1969 1996
1969 2025
1165 722
1165 373
1165 375
1165 649
1165 2172
1166 293
1166 310
1166 312
1166 473
1166 1296
1166 1518
1166 579
1166 388
1166 589
1166 918
1166 375
1166 386
1166 389
1166 391
1166 397
1166 398
1166 400
1166 403
1166 409
1166 410
1166 421
1166 650
1166 654
1166 592
1166 872
1166 876
1166 892
1166 1009
1166 1097
1166 1028
1166 424
1166 354
1166 423
1166 426
1166 427
1166 566
1166 610
1166 614
1166 615
1166 653
1166 655
1166 907
1166 911
1166 913
1166 914
1166 915
1166 916
1166 1033
1166 1036
1166 1037
1166 1039
1166 1298
1166 1352
1166 1373
1166 1368
1166 1426
1166 1428
1166 1357
1166 1360
1166 1355
1166 1556
1166 1577
1166 1578
1166 1585
1166 1892
1166 1181
1166 1599
1166 1186
1166 1602
1166 1603
1166 1189
1166 1610
1166 1198
1166 1627
1166 1996
1166 1204
1166 1206
1166 1209
1166 1214
1166 1971
1166 2009
1166 1668
1166 1228
1166 1230
1166 1233
1166 1235
1166 1684
1166 1262
1166 1895
1166 1275
1166 1278
1166 1281
1166 1284
1166 1285
1166 1286
1166 2100
1894 402
1894 403
1894 650
1894 592
1894 882
1894 1011
1894 1232
1894 1233
1894 1234
1894 1244
1894 1269
1894 1045
1894 588
1894 1683
1894 1688
1894 2086
1894 2716
220 256
220 265
220 504
220 430
220 351
220 582
220 559
220 561
220 379
220 406
220 415
220 270
220 608
220 352
220 359
220 361
220 366
220 763
220 673
220 724
220 738
220 739
220 919
220 1020
220 1346
220 1518
220 1584
220 895
220 2004
220 1849
220 237
1009 268
1009 296
1009 498
1009 550
1009 399
1009 396
1009 408
1009 648
1009 872
1009 886
1009 379
1009 385
1009 387
1009 404
1009 405
1009 425
1009 427
1009 655
1009 910
1009 1011
1009 1360
1009 1556
1009 1187
1009 1603
1009 1192
1009 1608
1009 1199
1009 1204
1009 1209
1009 1210
1009 1212
1009 1213
1009 1228
1009 1231
1009 1237
1009 1238
1009 1239
1009 1242
1009 1688
1009 2051
1009 1245
1009 1251
1009 1256
1009 2060
1009 1702
1009 2258
2823 2009
1010 256
1010 297
1010 302
1010 358
1010 622
1010 562
1010 430
1010 559
1010 684
1010 690
1010 739
1010 919
1010 922
1010 415
1010 545
1010 599
1010 608
1010 355
1010 673
1010 677
1010 586
1010 359
1010 363
1010 385
1010 406
1010 420
1010 563
1010 566
1010 582
1010 610
1010 614
1010 615
1010 649
1010 849
1010 890
1010 1083
1010 1025
1010 1352
1010 1335
1010 1028
1010 1427
1010 1429
1010 1358
1010 1362
1010 1395
1010 1355
1010 1545
1010 1584
1010 1033
1010 1872
1010 1885
1010 1037
1010 1590
1010 1596
1010 1601
1010 1193
1010 1209
1010 1040
1010 1991
2086 311
2086 650
2086 654
2086 592
2086 593
2086 882
2086 1011
2086 1210
2086 1216
2086 1228
2086 1230
2086 1231
2086 1232
2086 1233
2086 1234
2086 1244
2086 1262
2086 1986
2086 588
2086 1360
2086 1683
2086 1688
2086 2129
2086 2130
2086 2716
1895 251
1895 743
1895 416
1895 650
1895 882
1895 671
1895 1211
1895 1227
1895 1261
1895 1269
1895 2018
1895 1686
1895 2103
811 266
811 303
811 326
811 430
811 1066
811 385
811 414
811 662
811 1089
811 1103
811 1374
1167 266
1167 480
1167 814
1167 484
1167 885
1167 1717
222 274
222 256
222 350
222 504
222 580
222 581
222 379
222 270
222 352
222 356
222 357
222 361
222 362
222 364
222 302
222 622
222 724
222 904
222 584
222 905
222 585
222 586
222 1021
222 1085
222 1027
222 1172
222 1175
222 2218
222 226
222 2733
222 368
222 1481
222 235
222 369
222 1054
222 315
222 370
222 2002
222 2763
713 266
713 297
713 300
713 303
713 308
713 321
713 652
713 663
713 430
713 665
713 470
713 561
713 577
713 670
713 677
713 725
713 1332
713 1483
713 1613
546 246
546 250
546 265
546 266
546 281
546 294
546 308
546 318
546 326
546 327
546 339
546 341
546 347
546 502
546 549
546 498
546 501
546 430
546 659
546 428
546 590
546 611
546 881
546 671
546 672
546 869
546 1100
546 2522
546 762
545 265
545 270
545 1085
545 607
545 358
545 622
545 1518
545 377
545 579
545 589
545 724
545 399
545 561
545 355
545 369
545 385
545 406
545 420
545 581
545 890
545 673
545 849
545 1012
545 1016
545 1020
545 1025
545 1429
545 1362
545 1354
545 1557
545 1172
545 1182
545 552
545 1193
545 2007
545 1219
545 1262
545 1434
545 1364
545 2112
1011 293
1011 310
1011 311
1011 412
1011 388
1011 725
1011 399
1011 386
1011 391
1011 393
1011 394
1011 395
1011 402
1011 403
1011 408
1011 409
1011 413
1011 416
1011 419
1011 421
1011 422
1011 648
1011 650
1011 651
1011 592
1011 593
1011 598
1011 882
1011 760
1011 387
1011 404
1011 405
1011 420
1011 423
1011 425
1011 427
1011 588
1011 909
1011 1097
1011 1336
1011 1360
1011 1452
1011 1577
1011 1587
1011 1174
1011 1181
1011 1604
1011 1188
1011 1901
1011 1608
1011 1199
1011 1201
1011 1202
1011 1204
1011 1209
1011 1210
1011 1990
1011 1211
1011 1212
1011 1226
1011 1228
1011 1230
1011 1683
1011 1231
1011 1233
1011 1684
1011 1685
1011 1237
1011 2051
1011 1689
1011 2052
1011 2053
1011 1244
1011 1245
1011 2058
1011 1045
1011 2059
1011 1691
1011 1692
1011 1694
1011 2064
1011 1261
1011 2130
1011 2060
1011 2132
1011 1274
1011 2147
1011 1276
1011 1285
1395 377
1395 375
1395 362
1395 849
1395 583
1395 2762
223 274
223 256
223 350
223 353
223 362
223 363
223 364
223 724
223 585
223 1036
223 1979
223 369
223 370
223 2091
223 249
2257 246
2257 2104
2257 913
2257 2088
1443 1186
1665 385
1665 1359
1665 1599
1012 270
1012 562
1012 684
1012 355
1012 385
1012 1016
1012 1083
1012 1025
1012 1892
1012 1204
1012 2009
1012 1219
1012 1907
1012 1252
1012 1364
1012 1365
1538 294
1538 498
1168 322
1168 425
1168 2104
1168 1269
1168 1275
1168 1285
1168 1291
1168 2134
2795 562
1013 270
1013 361
1013 690
1013 504
1013 362
1013 1023
1858 1303
1014 362
1014 1098
1014 1028
1014 357
1014 585
1015 309
1015 412
1015 589
1015 684
1015 725
1015 373
1015 401
1015 385
1015 670
1015 1298
1015 1359
1015 1881
1015 1186
1015 1601
1015 1209
1015 1040
1169 242
1169 251
1169 377
1169 352
1169 551
1169 355
1169 362
1169 1025
1169 552
1169 583
1169 1036
1169 1369
1169 2007
1169 1219
1169 1364
1170 246
1170 430
1170 609
1170 1016
1170 427
1170 678
1016 226
1016 235
1016 237
1016 351
1016 353
1016 724
1016 738
1016 370
1016 919
1016 591
1016 366
1016 586
1016 354
1016 359
1016 369
1016 379
1016 385
1016 566
1016 581
1016 582
1016 907
1016 1020
1016 1089
1016 1025
1016 1352
1016 1357
1016 1358
1016 1361
1016 1362
1016 1355
1016 1556
1016 1570
1016 1171
1016 1034
1016 1585
1016 1172
1016 1175
1016 1596
1016 1978
1016 1205
1016 1987
1016 1040
1016 1214
1016 2009
1016 1218
1016 2025
1016 2099
1016 1270
1016 1566
1016 2032
1016 2037
1324 308
1324 492
1324 464
1324 493
1324 375
1324 2718
1325 251
1017 357
1017 1995
2783 918
2783 673
1444 611
1444 2112
1444 2056
1444 2850
1171 1085
1171 355
1171 1103
1171 423
1171 552
1171 1034
1171 1362
1171 1219
1171 1364
1018 607
1018 562
1018 376
1018 351
1018 377
1018 579
1018 559
1018 361
1018 738
1018 739
1018 918
1018 504
1018 415
1018 608
1018 362
1018 763
1018 563
1018 1021
1018 1083
1018 849
1018 359
1018 1354
1018 354
1018 583
715 229
715 235
715 245
715 255
715 276
1328 589
1328 907
1328 1617
812 694
812 509
812 506
812 1400
1172 226
1172 267
1172 353
1172 370
1172 584
1172 1021
1172 354
1172 359
1172 367
1172 585
1172 1023
1172 1876
716 276
716 444
716 448
716 461
716 472
716 476
716 479
716 1118
716 823
1019 579
1019 354
1396 589
1396 890
1020 919
1020 355
1020 1021
1020 424
1020 1182
1020 1585
1329 258
1329 303
1329 596
1329 503
1329 665
1329 814
1329 885
813 264
813 609
814 652
814 680
814 550
814 729
814 509
814 375
814 505
814 506
814 448
814 442
814 452
814 508
814 510
814 885
814 1093
814 1305
814 1400
814 1401
814 1563
814 1183
814 1703
815 266
815 279
815 329
815 549
815 652
815 492
815 727
815 373
815 375
815 608
717 235
717 301
717 549
717 447
717 722
717 498
717 595
717 1301
2761 622
2761 1117
2761 1045
2761 1993
1499 492
1499 662
2087 243
2087 246
2087 251
2087 393
2087 1189
2087 1201
2087 1209
2087 1226
2087 1227
2087 1233
2087 1239
2087 910
2087 1254
2087 911
2087 1263
2087 1269
2087 1285
2087 1287
2087 405
2087 425
2087 1997
2087 1904
2087 2058
2087 913
2087 1682
2087 2102
2087 2097
817 652
817 729
817 458
817 1563
817 442
817 1305
817 1703
817 2213
817 2214
817 1823
818 609
818 509
818 375
818 505
818 448
818 508
818 1514
818 1060
818 1305
816 265
816 498
816 430
816 658
816 560
816 694
816 723
816 729
816 488
816 509
816 375
816 1454
816 1563
816 1305
816 440
816 1401
816 1485
2088 293
2088 399
2088 391
2088 422
2088 882
2088 1097
2088 1181
2088 1230
2088 1239
2088 1243
2088 1258
2088 1261
2088 852
2088 1285
2088 1687
2088 405
2088 425
2088 2104
2088 1990
2088 1684
2088 2052
2088 912
2088 1604
2088 2099
2088 2134
1173 247
1173 252
1173 663
1173 457
1173 630
1173 477
1173 1093
1173 451
1173 452
1173 459
1173 471
1173 476
1173 484
1173 510
1173 628
1173 629
1173 635
1173 642
1173 643
1173 825
1173 1450
1173 1555
1173 1183
1173 1944
820 447
820 722
820 375
820 1069
820 561
820 1362
820 2185
820 2245
820 1762
821 430
821 373
821 375
821 455
1330 1410
1021 226
1021 270
1021 1085
1021 430
1021 351
1021 377
1021 579
1021 372
1021 352
1021 353
1021 361
1021 684
1021 690
1021 739
1021 919
1021 415
1021 366
1021 673
1021 584
1021 563
1021 354
1021 359
1021 364
1021 367
1021 379
1021 582
1021 1023
1021 1024
1021 1025
1021 1352
1021 1175
1021 1924
1021 1200
1397 376
1397 724
1397 362
1970 684
718 394
718 2188
1935 251
1935 313
1935 1904
1935 600
1935 1341
1935 2114
1935 2755
1935 2837
1935 2169
1935 2107
1935 2108
1935 2867
224 1459
1022 256
1022 266
1022 596
1022 607
1022 358
1022 622
1022 562
1022 430
1022 377
1022 589
1022 361
1022 698
1022 724
1022 738
1022 580
1022 608
1022 673
1022 563
1022 385
1022 406
1022 582
1022 1424
1022 1032
1022 1976
1022 2482
1174 235
1174 725
1174 399
1174 393
1174 648
1174 650
1174 425
1174 427
1174 1336
1174 1604
1174 1199
1174 1990
1174 1258
1174 1274
1174 1276
1174 2113
1175 1295
1175 739
1175 918
1175 362
1175 359
1175 363
1175 365
1175 369
1175 427
1175 626
1175 1039
1175 1368
1175 1426
1175 1208
1175 1364
1175 1994
1175 1566
1175 2033
1175 2849
1023 226
1023 270
1023 1085
1023 350
1023 351
1023 559
1023 353
1023 361
1023 684
1023 739
1023 919
1023 366
1023 584
1023 586
1023 849
1023 357
1023 581
1023 356
1023 364
1023 354
1023 1465
1023 1876
1023 2028
1023 2788
225 258
225 280
225 432
225 324
225 491
225 284
225 445
225 286
225 564
225 908
225 1549
225 1917
225 229
225 232
225 235
225 236
225 288
225 240
225 289
225 245
225 246
225 315
225 1294
225 248
225 251
225 254
225 647
225 255
1024 376
1024 352
1024 415
1024 1093
1024 359
1024 385
1024 1374
1024 1983
1177 248
1177 251
1177 611
822 259
822 384
822 828
822 1739
226 260
226 580
226 581
226 379
226 372
226 353
226 357
226 361
226 363
226 364
226 763
226 585
226 626
226 586
226 1098
226 367
226 1027
226 2745
226 368
226 246
226 369
226 1053
226 370
226 1566
226 1980
226 2032
226 2033
226 575
226 2785
226 1973
1025 256
1025 270
1025 1085
1025 1295
1025 1296
1025 358
1025 1518
1025 372
1025 684
1025 724
1025 738
1025 919
1025 922
1025 355
1025 586
1025 364
1025 367
1025 379
1025 566
1025 610
1025 614
1025 615
1025 905
1025 1361
1025 1584
1025 1034
1025 2009
1025 2025
1025 2033
1025 2035
1025 2036
1025 2709
2151 299
2151 303
1666 671
1666 1103
1666 1303
1666 1541
1026 1085
1178 266
1178 502
1971 353
1971 355
1971 552
1971 581
1971 1045
1971 385
1971 1428
1971 1360
1971 2007
1971 1363
1027 260
1027 352
1027 361
1027 370
1027 362
1027 357
1027 359
1027 1335
1027 356
1027 2036
1027 369
1027 1032
1027 1866
1027 2785
823 330
823 627
823 447
823 498
823 550
823 353
823 373
823 445
823 879
823 461
823 507
823 1183
823 670
823 1508
823 479
823 444
823 472
823 1060
823 438
823 442
823 668
823 1475
823 1929
823 1667
823 1731
227 276
227 577
227 321
227 602
227 855
227 858
227 685
227 881
227 883
227 337
227 1119
227 923
227 345
227 573
227 230
227 287
227 288
227 246
227 250
227 251
824 2250
1445 247
1445 248
1445 250
1445 280
1445 611
1445 576
1667 489
1667 373
1667 371
1667 443
1667 1078
1667 634
1667 1929
825 694
825 375
825 505
825 454
825 508
825 1183
825 1060
825 452
825 1305
825 1401
825 1505
1028 1085
1028 430
1028 376
1028 377
1028 660
1028 727
1028 739
1028 470
1028 415
1028 673
1028 1089
1028 359
1028 379
1028 385
1028 406
1028 455
1028 662
1028 678
1028 1374
1028 1446
1028 1974
1028 1040
1028 1365
1668 388
1668 425
1668 1374
826 665
826 509
826 505
826 634
826 1512
826 1563
826 1949
826 2158
826 2213
826 2207
826 2250
1029 251
1029 350
1029 696
1029 608
1029 1047
1029 1046
1029 1938
1029 2246
1669 555
1669 671
1669 414
1669 1303
1669 1418
1669 1568
1669 1574
1669 1540
1669 1906
1669 1909
1669 1948
1669 1679
1669 2010
548 235
548 496
1030 1085
1030 430
1030 738
1030 370
1030 504
1030 1354
1030 385
1030 1405
2728 295
827 229
827 242
827 265
2784 249
1180 373
1180 763
1180 385
1180 1429
2204 507
1031 229
1031 242
1031 266
1031 267
1031 739
228 249
1972 357
1972 581
1972 583
1972 585
1032 690
1032 720
1032 1205
1032 581
1032 385
1032 379
1032 1039
1032 1040
719 229
719 232
719 242
719 251
719 265
719 298
719 498
719 1601
1181 235
1181 246
1181 309
1181 473
1181 739
1181 399
1181 391
1181 393
1181 400
1181 408
1181 417
1181 418
1181 421
1181 422
1181 648
1181 650
1181 654
1181 882
1181 909
1181 424
1181 405
1181 425
1181 426
1181 427
1181 655
1181 656
1181 910
1181 1360
1181 1604
1181 1201
1181 1986
1181 1990
1181 1211
1181 1212
1181 1224
1181 1228
1181 1230
1181 1683
1181 1232
1181 1233
1181 2041
1181 1686
1181 2058
1181 1250
1181 1261
1181 1708
1181 1269
1181 1274
1181 1290
1181 2095
1181 2113
1182 235
1182 241
1182 309
1182 310
1182 388
1182 399
1182 393
1182 394
1182 651
1182 420
1182 425
1182 850
1182 902
1182 907
1182 912
1182 1044
1182 1352
1182 1556
1182 1600
1182 1189
1182 1617
1182 1199
1182 1210
1182 1227
1182 1233
1182 2055
1182 2058
1182 1249
1182 1254
1182 1259
1182 1341
1182 2111
1182 2117
1033 562
1033 757
1033 684
1033 918
1033 1219
1033 385
1033 1585
1033 2026
1034 246
1034 1085
1034 399
1034 355
1034 1103
1034 552
1034 1219
1034 1362
1034 2731
1034 1364
1034 1052
1034 1365
549 265
549 283
549 297
549 298
549 300
549 303
549 306
549 307
549 308
549 309
549 310
549 312
549 617
549 352
549 399
549 412
549 418
549 420
549 430
549 443
549 456
549 464
549 466
549 468
549 470
549 485
549 489
549 492
549 495
549 497
549 616
549 627
549 560
549 662
549 652
549 637
549 621
549 609
549 872
549 663
549 879
549 868
549 694
549 670
549 677
549 727
549 749
549 920
549 1454
549 1560
549 1577
549 1628
549 1629
550 265
550 300
550 307
550 310
550 321
550 487
550 473
550 641
550 447
550 621
550 499
550 616
550 486
550 429
550 375
550 387
550 388
550 390
550 391
550 402
550 411
550 422
550 424
550 434
550 444
550 448
550 454
550 456
550 457
550 458
550 460
550 461
550 463
550 464
550 466
550 477
550 478
550 484
550 491
550 654
550 631
550 632
550 635
550 638
550 887
550 845
550 1097
550 1301
550 1370
550 1367
550 1505
550 1549
550 1550
550 1553
550 1559
550 1563
550 1600
550 1187
550 832
550 1198
550 1310
550 1621
550 1199
1670 580
1670 1352
1671 358
1671 580
1671 415
1671 677
1671 1083
1671 662
1671 849
2152 303
1183 303
1183 447
1183 652
1183 681
1183 609
1183 458
1183 461
1183 463
1183 507
1183 466
1183 471
1183 628
1183 632
1183 662
1183 829
1183 832
1183 1555
1183 1563
1183 1919
1183 2234
1183 2703
829 430
829 1093
829 634
829 439
829 1060
829 442
829 462
829 2214
1973 581
1673 373
1673 852
1673 1721
1184 253
1184 652
1184 1107
1184 678
1184 844
1184 888
1184 1572
1974 363
1035 399
1035 403
1035 648
1035 592
1035 882
1035 385
1035 405
1035 588
1035 1188
1035 1210
1035 1228
1035 1683
1035 1232
1035 2130
1035 2105
1035 1276
1035 2089
1036 237
1036 251
1036 370
1036 399
1036 355
1036 1219
1036 1288
1036 1369
1036 1892
1036 1047
1036 354
1036 1365
1036 2126
1036 1368
1036 583
1036 1037
1036 2724
1036 2852
1036 1052
1036 2033
1036 1871
1185 293
1185 310
1185 412
1185 388
1185 399
1185 386
1185 400
1185 401
1185 408
1185 416
1185 417
1185 651
1185 882
1185 424
1185 385
1185 387
1185 404
1185 425
1185 427
1185 902
1185 1360
1185 1578
1185 1626
1185 1209
1185 1210
1185 1682
1185 1241
1185 2048
1185 1245
1185 2058
1185 1286
1185 2044
1185 2018
1037 412
1037 562
1037 355
1037 552
1037 1219
1037 385
1037 1868
1037 1998
1186 725
1186 399
1186 408
1186 651
1186 405
1186 427
1186 902
1186 1189
1186 1902
1186 1605
1186 1904
1186 1610
1186 1206
1186 1210
1186 2058
1186 1692
1186 1275
1186 1285
1186 1291
1187 311
1187 412
1187 388
1187 725
1187 373
1187 374
1187 399
1187 396
1187 402
1187 408
1187 648
1187 592
1187 872
1187 876
1187 424
1187 385
1187 387
1187 404
1187 405
1187 423
1187 425
1187 427
1187 670
1187 1359
1187 1360
1187 1577
1187 1603
1187 1627
1187 1206
1187 1207
1187 1208
1187 1210
1187 1211
1187 1214
1187 1215
1187 1687
1187 2051
1187 1689
1187 2054
1187 1262
1187 1706
1187 1271
1187 2095
1188 311
1188 399
1188 408
1188 650
1188 598
1188 882
1188 588
1188 1360
1188 1210
1188 1211
1188 1223
1188 1230
1188 1683
1188 1233
1188 1234
1188 2051
1188 2052
1188 2054
1188 2058
1188 1691
1188 2130
1188 1269
229 274
229 306
229 264
229 316
229 317
229 280
229 281
229 308
229 498
229 321
229 323
229 489
229 415
229 371
229 445
229 493
229 641
229 621
229 602
229 604
229 605
229 381
229 329
229 611
229 685
229 879
229 693
229 294
229 495
229 677
229 334
229 723
229 740
229 746
229 1066
229 286
229 564
229 1124
229 1366
229 1410
229 345
229 1547
229 1630
229 1214
229 1230
229 570
229 1743
229 2610
229 2645
229 572
229 2771
229 1435
229 1279
229 756
229 867
229 233
229 235
229 239
229 289
229 273
229 245
229 290
229 347
229 246
229 315
229 295
229 248
229 2109
229 2094
229 2723
229 251
229 252
1331 660
1331 492
1331 845
1331 1407
831 693
831 439
831 1929
831 1716
832 375
832 505
832 506
832 508
832 1563
832 440
832 1400
832 1401
832 2158
832 1737
1189 412
1189 388
1189 373
1189 374
1189 399
1189 395
1189 410
1189 416
1189 872
1189 876
1189 909
1189 387
1189 405
1189 423
1189 425
1189 427
1189 902
1189 910
1189 912
1189 1360
1189 1577
1189 1603
1189 1902
1189 1904
1189 1191
1189 1610
1189 1219
1189 1223
1189 1226
1189 1682
1189 1230
1189 1235
1189 1684
1189 1686
1189 1254
1189 1259
1189 1263
1189 2104
1189 2729
1189 1285
1189 2097
1189 1291
1189 2044
1976 596
1976 470
1976 859
1976 1362
1674 505
1038 240
1038 251
1038 1892
1038 585
1038 2790
1675 365
1675 1545
1675 2749
551 1352
551 647
1190 310
1190 388
1190 725
1190 394
1190 401
1190 408
1190 418
1190 422
1190 909
1190 387
1190 420
1190 902
1190 910
1190 1359
1190 1360
1190 1556
1190 1577
1190 1602
1190 1192
1190 1627
1190 1206
1190 1207
1190 1209
1190 1224
1190 2041
1190 1262
1190 2128
1977 369
1039 1085
1039 372
1039 355
1039 1219
1039 1369
1039 1364
1039 385
1039 369
1039 2119
1040 373
1040 1355
1040 363
1040 385
552 237
552 256
552 1295
552 1296
552 373
552 918
552 922
552 504
552 409
552 654
552 591
552 882
552 424
552 369
552 385
552 610
552 905
552 907
552 1298
552 1426
552 1361
552 1355
552 1585
552 1958
552 2009
552 1077
552 2025
552 2211
552 2148
552 614
552 1281
552 1052
552 1054
552 2031
552 2749
552 2723
2018 251
2018 312
2018 401
2018 418
2018 872
2018 882
2018 1195
2018 1199
2018 1201
2018 1230
2018 1232
2018 1233
2018 1245
2018 1250
2018 1256
2018 1262
2018 911
2018 1285
2018 1286
2018 405
2018 568
2018 913
2018 1684
2018 2103
2018 2097
2018 2134
1191 312
1191 388
1191 390
1191 408
1191 387
1191 1299
1191 1359
1191 1556
1191 1578
1191 1224
1191 1227
1191 1254
1191 1259
1676 652
1676 374
1192 292
1192 399
1192 408
1192 409
1192 410
1192 413
1192 421
1192 909
1192 379
1192 387
1192 405
1192 425
1192 656
1192 1298
1192 1299
1192 1627
1192 1207
1192 1222
1192 1224
1192 1685
1192 1687
1192 1254
1192 1256
1192 1275
1192 1282
1192 1957
1192 1286
1192 2042
1193 596
1193 1083
1193 385
1193 387
1193 582
1193 1211
1193 1993
1193 1684
2019 251
2019 1685
2019 1787
2020 251
2020 757
2020 1288
2020 1294
2020 1870
2020 2765
720 267
720 270
720 722
720 1518
720 351
720 377
720 352
720 361
720 684
720 354
720 356
720 362
720 582
720 583
720 673
720 890
720 919
720 1081
720 1352
720 1361
553 235
553 266
553 274
553 275
553 276
553 277
553 294
553 307
553 308
553 430
553 470
553 678
1042 590
2258 1577
2258 1627
2259 1296
2259 696
2259 355
2259 1047
2259 1046
2259 2090
2259 1867
2259 1938
2259 2790
1043 1085
1043 356
1043 367
833 2158
1044 744
1044 1998
1044 2007
230 319
230 498
230 283
230 680
230 488
230 288
230 240
230 758
230 347
554 274
1045 235
1045 393
1045 593
1045 598
1045 1117
1045 1209
1045 1232
1045 1683
1045 1688
1677 555
1677 1303
1677 1418
834 848
834 1730
834 1927
1046 1296
1046 696
1046 608
1046 1047
1046 1048
1046 2790
1046 1938
1046 2857
1047 237
1047 1296
1047 696
1047 355
1047 2790
1047 1938
1047 2246
1047 1365
1047 2034
1047 2781
721 265
721 564
1678 555
1678 1103
1678 1303
1679 555
1679 605
1679 1217
1679 1303
1679 1418
1679 1568
1679 1574
1679 1540
1679 1612
1679 1906
1679 1909
1679 1948
1679 2701
1679 2170
1194 555
1194 605
1194 1103
1194 414
1194 1303
1194 1418
1194 1568
1194 1540
1194 1217
1194 2122
1194 2141
1194 2010
1194 2170
1194 1861
1195 246
1195 255
1195 303
1195 388
1195 403
1195 592
1195 677
1195 385
1195 1211
1195 1225
1195 1228
1195 1683
1195 1684
1195 2130
1195 2097
1195 2120
835 248
1048 757
1048 399
1048 1595
1048 1887
1048 1995
1048 2115
836 694
836 505
2260 652
1446 284
1446 320
1446 366
1446 1426
555 274
555 490
555 741
555 414
555 450
555 557
555 605
555 1092
555 1103
555 1114
555 1115
555 1123
555 1418
555 1568
555 1574
555 1542
555 1906
555 1948
555 1217
555 1680
722 234
722 235
722 256
722 265
722 268
722 282
722 287
722 292
722 297
722 338
722 621
722 607
722 350
722 352
722 359
722 361
722 371
722 372
722 373
722 375
722 377
722 394
722 402
722 430
722 559
722 560
722 561
722 579
722 604
722 609
722 660
722 670
722 673
722 678
722 690
722 739
722 1083
722 1122
722 1349
722 1568
722 1592
722 1630
722 1633
722 2175
722 2626
1680 671
1680 1303
1680 1418
1680 1542
2206 2721
231 274
231 307
231 380
231 277
231 279
231 486
231 429
231 487
231 397
231 399
231 401
231 491
231 478
231 683
231 882
231 294
231 923
231 232
556 274
556 373
556 374
557 274
557 414
557 671
557 1092
557 1103
557 1303
557 1418
557 1568
557 1906
557 1948
837 673
837 1874
2089 293
2089 312
2089 390
2089 401
2089 882
2089 1209
2089 914
2089 1280
2089 1284
2089 1602
2089 426
2089 916
1333 283
1333 860
1333 1829
838 694
1681 360
1978 359
232 274
232 278
232 283
232 681
232 328
232 611
232 625
232 509
232 1552
232 501
232 240
232 757
232 251
839 475
2763 2192
2763 647
2763 368
558 235
558 242
558 274
558 336
558 502
233 274
233 317
233 319
233 498
233 376
233 283
233 594
233 597
233 686
233 671
233 501
233 1297
233 238
233 240
233 246
233 295
233 2110
233 251
234 485
234 280
234 320
234 308
234 296
234 266
234 321
234 283
234 660
234 323
234 560
234 408
234 641
234 326
234 327
234 611
234 294
234 886
234 334
1897 1058
723 235
723 242
723 265
723 430
723 375
559 256
559 258
559 265
559 268
559 270
559 274
559 285
559 297
559 298
559 303
559 320
559 321
559 627
559 607
559 358
559 622
559 663
559 497
559 377
559 432
559 354
559 359
559 366
559 375
559 385
559 420
559 423
559 466
559 662
559 589
559 591
559 608
559 881
559 890
559 670
559 673
559 724
559 738
559 919
559 849
559 1585
559 1915
560 235
560 266
560 274
560 296
560 300
560 308
560 663
560 466
560 488
560 881
560 678
560 1217
1197 347
1197 490
1197 496
840 644
1198 388
1198 399
1198 393
1198 410
1198 650
1198 882
1198 387
1198 405
1198 425
1198 1336
1198 1212
1198 1225
1198 1687
1198 1261
1198 1274
1198 2128
1682 241
1682 293
1682 412
1682 402
1682 408
1682 424
1682 1204
1682 1207
1682 1249
1682 1275
1682 615
1682 1602
1682 1577
1682 1369
1682 1298
1682 1362
1682 420
1682 1578
1682 1600
1682 1683
2090 237
2090 1296
2090 673
2090 1369
2090 1938
2090 2790
1049 270
1898 2149
2091 1208
2091 1364
2091 1609
2091 2135
1199 235
1199 293
1199 310
1199 311
1199 412
1199 388
1199 399
1199 386
1199 393
1199 394
1199 398
1199 401
1199 408
1199 410
1199 421
1199 422
1199 651
1199 654
1199 593
1199 598
1199 872
1199 876
1199 882
1199 886
1199 892
1199 1097
1199 424
1199 385
1199 420
1199 425
1199 427
1199 437
1199 902
1199 1336
1199 1360
1199 1452
1199 1577
1199 1201
1199 1986
1199 1210
1199 1990
1199 1211
1199 1212
1199 1216
1199 1223
1199 1224
1199 1228
1199 1230
1199 1231
1199 1232
1199 1234
1199 1235
1199 2043
1199 1236
1199 1244
1199 1247
1199 1254
1199 1257
1199 1258
1199 1261
561 235
561 274
561 300
561 596
561 447
561 430
561 589
561 373
561 374
561 580
561 359
561 363
561 371
561 385
561 418
561 671
561 1094
561 1338
561 1366
561 870
561 1479
561 1502
561 1504
235 305
235 274
235 306
235 307
235 264
235 485
235 317
235 258
235 260
235 319
235 320
235 497
235 616
235 281
235 486
235 429
235 308
235 498
235 266
235 321
235 376
235 377
235 487
235 283
235 658
235 627
235 659
235 681
235 579
235 323
235 489
235 310
235 389
235 391
235 397
235 398
235 399
235 400
235 401
235 402
235 406
235 409
235 410
235 415
235 418
235 421
235 422
235 502
235 324
235 491
235 492
235 437
235 464
235 473
235 493
235 648
235 312
235 293
235 641
235 592
235 597
235 301
235 604
235 327
235 607
235 611
235 352
235 353
235 361
235 285
235 685
235 872
235 876
235 686
235 688
235 690
235 691
235 692
235 693
235 882
235 294
235 892
235 694
235 671
235 672
235 624
235 334
235 724
235 726
235 729
235 731
235 735
235 737
235 738
235 740
235 741
235 748
235 562
235 564
235 1085
235 1103
235 341
235 1347
235 1336
235 1452
235 1202
235 1210
235 1990
235 1216
235 1219
235 1077
235 1224
235 1226
235 1229
235 1233
235 1240
235 1243
235 2058
235 1249
235 1250
235 2059
235 1252
235 1258
235 427
235 753
235 913
235 754
235 2030
235 2817
235 1274
235 914
235 2850
235 1059
235 915
235 236
235 288
235 240
235 757
235 347
235 246
235 1284
235 2032
235 1289
235 2109
235 2110
235 2111
235 2114
235 2755
235 2837
1399 283
236 274
236 264
236 277
236 278
236 319
236 320
236 429
236 321
236 487
236 324
236 303
236 464
236 493
236 312
236 478
236 641
236 853
236 856
236 857
236 331
236 879
236 294
236 624
236 735
236 1124
236 1413
236 1410
236 2704
236 572
236 501
236 238
236 239
236 240
236 273
236 347
236 291
236 246
236 247
236 1294
236 1302
236 249
236 647
236 255
236 619
1200 1518
1200 739
1201 246
1201 311
1201 1296
1201 757
1201 395
1201 417
1201 650
1201 592
1201 593
1201 909
1201 910
1201 911
1201 913
1201 1230
1201 1683
1201 1233
1201 1234
1201 1244
1201 2062
1201 1263
1201 1275
1683 311
1683 412
1683 391
1683 402
1683 403
1683 408
1683 650
1683 654
1683 592
1683 598
1683 876
1683 882
1683 886
1683 909
1683 424
1683 1211
1683 1216
1683 1221
1683 1228
1683 1230
1683 1231
1683 1232
1683 1234
1683 1250
1683 1280
1683 1290
1683 405
1683 425
1683 1602
1683 1577
1683 1986
1683 1684
1683 2058
1683 588
1683 1360
1683 1688
1202 386
1202 393
1202 645
1202 1230
1202 2056
1202 2115
1980 366
1475 476
1981 370
1684 293
1684 311
1684 388
1684 373
1684 374
1684 386
1684 391
1684 396
1684 401
1684 402
1684 408
1684 413
1684 422
1684 648
1684 651
1684 654
1684 598
1684 876
1684 882
1684 760
1684 909
1684 424
1684 1206
1684 1224
1684 910
1684 1245
1684 1252
1684 850
1684 911
1684 1275
1684 915
1684 1290
1684 405
1684 1577
1684 423
1684 1901
1684 420
1684 426
1684 568
1684 1298
1684 1299
1684 1360
1684 1603
1684 2041
1684 2047
1684 1689
1684 2052
1684 2063
1684 1702
1684 2042
562 256
562 266
562 274
562 596
562 1296
562 622
562 354
562 363
562 365
562 373
562 374
562 377
562 385
562 394
562 397
562 398
562 406
562 415
562 420
562 504
562 662
562 589
562 610
562 872
562 760
562 890
562 673
562 677
562 678
562 1064
562 919
562 849
562 563
562 1083
562 898
562 1352
562 1373
562 1429
562 1361
562 1362
562 1355
562 1575
562 1882
562 1872
562 1885
562 1998
562 2786
562 614
562 1052
562 2036
1982 1288
1982 2126
1982 2192
1982 1368
1982 1870
2153 905
2153 1585
237 585
237 1453
237 1364
237 1273
237 1365
237 1566
237 2031
237 2032
237 2033
563 274
563 1085
563 607
563 358
563 622
563 377
563 739
563 374
563 370
563 919
563 415
563 608
563 385
563 1083
564 240
564 249
564 250
564 251
564 274
564 276
564 290
564 500
564 685
564 1338
1685 473
1685 412
1685 390
1685 393
1685 397
1685 400
1685 401
1685 402
1685 408
1685 410
1685 422
1685 908
1685 909
1685 1262
1685 914
1685 1281
1685 1577
1685 1298
1685 1627
1685 426
1685 2042
1686 293
1686 310
1686 390
1686 391
1686 394
1686 401
1686 402
1686 408
1686 410
1686 418
1686 422
1686 650
1686 651
1686 654
1686 598
1686 872
1686 882
1686 760
1686 1216
1686 1223
1686 1226
1686 1227
1686 1236
1686 1238
1686 655
1686 1250
1686 1252
1686 1254
1686 911
1686 914
1686 915
1686 656
1686 1289
1686 1452
1686 405
1686 420
1686 426
1686 912
1686 1299
1686 1577
1686 1602
1686 1603
2092 241
2092 2095
2092 2796
2093 1204
2093 1275
2093 2112
2093 2056
2093 2145
2093 2114
2093 2115
2094 251
2094 399
2094 1219
2094 610
2094 614
2094 615
2094 1365
2094 2036
2094 1052
2094 2031
2094 2030
2094 2731
2095 648
2095 651
2095 1242
2095 655
2095 1249
2095 1258
2095 2112
2095 437
2095 2169
2095 1888
2095 2145
2095 2115
2095 2825
2096 1097
2096 1238
2096 2111
2096 2118
1050 428
565 274
1687 292
1687 310
1687 312
1687 412
1687 390
1687 397
1687 400
1687 408
1687 409
1687 410
1687 413
1687 418
1687 422
1687 654
1687 909
1687 1207
1687 1222
1687 1230
1687 914
1687 1282
1687 420
1687 426
1687 645
1687 1298
1687 1360
1687 1577
1687 2042
1203 659
1203 385
1051 256
1051 581
1052 251
1052 256
1052 1085
1052 1295
1052 1296
1052 399
1052 1219
1052 1226
1052 357
1052 610
1052 614
1052 615
1052 1369
1052 1892
1052 1566
1052 1364
1052 1365
1052 2126
1052 2036
1052 2030
1052 2119
1052 2031
1052 2032
1052 2723
1052 2037
1052 2038
1053 366
1053 615
1053 1368
1053 1584
566 274
566 1085
566 412
566 430
566 355
566 1083
566 662
566 1364
566 385
566 1541
566 2211
566 2787
2097 395
2097 410
2097 909
2097 1233
2097 910
2097 1254
2097 911
2097 1275
2097 1279
2097 1280
2097 1285
2097 2104
2097 912
2098 246
2098 1233
2098 1258
2098 1261
2098 1274
2098 1336
2098 1990
2098 588
238 276
238 258
238 280
238 282
238 429
238 490
238 492
238 686
238 496
238 1297
238 240
238 248
239 264
239 573
239 240
239 295
239 247
2099 251
2099 311
2099 415
2099 1219
2099 1233
2099 911
2099 1285
2099 425
2099 2112
2099 1365
2099 2126
2099 1987
2099 2817
2857 614
2857 615
2857 2036
2857 2031
2857 2038
240 274
240 264
240 281
240 321
240 399
240 621
240 494
240 685
240 879
240 881
240 882
240 507
240 908
240 1435
240 2866
240 314
240 1059
240 915
240 288
240 289
240 245
240 246
240 1054
240 315
240 295
240 1294
240 1342
240 656
240 1290
240 251
1054 251
1054 266
1054 1085
1054 584
1054 427
1054 363
1054 2112
1054 1365
1054 369
1054 1846
567 274
567 2720
1688 311
1688 725
1688 386
1688 408
1688 650
1688 882
1688 424
1688 1211
1688 1221
1688 1228
1688 1231
1688 1233
1688 1244
1688 425
1688 1602
1688 1986
1688 2051
1688 1360
1688 2054
1688 1693
1688 2716
568 245
568 251
568 274
568 882
568 1228
568 1233
568 405
568 425
568 2052
568 2058
568 2059
568 2044
1689 412
1689 725
1689 386
1689 401
1689 1250
1689 1577
1689 2058
1689 1556
1689 426
1689 2041
1476 300
1204 243
1204 293
1204 310
1204 1518
1204 388
1204 373
1204 399
1204 394
1204 397
1204 402
1204 403
1204 408
1204 421
1204 651
1204 876
1204 1083
1204 385
1204 387
1204 405
1204 420
1204 425
1204 427
1204 655
1204 1358
1204 1360
1204 1556
1204 1577
1204 1578
1204 1872
1204 1600
1204 1627
1204 1205
1204 1210
1204 1214
1204 2009
1204 1226
1204 1238
1204 2047
1204 1701
1204 1708
1204 1274
1204 1566
1204 2118
1204 2038
1205 399
1205 648
1205 591
1205 356
1205 385
1205 1556
1205 2007
1205 1364
1205 1365
569 274
569 853
570 242
570 274
570 499
570 609
570 1410
1055 485
1055 433
1206 293
1206 310
1206 312
1206 473
1206 412
1206 725
1206 393
1206 394
1206 397
1206 401
1206 402
1206 408
1206 648
1206 650
1206 872
1206 876
1206 385
1206 387
1206 420
1206 427
1206 1577
1206 1602
1206 1603
1206 1901
1206 1627
1206 1207
1206 1210
1206 1213
1206 1215
1206 2048
1206 1256
1206 1706
1206 1271
1206 1285
571 274
2154 1277
2154 2056
2154 1585
2154 1957
1207 388
1207 399
1207 393
1207 410
1207 411
1207 648
1207 651
1207 882
1207 424
1207 385
1207 387
1207 404
1207 425
1207 427
1207 588
1207 1360
1207 1603
1207 1901
1207 1605
1207 1608
1207 1211
1207 1219
1207 1225
1207 1226
1207 2045
1207 1236
1207 1238
1207 2058
1207 1692
1207 1252
1207 1256
1207 2064
1207 2102
1207 2103
1207 1262
1207 2061
1207 1285
1208 293
1208 473
1208 1295
1208 399
1208 392
1208 395
1208 408
1208 422
1208 385
1208 387
1208 425
1208 427
1208 915
1208 1360
1208 1901
1208 1224
1208 1254
1208 1255
1208 1697
1208 1280
1208 2134
1209 412
1209 388
1209 399
1209 386
1209 393
1209 408
1209 416
1209 417
1209 419
1209 648
1209 651
1209 872
1209 909
1209 385
1209 387
1209 404
1209 405
1209 425
1209 427
1209 902
1209 1298
1209 1359
1209 1577
1209 1606
1209 1904
1209 1616
1209 1221
1209 1226
1209 1227
1209 1230
1209 1233
1209 1236
1209 1239
1209 2051
1209 2055
1209 1245
1209 1251
1209 2060
1209 1702
1209 2104
1209 1280
1209 2846
241 1249
241 2116
241 2117
241 2118
241 255
572 272
572 274
572 302
1210 268
1210 293
1210 388
1210 399
1210 386
1210 393
1210 395
1210 403
1210 410
1210 417
1210 648
1210 654
1210 592
1210 872
1210 424
1210 385
1210 426
1210 427
1210 655
1210 1359
1210 1360
1210 1556
1210 1577
1210 1872
1210 1602
1210 1989
1210 1228
1210 1233
1210 1234
1210 1247
1210 2058
1210 1249
1210 1251
1210 1259
1210 1280
1210 1957
1210 1287
1210 2796
242 274
242 264
242 258
242 279
242 321
242 487
242 283
242 323
242 445
242 349
242 493
242 641
242 645
242 594
242 301
242 602
242 604
242 329
242 353
242 685
242 686
242 879
242 294
242 746
242 1056
242 1066
242 1068
242 921
242 1109
242 1113
242 367
242 345
242 1505
242 2285
242 2679
242 1847
242 1435
242 314
242 1297
242 288
242 246
242 1341
242 2112
242 251
242 255
2809 848
2809 1730
1211 245
1211 310
1211 401
1211 402
1211 648
1211 598
1211 882
1211 886
1211 892
1211 909
1211 385
1211 425
1211 588
1211 1360
1211 1986
1211 1216
1211 1229
1211 1231
1211 1234
1211 2043
1211 1236
1211 1244
1211 1250
1211 1262
1211 1276
1211 1286
1212 386
1212 397
1212 648
1212 872
1212 424
1212 385
1212 404
1212 405
1212 423
1212 426
1212 912
1212 1360
1212 1605
1212 1989
1212 2043
1212 1251
1212 1262
724 256
724 267
724 270
724 276
724 297
724 320
724 1085
724 621
724 607
724 358
724 622
724 350
724 376
724 351
724 377
724 660
724 579
724 589
724 352
724 361
724 684
724 356
724 357
724 359
724 362
724 364
724 366
724 375
724 385
724 406
724 415
724 466
724 504
724 580
724 581
724 584
724 585
724 586
724 608
724 626
724 662
724 673
724 890
724 763
724 738
724 739
724 849
724 1427
724 1429
573 274
573 307
573 689
573 691
573 923
573 400
573 1721
573 2704
573 2039
1213 1295
1213 386
1213 408
1213 418
1213 654
1213 876
1213 385
1213 423
1213 425
1213 902
1213 1298
1213 1901
1213 1223
1213 1224
1213 1235
1213 2063
1213 2103
1214 251
1214 1085
1214 355
1214 385
1214 2007
1214 1219
1214 1364
1214 2818
1214 1365
1214 2756
725 311
725 388
725 373
725 387
725 394
725 408
725 416
725 424
725 425
725 588
725 651
725 876
725 1058
725 1556
725 1557
725 1600
725 1603
725 1626
725 1986
725 1225
725 2057
725 1690
725 1256
725 1697
725 1262
725 2804
725 1271
2765 905
2765 1369
2765 2009
2765 1997
2765 2119
1690 412
1690 388
1690 1259
1690 917
1690 1360
1215 386
1215 401
1215 402
1215 422
1215 872
1215 909
1215 385
1215 1299
1215 2041
1215 1238
1215 1254
1215 1286
1691 412
1691 909
1691 1360
1901 292
1901 293
1901 412
1901 388
1901 386
1901 393
1901 394
1901 401
1901 402
1901 408
1901 422
1901 909
1901 424
1901 1222
1901 1223
1901 1224
1901 1227
1901 1231
1901 1236
1901 1278
1901 1280
1901 1452
1901 1602
1901 437
1901 1627
1216 388
1216 373
1216 374
1216 399
1216 393
1216 403
1216 421
1216 648
1216 650
1216 592
1216 882
1216 385
1216 1233
1216 1234
1216 2054
1216 1244
1216 1693
1216 2130
1216 2716
1216 1276
1216 1279
1216 1286
1217 490
1217 741
1217 1092
1217 1103
1217 1114
1217 1115
1217 1123
1217 414
1217 450
1217 1303
1217 1418
1217 1574
1217 1906
1217 1948
1217 2122
1217 2142
1217 1264
1217 2215
1217 2170
1217 2014
1501 432
1501 1503
726 255
726 265
726 276
726 609
1692 310
1692 412
1692 391
1692 394
1692 419
1692 760
1692 1262
1692 656
1692 1602
1692 912
1693 310
1693 412
1693 391
1693 394
1693 400
1693 418
1693 650
1693 654
1693 892
1693 909
1693 1230
1693 1602
1693 1577
1693 1627
1693 420
1693 1360
1693 1603
1219 256
1219 293
1219 310
1219 311
1219 312
1219 1295
1219 1296
1219 388
1219 918
1219 386
1219 389
1219 390
1219 393
1219 394
1219 395
1219 401
1219 402
1219 408
1219 422
1219 650
1219 591
1219 872
1219 424
1219 610
1219 614
1219 615
1219 656
1219 904
1219 905
1219 911
1219 1373
1219 1403
1219 1368
1219 1428
1219 1360
1219 1585
1219 1892
1219 1996
1219 1989
1219 1993
1219 2009
1219 1247
1219 2030
1219 1566
1219 1284
1219 2033
1219 2034
1219 2035
1219 2036
1219 1286
1219 1997
1219 2037
1219 2038
727 265
727 627
727 430
727 609
727 504
727 649
727 1459
727 1461
727 1572
727 1955
727 1750
727 2571
1694 246
1694 373
1694 374
1694 1292
1694 649
1694 2106
1694 1601
1695 412
1695 397
1220 490
1056 485
2232 447
841 694
841 509
841 506
841 510
841 1400
243 391
243 392
243 399
243 403
243 405
243 409
243 882
243 909
243 1262
243 1271
243 1273
243 1282
243 2128
842 245
842 247
842 507
842 2159
1696 310
1696 373
1696 374
244 1085
728 276
574 250
574 251
574 252
574 254
574 274
574 280
574 584
574 1430
574 1721
1057 265
1057 275
1057 280
1057 298
1057 577
575 274
575 370
575 580
575 581
575 369
2100 391
2100 1097
2100 1243
2100 405
2100 425
576 264
576 274
576 329
576 686
576 445
576 923
576 1336
2702 1103
2702 1419
729 295
729 299
729 436
729 452
729 460
729 482
729 628
729 632
729 640
729 843
729 1305
1058 246
1058 279
1058 283
1058 320
1058 470
1058 620
1058 1556
1058 1480
1058 1788
843 694
843 373
843 374
843 509
843 505
843 506
843 508
843 1563
843 510
843 1400
843 452
843 440
843 1401
843 1505
843 2224
844 375
844 1367
1335 673
245 274
245 306
245 321
245 641
245 604
245 879
245 334
245 744
245 746
245 507
245 509
245 496
245 1413
245 2729
245 246
245 248
245 251
845 329
845 334
845 498
845 609
845 382
845 383
845 375
845 477
845 1099
845 1413
845 635
845 638
845 885
845 1705
246 307
246 264
246 258
246 280
246 320
246 486
246 429
246 308
246 266
246 487
246 283
246 581
246 310
246 393
246 399
246 401
246 402
246 410
246 422
246 473
246 648
246 293
246 641
246 645
246 361
246 362
246 366
246 685
246 882
246 294
246 743
246 584
246 901
246 1085
246 1097
246 1336
246 1604
246 1229
246 1233
246 910
246 1254
246 1698
246 1262
246 912
246 914
246 314
246 288
246 289
246 247
246 1294
246 248
246 656
246 1286
246 1290
246 2044
246 2177
246 251
246 253
246 255
1860 1264
1860 1303
1860 2010
247 278
247 280
247 486
247 630
247 641
247 686
247 746
247 343
247 1611
247 288
247 289
247 347
247 1294
247 1340
247 251
248 274
248 685
248 901
248 923
248 347
248 251
248 2126
248 253
248 255
248 619
577 251
577 264
577 268
577 276
577 281
577 294
577 300
577 308
577 318
577 321
577 322
577 324
577 332
577 347
577 498
577 500
577 486
577 429
577 659
577 660
577 496
577 428
577 452
577 1111
577 1306
577 762
1059 251
1059 283
1059 320
1059 347
1447 251
1447 308
1902 310
1902 312
1902 397
1902 909
1902 1234
1902 910
1902 1254
1902 914
1902 1285
1902 1602
1902 1577
1902 1359
1902 426
1984 385
847 694
847 505
847 506
847 508
847 439
847 1563
847 1505
847 1401
847 1703
847 2223
730 281
730 318
730 677
730 1617
1697 412
1697 393
1697 408
1697 651
1697 909
1697 1224
1697 655
1697 1254
1697 1255
1697 387
1697 902
1697 1577
1697 423
1697 1298
1697 1299
1697 1359
1697 1603
1697 1627
1697 2063
249 445
249 641
249 301
249 2753
1448 498
1221 388
1221 399
1221 392
1221 422
1221 648
1221 650
1221 882
1221 424
1221 425
1221 426
1221 655
1221 902
1221 1298
1221 1299
1221 1452
1221 1222
1221 1224
1221 1232
1221 1234
1221 1235
1221 2041
1221 1239
1221 1256
1221 2102
1221 1278
1222 388
1222 399
1222 393
1222 411
1222 648
1222 404
1222 425
1222 427
1222 655
1222 1605
1222 1242
1222 1245
1222 2102
1222 1698
1222 2060
250 316
250 319
250 281
250 498
250 323
250 489
250 415
250 621
250 604
250 611
250 686
250 881
250 294
250 665
250 753
250 290
251 274
251 264
251 258
251 278
251 280
251 320
251 281
251 282
251 486
251 504
251 321
251 283
251 401
251 303
251 491
251 493
251 645
251 621
251 605
251 611
251 285
251 855
251 332
251 685
251 860
251 691
251 881
251 693
251 294
251 892
251 671
251 334
251 739
251 286
251 496
251 1083
251 1085
251 1410
251 1296
251 1234
251 1239
251 1249
251 1259
251 2168
251 2210
251 1755
251 2482
251 2030
251 1279
251 614
251 314
251 1938
251 915
251 288
251 289
251 273
251 290
251 347
251 615
251 315
251 295
251 1294
251 656
251 1566
251 2031
251 2033
251 2036
251 1285
251 1288
251 1290
251 1997
251 1417
251 917
251 2156
251 2037
251 2126
251 897
251 647
1225 293
1225 310
1225 312
1225 412
1225 373
1225 399
1225 400
1225 408
1225 410
1225 882
1225 909
1225 1224
1225 387
1225 425
1225 1299
1225 1627
1225 1236
1225 2047
1225 1255
1225 1257
1225 2063
1225 1278
1225 1284
1223 399
1223 408
1223 876
1223 405
1223 655
1223 1272
1223 1285
1223 2128
1226 293
1226 310
1226 312
1226 473
1226 412
1226 388
1226 373
1226 399
1226 386
1226 389
1226 392
1226 394
1226 401
1226 402
1226 408
1226 410
1226 418
1226 422
1226 650
1226 424
1226 387
1226 425
1226 426
1226 852
1226 902
1226 911
1226 912
1226 915
1226 1298
1226 1360
1226 1577
1226 1602
1226 1603
1226 1610
1226 1227
1226 1230
1226 1233
1226 1234
1226 1243
1226 1247
1226 1259
1226 2103
1226 1262
1226 1271
1226 1275
1226 1278
1226 1280
1226 1284
1226 1285
1226 1286
1226 1289
1226 2118
1224 311
1224 473
1224 399
1224 393
1224 395
1224 408
1224 417
1224 876
1224 909
1224 387
1224 405
1224 423
1224 427
1224 902
1224 1298
1224 1986
1224 1228
1224 1233
1224 1234
1224 1238
1224 1242
1224 2053
1224 2062
1224 1255
1224 2063
1224 2131
1224 2060
1224 1286
252 2210
252 288
252 290
1227 676
1227 399
1227 386
1227 395
1227 419
1227 648
1227 654
1227 387
1227 425
1227 427
1227 914
1227 1238
1227 1259
1227 2830
1227 2061
1227 1288
1227 2111
1227 1291
253 321
253 487
253 294
253 496
253 1743
253 288
253 291
253 295
253 1340
253 254
253 619
1228 311
1228 399
1228 648
1228 650
1228 592
1228 593
1228 876
1228 882
1228 424
1228 387
1228 425
1228 427
1228 1366
1228 1600
1228 1602
1228 1230
1228 1231
1228 1234
1228 1242
1228 1243
1228 2052
1228 1274
1228 1276
1228 1280
1228 1286
1228 1290
1228 2101
1938 1296
1938 366
1938 1987
1938 2155
1938 2211
1938 2736
1938 2246
1985 385
254 258
254 321
254 324
254 881
254 496
254 314
254 288
254 289
254 1294
254 647
254 619
2101 1233
2101 1274
2101 1990
1229 392
1229 393
1229 416
1229 648
1229 882
1229 405
1229 913
1229 1986
1229 1233
1229 2049
1229 1244
1229 2059
1229 1698
1229 2132
1229 1702
1229 2136
1229 1269
1229 2135
1229 1285
1229 1290
849 256
849 266
849 358
849 622
849 1518
849 430
849 376
849 377
849 589
849 361
849 684
849 738
849 739
849 919
849 375
849 580
849 415
849 371
849 362
849 673
849 670
849 354
849 359
849 363
849 385
849 406
849 626
849 649
849 1366
849 1337
849 1427
849 1584
849 1844
849 1849
1230 388
1230 399
1230 403
1230 648
1230 882
1230 909
1230 427
1230 588
1230 655
1230 910
1230 1298
1230 1360
1230 1231
1230 1233
1230 2050
1230 1250
1230 1275
1230 1283
1230 2112
1230 2757
1231 311
1231 412
1231 388
1231 393
1231 403
1231 408
1231 419
1231 421
1231 648
1231 650
1231 651
1231 654
1231 592
1231 886
1231 424
1231 425
1231 588
1231 1360
1231 1242
1231 2051
1231 2052
1231 2058
1231 1250
1231 1698
1231 2132
1231 1269
1231 1276
1231 2120
1232 311
1232 388
1232 399
1232 403
1232 648
1232 650
1232 592
1232 598
1232 882
1232 427
1232 911
1232 1360
1232 1604
1232 1608
1232 1986
1232 1233
1232 1234
1232 2054
1232 2129
1232 1261
1232 2136
1232 2135
1232 1276
848 462
848 474
848 1598
848 1946
848 1730
848 2249
848 2772
1233 293
1233 310
1233 311
1233 386
1233 389
1233 393
1233 409
1233 648
1233 654
1233 592
1233 593
1233 876
1233 882
1233 760
1233 892
1233 425
1233 426
1233 427
1233 437
1233 913
1233 914
1233 915
1233 916
1233 1077
1233 1336
1233 1556
1233 1602
1233 1604
1233 1986
1233 1989
1233 1990
1233 1234
1233 1244
1233 1258
1233 1261
1233 1263
1233 1268
1233 1269
1233 1274
1233 1276
1233 1279
1233 1280
1233 1281
1233 1282
1233 1284
1233 1290
731 652
255 274
255 264
255 320
255 498
255 324
255 303
255 621
255 860
255 881
255 1105
255 1249
255 1279
255 288
255 289
255 347
255 295
255 1294
255 2126
255 647
578 364
1540 1303
1540 1418
1540 1541
1540 1906
1540 1612
1540 1948
1540 2141
1540 2010
1540 2170
850 387
850 2064
850 1262
850 911
850 1702
850 1291
1234 311
1234 749
1234 399
1234 386
1234 392
1234 402
1234 403
1234 408
1234 421
1234 648
1234 651
1234 882
1234 886
1234 909
1234 404
1234 405
1234 425
1234 426
1234 587
1234 588
1234 914
1234 1299
1234 1603
1234 1986
1234 1239
1234 1242
1234 1243
1234 1244
1234 1248
1234 2102
1234 2060
1234 2128
1903 876
1903 1235
1903 902
1903 1577
1903 1616
1903 1578
1235 399
1235 403
1235 408
1235 902
1235 910
1235 1239
1235 2052
1235 1251
1235 2135
1235 1276
1235 1285
1541 741
1541 605
1541 1103
1541 414
1541 1303
1541 1418
1541 1543
1541 1612
1541 2122
1541 2141
1541 2010
1541 2701
256 375
256 351
256 377
256 579
256 581
256 385
256 379
256 399
256 297
256 418
256 420
256 502
256 270
256 293
256 596
256 607
256 353
256 354
256 356
256 358
256 359
256 363
256 364
256 366
256 622
256 684
256 872
256 690
256 763
256 738
256 584
256 918
256 919
256 1085
256 1357
256 1358
256 1359
256 1360
256 1361
256 1362
256 1363
256 1364
256 1365
1236 311
1236 676
1236 399
1236 393
1236 408
1236 419
1236 421
1236 405
1236 425
1236 427
1236 2102
1236 1702
1236 1285
1236 1286
1236 1287
733 282
733 284
733 487
733 692
733 637
579 268
579 270
579 283
579 333
579 621
579 607
579 358
579 622
579 351
579 377
579 353
579 354
579 356
579 359
579 361
579 364
579 366
579 382
579 383
579 581
579 589
579 684
579 673
579 738
579 739
579 919
579 585
579 586
579 1105
579 1426
579 1357
579 1358
579 1361
579 1362
579 1355
579 895
1542 741
1542 1092
1542 1115
1542 1264
1542 1303
1542 1568
1542 1612
1542 1700
1542 2142
580 1085
580 607
580 358
580 622
580 430
580 589
580 739
580 919
580 375
580 357
580 359
580 363
580 368
580 406
580 424
580 662
580 670
580 673
580 584
580 585
580 586
580 1083
580 1357
580 1361
580 1601
1237 293
1237 390
1237 392
1237 394
1237 401
1237 872
1237 915
1237 917
2102 292
2102 293
2102 473
2102 392
2102 394
2102 400
2102 408
2102 413
2102 909
2102 655
2102 1254
2102 1255
2102 1262
2102 911
2102 1278
2102 914
2102 610
2102 614
2102 2104
2102 2036
2102 912
2102 1360
2102 426
1543 2141
1543 2010
581 260
581 270
581 338
581 1085
581 350
581 351
581 352
581 353
581 370
581 584
581 586
581 367
581 368
581 369
581 379
581 385
581 582
581 585
1238 292
1238 312
1238 473
1238 412
1238 399
1238 390
1238 391
1238 394
1238 401
1238 402
1238 408
1238 410
1238 648
1238 760
1238 909
1238 385
1238 387
1238 405
1238 420
1238 423
1238 425
1238 427
1238 653
1238 914
1238 1298
1238 1299
1238 1360
1238 1452
1238 1556
1238 1577
1238 1602
1238 1603
1238 1627
1238 2057
1238 2059
1238 2061
1238 2128
1698 312
1698 473
1698 412
1698 373
1698 374
1698 402
1698 651
1698 654
1698 872
1698 424
1698 1602
1698 902
1698 1577
1698 420
1698 1610
1544 375
2103 293
2103 392
2103 408
2103 410
2103 422
2103 648
2103 909
2103 1258
2103 1262
2103 911
2103 1278
2103 1280
2103 915
2103 656
2103 1284
2103 1290
2103 902
2103 426
2103 912
2103 1298
2021 921
1239 399
1239 386
1239 390
1239 397
1239 401
1239 651
1239 424
1239 902
1239 911
1239 913
1239 914
1239 1298
1239 1359
1239 1360
1239 1355
1239 2124
1239 1268
1239 2834
1239 1285
1239 1291
1239 2846
2207 447
1545 375
1545 415
1545 385
1546 373
1546 375
1240 310
1240 412
1240 390
1240 393
1240 654
1240 908
1240 426
1240 1360
1240 2041
1240 1254
1547 589
1547 375
1547 662
258 380
258 318
258 276
258 265
258 617
258 486
258 502
258 284
258 269
258 301
258 496
258 342
258 314
1241 293
1241 310
1241 412
1241 386
1241 400
1241 402
1241 408
1241 422
1241 909
1241 424
1241 387
1241 910
1241 1577
1241 1578
582 270
582 596
582 1085
582 1296
582 607
582 358
582 622
582 1518
582 350
582 351
582 377
582 372
582 353
582 361
582 739
582 673
582 584
582 359
582 365
582 385
582 379
582 890
582 1465
1336 285
1336 393
1336 421
1336 1258
1336 1261
1336 1274
1336 588
1336 1604
1336 1990
259 375
259 675
259 1370
259 1371
259 295
1242 293
1242 311
1242 473
1242 412
1242 388
1242 386
1242 392
1242 393
1242 394
1242 400
1242 401
1242 402
1242 408
1242 648
1242 872
1242 909
1242 387
1242 420
1242 423
1242 915
1242 1299
1242 1360
1242 1556
1242 1577
1242 1602
1242 1603
1242 1627
1242 2043
1242 2062
1242 1280
2104 399
2104 392
2104 408
2104 413
2104 650
2104 910
2104 1256
2104 1275
2104 1285
2104 1627
260 276
260 350
260 377
260 385
260 379
260 662
260 591
260 607
260 352
260 353
260 358
260 359
260 361
260 362
260 363
260 364
260 739
260 583
260 919
260 586
260 1085
260 368
260 369
260 370
1986 388
1986 386
1986 403
1986 650
1986 872
1986 655
1986 1244
1986 1269
1986 1290
1986 425
1986 385
1986 426
1986 2052
1986 2716
1986 2135
2105 1296
2105 922
2105 392
2105 397
2105 401
2105 1097
2105 655
2105 915
2105 2032
2105 2766
1904 412
1904 386
1904 390
1904 393
1904 410
1904 872
1904 1254
1904 1280
1904 656
1904 1285
1904 1289
1904 1298
1904 1360
584 502
584 607
584 622
584 351
584 352
584 690
584 370
584 415
584 591
584 362
584 366
584 673
584 357
584 364
584 367
584 368
584 379
584 385
584 583
584 890
584 585
584 586
584 1924
584 1993
583 1085
583 738
583 370
583 504
583 362
583 356
583 354
583 2191
583 385
583 368
583 369
583 585
583 1584
583 1866
583 2743
261 430
261 1374
585 1085
585 350
585 352
585 739
585 370
585 504
585 586
585 357
585 359
585 356
585 1566
585 379
585 368
585 369
585 2030
585 2002
585 2033
585 2035
586 1085
586 607
586 376
586 589
586 353
586 690
586 739
586 373
586 919
586 415
586 608
586 763
586 673
586 677
586 354
586 356
586 379
586 385
586 406
586 890
586 626
586 1429
586 2011
1243 386
1243 391
1243 394
1243 398
1243 400
1243 402
1243 410
1243 418
1243 876
1243 882
1243 760
1243 426
1243 655
1243 910
1243 911
1243 912
1243 915
1243 916
1243 1250
1243 1254
1243 1257
1243 1262
1243 1282
1243 1286
851 1414
2208 621
2208 758
1060 627
1060 434
1060 456
1060 461
1060 465
1060 466
1060 444
1548 375
587 671
1987 918
1987 654
1987 1429
1987 1872
1987 385
1987 1882
1987 1554
1987 1996
1062 487
1062 499
1062 478
1062 687
1062 857
1062 1112
1062 1489
1062 1787
1905 1359
1905 1599
263 1091
1549 375
2828 1566
2828 1997
2828 1365
2828 2037
1988 1117
1988 385
1988 2774
264 274
264 277
264 278
264 279
264 319
264 320
264 265
264 281
264 486
264 429
264 308
264 487
264 324
264 491
264 499
264 268
264 447
264 464
264 637
264 853
264 854
264 855
264 856
264 330
264 682
264 857
264 331
264 683
264 382
264 858
264 294
264 859
264 383
264 288
264 347
264 647
265 277
265 428
265 281
265 308
265 375
265 430
265 376
265 487
265 384
265 432
265 488
265 659
265 323
265 371
265 492
265 443
265 466
265 470
265 662
265 493
265 652
265 326
265 590
265 301
265 602
265 327
265 608
265 609
265 329
265 611
265 361
265 663
265 879
265 881
265 868
265 695
265 899
265 664
265 670
265 495
265 674
265 737
265 740
265 741
265 743
265 746
265 1068
265 1070
265 1086
265 1095
265 1100
265 1101
265 1374
265 613
265 1458
265 1459
265 1460
265 1461
265 1462
265 870
265 1463
265 1454
265 1464
265 1465
265 753
265 1466
1244 399
1244 386
1244 401
1244 402
1244 592
1244 593
1244 882
1244 1602
1244 1989
1244 1254
1244 1261
1244 2130
1244 2132
1244 1276
1244 1279
266 305
266 274
266 306
266 485
266 318
266 277
266 279
266 280
266 320
266 497
266 429
266 296
266 503
266 498
266 430
266 321
266 351
266 283
266 659
266 660
266 489
266 310
266 502
266 324
266 303
266 433
266 284
266 268
266 269
266 434
266 447
266 455
266 349
266 637
266 621
266 300
266 594
266 596
266 601
266 602
266 609
266 329
266 330
266 500
266 874
266 333
266 690
266 294
266 886
266 868
266 899
266 698
266 334
266 336
266 744
266 864
266 866
266 509
266 626
266 1081
266 1082
266 1083
266 1094
266 1107
266 341
266 1421
266 1356
1989 399
1989 648
1989 872
1989 425
1989 2058
1989 385
1989 1702
1989 2128
1245 303
1245 312
1245 386
1245 397
1245 408
1245 422
1245 650
1245 872
1245 909
1245 911
1245 1299
1245 1602
1245 1603
1245 1610
1245 2041
1245 1254
267 497
267 350
267 385
267 599
267 604
267 622
267 663
267 890
267 763
267 696
267 899
267 1083
267 613
267 1306
267 1892
267 1593
1550 373
1550 375
1550 442
268 318
268 320
268 486
268 296
268 503
268 323
268 270
268 327
268 354
268 285
268 330
268 382
268 622
268 890
268 1066
268 1876
268 383
1700 373
1700 671
1700 1103
1700 414
1700 1303
1700 1418
1700 1906
1700 2141
2712 326
1246 278
1246 386
1246 401
1246 648
1246 909
1246 424
1246 426
1246 911
1246 1077
1246 1247
269 276
269 282
269 283
269 659
269 323
269 303
269 602
269 329
269 500
269 294
269 334
269 336
269 744
269 1304
1247 393
1247 648
1247 910
1247 405
1247 427
1247 1605
1247 2058
1247 1269
1247 1286
1701 293
1701 1295
1701 408
1701 422
1701 914
1701 1284
1701 1577
1701 916
1701 1299
1701 2717
1861 1303
1861 1715
1248 311
1248 401
1248 648
1248 425
1248 1287
852 410
852 417
852 650
852 910
852 1262
852 911
852 1275
852 914
852 426
852 902
852 1721
852 912
852 1292
1249 303
1249 393
1249 395
1249 648
1249 655
1249 404
1249 656
1249 1910
1249 2057
1249 2796
1249 2116
270 350
270 351
270 377
270 379
270 607
270 608
270 352
270 353
270 354
270 355
270 356
270 357
270 358
270 364
270 622
270 690
270 763
270 738
270 739
270 919
270 1085
270 367
270 1296
270 427
270 368
1551 375
1551 1374
2106 395
2106 1285
2106 2009
271 303
2108 1892
2108 2112
2108 1605
2108 1942
2108 2754
2108 1416
2108 2109
2108 2110
2108 2114
2108 2755
2108 2837
2108 2820
2108 2777
853 346
853 499
853 666
853 1629
272 429
272 303
272 331
272 688
272 694
272 286
273 274
273 486
273 498
273 881
273 496
273 923
273 867
273 314
273 1294
273 2039
1990 311
1990 399
1990 392
1990 403
1990 421
1990 1254
1990 1258
1990 1261
1990 1274
1990 1276
1990 425
1990 385
1990 588
1990 1360
1990 2147
1990 2113
588 311
588 386
588 390
588 402
588 403
588 654
588 592
588 598
588 872
588 882
588 909
588 1254
588 1258
588 1276
588 1299
588 1600
1552 375
274 317
274 318
274 278
274 320
274 497
274 350
274 503
274 498
274 283
274 323
274 489
274 490
274 324
274 303
274 328
274 352
274 334
274 496
274 345
274 289
275 485
275 317
275 276
275 280
275 320
275 282
275 486
275 322
275 309
275 659
275 323
275 303
275 491
275 621
275 382
275 294
275 620
275 337
275 383
276 485
276 317
276 278
276 319
276 280
276 320
276 486
276 429
276 350
276 296
276 322
276 309
276 283
276 490
276 478
276 597
276 607
276 285
276 330
276 685
276 686
276 688
276 879
276 693
276 696
276 672
276 624
276 334
276 740
276 748
276 749
276 1124
276 343
276 753
276 314
276 288
276 1341
276 1342
276 1283
277 485
277 320
277 497
277 617
277 321
277 487
277 283
277 660
277 323
277 490
277 398
277 433
277 284
277 637
277 604
277 609
277 382
277 294
277 1069
277 340
277 1403
277 1404
277 1405
277 1406
277 1407
277 1408
277 1409
277 383
277 762
278 307
278 485
278 320
278 308
278 326
278 683
278 332
278 686
278 294
278 334
278 744
278 286
278 496
278 1337
278 1414
278 314
278 288
278 1341
278 619
279 306
279 296
279 375
279 488
279 452
279 478
279 596
279 691
279 624
279 1421
280 318
280 319
280 281
280 296
280 322
280 283
280 323
280 327
280 332
280 294
280 339
280 340
280 341
281 318
281 320
281 497
281 282
281 432
281 489
281 284
281 447
281 466
281 652
281 596
281 609
281 285
281 382
281 878
281 881
281 884
281 495
281 893
281 1082
281 921
281 1122
281 341
281 501
281 383
281 290
282 318
282 503
282 659
282 660
282 323
282 502
282 303
282 325
282 602
282 608
282 1072
282 1486
283 316
283 320
283 296
283 503
283 498
283 309
283 487
283 659
283 660
283 323
283 490
283 502
283 858
283 696
283 672
283 496
283 344
283 1478
283 501
283 373
283 374
283 314
283 288
283 347
283 1893
283 619
1250 393
1250 882
1250 909
1250 910
1250 425
1250 427
1250 911
1250 1608
1250 2055
1250 2058
1250 1254
1250 1255
1250 1268
284 318
284 497
284 429
284 503
284 498
284 322
284 659
284 323
284 502
284 592
284 329
284 339
284 501
285 317
285 318
285 319
285 498
285 430
285 502
285 470
285 652
285 594
285 596
285 597
285 602
285 663
285 670
285 678
285 334
285 1124
285 1338
589 297
589 622
589 430
589 376
589 377
589 354
589 355
589 357
589 359
589 361
589 375
589 379
589 385
589 415
589 420
589 662
589 637
589 890
589 670
589 673
589 738
589 1083
589 1373
589 1359
589 1617
589 2440
589 1844
589 1846
589 2713
589 2714
286 432
286 303
286 609
286 763
286 744
286 1413
286 1478
286 373
286 295
1991 385
1702 412
1702 389
1702 391
1702 392
1702 393
1702 408
1702 422
1702 648
1702 654
1702 882
1702 886
1702 760
1702 909
1702 655
1702 910
1702 1251
1702 1262
1702 911
1702 1280
1702 915
1702 902
1702 1577
1702 420
1702 1360
1702 426
1702 2043
287 489
287 631
287 881
287 334
287 1083
287 1798
288 320
288 486
288 429
288 308
288 611
288 338
288 923
288 501
288 347
288 647
289 319
289 308
289 611
289 496
289 1478
289 290
289 347
289 619
290 316
290 319
290 498
290 489
290 415
290 686
290 881
290 294
290 496
290 2338
1251 412
1251 397
1251 402
1251 1254
1862 1303
292 304
292 377
292 385
292 388
292 389
292 392
292 393
292 399
292 400
292 403
292 405
292 406
292 409
292 410
292 411
292 418
292 421
292 876
292 427
292 915
292 656
737 300
737 375
737 465
737 469
1252 1518
1252 373
1252 374
1252 399
1252 393
1252 395
1252 400
1252 422
1252 405
1252 1299
1252 2059
1252 1285
1254 311
1254 388
1254 676
1254 399
1254 918
1254 395
1254 397
1254 408
1254 411
1254 417
1254 651
1254 909
1254 405
1254 425
1254 427
1254 902
1254 1892
1254 2051
1254 2053
1254 1256
1254 2064
1254 2131
1254 1269
1254 2193
1254 1280
1254 1957
1254 1285
1254 1286
1254 2128
1254 2111
1254 2044
1254 2120
1254 2134
1254 2113
1992 385
2813 1850
2813 2843
2813 2844
1906 741
1906 1092
1906 1103
1906 1114
1906 1115
1906 1123
1906 414
1906 1303
1906 1568
1906 1574
1906 1715
1906 2013
1906 2170
1906 2838
1906 2851
1553 375
1553 1560
590 318
590 490
590 375
590 389
590 408
590 409
590 418
590 2597
590 1286
1554 375
1554 1557
1554 1911
1554 1912
1554 1996
591 1085
591 430
591 352
591 739
591 399
591 393
591 354
591 359
591 362
591 369
591 385
591 608
591 1429
591 1575
591 2011
591 2056
591 2715
591 1365
592 311
592 388
592 393
592 402
592 403
592 408
592 648
592 650
592 654
592 385
592 387
592 420
592 424
592 425
592 593
592 882
592 1577
592 1602
592 2054
592 2716
592 2135
592 1279
592 1285
592 2717
593 497
593 503
593 659
593 388
593 403
593 648
593 650
593 2054
593 2129
593 2130
593 1269
593 2716
1064 375
1064 649
1064 1945
2817 1566
2817 2031
2817 2774
293 385
293 388
293 310
293 389
293 392
293 393
293 399
293 400
293 402
293 404
293 405
293 411
293 412
293 416
293 420
293 421
293 311
293 648
293 312
293 651
293 653
293 876
293 882
293 676
293 1097
293 909
293 1360
293 424
293 425
293 1577
293 1892
293 1605
293 1606
293 2047
293 2049
293 2052
293 655
293 2055
293 2058
293 427
293 1262
293 912
293 1364
293 914
293 373
293 1281
293 656
293 1284
293 1285
293 1286
293 2111
293 2120
293 2118
294 316
294 497
294 616
294 308
294 296
294 323
294 324
294 493
294 641
294 601
294 611
294 382
294 691
294 885
294 893
294 1066
294 1083
294 1099
294 751
294 753
294 383
294 347
294 906
1863 373
1863 374
1400 454
1400 457
1400 630
1400 477
1400 480
1400 476
1400 635
1400 638
1400 643
1400 1922
1400 2815
295 305
295 319
295 486
295 630
295 302
295 694
295 923
295 484
295 1721
295 315
295 1995
296 306
296 316
296 485
296 320
296 308
296 659
296 660
296 385
296 323
296 399
296 408
296 502
296 631
296 326
296 604
296 327
296 611
296 886
296 334
296 918
296 1092
296 425
296 501
1337 1995
297 304
297 430
297 385
297 394
297 400
297 402
297 406
297 407
297 412
297 414
297 418
297 420
297 371
297 662
297 312
297 358
297 359
297 622
297 763
297 670
297 1083
297 1360
297 424
297 1577
1255 310
1255 399
1255 395
1255 655
1255 387
1255 425
1255 427
1255 1298
1255 2131
1255 2134
298 305
298 316
298 485
298 498
298 430
298 659
298 502
298 492
298 466
298 470
298 621
298 300
298 595
298 609
298 663
298 495
298 677
298 678
1256 310
1256 391
1256 392
1256 394
1256 410
1256 876
1256 886
1256 909
1256 910
1256 426
1256 614
1256 615
1256 656
1256 911
1256 914
1256 915
1256 1360
1256 1556
1256 1603
1256 2043
1256 1262
1256 1272
1256 1275
1256 1278
1256 1280
1256 2036
1256 1286
1256 2044
1257 676
1257 399
1257 392
1257 401
1257 402
1257 405
1257 425
1257 427
1257 912
1257 914
1257 2052
1257 2064
1257 2132
1257 1273
1257 1285
1257 2042
1257 2128
299 306
299 505
299 506
299 509
299 510
299 1950
300 429
300 308
300 498
300 375
300 430
300 384
300 488
300 660
300 502
300 445
300 466
300 470
300 662
300 668
300 670
300 677
300 893
300 2633
300 347
1555 694
1555 509
1555 375
1555 505
1555 463
1555 508
1555 440
1555 1401
1555 1562
1555 1563
301 318
301 320
301 497
301 429
301 498
301 321
301 637
301 597
301 868
301 893
1258 399
1258 403
1258 410
1258 421
1258 648
1258 650
1258 882
1258 425
1258 427
1258 1604
1258 2048
1258 2051
1258 2052
1258 1261
1258 2130
1258 1274
1258 2147
1258 2113
1993 1296
1993 427
1993 385
1993 2056
1993 369
1993 2007
1993 2769
302 385
302 392
302 596
302 359
302 1085
302 1596
302 2003
302 757
302 369
1401 482
1401 457
1401 460
1401 461
1401 630
1401 480
1401 483
1401 628
1401 476
1401 636
1401 1919
1401 451
1401 635
1401 481
1401 484
1401 642
1401 643
1401 1920
1401 1921
1066 341
1066 347
1066 373
1066 385
1066 1580
594 487
595 621
595 860
1556 311
1556 1085
1556 412
1556 430
1556 388
1556 399
1556 375
1556 386
1556 393
1556 396
1556 408
1556 648
1556 651
1556 872
1556 876
1556 1089
1556 424
1556 655
1556 427
1556 425
1556 1602
1556 423
1556 1885
1556 1603
1556 2048
2376 1089
596 318
596 333
596 502
596 361
596 373
596 374
596 377
596 430
596 432
596 470
596 492
596 498
596 617
596 608
596 2003
596 655
596 757
1557 375
1557 359
1557 425
1557 1872
1557 2009
1557 385
1557 1362
1557 653
1557 1575
738 1085
738 607
738 358
738 376
738 351
738 352
738 353
738 361
738 359
738 366
738 385
738 415
738 504
738 608
738 662
738 673
738 739
738 919
738 1883
738 2788
738 755
738 2805
597 382
597 383
598 399
598 403
598 648
598 385
598 882
598 1604
598 2058
598 1269
598 1276
1450 497
1450 482
1450 506
1450 477
1450 483
1450 628
1450 2190
1450 440
1450 451
1450 635
1450 1922
1450 2160
1067 375
1451 497
1451 373
1452 497
1452 503
1452 388
1452 399
1452 393
1452 417
1452 427
1452 387
1452 405
1452 425
1452 913
1452 1602
303 432
303 627
303 489
303 310
303 396
303 399
303 662
303 382
303 872
303 874
303 333
303 879
303 881
303 884
303 495
303 1099
303 341
303 1404
303 1459
303 1356
303 1559
303 1572
303 1588
303 1602
303 1632
303 1633
303 911
303 1272
303 373
303 374
303 383
2157 463
2157 469
2157 480
2157 628
599 1085
599 358
599 385
1558 430
1558 375
600 2112
304 384
304 385
304 386
304 387
304 388
304 310
304 389
304 390
304 391
304 392
304 393
304 394
304 395
304 396
304 397
304 398
304 399
304 400
304 401
304 402
304 403
304 404
304 405
304 406
304 407
304 408
304 409
304 410
304 411
304 412
304 413
304 414
304 415
304 416
304 417
304 418
304 419
304 420
304 421
304 422
304 423
304 424
304 425
304 426
304 427
304 373
305 307
305 428
305 429
305 430
305 431
305 432
305 433
305 434
305 435
305 436
305 437
305 438
305 439
305 440
305 441
305 442
305 443
305 444
305 445
305 446
305 447
305 448
305 449
305 450
305 451
305 452
305 453
305 454
305 455
305 456
305 457
305 458
305 459
305 460
305 461
305 462
305 463
305 464
305 465
305 466
305 467
305 468
305 469
305 470
305 471
305 472
305 473
305 474
305 475
305 476
305 477
305 478
305 479
305 480
305 481
305 482
305 483
305 484
601 499
601 609
601 382
601 383
1259 676
1259 392
1259 408
1259 655
1259 405
1259 425
1259 427
1259 2049
1259 2132
1259 2061
1259 1285
1259 2128
602 321
602 899
602 365
602 1634
2158 628
2158 1919
1559 373
1559 375
1559 1068
604 323
604 621
604 497
306 318
306 486
306 431
306 627
306 491
306 628
306 433
306 499
306 434
306 436
306 440
306 443
306 444
306 448
306 449
306 451
306 454
306 457
306 458
306 460
306 461
306 463
306 464
306 466
306 467
306 472
306 629
306 630
306 631
306 632
306 477
306 633
306 634
306 635
306 636
306 637
306 638
306 478
306 479
306 480
306 639
306 640
306 641
306 642
306 643
306 644
306 481
306 482
306 645
306 483
306 314
306 646
306 647
1477 333
1260 403
1261 403
1261 405
1261 1604
1261 2048
1261 1274
1453 2168
307 485
307 318
307 320
307 497
307 498
307 375
307 431
307 384
307 680
307 658
307 432
307 488
307 627
307 505
307 506
307 659
307 660
307 681
307 490
307 624
307 509
307 347
2425 1885
1560 445
1560 375
1560 348
1561 373
1561 375
1561 1562
308 485
308 380
308 320
308 497
308 616
308 486
308 498
308 321
308 432
308 490
308 324
308 491
308 492
308 447
308 460
308 493
308 327
308 609
308 686
308 687
308 868
308 673
308 1111
308 1306
308 753
308 347
1562 375
1562 454
1562 461
1562 628
1562 439
1562 459
1562 1717
739 607
739 358
739 1518
739 376
739 351
739 432
739 492
739 361
739 687
739 690
739 354
739 359
739 362
739 365
739 375
739 385
739 406
739 415
739 455
739 470
739 608
739 662
739 673
739 890
739 763
739 919
739 1083
739 1362
739 1354
739 1570
739 1575
739 1881
739 2743
739 755
605 741
605 414
605 1115
605 1303
605 1418
605 1568
605 1574
605 1612
605 1948
605 2122
605 2141
605 1715
605 2215
1454 627
1454 470
740 497
1262 399
1262 393
1262 408
1262 876
1262 1097
1262 909
1262 655
1262 910
1262 387
1262 657
1262 914
1262 2049
1262 2052
1262 2064
1262 2131
1262 2060
1262 1268
1262 2134
1262 2118
1479 1352
1703 628
1703 439
1703 1919
1850 1303
1850 2843
1850 2844
2867 1294
2867 2820
2444 609
1069 498
1069 503
1263 386
1263 417
1263 648
1263 872
1263 910
1263 911
1263 425
1263 656
1263 1275
1263 2729
1263 1285
1704 464
1563 375
1563 454
1563 457
1563 460
1563 630
1563 480
1563 628
1563 476
1563 632
1563 636
1563 451
1563 635
1563 643
1563 1919
1563 1922
2185 1353
1564 375
2455 330
1565 375
2233 879
2233 448
2233 2242
2246 1078
2704 481
2159 628
1264 414
1264 1303
1264 1418
1264 1612
1264 2122
1264 2010
1264 2839
2160 477
2160 628
2160 451
606 362
1706 412
741 414
741 671
741 1103
741 1303
741 1418
741 1568
741 1948
741 2701
741 1843
1403 1085
1403 757
1403 355
1403 1364
1403 1365
1403 2191
1403 2007
1403 2124
1403 2030
607 1085
607 351
607 352
607 354
607 356
607 358
607 359
607 361
607 364
607 366
607 376
607 377
607 406
607 465
607 660
607 662
607 608
607 622
607 673
607 678
607 919
607 1362
2109 393
2109 2112
2109 2754
2109 2114
2109 2776
2109 2777
1995 757
1995 1291
1995 387
1995 2116
1995 1869
1995 1887
1995 2115
1707 412
1707 1610
2858 2843
1996 1428
1996 1911
1996 1912
1996 2831
1996 2169
608 358
608 663
608 376
608 492
608 353
608 684
608 691
608 919
608 431
608 415
608 354
608 355
608 356
608 359
608 366
608 385
608 424
608 637
608 890
608 763
608 673
608 1482
608 2011
609 323
609 641
609 617
609 627
609 447
609 499
609 485
609 616
609 430
609 396
609 415
609 445
609 456
609 466
609 495
609 653
609 637
609 878
609 881
609 868
609 667
609 670
609 677
609 678
609 921
609 1086
609 1366
609 1409
609 1484
609 1354
609 1489
609 1508
609 1712
609 1267
609 1848
2705 1414
2705 623
2705 901
2513 1721
309 498
309 430
309 393
309 416
309 470
309 662
309 876
309 746
309 1072
310 375
310 385
310 387
310 388
310 392
310 393
310 395
310 397
310 399
310 402
310 404
310 405
310 408
310 410
310 411
310 412
310 416
310 417
310 419
310 420
310 421
310 473
310 648
310 649
310 650
310 651
310 872
310 876
310 676
310 909
310 1360
310 424
310 425
310 1577
310 1578
310 1603
310 2048
310 2052
310 655
310 427
310 1285
2110 393
2110 2116
2110 1888
2110 1957
2110 2776
311 385
311 386
311 388
311 393
311 399
311 402
311 404
311 408
311 417
311 422
311 648
311 650
311 651
311 654
311 423
311 872
311 886
311 892
311 1360
311 424
311 1598
311 1603
311 2041
311 426
311 2052
311 2058
311 427
311 2132
311 1269
312 430
312 388
312 392
312 393
312 395
312 399
312 400
312 404
312 405
312 411
312 416
312 417
312 473
312 648
312 651
312 872
312 882
312 1374
312 1460
312 425
312 1578
312 2052
312 2058
312 427
312 2132
312 1285
1267 373
743 367
743 1459
2162 365
610 1085
610 352
610 353
610 399
610 385
610 1426
610 1428
610 1882
610 2007
610 2731
610 2732
610 614
610 615
610 1365
1071 503
858 320
858 433
313 2112
313 2778
611 314
611 320
611 324
611 332
611 621
611 881
611 888
611 1340
611 2697
611 647
314 428
314 680
314 478
314 328
314 332
314 1458
314 501
314 347
314 370
314 1300
315 319
315 1342
2527 1094
1997 361
1997 1288
1997 369
1997 1365
1997 2819
1997 2126
316 320
316 333
612 414
612 2651
317 486
317 429
317 491
317 481
317 883
317 904
318 320
318 497
318 428
318 429
318 322
318 659
318 489
318 499
318 445
318 349
318 652
318 329
318 330
318 683
318 878
318 881
318 884
318 495
318 671
318 675
318 893
318 1122
318 341
318 342
318 1338
319 645
319 621
319 382
319 745
319 905
319 383
319 915
319 615
319 1294
319 1342
319 656
319 1282
319 1290
320 428
320 486
320 429
320 503
320 498
320 375
320 659
320 323
320 502
320 433
320 492
320 493
320 381
320 500
320 667
320 339
320 869
320 1091
320 501
320 347
320 1300
320 619
321 497
321 428
321 429
321 375
321 430
321 660
321 502
321 470
321 649
321 637
321 332
321 693
321 899
321 1567
321 373
321 347
322 486
322 323
322 349
322 327
322 382
322 500
322 332
322 904
322 869
322 1864
322 501
322 383
2534 1929
1268 391
1268 648
1268 911
323 380
323 497
323 617
323 498
323 396
323 621
323 382
323 663
323 889
323 891
323 1583
323 501
323 373
323 383
1566 370
1566 368
1566 379
1566 1364
1566 1365
1566 1368
1566 2003
1566 2731
1566 2030
1566 2031
1566 2032
1566 2033
1566 2035
1566 2037
2111 393
2111 911
2111 914
324 497
324 486
324 503
324 659
324 502
324 893
324 1091
324 347
324 906
1407 2175
1407 459
2564 1721
326 489
326 499
326 1355
326 2001
2112 393
2112 410
2112 898
2112 894
2112 911
2112 914
2112 656
2112 1294
2112 1369
2112 645
2112 1341
2112 1417
2112 1438
2112 1481
2112 1887
2112 2033
2112 2119
2112 2850
2112 2754
2112 2114
2112 2776
2112 2778
2112 2755
2112 2837
2112 2848
614 1085
614 352
614 353
614 399
614 355
614 1426
614 2731
614 1364
614 2030
614 615
614 1365
614 2036
1881 662
2113 393
2113 648
2113 872
2113 909
2113 910
2113 911
2113 2145
2114 393
2114 2116
2114 2778
2114 1341
2114 2850
2114 1888
2114 2107
2114 2776
2114 2820
2114 2755
2114 2837
744 431
744 762
859 355
859 354
327 497
328 487
328 881
328 342
328 647
1072 1355
2115 393
2115 1294
2115 1957
2115 1887
615 1085
615 352
615 353
615 695
615 399
615 355
615 425
615 1369
615 1426
615 2731
615 2732
615 1364
615 2030
615 1365
615 2031
615 2032
615 2035
615 2036
1708 412
1708 909
1708 1298
329 485
329 429
329 487
329 489
329 499
329 637
329 683
329 878
329 760
329 889
329 891
329 892
329 1480
329 1802
1269 401
1269 651
1269 654
1269 882
1269 424
1269 1360
1269 1276
1269 1279
1269 2729
1269 1281
1269 1290
2714 1518
2714 1352
2714 1361
2211 362
2211 1096
2211 364
2211 1365
330 487
330 433
330 439
330 444
330 458
330 468
330 634
330 1093
616 373
616 375
616 505
616 506
616 660
616 747
616 1095
616 1374
2796 2000
332 486
332 349
332 1864
332 347
746 347
333 375
333 430
333 879
333 665
333 921
333 1741
333 1779
1882 358
1882 399
1882 355
1882 1089
1882 1273
1882 662
1882 670
1882 425
1882 1429
1882 1426
1882 385
1882 1361
2186 2188
1998 662
2116 757
2116 393
2116 1369
2116 1892
2116 645
2116 1341
2116 2117
617 373
617 374
617 375
617 466
617 498
617 662
617 881
617 665
617 667
617 670
617 677
617 921
1073 375
2187 2174
2833 1303
2833 2122
2833 2010
2833 2768
1456 431
2614 1864
618 373
618 470
2117 393
2117 655
2117 1341
2234 460
2234 508
2234 1093
1270 1364
1567 430
1568 430
1568 1103
1568 1114
1568 414
1568 1303
1568 1418
1568 1574
1568 2122
1568 2141
1568 2142
1568 1715
1568 2215
1568 2010
1568 2701
1568 2722
2188 1480
2118 393
2118 402
2118 912
2118 916
2118 426
334 659
334 660
334 388
334 491
334 478
334 361
334 382
334 891
334 495
334 677
334 923
334 1480
334 1762
334 383
1569 430
2630 2720
2631 1461
2024 1351
335 491
336 497
336 621
1570 430
1570 373
1570 374
1570 385
1944 505
619 496
2645 1709
1571 430
620 337
2651 691
2025 1085
337 429
338 621
338 2168
621 375
621 466
621 498
621 501
621 663
621 667
621 1108
621 1366
621 1484
621 1945
2661 1735
1572 430
1572 432
1572 665
1572 470
1572 1929
1572 1945
1945 371
1945 1306
2771 2121
2166 433
2731 1295
2731 1362
2731 1361
2731 1575
2731 2033
1573 430
2732 1296
2732 1892
2732 2036
2732 1428
2732 1357
2732 2031
340 497
2766 872
2766 2774
1574 430
1574 1092
1574 1103
1574 1115
1574 1123
1574 1303
1574 450
1574 1418
1574 1948
1574 2170
2767 918
2767 2736
341 430
341 502
341 447
341 652
341 881
341 667
341 670
341 495
341 677
341 1484
341 1630
341 427
341 1712
341 1798
341 2806
1575 1518
1575 430
1575 1083
1575 359
1575 385
1575 406
1575 1428
342 665
1271 882
1271 911
1271 1275
1271 2044
747 375
1576 430
1709 860
2001 2007
2002 1098
2002 357
2002 369
1577 412
1577 430
1577 432
1577 388
1577 676
1577 394
1577 400
1577 411
1577 416
1577 419
1577 421
1577 648
1577 650
1577 651
1577 872
1577 662
1577 405
1577 387
1577 425
1577 1608
1577 2055
1577 902
1577 385
1577 423
1577 1301
1577 1360
1577 1428
1577 1578
1577 1872
1577 1603
1577 1606
2824 1366
622 490
622 1085
622 358
622 350
622 352
622 353
622 356
622 359
622 363
622 366
622 371
622 377
622 406
622 415
622 504
622 660
622 890
622 763
622 673
622 919
622 1083
622 1117
622 1429
622 1357
622 1362
622 1354
622 1885
1710 373
1710 1103
1710 414
1710 1303
623 901
2248 879
2248 467
1578 473
1578 412
1578 430
1578 388
1578 399
1578 389
1578 400
1578 402
1578 408
1578 651
1578 424
1578 405
1578 425
1578 1602
1578 902
1578 1616
1578 423
1578 2058
1578 385
1578 420
1578 1360
1578 1600
1578 1606
1579 430
1579 470
1711 371
2773 2141
624 478
624 685
624 691
1272 399
1272 395
1272 425
1272 2133
1075 1294
626 350
626 359
626 873
1273 912
1273 1357
1273 2032
2850 1892
2850 2778
2850 2107
1274 403
1274 421
1274 892
1274 915
1274 1360
1275 399
1275 386
1275 427
1275 911
1275 425
1275 902
1275 913
1275 2058
1275 1276
1275 1957
1275 1285
1275 1291
1275 2044
1275 2134
1276 1097
1276 424
1276 425
1276 902
1276 912
346 885
1712 881
1713 461
1713 1929
748 918
1338 692
1278 399
1278 392
1278 400
1278 408
1278 410
1278 422
1278 876
1278 655
1278 405
1278 425
1278 426
1278 1298
1278 2059
1278 2064
1278 2131
1278 1280
1278 2134
749 367
749 1432
749 1420
749 2005
1909 490
1909 1303
1909 2122
1909 2701
1909 2722
1503 373
1503 374
2026 379
2026 2852
2235 460
2235 636
2235 1919
2235 459
1504 1769
1076 660
1076 353
1076 355
1076 1083
627 375
627 443
627 456
627 462
627 468
627 470
627 662
627 652
627 634
627 879
627 670
627 677
627 920
627 1508
627 1615
627 1951
627 1628
2027 649
2027 379
2027 2125
628 681
628 694
628 509
628 505
628 506
628 507
628 508
628 440
628 442
2028 379
630 694
630 505
630 506
630 440
630 507
630 508
630 2224
631 698
2213 691
2213 434
2213 476
2213 632
2213 638
2213 442
632 660
632 694
632 509
632 505
632 507
632 662
632 442
632 510
2835 1303
2835 2010
1279 403
1279 416
1279 882
1279 405
1279 2058
1279 2136
1279 2135
1581 500
634 434
634 443
634 448
634 465
634 468
634 469
634 1078
634 638
634 670
634 2214
634 1729
635 652
635 694
635 505
635 506
635 507
635 508
635 2224
635 2223
1947 1927
1715 1303
1715 1612
1715 2010
1715 2839
1077 370
1077 393
1077 416
1077 1369
1077 1892
1077 1364
1077 1365
1077 2829
636 660
636 694
636 509
636 448
636 507
636 508
636 384
636 440
636 442
636 462
636 510
636 1505
636 1725
636 2223
636 1737
1948 490
1948 1092
1948 1114
1948 1123
1948 414
1948 2170
1948 2838
1948 2851
637 502
637 497
637 498
637 503
637 659
637 660
637 488
637 445
637 375
637 470
637 869
1582 495
1582 354
1949 652
638 374
638 509
638 375
638 505
638 506
638 448
638 454
638 458
638 1489
638 442
638 1740
1280 399
1280 393
1280 397
1280 400
1280 408
1280 410
1280 882
1280 909
1280 655
1280 914
1280 425
1280 2055
1280 2062
1280 2063
1280 2064
1280 1285
1280 1286
1280 2044
1280 2134
2214 434
2214 468
2214 439
2214 444
2214 1734
1413 660
1413 1088
1413 865
639 1929
640 660
640 373
640 374
640 509
640 505
640 506
640 508
641 347
641 375
641 445
641 498
641 1310
642 694
642 505
642 508
642 440
642 1725
642 2220
642 2223
643 680
643 694
643 509
643 505
643 506
643 507
643 508
643 1514
643 510
643 452
643 885
2768 1103
2768 1303
2003 1117
644 495
644 375
644 505
644 455
644 471
644 1305
644 1512
644 1953
644 1734
645 757
645 655
645 1286
645 2052
645 2058
645 1887
645 1341
645 2145
1281 397
1281 416
1281 425
860 430
860 370
860 861
860 1094
861 1094
862 486
862 496
1078 375
2715 1296
1717 885
2818 2126
2785 370
647 347
1079 492
1079 375
750 460
750 461
1282 399
1282 389
1282 391
1282 393
1282 408
1282 409
1282 410
1282 413
1282 656
1911 358
1911 677
1911 420
1911 1912
1284 399
1284 393
1284 403
1284 387
1284 405
1284 425
1284 2058
1284 2133
2004 2009
865 373
865 348
865 1122
866 652
1285 473
1285 388
1285 399
1285 386
1285 389
1285 390
1285 394
1285 395
1285 401
1285 402
1285 410
1285 416
1285 422
1285 648
1285 882
1285 760
1285 892
1285 909
1285 424
1285 655
1285 910
1285 911
1285 914
1285 915
1285 656
1285 913
1285 2058
1285 2724
1285 1286
1285 1289
1285 2044
1285 2846
1286 388
1286 399
1286 390
1286 391
1286 397
1286 409
1286 410
1286 422
1286 760
1286 911
1286 914
1286 915
1286 656
1286 405
1286 426
1286 1365
1286 1289
1286 2128
1286 2120
1286 2134
1287 397
1287 408
1287 411
1287 422
1287 651
1287 425
1287 426
1288 757
1288 1369
1288 1364
1288 2119
1288 2126
751 662
751 1350
1080 432
1080 495
1080 1460
1883 1296
1883 1426
1883 1357
2189 757
1459 652
1459 430
1459 1102
1459 662
1459 385
1459 455
1459 1374
1459 1607
1459 1611
1289 393
1289 410
1289 413
1289 421
1289 915
1289 656
1289 405
1583 2223
1584 351
1584 415
1584 362
1584 1369
1584 1892
1584 385
1584 2842
1290 399
1290 421
1290 882
1290 425
1290 2054
1290 2058
1290 2716
1083 430
1083 693
1083 919
1083 386
1083 415
1083 673
1083 677
1083 359
1083 385
1083 406
1083 424
1083 427
1083 670
1083 1352
1083 1427
1083 1428
1083 1429
1083 1362
1083 1596
1083 1599
1083 1601
1083 1913
1083 2786
1291 473
1291 911
1291 387
1084 495
1084 373
1585 377
1585 399
1585 355
1585 1364
1585 385
1585 1357
1505 660
1505 373
1505 758
1505 375
1505 477
1505 480
1505 1919
1505 484
1085 350
1085 351
1085 356
1085 357
1085 361
1085 362
1085 364
1085 367
1085 369
1085 379
1085 415
1085 690
1085 898
1085 918
1085 919
1085 922
1085 1362
1085 1596
1085 1866
1085 2124
1460 443
1460 465
347 486
347 498
347 502
347 349
347 493
347 685
347 686
347 496
347 901
347 1111
347 1433
347 1864
347 368
347 1297
347 1340
347 1300
1586 373
1586 374
1586 385
1586 1601
1586 2746
2829 1355
1587 420
1587 1362
1461 691
1461 1374
648 412
648 388
648 399
648 386
648 389
648 393
648 394
648 397
648 398
648 401
648 402
648 403
648 408
648 409
648 410
648 417
648 418
648 422
648 365
648 385
648 387
648 404
648 405
648 423
648 425
648 427
648 654
648 872
648 882
648 886
648 760
648 892
648 1097
648 1298
648 1299
648 909
648 1360
648 1598
648 1602
648 1627
648 2052
648 655
648 910
648 2059
648 2063
649 684
649 399
649 398
649 667
649 1089
649 385
649 1429
649 1362
649 1590
649 1601
649 2168
650 473
650 388
650 374
650 399
650 402
650 408
650 387
650 405
650 424
650 425
650 427
650 654
650 872
650 882
650 902
650 1360
650 1626
650 1627
650 2052
650 2129
1588 373
1589 348
2819 2126
651 473
651 412
651 757
651 394
651 395
651 402
651 405
651 420
651 423
651 424
651 653
651 872
651 902
651 1299
651 1360
651 1602
651 1603
651 1627
651 2041
651 2052
651 655
651 912
651 656
652 424
652 430
652 443
652 444
652 456
652 460
652 464
652 466
652 469
652 470
652 471
652 475
652 476
652 489
652 495
652 509
652 663
652 879
652 692
652 881
652 670
652 677
652 1115
652 1122
652 1508
652 1600
652 2146
652 1790
2007 918
2007 922
2007 1892
2007 1368
2007 1888
1292 2147
1292 2860
755 362
755 370
1086 499
868 447
868 498
868 414
1913 681
1913 1429
2030 1295
2030 757
2030 1364
2030 1365
2030 1426
2030 2036
2030 2032
2030 2031
2030 2033
2786 1362
2786 1361
869 486
653 693
653 399
653 1119
653 425
653 385
653 1885
2031 1296
2031 757
2031 370
2031 1364
2031 1365
2031 2191
2031 2126
2031 2036
2031 2032
2031 1870
2031 2033
2031 2035
2031 2037
2031 2038
2032 399
2032 1365
2032 2036
2032 2033
2033 1296
2033 370
2033 355
2033 1369
2033 1364
2033 1365
2033 2126
2033 1368
2033 369
2033 368
2033 1870
2033 2119
2033 2037
2034 1365
2034 2035
2035 370
2035 1364
2035 1365
2035 2781
2036 399
2036 1364
2036 1365
2036 2126
2036 369
2036 1363
2036 2831
2036 2723
2036 2859
2036 2038
870 373
2037 1364
2037 1365
2037 2126
2037 2038
2037 2826
2037 1870
1719 1622
654 399
654 392
654 393
654 395
654 396
654 408
654 415
654 419
654 385
654 404
654 405
654 425
654 876
654 882
654 1604
654 2048
654 2049
654 2050
654 655
654 2054
654 2058
654 2136
654 656
2038 1364
2038 1365
2038 1870
2038 2826
2008 1623
655 473
655 399
655 386
655 392
655 396
655 398
655 402
655 408
655 410
655 411
655 422
655 872
655 876
655 882
655 909
655 387
655 404
655 405
655 425
655 426
655 427
655 902
655 1298
655 1608
655 910
655 911
655 912
655 915
655 1957
655 2145
655 1888
2814 509
1720 663
1720 879
1340 496
1417 1416
2009 1295
2009 1362
2009 2745
2009 2798
2009 2145
2009 2774
656 473
656 399
656 386
656 389
656 391
656 392
656 393
656 394
656 395
656 398
656 400
656 408
656 409
656 410
656 413
656 416
656 417
656 418
656 419
656 421
656 422
656 760
656 914
656 915
656 387
656 405
656 425
656 426
656 1606
656 2050
656 916
656 2042
657 410
657 760
657 426
657 2042
1418 490
1418 671
1418 1092
1418 1115
1418 1123
1418 1303
1418 450
1418 1601
1418 1612
1418 2122
1418 2141
1418 2142
1418 2010
1418 2701
1418 2722
1418 2170
2119 396
2119 1369
2119 1892
2119 1364
2119 1365
2119 1368
1293 881
2775 496
1721 1301
1721 2149
1721 1722
1721 2222
1721 2193
1722 2193
2716 882
1088 448
1088 449
1088 2240
1089 432
1089 918
1089 1103
1089 1127
1089 1361
1089 1484
1089 1355
658 380
658 375
658 433
658 660
1090 1303
659 487
659 447
659 497
659 485
659 414
659 492
659 660
659 889
659 892
659 677
659 898
659 1096
660 487
660 502
660 663
660 498
660 485
660 503
660 375
660 431
660 444
660 452
660 458
660 462
660 463
660 465
660 466
660 476
660 508
660 662
660 689
660 885
660 1116
662 447
662 358
662 485
662 430
662 489
662 372
662 352
662 353
662 684
662 690
662 495
662 919
662 375
662 415
662 673
662 1122
662 354
662 359
662 406
662 420
662 890
662 670
662 907
662 1373
662 1429
662 1357
662 1359
662 1361
662 1508
662 1607
662 1741
663 380
663 485
663 497
663 881
663 677
663 1122
663 1511
872 412
872 430
872 388
872 676
872 399
872 375
872 392
872 393
872 395
872 396
872 408
872 411
872 421
872 385
872 404
872 405
872 420
872 423
872 424
872 425
872 427
872 876
872 1872
872 1602
872 1603
872 2047
872 912
872 2128
1092 671
1092 414
1092 1103
1092 1303
1092 2170
1590 385
1591 1616
1591 385
1592 385
2190 448
2190 477
2190 484
2778 2755
2778 2837
1341 757
1341 2145
1341 2755
1294 2836
1294 2177
664 492
1725 460
1725 461
1725 476
1093 461
1093 463
1093 444
1093 449
1093 462
1093 471
1093 1919
1593 757
757 393
757 696
757 763
757 1866
757 1887
757 1888
757 2864
2220 457
2220 458
2220 463
758 377
758 693
758 403
758 415
758 445
2010 1114
2010 1115
2010 1303
2010 2142
2010 2141
2010 2701
2010 2722
1094 370
2011 354
2011 369
2779 1434
875 494
876 473
876 388
876 399
876 386
876 389
876 392
876 393
876 394
876 395
876 398
876 403
876 408
876 417
876 421
876 385
876 405
876 423
876 425
876 427
876 892
876 902
876 1299
876 909
876 1359
876 1360
876 1610
876 2041
876 2055
876 915
1952 506
2169 2056
2120 398
2120 401
2120 402
2120 418
2120 914
2120 437
1595 376
1595 362
1595 1885
1420 1371
665 499
665 430
665 432
665 365
665 470
2121 1633
2122 671
2122 1103
2122 414
2122 1303
2122 1374
2122 1843
2122 2142
2122 2141
2122 2701
2122 2839
1597 373
1597 374
1597 1374
2734 353
2734 367
2735 353
2736 353
2736 696
2736 355
666 499
2840 1303
2754 908
2754 2146
1506 492
2825 1888
1729 468
1096 503
1096 348
348 375
348 1959
2737 1105
1730 373
1730 1734
1730 1848
349 486
349 762
1295 393
1295 399
1295 423
1295 882
1295 1369
1295 1892
1295 1364
1295 1365
350 504
350 351
350 377
350 379
350 353
350 356
350 361
350 362
350 366
350 898
350 368
350 369
350 370
2701 1303
2701 1612
351 376
351 375
351 377
351 385
351 379
351 352
351 353
351 354
351 359
351 361
351 362
351 363
351 364
351 365
351 763
351 673
351 919
1296 353
1296 355
1296 385
1296 1363
1296 1364
1296 2708
1296 1365
352 358
352 376
352 385
352 406
352 353
352 354
352 359
352 361
352 362
352 364
352 366
352 690
352 919
352 367
352 1352
352 1428
352 368
352 370
353 358
353 385
353 379
353 415
353 448
353 354
353 355
353 356
353 359
353 361
353 364
353 366
353 684
353 690
353 673
353 904
353 919
353 1118
353 1426
353 1465
353 1355
353 1868
353 1617
353 1871
1097 412
1097 399
1097 391
1097 392
1097 394
1097 395
1097 408
1097 405
1097 425
1097 427
1097 912
1097 1604
1097 2051
354 358
354 430
354 377
354 361
354 690
354 919
354 375
354 504
354 355
354 362
354 366
354 359
354 356
354 364
354 1352
354 385
354 1374
354 2738
355 918
355 919
355 359
355 673
355 907
355 1352
355 1373
355 1426
355 1428
355 1357
355 1361
355 1355
355 1868
355 1625
355 2124
355 2739
355 2740
355 2741
667 492
2012 370
356 358
356 1518
356 376
356 372
356 361
356 919
356 385
356 363
356 364
356 890
356 367
356 369
878 497
878 498
357 361
357 690
357 370
357 504
357 362
357 366
357 763
357 427
357 367
357 368
357 369
358 430
358 376
358 377
358 385
358 379
358 359
358 364
358 684
358 673
358 919
358 1362
358 1518
1884 385
359 1518
359 430
359 376
359 377
359 372
359 361
359 684
359 919
359 375
359 504
359 362
359 366
359 763
359 673
359 677
359 670
359 385
359 406
359 363
359 364
359 365
359 1428
359 1429
359 1357
359 1361
359 1362
359 2746
359 2747
360 2745
2738 369
2738 2743
668 456
1598 388
1598 1103
1598 910
1598 385
1598 1359
1598 1599
1885 415
1885 1355
1885 1429
1885 1872
1885 385
1885 890
1885 406
1885 1374
361 376
361 377
361 372
361 385
361 415
361 362
361 366
361 684
361 373
361 370
362 377
362 690
362 370
362 504
362 415
362 366
362 673
362 367
362 1866
362 2742
362 2743
669 432
363 372
363 371
363 673
363 364
363 1355
363 385
363 406
363 890
363 1427
363 1354
2124 1518
2124 399
2124 405
2124 1364
2124 1365
2124 2126
364 919
364 415
364 366
364 379
2125 1350
1099 430
1099 375
1099 1740
2170 1303
1599 1103
1599 405
1599 1429
1599 1616
1599 385
1599 406
1599 1359
1599 1601
365 430
365 376
365 918
365 919
365 375
365 385
365 1343
1600 388
1600 394
1600 400
1600 411
1600 424
1600 425
1600 1872
1600 1374
1600 404
1600 2054
366 377
366 695
366 370
366 673
366 1368
366 368
2126 370
2126 399
2126 1369
2126 1364
2126 1365
2126 1368
2126 1870
2126 2708
1601 388
1601 396
1601 1429
1601 385
1601 406
1601 1359
367 690
367 370
367 1351
367 379
367 1924
367 368
367 369
367 1871
670 412
670 447
670 485
670 430
670 492
670 495
670 445
670 456
670 443
670 461
670 468
670 677
670 385
670 678
670 1429
670 1359
670 1484
670 1354
1602 412
1602 388
1602 373
1602 374
1602 399
1602 389
1602 393
1602 408
1602 416
1602 419
1602 886
1602 909
1602 387
1602 425
1602 385
1602 404
1602 423
1602 426
1602 1298
1602 1360
1602 1872
1602 1603
1602 2058
1603 412
1603 388
1603 386
1603 395
1603 402
1603 416
1603 417
1603 421
1603 886
1603 424
1603 405
1603 387
1603 902
1603 385
1603 1298
1603 1627
1603 420
1603 1360
1603 404
1603 2043
1603 2041
1731 444
1604 386
1604 392
1604 401
1604 403
1604 408
1604 882
1604 909
1604 915
1604 1298
1604 426
1604 2043
2755 908
879 486
879 456
879 1508
368 370
368 504
368 379
368 913
368 369
368 2756
368 2859
1888 1892
1888 2145
2221 469
2221 507
369 690
369 370
369 1364
369 1365
369 379
369 2745
370 504
370 918
370 922
370 1369
370 1866
370 1958
370 1871
2013 1114
2013 1123
2013 2838
2740 1868
2171 1889
1732 374
671 490
671 502
671 430
671 373
671 892
671 450
671 466
671 1114
671 1115
671 1303
1605 473
1605 391
1605 397
1605 398
1605 760
1605 387
1605 912
1605 420
371 499
371 432
371 375
371 470
1733 694
1733 461
1733 463
2127 399
881 501
881 430
881 693
881 495
881 375
881 677
881 1102
881 1508
881 1513
1916 431
1916 448
1916 458
1916 461
1916 463
1916 507
1916 414
1916 474
1916 438
372 487
372 429
372 503
372 491
372 684
372 1105
2719 1105
1606 412
1606 394
1606 408
1606 902
1606 1627
1606 913
2236 455
1101 474
1735 480
1735 452
1735 459
1735 484
882 399
882 386
882 392
882 393
882 402
882 403
882 416
882 405
882 424
882 426
882 427
882 1608
882 2050
882 910
882 2058
882 2130
882 2136
882 2135
882 913
882 915
373 447
373 504
373 488
373 397
373 417
373 418
373 419
373 420
373 466
373 468
373 471
373 677
373 678
373 1370
373 1352
373 1427
373 1429
373 1359
373 1465
373 1355
373 1487
373 484
373 1623
373 1737
373 1750
373 1751
373 1758
373 1775
373 1789
373 1791
373 1803
373 1809
373 1826
373 1828
373 383
374 377
374 397
374 418
374 419
374 420
374 468
374 678
374 1108
374 1352
374 1355
374 1487
374 484
374 1737
374 1751
374 1789
374 1803
374 1826
374 1835
375 380
375 412
375 485
375 486
375 430
375 432
375 491
375 464
375 478
375 382
375 383
375 434
375 456
375 919
375 509
375 428
375 378
375 400
375 418
375 420
375 438
375 443
375 448
375 460
375 461
375 463
375 466
375 468
375 475
375 508
375 1370
375 1352
375 1428
375 424
375 1354
375 1431
2237 455
376 377
376 415
376 420
376 492
376 684
376 673
376 1429
376 1362
376 1354
376 1873
376 1874
377 430
377 406
377 415
377 418
377 690
377 763
377 696
377 673
377 1362
672 485
672 429
672 433
1736 455
378 447
378 1122
884 497
379 1518
379 690
379 1352
379 1358
379 385
1103 490
1103 394
1103 418
1103 414
1103 424
1103 450
1103 1114
1103 1115
1103 1123
1103 1303
1103 1359
1103 2141
1103 2142
1464 469
885 459
885 484
885 1737
886 399
886 419
886 385
886 425
1737 460
1737 459
1738 454
1738 476
1298 412
1298 388
1298 399
1298 393
1298 394
1298 408
1298 421
1298 422
1298 914
1298 405
1298 425
1298 423
1298 2058
1298 2064
1298 404
1298 1299
1298 1360
1298 2060
1608 394
1608 400
1608 424
1608 914
1608 426
1608 902
1608 1360
1954 448
1299 388
1299 399
1299 396
1299 417
1299 419
1299 909
1299 405
1299 387
1299 425
1299 2055
1299 423
1299 2131
1299 1360
1299 404
1299 2048
1299 2062
1299 2060
382 498
382 678
382 1108
673 430
673 432
673 684
673 919
673 470
673 763
673 385
673 406
673 475
673 890
673 678
673 1623
673 895
383 498
383 678
383 1108
1739 1370
2193 1301
384 456
384 462
384 1919
385 412
385 430
385 388
385 684
385 690
385 399
385 918
385 919
385 922
385 393
385 396
385 397
385 398
385 400
385 401
385 408
385 413
385 415
385 417
385 418
385 419
385 892
385 677
385 427
385 678
385 1352
385 1358
385 1355
385 405
385 902
385 1429
385 1872
385 1616
385 406
385 407
385 420
385 890
385 1346
385 1350
385 1427
385 1428
385 1359
385 1360
385 1361
385 1362
385 1617
385 1625
385 1627
1919 508
1919 440
386 388
386 399
386 387
386 392
386 393
386 395
386 396
386 403
386 404
386 405
386 408
386 416
386 419
386 423
386 902
386 425
386 2047
386 426
386 2048
386 2049
386 2050
386 2051
386 2052
386 2053
386 2054
386 2055
386 2056
386 910
386 2057
386 2058
386 2059
386 2060
386 427
386 2061
387 473
387 412
387 430
387 388
387 399
387 390
387 393
387 394
387 397
387 400
387 402
387 403
387 408
387 416
387 417
387 418
387 421
387 422
387 908
387 427
387 911
387 914
387 405
387 404
387 423
387 902
387 1360
387 425
387 2043
387 2051
387 2053
387 2058
387 2063
387 2064
387 916
388 412
388 393
388 394
388 396
388 397
388 399
388 400
388 402
388 404
388 408
388 413
388 416
388 420
388 422
388 423
388 760
388 902
388 908
388 1301
388 909
388 1359
388 1360
388 424
388 1610
388 1616
388 1626
388 1627
388 2043
388 2041
388 2052
388 427
388 911
389 399
389 392
389 393
389 395
389 400
389 401
389 403
389 405
389 408
389 410
389 413
389 418
389 909
390 399
390 425
390 2047
390 427
2141 414
2141 1303
2141 2722
2141 2839
1920 506
1920 508
1920 440
1921 694
1921 505
2797 1125
391 497
391 399
391 392
391 393
391 395
391 403
391 405
391 413
391 909
391 425
391 427
391 2061
391 915
392 473
392 399
392 393
392 394
392 395
392 398
392 400
392 401
392 402
392 403
392 405
392 408
392 410
392 413
392 418
392 421
392 760
392 909
392 1360
392 425
392 2052
392 910
392 427
392 2061
1106 1364
1106 1871
888 447
1508 467
1508 471
2142 414
2142 1303
393 473
393 399
393 394
393 395
393 397
393 398
393 400
393 401
393 402
393 405
393 408
393 409
393 410
393 413
393 418
393 419
393 422
393 437
393 760
393 892
393 902
393 909
393 1352
393 1360
393 424
393 425
393 1892
393 2043
393 2041
393 426
393 2055
393 2057
393 2058
393 2059
393 2063
393 2064
393 427
393 911
393 913
393 914
393 915
393 2042
394 399
394 395
394 400
394 403
394 405
394 410
394 417
394 419
394 421
394 423
394 1114
394 425
394 2047
394 2050
394 427
394 2061
394 915
395 473
395 412
395 399
395 396
395 400
395 401
395 402
395 405
395 408
395 410
395 413
395 418
395 422
395 760
395 902
395 909
395 1359
395 424
395 425
395 426
395 427
395 911
395 915
396 408
396 410
396 418
396 422
396 423
396 905
396 907
396 1369
396 1358
396 1359
396 1360
396 424
396 911
397 412
397 408
397 422
397 423
397 909
397 425
397 427
2128 422
2128 760
2128 909
2128 427
2128 911
2128 915
2128 916
398 399
398 400
398 403
398 405
398 413
398 915
2143 414
674 1122
1346 690
890 430
890 684
890 763
2798 1352
2041 400
2041 411
2041 419
2041 405
2041 425
2041 2058
2041 1360
2041 2060
2041 404
2041 2047
2041 2049
399 473
399 412
399 400
399 401
399 402
399 408
399 409
399 410
399 413
399 418
399 419
399 421
399 422
399 423
399 760
399 892
399 905
399 902
399 909
399 1360
399 1362
399 424
399 1892
399 426
399 910
399 2062
399 2063
399 761
399 427
399 911
399 912
399 914
399 915
399 916
399 2042
2129 403
2129 424
2042 405
2042 2131
2043 417
2043 914
2043 405
2043 425
2043 2052
2043 2064
2043 1360
2043 426
2043 2060
2043 404
2043 2054
2044 401
2044 909
2044 424
2044 426
400 473
400 412
400 430
400 403
400 405
400 406
400 407
400 408
400 410
400 413
400 416
400 418
400 420
400 678
400 1360
400 425
400 2052
400 2054
400 2055
400 427
2045 2046
675 1306
675 1371
892 408
892 1360
892 2049
892 2050
892 2054
892 2130
892 2136
893 485
401 403
401 405
401 410
401 411
401 419
401 1360
401 425
401 2047
401 2049
401 2052
401 2058
401 2130
401 2131
401 427
401 911
401 2132
401 915
401 2133
401 2134
676 412
676 423
676 437
676 1360
676 912
402 412
402 403
402 404
402 405
402 408
402 411
402 902
402 909
402 424
402 425
402 2047
402 2051
402 2052
402 910
402 427
402 2132
402 2135
402 915
403 408
403 409
403 410
403 413
403 422
403 760
403 902
403 1360
403 424
403 427
403 2136
403 914
404 408
404 909
404 424
404 911
404 914
404 2058
404 1360
404 426
404 2062
2846 911
2846 913
405 473
405 412
405 408
405 410
405 413
405 415
405 416
405 418
405 422
405 760
405 909
405 424
405 427
405 911
405 915
405 420
405 423
405 1359
405 1360
405 1610
405 1616
405 1627
405 426
405 2063
405 912
406 430
406 919
406 415
406 418
406 1429
406 1427
406 1357
406 1361
1510 483
896 906
407 418
408 473
408 410
408 421
408 422
408 423
408 902
408 907
408 1359
408 1360
408 424
408 2047
408 426
408 2050
408 2051
408 2052
408 2057
408 2058
408 2059
408 2064
408 2131
408 2060
408 427
408 911
408 2132
408 914
408 2061
2047 422
2047 909
409 418
409 427
1768 2707
677 447
677 499
677 485
677 430
677 489
677 470
677 678
677 1929
411 473
411 412
411 418
411 420
411 422
411 1359
411 424
411 1610
411 1616
411 915
410 473
410 413
410 416
410 421
410 422
410 760
410 424
410 425
410 2051
410 2052
410 2053
410 2055
410 910
410 2058
410 2060
410 427
410 914
410 2061
410 915
412 498
412 430
412 416
412 417
412 418
412 419
412 420
412 421
412 466
412 678
412 902
412 1301
412 1428
412 1429
412 1360
412 425
412 1626
412 1627
412 2048
412 2058
413 418
413 915
414 1114
414 1115
414 1123
414 450
414 1303
414 1612
415 430
415 919
415 504
415 420
415 1373
415 1427
415 1354
416 417
416 420
416 1360
416 910
416 913
417 420
417 909
417 1360
417 425
417 1627
417 2051
417 2052
417 910
418 473
418 420
418 421
418 427
1112 499
419 422
419 1360
419 424
419 2060
419 427
1113 492
2144 911
1788 2242
1790 1842
2745 1352
2789 1362
2131 911
2131 914
2131 912
2131 2062
420 430
420 421
420 466
420 1358
420 902
420 1429
420 1616
420 1362
420 1428
420 1360
1922 509
1484 447
1484 498
1484 499
1484 1489
421 422
421 909
421 1360
421 424
421 1627
421 426
421 427
421 915
1799 496
422 423
422 425
422 2049
422 2051
422 2052
422 2060
422 427
422 911
422 2132
422 914
422 2061
422 915
422 917
2048 473
2048 424
2048 426
423 909
423 427
423 914
423 425
423 1626
423 1360
423 2052
424 473
424 430
424 902
424 1374
424 1429
424 1360
424 425
424 1872
424 1610
424 1626
424 2052
424 2054
424 427
424 2132
425 473
425 909
425 910
425 911
425 914
425 915
425 437
425 902
425 1301
425 1429
425 1359
425 1360
425 1362
425 1610
425 1616
425 1627
425 426
425 2062
425 2063
425 2149
425 913
425 916
425 2723
426 909
426 427
426 911
426 914
426 2055
426 1365
426 2052
426 2058
426 2064
426 916
426 1360
426 2050
426 2060
426 2134
2238 457
2238 484
2132 915
678 430
678 489
678 919
678 470
678 1429
678 1361
678 1306
427 473
427 918
427 760
427 909
427 902
427 1360
427 2058
1114 1115
1114 1123
1114 1303
1114 1612
1837 1374
1115 1303
1115 1843
1115 2722
1514 465
1514 466
1514 472
1514 1305
428 447
428 501
429 502
429 497
429 498
429 503
429 431
429 685
429 692
429 901
429 762
430 502
430 447
430 485
430 432
430 489
430 438
430 456
430 460
430 466
430 470
430 479
430 760
430 495
430 508
430 902
430 1373
430 1428
430 1429
430 1362
430 1354
430 1355
430 1356
2239 474
431 505
431 506
431 507
431 508
431 510
432 487
432 503
432 488
432 494
432 920
432 898
432 1632
432 1633
432 1634
2049 2058
2049 912
433 497
433 503
433 698
433 488
1426 1369
1426 1892
1426 907
1426 1357
1426 1368
1426 2790
2837 908
2837 2757
1352 1428
1352 1429
2842 1518
2842 2852
434 439
434 442
434 448
434 455
434 1929
2050 760
2050 912
435 507
436 509
436 506
1843 1303
437 2055
1610 1429
1610 907
1428 1355
1428 1429
1428 1892
1428 1357
439 507
439 444
439 510
439 484
439 2223
2175 1374
440 457
440 461
440 477
440 480
440 483
440 476
440 452
440 451
440 481
440 2224
440 2223
1429 490
1429 473
1429 492
1429 488
1429 443
1429 1355
1429 902
1429 1359
1429 1616
1866 1365
442 464
442 443
442 448
442 460
442 461
442 479
442 444
442 484
2051 910
2051 902
443 470
443 458
443 510
443 2224
444 448
444 507
444 1929
2145 1957
2052 909
2052 761
2052 1360
2052 2058
2052 2062
445 447
445 499
445 1487
447 498
447 470
447 1516
447 1621
2176 461
1612 1303
1355 684
1355 1627
448 449
448 458
448 460
448 465
448 474
448 476
448 479
448 507
448 1118
2053 909
1924 690
1924 1871
1430 505
1431 1891
2240 458
2240 507
449 458
449 2224
2250 475
450 1303
451 694
451 505
451 508
451 2224
2241 458
452 691
452 509
452 460
452 483
452 507
452 462
452 484
454 505
454 506
454 507
454 508
454 510
2054 1360
2055 911
2055 914
2055 912
455 461
455 475
456 497
456 495
456 920
2056 1892
2056 2757
1358 1518
1358 919
1358 922
1358 1362
457 694
457 505
457 506
457 508
457 510
457 2224
679 685
458 465
458 507
458 2224
2146 908
1359 902
1359 2058
2134 914
2134 912
2790 1867
1867 902
1867 1892
1867 2708
1118 507
459 694
459 506
1360 909
1360 910
1360 902
1360 1872
1360 2058
1360 2059
1360 2064
1360 1627
1360 2724
460 694
460 470
460 505
460 506
460 508
460 2224
460 2223
1361 1868
1362 1518
1362 684
1362 919
1120 499
1846 918
461 920
461 509
461 505
461 506
461 463
461 507
461 510
461 1929
461 2223
1615 470
462 463
462 1366
462 2223
1364 1369
1364 1892
1365 918
1365 922
1365 914
1365 1369
1365 1892
1365 1368
1365 1871
1365 1870
1616 902
463 505
463 466
463 483
463 507
463 510
463 2224
463 2223
2223 477
2223 484
464 681
464 506
464 470
464 508
465 694
465 509
465 510
465 2224
466 485
466 488
466 509
466 468
467 1305
2058 909
2058 910
2058 914
468 1929
1366 509
1366 1303
1366 1489
2059 909
2059 916
469 505
469 510
469 1305
2844 2855
470 485
470 489
470 492
470 693
470 488
471 694
471 920
471 509
471 505
472 509
1368 1369
1368 1892
1123 2838
1123 2839
1369 1892
1369 1870
1870 2723
902 1627
474 698
474 510
903 506
476 505
476 506
476 507
476 508
684 1518
477 694
477 505
477 506
477 507
477 508
477 2224
685 490
685 491
478 487
478 497
478 488
478 698
479 488
479 920
479 505
480 505
480 506
480 508
480 2224
481 694
481 505
481 506
481 510
482 694
482 505
482 506
482 507
482 508
482 509
482 510
482 2224
483 694
483 505
483 506
483 507
483 508
483 510
483 2224
686 494
686 762
688 498
688 485
689 498
484 694
484 509
484 505
484 2224
690 763
690 919
691 501
691 506
691 694
692 497
2061 910
2061 915
2061 912
2061 1957
909 1892
909 910
909 2062
909 2064
909 911
909 914
909 1957
910 917
1928 509
911 2724
911 914
911 916
912 2064
694 510
914 916
914 1957
915 760
916 917
918 1892
919 763
919 922
1300 486
485 498
485 501
485 491
487 497
487 503
487 499
487 698
489 499
490 498
490 492
490 2014
491 501
492 499
2722 1303
1303 2839
495 498
1304 497
497 502
497 503
497 498
497 500
498 502
498 503
498 500
499 698
501 502
504 698
